'大学ｺｰﾄﾞ,'学部ｺｰﾄﾞ,'学科ｺｰﾄﾞ,'日程ｺｰﾄﾞ,'方式ｺｰﾄﾞ,'小分類CD,'大学名,'学部名,'学科名,'日程,'入試方式,'小分類名,'募集単位,'県CD
'1005,'55,'00,'0,'0,'601,'旭川医大　　　,'医　　　,'　　　　　　,'　,'　　　,'医　　　　,'0,'01
'1005,'55,'01,'0,'0,'601,'旭川医大　　　,'医　　　,'医　　　　　,'　,'　　　,'医　　　　,'1,'01
'1005,'55,'02,'0,'0,'651,'旭川医大　　　,'医　　　,'看護　　　　,'　,'　　　,'看護　　　,'1,'01
'1010,'20,'00,'0,'0,'201,'小樽商大　　　,'商　　　,'　　　　　　,'　,'　　　,'法学　　　,'1,'01
'1010,'24,'00,'0,'0,'201,'小樽商大　　　,'商夜　　,'　　　　　　,'　,'　　　,'法学　　　,'1,'01
'1015,'74,'00,'0,'0,'504,'帯広畜産大　　,'畜産　　,'　　　　　　,'　,'　　　,'生物学　　,'0,'01
'1015,'74,'05,'0,'0,'504,'帯広畜産大　　,'畜産　　,'畜産科学　　,'　,'　　　,'生物学　　,'1,'01
'1015,'74,'06,'0,'0,'705,'帯広畜産大　　,'畜産　　,'共同獣医学　,'　,'　　　,'獣医学　　,'1,'01
'1020,'46,'00,'0,'0,'505,'北見工大　　　,'工　　　,'　　　　　　,'　,'　　　,'地球科学　,'0,'01
'1020,'46,'12,'0,'0,'505,'北見工大　　　,'工　　　,'先進工　　　,'　,'　　　,'地球科学　,'1,'01
'1025,'01,'00,'0,'0,'101,'北海道大　　　,'文　　　,'　　　　　　,'　,'　　　,'日本文学　,'0,'01
'1025,'01,'01,'0,'0,'101,'北海道大　　　,'文　　　,'人文科学　　,'　,'　　　,'日本文学　,'1,'01
'1025,'12,'00,'0,'0,'201,'北海道大　　　,'法　　　,'　　　　　　,'　,'　　　,'法学　　　,'0,'01
'1025,'12,'01,'0,'0,'201,'北海道大　　　,'法　　　,'法学　　　　,'　,'　　　,'法学　　　,'1,'01
'1025,'18,'00,'0,'0,'221,'北海道大　　　,'経済　　,'　　　　　　,'　,'　　　,'経済学　　,'1,'01
'1025,'30,'00,'0,'0,'105,'北海道大　　　,'教育　　,'　　　　　　,'　,'　　　,'心理学　　,'0,'01
'1025,'30,'01,'0,'0,'105,'北海道大　　　,'教育　　,'教育　　　　,'　,'　　　,'心理学　　,'1,'01
'1025,'55,'00,'0,'0,'601,'北海道大　　　,'医　　　,'　　　　　　,'　,'　　　,'医　　　　,'0,'01
'1025,'55,'01,'0,'0,'601,'北海道大　　　,'医　　　,'医　　　　　,'　,'　　　,'医　　　　,'1,'01
'1025,'55,'03,'0,'0,'651,'北海道大　　　,'医　　　,'保健／看護学,'　,'　　　,'看護　　　,'1,'01
'1025,'55,'04,'0,'0,'657,'北海道大　　　,'医　　　,'保健／放射線,'　,'　　　,'放射線技術,'1,'01
'1025,'55,'05,'0,'0,'658,'北海道大　　　,'医　　　,'保健／検査技,'　,'　　　,'検査技術　,'1,'01
'1025,'55,'06,'0,'0,'655,'北海道大　　　,'医　　　,'保健／理学療,'　,'　　　,'理学療法　,'1,'01
'1025,'55,'07,'0,'0,'656,'北海道大　　　,'医　　　,'保健／作業療,'　,'　　　,'作業療法　,'1,'01
'1025,'58,'00,'0,'0,'611,'北海道大　　　,'歯　　　,'　　　　　　,'　,'　　　,'歯　　　　,'0,'01
'1025,'58,'01,'0,'0,'611,'北海道大　　　,'歯　　　,'歯　　　　　,'　,'　　　,'歯　　　　,'1,'01
'1025,'73,'00,'0,'0,'708,'北海道大　　　,'水産　　,'　　　　　　,'　,'　　　,'水産学　　,'1,'01
'1025,'74,'00,'0,'0,'705,'北海道大　　　,'獣医　　,'　　　　　　,'　,'　　　,'獣医学　　,'0,'01
'1025,'74,'02,'0,'0,'705,'北海道大　　　,'獣医　　,'共同獣医学　,'　,'　　　,'獣医学　　,'1,'01
'1025,'91,'00,'0,'0,'101,'北海道大　　　,'総合文系,'　　　　　　,'　,'　　　,'日本文学　,'1,'01
'1025,'92,'00,'0,'0,'501,'北海道大　　　,'総合理系,'　　　　　　,'　,'　　　,'数学　　　,'1,'01
'1030,'30,'00,'0,'0,'301,'北教大旭川校　,'教育　　,'　　　　　　,'　,'　　　,'小学校　　,'0,'01
'1030,'30,'17,'0,'0,'105,'北教大旭川校　,'教育　　,'教員／教育発,'　,'　　　,'心理学　　,'1,'01
'1030,'30,'19,'0,'0,'301,'北教大旭川校　,'教育　　,'教員／国語　,'　,'　　　,'小学校　　,'1,'01
'1030,'30,'20,'0,'0,'301,'北教大旭川校　,'教育　　,'教員／英語　,'　,'　　　,'小学校　　,'1,'01
'1030,'30,'27,'0,'0,'301,'北教大旭川校　,'教育　　,'教員／社会　,'　,'　　　,'小学校　　,'1,'01
'1030,'30,'28,'0,'0,'301,'北教大旭川校　,'教育　　,'教員／数学　,'　,'　　　,'小学校　　,'1,'01
'1030,'30,'29,'0,'0,'301,'北教大旭川校　,'教育　　,'教員／理科　,'　,'　　　,'小学校　　,'1,'01
'1030,'30,'30,'0,'0,'301,'北教大旭川校　,'教育　　,'教員／生活技,'　,'　　　,'小学校　　,'1,'01
'1030,'30,'32,'0,'0,'301,'北教大旭川校　,'教育　　,'教員／音楽　,'　,'　　　,'小学校　　,'1,'01
'1030,'30,'33,'0,'0,'301,'北教大旭川校　,'教育　　,'教員／美術　,'　,'　　　,'小学校　　,'1,'01
'1030,'30,'34,'0,'0,'301,'北教大旭川校　,'教育　　,'教員／保健体,'　,'　　　,'小学校　　,'1,'01
'1035,'30,'00,'0,'0,'316,'北教大岩見沢校,'教育　　,'　　　　　　,'　,'　　　,'０免課程　,'0,'01
'1035,'30,'21,'0,'0,'222,'北教大岩見沢校,'教育　　,'芸術／芸術ス,'　,'　　　,'経営学・商,'1,'01
'1035,'30,'22,'0,'0,'316,'北教大岩見沢校,'教育　　,'芸術／声楽　,'　,'　　　,'０免課程　,'1,'01
'1035,'30,'23,'0,'0,'316,'北教大岩見沢校,'教育　　,'芸術／鍵・作,'　,'　　　,'０免課程　,'1,'01
'1035,'30,'24,'0,'0,'316,'北教大岩見沢校,'教育　　,'芸術／管弦打,'　,'　　　,'０免課程　,'1,'01
'1035,'30,'25,'0,'0,'316,'北教大岩見沢校,'教育　　,'芸術／音楽教,'　,'　　　,'０免課程　,'1,'01
'1035,'30,'33,'0,'0,'316,'北教大岩見沢校,'教育　　,'芸術／美術文,'　,'　　　,'０免課程　,'1,'01
'1035,'30,'34,'0,'0,'316,'北教大岩見沢校,'教育　　,'芸術／スポー,'　,'　　　,'０免課程　,'1,'01
'1040,'30,'00,'0,'0,'105,'北教大釧路校　,'教育　　,'　　　　　　,'　,'　　　,'心理学　　,'0,'01
'1040,'30,'32,'0,'0,'105,'北教大釧路校　,'教育　　,'教員／地域学,'　,'　　　,'心理学　　,'1,'01
'1045,'30,'00,'0,'0,'301,'北教大札幌校　,'教育　　,'　　　　　　,'　,'　　　,'小学校　　,'0,'01
'1045,'30,'20,'0,'0,'301,'北教大札幌校　,'教育　　,'教員／特別支,'　,'　　　,'小学校　　,'1,'01
'1045,'30,'21,'0,'0,'314,'北教大札幌校　,'教育　　,'教員／養護教,'　,'　　　,'養護　　　,'1,'01
'1045,'30,'24,'0,'0,'105,'北教大札幌校　,'教育　　,'教員／学校教,'　,'　　　,'心理学　　,'1,'01
'1045,'30,'25,'0,'0,'301,'北教大札幌校　,'教育　　,'教員／言語社,'　,'　　　,'小学校　　,'1,'01
'1045,'30,'26,'0,'0,'301,'北教大札幌校　,'教育　　,'教員／理数教,'　,'　　　,'小学校　　,'1,'01
'1045,'30,'27,'0,'0,'301,'北教大札幌校　,'教育　　,'教員／生活創,'　,'　　　,'小学校　　,'1,'01
'1045,'30,'28,'0,'0,'301,'北教大札幌校　,'教育　　,'教員／図画工,'　,'　　　,'小学校　　,'1,'01
'1045,'30,'29,'0,'0,'301,'北教大札幌校　,'教育　　,'教員／音楽　,'　,'　　　,'小学校　　,'1,'01
'1045,'30,'30,'0,'0,'301,'北教大札幌校　,'教育　　,'教員／保健体,'　,'　　　,'小学校　　,'1,'01
'1050,'30,'00,'0,'0,'316,'北教大函館校　,'教育　　,'　　　　　　,'　,'　　　,'０免課程　,'0,'01
'1050,'30,'32,'0,'0,'261,'北教大函館校　,'教育　　,'国際／国際協,'　,'　　　,'国際関係学,'1,'01
'1050,'30,'33,'0,'0,'202,'北教大函館校　,'教育　　,'国際／地域政,'　,'　　　,'政治学　　,'1,'01
'1050,'30,'34,'0,'0,'316,'北教大函館校　,'教育　　,'国際／地域環,'　,'　　　,'０免課程　,'1,'01
'1050,'30,'35,'0,'0,'301,'北教大函館校　,'教育　　,'国際／地域教,'　,'　　　,'小学校　　,'1,'01
'1055,'47,'00,'0,'0,'502,'室蘭工大　　　,'理工　　,'　　　　　　,'　,'　　　,'物理学　　,'0,'01
'1055,'47,'01,'0,'0,'551,'室蘭工大　　　,'理工　　,'創造工　　　,'　,'　　　,'機械工学　,'1,'01
'1055,'47,'02,'0,'0,'502,'室蘭工大　　　,'理工　　,'システム理化,'　,'　　　,'物理学　　,'1,'01
'1055,'53,'00,'0,'0,'551,'室蘭工大　　　,'理工夜　,'　　　　　　,'　,'　　　,'機械工学　,'0,'01
'1055,'53,'01,'0,'0,'551,'室蘭工大　　　,'理工夜　,'創造工　　　,'　,'　　　,'機械工学　,'1,'01
'1060,'27,'00,'0,'0,'106,'弘前大　　　　,'人文社会,'　　　　　　,'　,'　　　,'文化学　　,'0,'02
'1060,'27,'01,'0,'0,'106,'弘前大　　　　,'人文社会,'文化創生　　,'　,'　　　,'文化学　　,'1,'02
'1060,'27,'02,'0,'0,'201,'弘前大　　　　,'人文社会,'社会経営　　,'　,'　　　,'法学　　　,'1,'02
'1060,'30,'00,'0,'0,'301,'弘前大　　　　,'教育　　,'　　　　　　,'　,'　　　,'小学校　　,'0,'02
'1060,'30,'15,'0,'0,'314,'弘前大　　　　,'教育　　,'養護教諭　　,'　,'　　　,'養護　　　,'1,'02
'1060,'30,'48,'0,'0,'313,'弘前大　　　　,'教育　　,'学校／特別支,'　,'　　　,'特別支援教,'1,'02
'1060,'30,'49,'0,'0,'301,'弘前大　　　　,'教育　　,'学校／小学校,'　,'　　　,'小学校　　,'1,'02
'1060,'30,'50,'0,'0,'302,'弘前大　　　　,'教育　　,'学校／国語　,'　,'　　　,'中高－国語,'1,'02
'1060,'30,'51,'0,'0,'305,'弘前大　　　　,'教育　　,'学校／社会　,'　,'　　　,'中高－社会,'1,'02
'1060,'30,'52,'0,'0,'303,'弘前大　　　　,'教育　　,'学校／数学　,'　,'　　　,'中高－数学,'1,'02
'1060,'30,'53,'0,'0,'306,'弘前大　　　　,'教育　　,'学校／理科　,'　,'　　　,'中高－理科,'1,'02
'1060,'30,'58,'0,'0,'308,'弘前大　　　　,'教育　　,'学校／家庭　,'　,'　　　,'中高－家庭,'1,'02
'1060,'30,'59,'0,'0,'304,'弘前大　　　　,'教育　　,'学校／英語　,'　,'　　　,'中高－英語,'1,'02
'1060,'47,'00,'0,'0,'501,'弘前大　　　　,'理工　　,'　　　　　　,'　,'　　　,'数学　　　,'0,'02
'1060,'47,'07,'0,'0,'555,'弘前大　　　　,'理工　　,'物質創成化　,'　,'　　　,'応用化学　,'1,'02
'1060,'47,'08,'0,'0,'552,'弘前大　　　　,'理工　　,'電子情報工　,'　,'　　　,'電気・電子,'1,'02
'1060,'47,'09,'0,'0,'501,'弘前大　　　　,'理工　　,'数物科学　　,'　,'　　　,'数学　　　,'1,'02
'1060,'47,'10,'0,'0,'507,'弘前大　　　　,'理工　　,'地球環境防災,'　,'　　　,'総合理学　,'1,'02
'1060,'47,'11,'0,'0,'551,'弘前大　　　　,'理工　　,'機械科学　　,'　,'　　　,'機械工学　,'1,'02
'1060,'47,'12,'0,'0,'562,'弘前大　　　　,'理工　　,'自然エネルギ,'　,'　　　,'原子力・エ,'1,'02
'1060,'55,'00,'0,'0,'105,'弘前大　　　　,'医　　　,'　　　　　　,'　,'　　　,'心理学　　,'0,'02
'1060,'55,'01,'0,'0,'601,'弘前大　　　　,'医　　　,'医　　　　　,'　,'　　　,'医　　　　,'1,'02
'1060,'55,'03,'0,'0,'651,'弘前大　　　　,'医　　　,'保健／看護学,'　,'　　　,'看護　　　,'1,'02
'1060,'55,'04,'0,'0,'657,'弘前大　　　　,'医　　　,'保健／放射線,'　,'　　　,'放射線技術,'1,'02
'1060,'55,'05,'0,'0,'658,'弘前大　　　　,'医　　　,'保健／検査技,'　,'　　　,'検査技術　,'1,'02
'1060,'55,'06,'0,'0,'655,'弘前大　　　　,'医　　　,'保健／理学療,'　,'　　　,'理学療法　,'1,'02
'1060,'55,'07,'0,'0,'656,'弘前大　　　　,'医　　　,'保健／作業療,'　,'　　　,'作業療法　,'1,'02
'1060,'55,'08,'0,'0,'105,'弘前大　　　　,'医　　　,'心理支援科学,'　,'　　　,'心理学　　,'1,'02
'1060,'74,'00,'0,'0,'504,'弘前大　　　　,'農学生命,'　　　　　　,'　,'　　　,'生物学　　,'0,'02
'1060,'74,'05,'0,'0,'504,'弘前大　　　　,'農学生命,'生物　　　　,'　,'　　　,'生物学　　,'1,'02
'1060,'74,'06,'0,'0,'504,'弘前大　　　　,'農学生命,'分子生命科学,'　,'　　　,'生物学　　,'1,'02
'1060,'74,'07,'0,'0,'703,'弘前大　　　　,'農学生命,'食料資源　　,'　,'　　　,'農芸化学　,'1,'02
'1060,'74,'08,'0,'0,'701,'弘前大　　　　,'農学生命,'国際園芸農　,'　,'　　　,'農学　　　,'1,'02
'1060,'74,'09,'0,'0,'704,'弘前大　　　　,'農学生命,'地域環境工　,'　,'　　　,'農業工学・,'1,'02
'1065,'27,'00,'0,'0,'106,'岩手大　　　　,'人文社会,'　　　　　　,'　,'　　　,'文化学　　,'0,'03
'1065,'27,'06,'0,'0,'106,'岩手大　　　　,'人文社会,'人間文化　　,'　,'　　　,'文化学　　,'1,'03
'1065,'27,'07,'0,'0,'202,'岩手大　　　　,'人文社会,'地域政策　　,'　,'　　　,'政治学　　,'1,'03
'1065,'30,'00,'0,'0,'301,'岩手大　　　　,'教育　　,'　　　　　　,'　,'　　　,'小学校　　,'0,'03
'1065,'30,'15,'0,'0,'301,'岩手大　　　　,'教育　　,'学校／小学校,'　,'　　　,'小学校　　,'1,'03
'1065,'30,'27,'0,'0,'313,'岩手大　　　　,'教育　　,'学校／特別支,'　,'　　　,'特別支援教,'1,'03
'1065,'30,'40,'0,'0,'302,'岩手大　　　　,'教育　　,'学校／国語　,'　,'　　　,'中高－国語,'1,'03
'1065,'30,'41,'0,'0,'305,'岩手大　　　　,'教育　　,'学校／社会　,'　,'　　　,'中高－社会,'1,'03
'1065,'30,'44,'0,'0,'304,'岩手大　　　　,'教育　　,'学校／英語　,'　,'　　　,'中高－英語,'1,'03
'1065,'30,'45,'0,'0,'309,'岩手大　　　　,'教育　　,'学校／音楽　,'　,'　　　,'中高－音楽,'1,'03
'1065,'30,'46,'0,'0,'310,'岩手大　　　　,'教育　　,'学校／美術　,'　,'　　　,'中高－美術,'1,'03
'1065,'30,'47,'0,'0,'311,'岩手大　　　　,'教育　　,'学校／保健体,'　,'　　　,'中高－体育,'1,'03
'1065,'30,'48,'0,'0,'301,'岩手大　　　　,'教育　　,'学校／数学　,'　,'　　　,'小学校　　,'1,'03
'1065,'30,'49,'0,'0,'301,'岩手大　　　　,'教育　　,'学校／理科　,'　,'　　　,'小学校　　,'1,'03
'1065,'47,'00,'0,'0,'455,'岩手大　　　　,'理工　　,'　　　　　　,'　,'　　　,'映像　　　,'0,'03
'1065,'47,'12,'0,'0,'503,'岩手大　　　　,'理工　　,'理工／化学　,'　,'　　　,'化学　　　,'1,'03
'1065,'47,'13,'0,'0,'502,'岩手大　　　　,'理工　　,'理工／数理物,'　,'　　　,'物理学　　,'1,'03
'1065,'47,'14,'0,'0,'558,'岩手大　　　　,'理工　　,'理工／材料科,'　,'　　　,'金属・材料,'1,'03
'1065,'47,'15,'0,'0,'455,'岩手大　　　　,'理工　　,'理工／情報系,'　,'　　　,'映像　　　,'1,'03
'1065,'47,'16,'0,'0,'552,'岩手大　　　　,'理工　　,'理工／電気電,'　,'　　　,'電気・電子,'1,'03
'1065,'47,'17,'0,'0,'551,'岩手大　　　　,'理工　　,'理工／機械知,'　,'　　　,'機械工学　,'1,'03
'1065,'47,'18,'0,'0,'554,'岩手大　　　　,'理工　　,'理工／社会基,'　,'　　　,'建築・土木,'1,'03
'1065,'47,'19,'0,'0,'455,'岩手大　　　　,'理工　　,'理工／データ,'　,'　　　,'映像　　　,'1,'03
'1065,'72,'00,'0,'0,'504,'岩手大　　　　,'農　　　,'　　　　　　,'　,'　　　,'生物学　　,'0,'03
'1065,'72,'19,'0,'0,'701,'岩手大　　　　,'農　　　,'食料／農学　,'　,'　　　,'農学　　　,'1,'03
'1065,'72,'20,'0,'0,'703,'岩手大　　　　,'農　　　,'食料／食品健,'　,'　　　,'農芸化学　,'1,'03
'1065,'72,'21,'0,'0,'504,'岩手大　　　　,'農　　　,'生命／機能学,'　,'　　　,'生物学　　,'1,'03
'1065,'72,'22,'0,'0,'564,'岩手大　　　　,'農　　　,'生命／医科学,'　,'　　　,'生物工学　,'1,'03
'1065,'72,'23,'0,'0,'704,'岩手大　　　　,'農　　　,'地域／革新農,'　,'　　　,'農業工学・,'1,'03
'1065,'72,'24,'0,'0,'702,'岩手大　　　　,'農　　　,'地域／森林科,'　,'　　　,'森林科学　,'1,'03
'1065,'72,'25,'0,'0,'709,'岩手大　　　　,'農　　　,'動物／動物科,'　,'　　　,'畜産学　　,'1,'03
'1065,'72,'26,'0,'0,'708,'岩手大　　　　,'農　　　,'動物／水産シ,'　,'　　　,'水産学　　,'1,'03
'1065,'74,'00,'0,'0,'705,'岩手大　　　　,'獣医　　,'　　　　　　,'　,'　　　,'獣医学　　,'0,'03
'1065,'74,'01,'0,'0,'705,'岩手大　　　　,'獣医　　,'共同獣医　　,'　,'　　　,'獣医学　　,'1,'03
'1070,'01,'00,'0,'0,'101,'東北大　　　　,'文　　　,'　　　　　　,'　,'　　　,'日本文学　,'0,'04
'1070,'01,'06,'0,'0,'101,'東北大　　　　,'文　　　,'人文社会　　,'　,'　　　,'日本文学　,'1,'04
'1070,'12,'00,'0,'0,'201,'東北大　　　　,'法　　　,'　　　　　　,'　,'　　　,'法学　　　,'0,'04
'1070,'12,'01,'0,'0,'201,'東北大　　　　,'法　　　,'法　　　　　,'　,'　　　,'法学　　　,'1,'04
'1070,'18,'00,'0,'0,'221,'東北大　　　　,'経済　　,'　　　　　　,'　,'　　　,'経済学　　,'1,'04
'1070,'30,'00,'0,'0,'105,'東北大　　　　,'教育　　,'　　　　　　,'　,'　　　,'心理学　　,'0,'04
'1070,'30,'03,'0,'0,'105,'東北大　　　　,'教育　　,'教育科学　　,'　,'　　　,'心理学　　,'1,'04
'1070,'42,'00,'0,'0,'505,'東北大　　　　,'理　　　,'　　　　　　,'　,'　　　,'地球科学　,'0,'04
'1070,'42,'03,'0,'0,'503,'東北大　　　　,'理　　　,'化学系　　　,'　,'　　　,'化学　　　,'1,'04
'1070,'42,'05,'0,'0,'501,'東北大　　　　,'理　　　,'数学系　　　,'　,'　　　,'数学　　　,'1,'04
'1070,'42,'07,'0,'0,'504,'東北大　　　　,'理　　　,'生物系　　　,'　,'　　　,'生物学　　,'1,'04
'1070,'42,'08,'0,'0,'505,'東北大　　　　,'理　　　,'地球科学系　,'　,'　　　,'地球科学　,'1,'04
'1070,'42,'12,'0,'0,'502,'東北大　　　　,'理　　　,'物理系　　　,'　,'　　　,'物理学　　,'1,'04
'1070,'46,'00,'0,'0,'551,'東北大　　　　,'工　　　,'　　　　　　,'　,'　　　,'機械工学　,'0,'04
'1070,'46,'18,'0,'0,'551,'東北大　　　　,'工　　　,'機械知能・航,'　,'　　　,'機械工学　,'1,'04
'1070,'46,'19,'0,'0,'552,'東北大　　　　,'工　　　,'電気情報物理,'　,'　　　,'電気・電子,'1,'04
'1070,'46,'20,'0,'0,'555,'東北大　　　　,'工　　　,'化学・バイオ,'　,'　　　,'応用化学　,'1,'04
'1070,'46,'21,'0,'0,'558,'東北大　　　　,'工　　　,'材料科学総合,'　,'　　　,'金属・材料,'1,'04
'1070,'46,'22,'0,'0,'554,'東北大　　　　,'工　　　,'建築・社会環,'　,'　　　,'建築・土木,'1,'04
'1070,'55,'00,'0,'0,'601,'東北大　　　　,'医　　　,'　　　　　　,'　,'　　　,'医　　　　,'0,'04
'1070,'55,'01,'0,'0,'601,'東北大　　　　,'医　　　,'医　　　　　,'　,'　　　,'医　　　　,'1,'04
'1070,'55,'03,'0,'0,'651,'東北大　　　　,'医　　　,'保健／看護学,'　,'　　　,'看護　　　,'1,'04
'1070,'55,'04,'0,'0,'657,'東北大　　　　,'医　　　,'保健／放射線,'　,'　　　,'放射線技術,'1,'04
'1070,'55,'05,'0,'0,'658,'東北大　　　　,'医　　　,'保健／検査技,'　,'　　　,'検査技術　,'1,'04
'1070,'58,'00,'0,'0,'611,'東北大　　　　,'歯　　　,'　　　　　　,'　,'　　　,'歯　　　　,'0,'04
'1070,'58,'01,'0,'0,'611,'東北大　　　　,'歯　　　,'歯　　　　　,'　,'　　　,'歯　　　　,'1,'04
'1070,'61,'00,'0,'0,'621,'東北大　　　　,'薬　　　,'　　　　　　,'　,'　　　,'薬　　　　,'1,'04
'1070,'72,'00,'0,'0,'701,'東北大　　　　,'農　　　,'　　　　　　,'　,'　　　,'農学　　　,'1,'04
'1075,'30,'00,'0,'0,'105,'宮城教育大　　,'教育　　,'　　　　　　,'　,'　　　,'心理学　　,'0,'04
'1075,'30,'78,'0,'0,'105,'宮城教育大　　,'教育　　,'学校／初等教,'　,'　　　,'心理学　　,'1,'04
'1075,'30,'79,'0,'0,'302,'宮城教育大　　,'教育　　,'学校／国語　,'　,'　　　,'中高－国語,'1,'04
'1075,'30,'80,'0,'0,'305,'宮城教育大　　,'教育　　,'学校／社会　,'　,'　　　,'中高－社会,'1,'04
'1075,'30,'81,'0,'0,'304,'宮城教育大　　,'教育　　,'学校／英語　,'　,'　　　,'中高－英語,'1,'04
'1075,'30,'82,'0,'0,'303,'宮城教育大　　,'教育　　,'学校／数学　,'　,'　　　,'中高－数学,'1,'04
'1075,'30,'83,'0,'0,'306,'宮城教育大　　,'教育　　,'学校／理科　,'　,'　　　,'中高－理科,'1,'04
'1075,'30,'89,'0,'0,'313,'宮城教育大　　,'教育　　,'学校／特別支,'　,'　　　,'特別支援教,'1,'04
'1080,'31,'00,'0,'0,'301,'秋田大　　　　,'教育文化,'　　　　　　,'　,'　　　,'小学校　　,'0,'05
'1080,'31,'10,'0,'0,'301,'秋田大　　　　,'教育文化,'学校／特別支,'　,'　　　,'小学校　　,'1,'05
'1080,'31,'11,'0,'0,'301,'秋田大　　　　,'教育文化,'学校／こども,'　,'　　　,'小学校　　,'1,'05
'1080,'31,'12,'0,'0,'105,'秋田大　　　　,'教育文化,'地域文化　　,'　,'　　　,'心理学　　,'1,'05
'1080,'31,'13,'0,'0,'301,'秋田大　　　　,'教育文化,'学校／初等中,'　,'　　　,'小学校　　,'1,'05
'1080,'37,'00,'0,'0,'261,'秋田大　　　　,'国際資源,'　　　　　　,'　,'　　　,'国際関係学,'0,'05
'1080,'37,'02,'0,'0,'261,'秋田大　　　　,'国際資源,'国際／資源政,'　,'　　　,'国際関係学,'1,'05
'1080,'37,'03,'0,'0,'505,'秋田大　　　　,'国際資源,'国際／資源地,'　,'　　　,'地球科学　,'1,'05
'1080,'37,'04,'0,'0,'557,'秋田大　　　　,'国際資源,'国際／資源開,'　,'　　　,'鉱物・資源,'1,'05
'1080,'39,'00,'0,'0,'752,'秋田大　　　　,'情報デー,'　　　　　　,'　,'　　　,'総合情報学,'0,'05
'1080,'39,'01,'0,'0,'752,'秋田大　　　　,'情報デー,'情報データ科,'　,'　　　,'総合情報学,'1,'05
'1080,'48,'00,'0,'0,'552,'秋田大　　　　,'総合環境,'　　　　　　,'　,'　　　,'電気・電子,'0,'05
'1080,'48,'01,'0,'0,'555,'秋田大　　　　,'総合環境,'応用化学生物,'　,'　　　,'応用化学　,'1,'05
'1080,'48,'02,'0,'0,'501,'秋田大　　　　,'総合環境,'環境数物科学,'　,'　　　,'数学　　　,'1,'05
'1080,'48,'03,'0,'0,'551,'秋田大　　　　,'総合環境,'社会シス工　,'　,'　　　,'機械工学　,'1,'05
'1080,'55,'00,'0,'0,'601,'秋田大　　　　,'医　　　,'　　　　　　,'　,'　　　,'医　　　　,'0,'05
'1080,'55,'01,'0,'0,'601,'秋田大　　　　,'医　　　,'医　　　　　,'　,'　　　,'医　　　　,'1,'05
'1080,'55,'03,'0,'0,'651,'秋田大　　　　,'医　　　,'保健／看護学,'　,'　　　,'看護　　　,'1,'05
'1080,'55,'04,'0,'0,'655,'秋田大　　　　,'医　　　,'保健／理学療,'　,'　　　,'理学療法　,'1,'05
'1080,'55,'05,'0,'0,'656,'秋田大　　　　,'医　　　,'保健／作業療,'　,'　　　,'作業療法　,'1,'05
'1085,'27,'00,'0,'0,'151,'山形大　　　　,'人文社会,'　　　　　　,'　,'　　　,'英米語　　,'0,'06
'1085,'27,'01,'0,'0,'751,'山形大　　　　,'人文社会,'人文／人間文,'　,'　　　,'人間科学　,'1,'06
'1085,'27,'02,'0,'0,'151,'山形大　　　　,'人文社会,'人文／グロー,'　,'　　　,'英米語　　,'1,'06
'1085,'27,'03,'0,'0,'201,'山形大　　　　,'人文社会,'人文／法政経,'　,'　　　,'法学　　　,'1,'06
'1085,'30,'00,'0,'0,'105,'山形大　　　　,'教育　　,'　　　　　　,'　,'　　　,'心理学　　,'0,'06
'1085,'30,'39,'0,'0,'301,'山形大　　　　,'教育　　,'学校／小学校,'　,'　　　,'小学校　　,'1,'06
'1085,'30,'40,'0,'0,'302,'山形大　　　　,'教育　　,'学校／中学校,'　,'　　　,'中高－国語,'1,'06
'1085,'30,'41,'0,'0,'303,'山形大　　　　,'教育　　,'学校／理数系,'　,'　　　,'中高－数学,'1,'06
'1085,'30,'42,'0,'0,'105,'山形大　　　　,'教育　　,'学校／心理支,'　,'　　　,'心理学　　,'1,'06
'1085,'42,'00,'0,'0,'501,'山形大　　　　,'理　　　,'　　　　　　,'　,'　　　,'数学　　　,'0,'06
'1085,'42,'06,'0,'0,'501,'山形大　　　　,'理　　　,'理　　　　　,'　,'　　　,'数学　　　,'1,'06
'1085,'46,'00,'0,'0,'555,'山形大　　　　,'工　　　,'　　　　　　,'　,'　　　,'応用化学　,'0,'06
'1085,'46,'01,'0,'0,'551,'山形大　　　　,'工　　　,'機械シス工　,'　,'　　　,'機械工学　,'1,'06
'1085,'46,'10,'0,'0,'552,'山形大　　　　,'工　　　,'高分子・有機,'　,'　　　,'電気・電子,'1,'06
'1085,'46,'13,'0,'0,'554,'山形大　　　　,'工　　　,'建築・デザイ,'　,'　　　,'建築・土木,'1,'06
'1085,'46,'14,'0,'0,'555,'山形大　　　　,'工　　　,'化学／応用化,'　,'　　　,'応用化学　,'1,'06
'1085,'46,'15,'0,'0,'555,'山形大　　　　,'工　　　,'化学／バイオ,'　,'　　　,'応用化学　,'1,'06
'1085,'46,'16,'0,'0,'553,'山形大　　　　,'工　　　,'情報／情報知,'　,'　　　,'情報工学　,'1,'06
'1085,'46,'17,'0,'0,'552,'山形大　　　　,'工　　　,'情報／電気電,'　,'　　　,'電気・電子,'1,'06
'1085,'54,'00,'0,'0,'551,'山形大　　　　,'工フレ　,'　　　　　　,'　,'　　　,'機械工学　,'0,'06
'1085,'54,'09,'0,'0,'551,'山形大　　　　,'工フレ　,'システム創成,'　,'　　　,'機械工学　,'1,'06
'1085,'55,'00,'0,'0,'601,'山形大　　　　,'医　　　,'　　　　　　,'　,'　　　,'医　　　　,'0,'06
'1085,'55,'01,'0,'0,'601,'山形大　　　　,'医　　　,'医　　　　　,'　,'　　　,'医　　　　,'1,'06
'1085,'55,'02,'0,'0,'651,'山形大　　　　,'医　　　,'看護　　　　,'　,'　　　,'看護　　　,'1,'06
'1085,'72,'00,'0,'0,'701,'山形大　　　　,'農　　　,'　　　　　　,'　,'　　　,'農学　　　,'0,'06
'1085,'72,'04,'0,'0,'701,'山形大　　　　,'農　　　,'食料生命環境,'　,'　　　,'農学　　　,'1,'06
'1085,'88,'00,'0,'0,'753,'山形大　　　　,'社会共創,'　　　　　　,'　,'　　　,'総合科学　,'1,'06
'1090,'27,'00,'0,'0,'301,'福島大　　　　,'人文社会,'　　　　　　,'　,'　　　,'小学校　　,'0,'07
'1090,'27,'04,'0,'0,'106,'福島大　　　　,'人文社会,'行政政策学類,'　,'　　　,'文化学　　,'1,'07
'1090,'27,'05,'0,'0,'221,'福島大　　　　,'人文社会,'経済経営学類,'　,'　　　,'経済学　　,'1,'07
'1090,'27,'12,'0,'0,'301,'福島大　　　　,'人文社会,'人間／教育実,'　,'　　　,'小学校　　,'1,'07
'1090,'27,'13,'0,'0,'105,'福島大　　　　,'人文社会,'人間／心理学,'　,'　　　,'心理学　　,'1,'07
'1090,'27,'14,'0,'0,'301,'福島大　　　　,'人文社会,'人間／特別支,'　,'　　　,'小学校　　,'1,'07
'1090,'27,'15,'0,'0,'301,'福島大　　　　,'人文社会,'人間／数理自,'　,'　　　,'小学校　　,'1,'07
'1090,'27,'16,'0,'0,'318,'福島大　　　　,'人文社会,'人間／スポー,'　,'　　　,'総合教育学,'1,'07
'1090,'27,'17,'0,'0,'101,'福島大　　　　,'人文社会,'人間／人文科,'　,'　　　,'日本文学　,'1,'07
'1090,'27,'18,'0,'0,'301,'福島大　　　　,'人文社会,'人間／芸術表,'　,'　　　,'小学校　　,'1,'07
'1090,'47,'00,'0,'0,'504,'福島大　　　　,'理工　　,'　　　　　　,'　,'　　　,'生物学　　,'0,'07
'1090,'47,'01,'0,'0,'504,'福島大　　　　,'理工　　,'共生システム,'　,'　　　,'生物学　　,'1,'07
'1090,'74,'00,'0,'0,'701,'福島大　　　　,'農　　　,'　　　　　　,'　,'　　　,'農学　　　,'0,'07
'1090,'74,'01,'0,'0,'701,'福島大　　　　,'農　　　,'食農学類　　,'　,'　　　,'農学　　　,'1,'07
'1093,'27,'00,'0,'0,'241,'筑波技大　　　,'共生社会,'　　　　　　,'　,'　　　,'社会学　　,'0,'08
'1093,'27,'01,'0,'0,'241,'筑波技大　　　,'共生社会,'共生／視覚障,'　,'　　　,'社会学　　,'1,'08
'1093,'27,'02,'0,'0,'241,'筑波技大　　　,'共生社会,'共生／聴覚障,'　,'　　　,'社会学　　,'1,'08
'1093,'47,'00,'0,'0,'554,'筑波技大　　　,'産業技術,'　　　　　　,'　,'　　　,'建築・土木,'0,'08
'1093,'47,'01,'0,'0,'551,'筑波技大　　　,'産業技術,'産業情報　　,'　,'　　　,'機械工学　,'1,'08
'1093,'47,'02,'0,'0,'451,'筑波技大　　　,'産業技術,'総合デザイン,'　,'　　　,'美術・デザ,'1,'08
'1093,'64,'00,'0,'0,'223,'筑波技大　　　,'保健科学,'　　　　　　,'　,'　　　,'経営情報学,'0,'08
'1093,'64,'03,'0,'0,'223,'筑波技大　　　,'保健科学,'情報システム,'　,'　　　,'経営情報学,'1,'08
'1093,'64,'04,'0,'0,'652,'筑波技大　　　,'保健科学,'保健　　　　,'　,'　　　,'医療技術　,'1,'08
'1095,'27,'00,'0,'0,'106,'茨城大　　　　,'人文社会,'　　　　　　,'　,'　　　,'文化学　　,'0,'08
'1095,'27,'01,'0,'0,'241,'茨城大　　　　,'人文社会,'現代社会　　,'　,'　　　,'社会学　　,'1,'08
'1095,'27,'02,'0,'0,'201,'茨城大　　　　,'人文社会,'法律経済　　,'　,'　　　,'法学　　　,'1,'08
'1095,'27,'03,'0,'0,'106,'茨城大　　　　,'人文社会,'人間文化　　,'　,'　　　,'文化学　　,'1,'08
'1095,'30,'00,'0,'0,'301,'茨城大　　　　,'教育　　,'　　　　　　,'　,'　　　,'小学校　　,'0,'08
'1095,'30,'20,'0,'0,'314,'茨城大　　　　,'教育　　,'養護教諭　　,'　,'　　　,'養護　　　,'1,'08
'1095,'30,'49,'0,'0,'301,'茨城大　　　　,'教育　　,'学校／国語　,'　,'　　　,'小学校　　,'1,'08
'1095,'30,'50,'0,'0,'301,'茨城大　　　　,'教育　　,'学校／社会　,'　,'　　　,'小学校　　,'1,'08
'1095,'30,'51,'0,'0,'301,'茨城大　　　　,'教育　　,'学校／英語　,'　,'　　　,'小学校　　,'1,'08
'1095,'30,'52,'0,'0,'301,'茨城大　　　　,'教育　　,'学校／数学　,'　,'　　　,'小学校　　,'1,'08
'1095,'30,'53,'0,'0,'301,'茨城大　　　　,'教育　　,'学校／理科　,'　,'　　　,'小学校　　,'1,'08
'1095,'30,'54,'0,'0,'301,'茨城大　　　　,'教育　　,'学校／音楽　,'　,'　　　,'小学校　　,'1,'08
'1095,'30,'55,'0,'0,'301,'茨城大　　　　,'教育　　,'学校／美術　,'　,'　　　,'小学校　　,'1,'08
'1095,'30,'56,'0,'0,'301,'茨城大　　　　,'教育　　,'学校／保健体,'　,'　　　,'小学校　　,'1,'08
'1095,'30,'57,'0,'0,'301,'茨城大　　　　,'教育　　,'学校／技術　,'　,'　　　,'小学校　　,'1,'08
'1095,'30,'58,'0,'0,'301,'茨城大　　　　,'教育　　,'学校／家庭　,'　,'　　　,'小学校　　,'1,'08
'1095,'30,'60,'0,'0,'313,'茨城大　　　　,'教育　　,'学校／特別支,'　,'　　　,'特別支援教,'1,'08
'1095,'30,'66,'0,'0,'105,'茨城大　　　　,'教育　　,'学校／教育実,'　,'　　　,'心理学　　,'1,'08
'1095,'42,'00,'0,'0,'501,'茨城大　　　　,'理　　　,'　　　　　　,'　,'　　　,'数学　　　,'0,'08
'1095,'42,'06,'0,'0,'501,'茨城大　　　　,'理　　　,'理／数学・情,'　,'　　　,'数学　　　,'1,'08
'1095,'42,'07,'0,'0,'502,'茨城大　　　　,'理　　　,'理／物理学　,'　,'　　　,'物理学　　,'1,'08
'1095,'42,'08,'0,'0,'503,'茨城大　　　　,'理　　　,'理／化学　　,'　,'　　　,'化学　　　,'1,'08
'1095,'42,'09,'0,'0,'504,'茨城大　　　　,'理　　　,'理／生物科学,'　,'　　　,'生物学　　,'1,'08
'1095,'42,'10,'0,'0,'505,'茨城大　　　　,'理　　　,'理／地球環境,'　,'　　　,'地球科学　,'1,'08
'1095,'42,'11,'0,'0,'507,'茨城大　　　　,'理　　　,'理／総合理学,'　,'　　　,'総合理学　,'1,'08
'1095,'46,'00,'0,'0,'553,'茨城大　　　　,'工　　　,'　　　　　　,'　,'　　　,'情報工学　,'0,'08
'1095,'46,'03,'0,'0,'553,'茨城大　　　　,'工　　　,'情報工　　　,'　,'　　　,'情報工学　,'1,'08
'1095,'46,'05,'0,'0,'554,'茨城大　　　　,'工　　　,'都市シス工　,'　,'　　　,'建築・土木,'1,'08
'1095,'46,'10,'0,'0,'551,'茨城大　　　　,'工　　　,'機械シス工　,'　,'　　　,'機械工学　,'1,'08
'1095,'46,'11,'0,'0,'552,'茨城大　　　　,'工　　　,'電気電子シス,'　,'　　　,'電気・電子,'1,'08
'1095,'46,'12,'0,'0,'555,'茨城大　　　　,'工　　　,'物質科学工　,'　,'　　　,'応用化学　,'1,'08
'1095,'72,'00,'0,'0,'701,'茨城大　　　　,'農　　　,'　　　　　　,'　,'　　　,'農学　　　,'0,'08
'1095,'72,'04,'0,'0,'564,'茨城大　　　　,'農　　　,'食生命科学　,'　,'　　　,'生物工学　,'1,'08
'1095,'72,'05,'0,'0,'701,'茨城大　　　　,'農　　　,'地域／応用植,'　,'　　　,'農学　　　,'1,'08
'1095,'72,'06,'0,'0,'701,'茨城大　　　　,'農　　　,'地域／地域共,'　,'　　　,'農学　　　,'1,'08
'1095,'88,'00,'0,'0,'753,'茨城大　　　　,'地域未来,'　　　　　　,'　,'　　　,'総合科学　,'1,'08
'1100,'03,'00,'0,'0,'106,'筑波大　　　　,'人文文化,'　　　　　　,'　,'　　　,'文化学　　,'0,'08
'1100,'03,'01,'0,'0,'103,'筑波大　　　　,'人文文化,'人文学類　　,'　,'　　　,'地理学　　,'1,'08
'1100,'03,'02,'0,'0,'101,'筑波大　　　　,'人文文化,'比較文化学類,'　,'　　　,'日本文学　,'1,'08
'1100,'03,'03,'0,'0,'106,'筑波大　　　　,'人文文化,'日本語・日本,'　,'　　　,'文化学　　,'1,'08
'1100,'27,'00,'0,'0,'201,'筑波大　　　　,'社会国際,'　　　　　　,'　,'　　　,'法学　　　,'0,'08
'1100,'27,'01,'0,'0,'201,'筑波大　　　　,'社会国際,'社会学類　　,'　,'　　　,'法学　　　,'1,'08
'1100,'27,'02,'0,'0,'261,'筑波大　　　　,'社会国際,'国際総合学類,'　,'　　　,'国際関係学,'1,'08
'1100,'38,'00,'0,'0,'105,'筑波大　　　　,'人間　　,'　　　　　　,'　,'　　　,'心理学　　,'0,'08
'1100,'38,'01,'0,'0,'301,'筑波大　　　　,'人間　　,'教育学類　　,'　,'　　　,'小学校　　,'1,'08
'1100,'38,'02,'0,'0,'105,'筑波大　　　　,'人間　　,'心理学類　　,'　,'　　　,'心理学　　,'1,'08
'1100,'38,'03,'0,'0,'242,'筑波大　　　　,'人間　　,'障害科学類　,'　,'　　　,'社会福祉学,'1,'08
'1100,'39,'00,'0,'0,'553,'筑波大　　　　,'情報　　,'　　　　　　,'　,'　　　,'情報工学　,'0,'08
'1100,'39,'01,'0,'0,'506,'筑波大　　　　,'情報　　,'情報科学類　,'　,'　　　,'情報科学　,'1,'08
'1100,'39,'02,'0,'0,'553,'筑波大　　　　,'情報　　,'メディア創成,'　,'　　　,'情報工学　,'1,'08
'1100,'39,'03,'0,'0,'752,'筑波大　　　　,'情報　　,'知識情報・図,'　,'　　　,'総合情報学,'1,'08
'1100,'47,'00,'0,'0,'554,'筑波大　　　　,'理工　　,'　　　　　　,'　,'　　　,'建築・土木,'0,'08
'1100,'47,'01,'0,'0,'501,'筑波大　　　　,'理工　　,'数学類　　　,'　,'　　　,'数学　　　,'1,'08
'1100,'47,'02,'0,'0,'502,'筑波大　　　　,'理工　　,'物理学類　　,'　,'　　　,'物理学　　,'1,'08
'1100,'47,'03,'0,'0,'503,'筑波大　　　　,'理工　　,'化学類　　　,'　,'　　　,'化学　　　,'1,'08
'1100,'47,'04,'0,'0,'552,'筑波大　　　　,'理工　　,'応用理工学類,'　,'　　　,'電気・電子,'1,'08
'1100,'47,'05,'0,'0,'551,'筑波大　　　　,'理工　　,'工学システム,'　,'　　　,'機械工学　,'1,'08
'1100,'47,'06,'0,'0,'223,'筑波大　　　　,'理工　　,'社会工学類　,'　,'　　　,'経営情報学,'1,'08
'1100,'55,'00,'0,'0,'601,'筑波大　　　　,'医　　　,'　　　　　　,'　,'　　　,'医　　　　,'0,'08
'1100,'55,'01,'0,'0,'601,'筑波大　　　　,'医　　　,'医学類　　　,'　,'　　　,'医　　　　,'1,'08
'1100,'55,'05,'0,'0,'651,'筑波大　　　　,'医　　　,'看護学類　　,'　,'　　　,'看護　　　,'1,'08
'1100,'55,'06,'0,'0,'658,'筑波大　　　　,'医　　　,'医療科学類　,'　,'　　　,'検査技術　,'1,'08
'1100,'64,'00,'0,'0,'311,'筑波大　　　　,'体育　　,'　　　　　　,'　,'　　　,'中高－体育,'1,'08
'1100,'74,'00,'0,'0,'504,'筑波大　　　　,'生命環境,'　　　　　　,'　,'　　　,'生物学　　,'0,'08
'1100,'74,'01,'0,'0,'504,'筑波大　　　　,'生命環境,'生物学類　　,'　,'　　　,'生物学　　,'1,'08
'1100,'74,'02,'0,'0,'701,'筑波大　　　　,'生命環境,'生物資源学類,'　,'　　　,'農学　　　,'1,'08
'1100,'74,'03,'0,'0,'505,'筑波大　　　　,'生命環境,'地球学類　　,'　,'　　　,'地球科学　,'1,'08
'1100,'83,'00,'0,'0,'451,'筑波大　　　　,'芸術　　,'　　　　　　,'　,'　　　,'美術・デザ,'1,'08
'1100,'94,'00,'0,'0,'101,'筑波大　　　　,'総合文系,'　　　　　　,'　,'　　　,'日本文学　,'1,'08
'1100,'95,'00,'0,'0,'223,'筑波大　　　　,'総合理Ⅰ,'　　　　　　,'　,'　　　,'経営情報学,'1,'08
'1100,'96,'00,'0,'0,'261,'筑波大　　　　,'総合理Ⅱ,'　　　　　　,'　,'　　　,'国際関係学,'1,'08
'1100,'97,'00,'0,'0,'261,'筑波大　　　　,'総合理Ⅲ,'　　　　　　,'　,'　　　,'国際関係学,'1,'08
'1110,'31,'00,'0,'0,'301,'宇都宮大　　　,'共同教育,'　　　　　　,'　,'　　　,'小学校　　,'0,'09
'1110,'31,'11,'0,'0,'301,'宇都宮大　　　,'共同教育,'学校／音楽　,'　,'　　　,'小学校　　,'1,'09
'1110,'31,'12,'0,'0,'301,'宇都宮大　　　,'共同教育,'学校／美術　,'　,'　　　,'小学校　　,'1,'09
'1110,'31,'13,'0,'0,'301,'宇都宮大　　　,'共同教育,'学校／保健体,'　,'　　　,'小学校　　,'1,'09
'1110,'31,'14,'0,'0,'301,'宇都宮大　　　,'共同教育,'学校／家政　,'　,'　　　,'小学校　　,'1,'09
'1110,'31,'15,'0,'0,'105,'宇都宮大　　　,'共同教育,'学校／教育人,'　,'　　　,'心理学　　,'1,'09
'1110,'31,'16,'0,'0,'301,'宇都宮大　　　,'共同教育,'学校／人文社,'　,'　　　,'小学校　　,'1,'09
'1110,'31,'17,'0,'0,'301,'宇都宮大　　　,'共同教育,'学校／自然科,'　,'　　　,'小学校　　,'1,'09
'1110,'33,'00,'0,'0,'106,'宇都宮大　　　,'国際　　,'　　　　　　,'　,'　　　,'文化学　　,'0,'09
'1110,'33,'03,'0,'0,'106,'宇都宮大　　　,'国際　　,'国際　　　　,'　,'　　　,'文化学　　,'1,'09
'1110,'37,'00,'0,'0,'554,'宇都宮大　　　,'地域デザ,'　　　　　　,'　,'　　　,'建築・土木,'0,'09
'1110,'37,'01,'0,'0,'202,'宇都宮大　　　,'地域デザ,'コミュニティ,'　,'　　　,'政治学　　,'1,'09
'1110,'37,'02,'0,'0,'554,'宇都宮大　　　,'地域デザ,'建築都市デザ,'　,'　　　,'建築・土木,'1,'09
'1110,'37,'03,'0,'0,'554,'宇都宮大　　　,'地域デザ,'社会基盤デザ,'　,'　　　,'建築・土木,'1,'09
'1110,'38,'00,'0,'0,'223,'宇都宮大　　　,'データサ,'　　　　　　,'　,'　　　,'経営情報学,'0,'09
'1110,'38,'01,'0,'0,'223,'宇都宮大　　　,'データサ,'データサイエ,'　,'　　　,'経営情報学,'1,'09
'1110,'46,'00,'0,'0,'551,'宇都宮大　　　,'工　　　,'　　　　　　,'　,'　　　,'機械工学　,'0,'09
'1110,'46,'11,'0,'0,'555,'宇都宮大　　　,'工　　　,'基盤／化学系,'　,'　　　,'応用化学　,'1,'09
'1110,'46,'12,'0,'0,'551,'宇都宮大　　　,'工　　　,'基盤／機械情,'　,'　　　,'機械工学　,'1,'09
'1110,'72,'00,'0,'0,'701,'宇都宮大　　　,'農　　　,'　　　　　　,'　,'　　　,'農学　　　,'0,'09
'1110,'72,'04,'0,'0,'707,'宇都宮大　　　,'農　　　,'エコロジカル,'　,'　　　,'農業経済学,'1,'09
'1110,'72,'05,'0,'0,'701,'宇都宮大　　　,'農　　　,'生物生産イノ,'　,'　　　,'農学　　　,'1,'09
'1110,'72,'06,'0,'0,'703,'宇都宮大　　　,'農　　　,'フロンティア,'　,'　　　,'農芸化学　,'1,'09
'1110,'72,'07,'0,'0,'702,'宇都宮大　　　,'農　　　,'環境システム,'　,'　　　,'森林科学　,'1,'09
'1115,'31,'00,'0,'0,'301,'群馬大　　　　,'共同教育,'　　　　　　,'　,'　　　,'小学校　　,'0,'10
'1115,'31,'01,'0,'0,'301,'群馬大　　　　,'共同教育,'学校／国語　,'　,'　　　,'小学校　　,'1,'10
'1115,'31,'02,'0,'0,'301,'群馬大　　　　,'共同教育,'学校／社会　,'　,'　　　,'小学校　　,'1,'10
'1115,'31,'03,'0,'0,'301,'群馬大　　　　,'共同教育,'学校／英語　,'　,'　　　,'小学校　　,'1,'10
'1115,'31,'04,'0,'0,'301,'群馬大　　　　,'共同教育,'学校／数学　,'　,'　　　,'小学校　　,'1,'10
'1115,'31,'05,'0,'0,'301,'群馬大　　　　,'共同教育,'学校／理科　,'　,'　　　,'小学校　　,'1,'10
'1115,'31,'06,'0,'0,'301,'群馬大　　　　,'共同教育,'学校／技術　,'　,'　　　,'小学校　　,'1,'10
'1115,'31,'07,'0,'0,'301,'群馬大　　　　,'共同教育,'学校／音楽　,'　,'　　　,'小学校　　,'1,'10
'1115,'31,'08,'0,'0,'301,'群馬大　　　　,'共同教育,'学校／美術　,'　,'　　　,'小学校　　,'1,'10
'1115,'31,'09,'0,'0,'301,'群馬大　　　　,'共同教育,'学校／家政　,'　,'　　　,'小学校　　,'1,'10
'1115,'31,'10,'0,'0,'301,'群馬大　　　　,'共同教育,'学校／保健体,'　,'　　　,'小学校　　,'1,'10
'1115,'31,'11,'0,'0,'301,'群馬大　　　　,'共同教育,'学校／教育　,'　,'　　　,'小学校　　,'1,'10
'1115,'31,'12,'0,'0,'105,'群馬大　　　　,'共同教育,'学校／教育心,'　,'　　　,'心理学　　,'1,'10
'1115,'31,'13,'0,'0,'301,'群馬大　　　　,'共同教育,'学校／特別支,'　,'　　　,'小学校　　,'1,'10
'1115,'37,'00,'0,'0,'752,'群馬大　　　　,'情報　　,'　　　　　　,'　,'　　　,'総合情報学,'0,'10
'1115,'37,'01,'0,'0,'752,'群馬大　　　　,'情報　　,'情報　　　　,'　,'　　　,'総合情報学,'1,'10
'1115,'47,'00,'0,'0,'551,'群馬大　　　　,'理工　　,'　　　　　　,'　,'　　　,'機械工学　,'0,'10
'1115,'47,'06,'0,'0,'554,'群馬大　　　　,'理工　　,'物質・環境類,'　,'　　　,'建築・土木,'1,'10
'1115,'47,'07,'0,'0,'551,'群馬大　　　　,'理工　　,'電子・機械類,'　,'　　　,'機械工学　,'1,'10
'1115,'55,'00,'0,'0,'601,'群馬大　　　　,'医　　　,'　　　　　　,'　,'　　　,'医　　　　,'0,'10
'1115,'55,'01,'0,'0,'601,'群馬大　　　　,'医　　　,'医　　　　　,'　,'　　　,'医　　　　,'1,'10
'1115,'55,'03,'0,'0,'651,'群馬大　　　　,'医　　　,'保健／看護学,'　,'　　　,'看護　　　,'1,'10
'1115,'55,'04,'0,'0,'658,'群馬大　　　　,'医　　　,'保健／検査技,'　,'　　　,'検査技術　,'1,'10
'1115,'55,'05,'0,'0,'655,'群馬大　　　　,'医　　　,'保健／理学療,'　,'　　　,'理学療法　,'1,'10
'1115,'55,'06,'0,'0,'656,'群馬大　　　　,'医　　　,'保健／作業療,'　,'　　　,'作業療法　,'1,'10
'1120,'18,'00,'0,'0,'201,'埼玉大　　　　,'経済　　,'　　　　　　,'　,'　　　,'法学　　　,'0,'11
'1120,'18,'02,'0,'0,'201,'埼玉大　　　　,'経済　　,'経済　　　　,'　,'　　　,'法学　　　,'1,'11
'1120,'30,'00,'0,'0,'301,'埼玉大　　　　,'教育　　,'　　　　　　,'　,'　　　,'小学校　　,'0,'11
'1120,'30,'06,'0,'0,'314,'埼玉大　　　　,'教育　　,'養護教諭　　,'　,'　　　,'養護　　　,'1,'11
'1120,'30,'33,'0,'0,'301,'埼玉大　　　　,'教育　　,'学校／国語　,'　,'　　　,'小学校　　,'1,'11
'1120,'30,'34,'0,'0,'301,'埼玉大　　　　,'教育　　,'学校／社会　,'　,'　　　,'小学校　　,'1,'11
'1120,'30,'36,'0,'0,'301,'埼玉大　　　　,'教育　　,'学校／理科　,'　,'　　　,'小学校　　,'1,'11
'1120,'30,'37,'0,'0,'301,'埼玉大　　　　,'教育　　,'学校／音楽　,'　,'　　　,'小学校　　,'1,'11
'1120,'30,'39,'0,'0,'301,'埼玉大　　　　,'教育　　,'学校／保健体,'　,'　　　,'小学校　　,'1,'11
'1120,'30,'42,'0,'0,'301,'埼玉大　　　　,'教育　　,'学校／英語　,'　,'　　　,'小学校　　,'1,'11
'1120,'30,'77,'0,'0,'301,'埼玉大　　　　,'教育　　,'学校／算数数,'　,'　　　,'小学校　　,'1,'11
'1120,'30,'78,'0,'0,'301,'埼玉大　　　　,'教育　　,'学校／図工美,'　,'　　　,'小学校　　,'1,'11
'1120,'30,'79,'0,'0,'301,'埼玉大　　　　,'教育　　,'学校／技術情,'　,'　　　,'小学校　　,'1,'11
'1120,'30,'80,'0,'0,'301,'埼玉大　　　　,'教育　　,'学校／家庭科,'　,'　　　,'小学校　　,'1,'11
'1120,'30,'81,'0,'0,'301,'埼玉大　　　　,'教育　　,'学校／教育学,'　,'　　　,'小学校　　,'1,'11
'1120,'30,'82,'0,'0,'105,'埼玉大　　　　,'教育　　,'学校／臨床教,'　,'　　　,'心理学　　,'1,'11
'1120,'30,'83,'0,'0,'105,'埼玉大　　　　,'教育　　,'学校／心理発,'　,'　　　,'心理学　　,'1,'11
'1120,'30,'84,'0,'0,'312,'埼玉大　　　　,'教育　　,'学校／乳幼児,'　,'　　　,'幼稚園　　,'1,'11
'1120,'30,'85,'0,'0,'301,'埼玉大　　　　,'教育　　,'学校／特別支,'　,'　　　,'小学校　　,'1,'11
'1120,'37,'00,'0,'0,'103,'埼玉大　　　　,'教養　　,'　　　　　　,'　,'　　　,'地理学　　,'0,'11
'1120,'37,'01,'0,'0,'103,'埼玉大　　　　,'教養　　,'教養　　　　,'　,'　　　,'地理学　　,'1,'11
'1120,'42,'00,'0,'0,'504,'埼玉大　　　　,'理　　　,'　　　　　　,'　,'　　　,'生物学　　,'0,'11
'1120,'42,'01,'0,'0,'503,'埼玉大　　　　,'理　　　,'基礎化　　　,'　,'　　　,'化学　　　,'1,'11
'1120,'42,'02,'0,'0,'501,'埼玉大　　　　,'理　　　,'数学　　　　,'　,'　　　,'数学　　　,'1,'11
'1120,'42,'03,'0,'0,'504,'埼玉大　　　　,'理　　　,'分子生物　　,'　,'　　　,'生物学　　,'1,'11
'1120,'42,'04,'0,'0,'504,'埼玉大　　　　,'理　　　,'生体制御　　,'　,'　　　,'生物学　　,'1,'11
'1120,'42,'05,'0,'0,'502,'埼玉大　　　　,'理　　　,'物理　　　　,'　,'　　　,'物理学　　,'1,'11
'1120,'46,'00,'0,'0,'551,'埼玉大　　　　,'工　　　,'　　　　　　,'　,'　　　,'機械工学　,'0,'11
'1120,'46,'01,'0,'0,'555,'埼玉大　　　　,'工　　　,'応用化　　　,'　,'　　　,'応用化学　,'1,'11
'1120,'46,'08,'0,'0,'551,'埼玉大　　　　,'工　　　,'機械工学・シ,'　,'　　　,'機械工学　,'1,'11
'1120,'46,'09,'0,'0,'552,'埼玉大　　　　,'工　　　,'電気電子物理,'　,'　　　,'電気・電子,'1,'11
'1120,'46,'10,'0,'0,'553,'埼玉大　　　　,'工　　　,'情報工　　　,'　,'　　　,'情報工学　,'1,'11
'1120,'46,'11,'0,'0,'554,'埼玉大　　　　,'工　　　,'環境社会デザ,'　,'　　　,'建築・土木,'1,'11
'1125,'01,'00,'0,'0,'106,'千葉大　　　　,'文　　　,'　　　　　　,'　,'　　　,'文化学　　,'0,'12
'1125,'01,'05,'0,'0,'751,'千葉大　　　　,'文　　　,'人文／行動科,'　,'　　　,'人間科学　,'1,'12
'1125,'01,'06,'0,'0,'107,'千葉大　　　　,'文　　　,'人文／歴史学,'　,'　　　,'西洋史　　,'1,'12
'1125,'01,'07,'0,'0,'106,'千葉大　　　　,'文　　　,'人文／日本ユ,'　,'　　　,'文化学　　,'1,'12
'1125,'01,'08,'0,'0,'106,'千葉大　　　　,'文　　　,'人文／国際言,'　,'　　　,'文化学　　,'1,'12
'1125,'14,'00,'0,'0,'201,'千葉大　　　　,'法政経　,'　　　　　　,'　,'　　　,'法学　　　,'0,'12
'1125,'14,'01,'0,'0,'201,'千葉大　　　　,'法政経　,'法政経　　　,'　,'　　　,'法学　　　,'1,'12
'1125,'30,'00,'0,'0,'301,'千葉大　　　　,'教育　　,'　　　　　　,'　,'　　　,'小学校　　,'0,'12
'1125,'30,'53,'0,'0,'105,'千葉大　　　　,'教育　　,'学校／小学校,'　,'　　　,'心理学　　,'1,'12
'1125,'30,'54,'0,'0,'302,'千葉大　　　　,'教育　　,'学校／国語　,'　,'　　　,'中高－国語,'1,'12
'1125,'30,'55,'0,'0,'305,'千葉大　　　　,'教育　　,'学校／社会　,'　,'　　　,'中高－社会,'1,'12
'1125,'30,'56,'0,'0,'303,'千葉大　　　　,'教育　　,'学校／数学　,'　,'　　　,'中高－数学,'1,'12
'1125,'30,'57,'0,'0,'306,'千葉大　　　　,'教育　　,'学校／理科　,'　,'　　　,'中高－理科,'1,'12
'1125,'30,'58,'0,'0,'307,'千葉大　　　　,'教育　　,'学校／技術　,'　,'　　　,'中高－技術,'1,'12
'1125,'30,'59,'0,'0,'313,'千葉大　　　　,'教育　　,'学校／特別支,'　,'　　　,'特別支援教,'1,'12
'1125,'30,'60,'0,'0,'312,'千葉大　　　　,'教育　　,'学校／乳幼児,'　,'　　　,'幼稚園　　,'1,'12
'1125,'30,'61,'0,'0,'314,'千葉大　　　　,'教育　　,'学校／養護教,'　,'　　　,'養護　　　,'1,'12
'1125,'30,'62,'0,'0,'301,'千葉大　　　　,'教育　　,'学校／音楽　,'　,'　　　,'小学校　　,'1,'12
'1125,'30,'63,'0,'0,'301,'千葉大　　　　,'教育　　,'学校／図・美,'　,'　　　,'小学校　　,'1,'12
'1125,'30,'64,'0,'0,'301,'千葉大　　　　,'教育　　,'学校／保健体,'　,'　　　,'小学校　　,'1,'12
'1125,'30,'65,'0,'0,'301,'千葉大　　　　,'教育　　,'学校／家庭　,'　,'　　　,'小学校　　,'1,'12
'1125,'30,'66,'0,'0,'301,'千葉大　　　　,'教育　　,'学校／英語教,'　,'　　　,'小学校　　,'1,'12
'1125,'37,'00,'0,'0,'261,'千葉大　　　　,'国際教養,'　　　　　　,'　,'　　　,'国際関係学,'0,'12
'1125,'37,'01,'0,'0,'261,'千葉大　　　　,'国際教養,'国際教養　　,'　,'　　　,'国際関係学,'1,'12
'1125,'42,'00,'0,'0,'501,'千葉大　　　　,'理　　　,'　　　　　　,'　,'　　　,'数学　　　,'0,'12
'1125,'42,'01,'0,'0,'503,'千葉大　　　　,'理　　　,'化学　　　　,'　,'　　　,'化学　　　,'1,'12
'1125,'42,'02,'0,'0,'501,'千葉大　　　　,'理　　　,'数学・情報数,'　,'　　　,'数学　　　,'1,'12
'1125,'42,'03,'0,'0,'504,'千葉大　　　　,'理　　　,'生物　　　　,'　,'　　　,'生物学　　,'1,'12
'1125,'42,'04,'0,'0,'505,'千葉大　　　　,'理　　　,'地球科学　　,'　,'　　　,'地球科学　,'1,'12
'1125,'42,'05,'0,'0,'502,'千葉大　　　　,'理　　　,'物理　　　　,'　,'　　　,'物理学　　,'1,'12
'1125,'46,'00,'0,'0,'551,'千葉大　　　　,'工　　　,'　　　　　　,'　,'　　　,'機械工学　,'0,'12
'1125,'46,'24,'0,'0,'554,'千葉大　　　　,'工　　　,'総合／建築学,'　,'　　　,'建築・土木,'1,'12
'1125,'46,'25,'0,'0,'554,'千葉大　　　　,'工　　　,'総合／都市工,'　,'　　　,'建築・土木,'1,'12
'1125,'46,'26,'0,'0,'566,'千葉大　　　　,'工　　　,'総合／デザイ,'　,'　　　,'デザイン工,'1,'12
'1125,'46,'27,'0,'0,'551,'千葉大　　　　,'工　　　,'総合／機械工,'　,'　　　,'機械工学　,'1,'12
'1125,'46,'28,'0,'0,'551,'千葉大　　　　,'工　　　,'総合／医工学,'　,'　　　,'機械工学　,'1,'12
'1125,'46,'29,'0,'0,'552,'千葉大　　　　,'工　　　,'総合／電気電,'　,'　　　,'電気・電子,'1,'12
'1125,'46,'30,'0,'0,'556,'千葉大　　　　,'工　　　,'総合／物質科,'　,'　　　,'応用物理学,'1,'12
'1125,'46,'31,'0,'0,'555,'千葉大　　　　,'工　　　,'総合／共生応,'　,'　　　,'応用化学　,'1,'12
'1125,'47,'00,'0,'0,'553,'千葉大　　　　,'情報デー,'　　　　　　,'　,'　　　,'情報工学　,'0,'12
'1125,'47,'01,'0,'0,'553,'千葉大　　　　,'情報デー,'情報・データ,'　,'　　　,'情報工学　,'1,'12
'1125,'55,'00,'0,'0,'601,'千葉大　　　　,'医　　　,'　　　　　　,'　,'　　　,'医　　　　,'0,'12
'1125,'55,'01,'0,'0,'601,'千葉大　　　　,'医　　　,'医　　　　　,'　,'　　　,'医　　　　,'1,'12
'1125,'61,'00,'0,'0,'621,'千葉大　　　　,'薬　　　,'　　　　　　,'　,'　　　,'薬　　　　,'1,'12
'1125,'64,'00,'0,'0,'651,'千葉大　　　　,'看護　　,'　　　　　　,'　,'　　　,'看護　　　,'0,'12
'1125,'64,'01,'0,'0,'651,'千葉大　　　　,'看護　　,'看護　　　　,'　,'　　　,'看護　　　,'1,'12
'1125,'74,'00,'0,'0,'701,'千葉大　　　　,'園芸　　,'　　　　　　,'　,'　　　,'農学　　　,'0,'12
'1125,'74,'03,'0,'0,'701,'千葉大　　　　,'園芸　　,'緑地環境　　,'　,'　　　,'農学　　　,'1,'12
'1125,'74,'04,'0,'0,'701,'千葉大　　　　,'園芸　　,'園芸　　　　,'　,'　　　,'農学　　　,'1,'12
'1125,'74,'05,'0,'0,'703,'千葉大　　　　,'園芸　　,'応用生命化　,'　,'　　　,'農芸化学　,'1,'12
'1125,'74,'06,'0,'0,'707,'千葉大　　　　,'園芸　　,'食料資源経済,'　,'　　　,'農業経済学,'1,'12
'1128,'47,'00,'0,'0,'559,'東京海洋大　　,'海洋工　,'　　　　　　,'　,'　　　,'商船学　　,'0,'13
'1128,'47,'01,'0,'0,'560,'東京海洋大　　,'海洋工　,'海洋電子機械,'　,'　　　,'船舶・海洋,'1,'13
'1128,'47,'02,'0,'0,'559,'東京海洋大　　,'海洋工　,'海事シス工　,'　,'　　　,'商船学　　,'1,'13
'1128,'47,'03,'0,'0,'559,'東京海洋大　　,'海洋工　,'流通情報工　,'　,'　　　,'商船学　　,'1,'13
'1128,'75,'00,'0,'0,'708,'東京海洋大　　,'海洋生命,'　　　　　　,'　,'　　　,'水産学　　,'0,'13
'1128,'75,'01,'0,'0,'708,'東京海洋大　　,'海洋生命,'海洋生物資源,'　,'　　　,'水産学　　,'1,'13
'1128,'75,'02,'0,'0,'708,'東京海洋大　　,'海洋生命,'食品生産科学,'　,'　　　,'水産学　　,'1,'13
'1128,'75,'03,'0,'0,'753,'東京海洋大　　,'海洋生命,'海洋政策文化,'　,'　　　,'総合科学　,'1,'13
'1128,'76,'00,'0,'0,'557,'東京海洋大　　,'海洋資源,'　　　　　　,'　,'　　　,'鉱物・資源,'0,'13
'1128,'76,'01,'0,'0,'708,'東京海洋大　　,'海洋資源,'海洋環境科学,'　,'　　　,'水産学　　,'1,'13
'1128,'76,'02,'0,'0,'557,'東京海洋大　　,'海洋資源,'海洋資源エネ,'　,'　　　,'鉱物・資源,'1,'13
'1130,'03,'00,'0,'0,'106,'お茶の水女子大,'文教育　,'　　　　　　,'　,'　　　,'文化学　　,'0,'13
'1130,'03,'12,'0,'0,'103,'お茶の水女子大,'文教育　,'人文科学　　,'　,'　　　,'地理学　　,'1,'13
'1130,'03,'13,'0,'0,'101,'お茶の水女子大,'文教育　,'言語文化　　,'　,'　　　,'日本文学　,'1,'13
'1130,'03,'14,'0,'0,'106,'お茶の水女子大,'文教育　,'人間社会科学,'　,'　　　,'文化学　　,'1,'13
'1130,'03,'16,'0,'0,'456,'お茶の水女子大,'文教育　,'芸術／舞踊教,'　,'　　　,'演劇　　　,'1,'13
'1130,'03,'17,'0,'0,'453,'お茶の水女子大,'文教育　,'芸術／音楽表,'　,'　　　,'音楽　　　,'1,'13
'1130,'03,'18,'0,'0,'317,'お茶の水女子大,'文教育　,'人間／教・子,'　,'　　　,'教育学　　,'1,'13
'1130,'42,'00,'0,'0,'501,'お茶の水女子大,'理　　　,'　　　　　　,'　,'　　　,'数学　　　,'0,'13
'1130,'42,'01,'0,'0,'503,'お茶の水女子大,'理　　　,'化学　　　　,'　,'　　　,'化学　　　,'1,'13
'1130,'42,'02,'0,'0,'506,'お茶の水女子大,'理　　　,'情報科学　　,'　,'　　　,'情報科学　,'1,'13
'1130,'42,'03,'0,'0,'501,'お茶の水女子大,'理　　　,'数学　　　　,'　,'　　　,'数学　　　,'1,'13
'1130,'42,'04,'0,'0,'504,'お茶の水女子大,'理　　　,'生物　　　　,'　,'　　　,'生物学　　,'1,'13
'1130,'42,'05,'0,'0,'502,'お茶の水女子大,'理　　　,'物理　　　　,'　,'　　　,'物理学　　,'1,'13
'1130,'47,'00,'0,'0,'554,'お茶の水女子大,'共創工　,'　　　　　　,'　,'　　　,'建築・土木,'0,'13
'1130,'47,'01,'0,'0,'554,'お茶の水女子大,'共創工　,'人間環境工　,'　,'　　　,'建築・土木,'1,'13
'1130,'47,'02,'0,'0,'752,'お茶の水女子大,'共創工　,'文化情報工　,'　,'　　　,'総合情報学,'1,'13
'1130,'79,'00,'0,'0,'105,'お茶の水女子大,'生活科学,'　　　　　　,'　,'　　　,'心理学　　,'0,'13
'1130,'79,'02,'0,'0,'401,'お茶の水女子大,'生活科学,'人間生活　　,'　,'　　　,'生活科学　,'1,'13
'1130,'79,'03,'0,'0,'402,'お茶の水女子大,'生活科学,'食物栄養　　,'　,'　　　,'食物・栄養,'1,'13
'1130,'79,'05,'0,'0,'105,'お茶の水女子大,'生活科学,'心理　　　　,'　,'　　　,'心理学　　,'1,'13
'1135,'47,'00,'0,'0,'553,'電気通信大　　,'情報理工,'　　　　　　,'　,'　　　,'情報工学　,'0,'13
'1135,'47,'14,'0,'0,'223,'電気通信大　　,'情報理工,'Ⅰ類・情報系,'　,'　　　,'経営情報学,'1,'13
'1135,'47,'15,'0,'0,'551,'電気通信大　　,'情報理工,'Ⅱ類・融合系,'　,'　　　,'機械工学　,'1,'13
'1135,'47,'16,'0,'0,'551,'電気通信大　　,'情報理工,'Ⅲ類・理工系,'　,'　　　,'機械工学　,'1,'13
'1140,'91,'00,'0,'0,'106,'東京大　　　　,'文科一類,'　　　　　　,'　,'　　　,'文化学　　,'1,'13
'1140,'92,'00,'0,'0,'106,'東京大　　　　,'文科二類,'　　　　　　,'　,'　　　,'文化学　　,'1,'13
'1140,'93,'00,'0,'0,'101,'東京大　　　　,'文科三類,'　　　　　　,'　,'　　　,'日本文学　,'1,'13
'1140,'94,'00,'0,'0,'501,'東京大　　　　,'理科一類,'　　　　　　,'　,'　　　,'数学　　　,'1,'13
'1140,'95,'00,'0,'0,'501,'東京大　　　　,'理科二類,'　　　　　　,'　,'　　　,'数学　　　,'1,'13
'1140,'96,'00,'0,'0,'601,'東京大　　　　,'理科三類,'　　　　　　,'　,'　　　,'医　　　　,'1,'13
'1150,'03,'00,'0,'0,'106,'東京外大　　　,'言語文化,'　　　　　　,'　,'　　　,'文化学　　,'0,'13
'1150,'03,'01,'0,'0,'106,'東京外大　　　,'言語文化,'言文／英語　,'　,'　　　,'文化学　　,'1,'13
'1150,'03,'02,'0,'0,'106,'東京外大　　　,'言語文化,'言文／ドイツ,'　,'　　　,'文化学　　,'1,'13
'1150,'03,'05,'0,'0,'106,'東京外大　　　,'言語文化,'言文／フラン,'　,'　　　,'文化学　　,'1,'13
'1150,'03,'06,'0,'0,'106,'東京外大　　　,'言語文化,'言文／イタリ,'　,'　　　,'文化学　　,'1,'13
'1150,'03,'07,'0,'0,'106,'東京外大　　　,'言語文化,'言文／スペイ,'　,'　　　,'文化学　　,'1,'13
'1150,'03,'08,'0,'0,'106,'東京外大　　　,'言語文化,'言文／ポルト,'　,'　　　,'文化学　　,'1,'13
'1150,'03,'09,'0,'0,'106,'東京外大　　　,'言語文化,'言文／ロシア,'　,'　　　,'文化学　　,'1,'13
'1150,'03,'12,'0,'0,'106,'東京外大　　　,'言語文化,'言文／中国語,'　,'　　　,'文化学　　,'1,'13
'1150,'03,'13,'0,'0,'106,'東京外大　　　,'言語文化,'言文／朝鮮語,'　,'　　　,'文化学　　,'1,'13
'1150,'03,'28,'0,'0,'106,'東京外大　　　,'言語文化,'言文／中欧　,'　,'　　　,'文化学　　,'1,'13
'1150,'03,'29,'0,'0,'106,'東京外大　　　,'言語文化,'言文／中央ア,'　,'　　　,'文化学　　,'1,'13
'1150,'03,'30,'0,'0,'106,'東京外大　　　,'言語文化,'言文／東南１,'　,'　　　,'文化学　　,'1,'13
'1150,'03,'31,'0,'0,'106,'東京外大　　　,'言語文化,'言文／東南２,'　,'　　　,'文化学　　,'1,'13
'1150,'03,'32,'0,'0,'106,'東京外大　　　,'言語文化,'言文／南アジ,'　,'　　　,'文化学　　,'1,'13
'1150,'03,'33,'0,'0,'106,'東京外大　　　,'言語文化,'言文／中東　,'　,'　　　,'文化学　　,'1,'13
'1150,'27,'00,'0,'0,'241,'東京外大　　　,'国際社会,'　　　　　　,'　,'　　　,'社会学　　,'0,'13
'1150,'27,'18,'0,'0,'157,'東京外大　　　,'国際社会,'国社／中央ヨ,'　,'　　　,'ドイツ語　,'1,'13
'1150,'27,'19,'0,'0,'153,'東京外大　　　,'国際社会,'国社／西南ヨ,'　,'　　　,'フランス語,'1,'13
'1150,'27,'25,'0,'0,'152,'東京外大　　　,'国際社会,'国社／東アジ,'　,'　　　,'中国語　　,'1,'13
'1150,'27,'27,'0,'0,'161,'東京外大　　　,'国際社会,'国社／東南１,'　,'　　　,'東南アジア,'1,'13
'1150,'27,'28,'0,'0,'161,'東京外大　　　,'国際社会,'国社／東南２,'　,'　　　,'東南アジア,'1,'13
'1150,'27,'29,'0,'0,'165,'東京外大　　　,'国際社会,'国社／南アジ,'　,'　　　,'その他語学,'1,'13
'1150,'27,'30,'0,'0,'162,'東京外大　　　,'国際社会,'国社／中東　,'　,'　　　,'中近東圏・,'1,'13
'1150,'27,'31,'0,'0,'151,'東京外大　　　,'国際社会,'国社／アフリ,'　,'　　　,'英米語　　,'1,'13
'1150,'27,'32,'0,'0,'151,'東京外大　　　,'国際社会,'国社／オセア,'　,'　　　,'英米語　　,'1,'13
'1150,'27,'33,'0,'0,'151,'東京外大　　　,'国際社会,'国社／北西ヨ,'　,'　　　,'英米語　　,'1,'13
'1150,'27,'34,'0,'0,'155,'東京外大　　　,'国際社会,'国社／イベラ,'　,'　　　,'スペイン語,'1,'13
'1150,'27,'36,'0,'0,'156,'東京外大　　　,'国際社会,'国社／ロシア,'　,'　　　,'ロシア語　,'1,'13
'1150,'27,'37,'0,'0,'156,'東京外大　　　,'国際社会,'国社／中央ア,'　,'　　　,'ロシア語　,'1,'13
'1150,'33,'00,'0,'0,'151,'東京外大　　　,'国際日本,'　　　　　　,'　,'　　　,'英米語　　,'0,'13
'1150,'33,'01,'0,'0,'151,'東京外大　　　,'国際日本,'国際日本　　,'　,'　　　,'英米語　　,'1,'13
'1155,'30,'00,'0,'0,'301,'東京学芸大　　,'教育　　,'　　　　　　,'　,'　　　,'小学校　　,'0,'13
'1155,'30,'01,'0,'0,'309,'東京学芸大　　,'教育　　,'学校／中音楽,'　,'　　　,'中高－音楽,'1,'13
'1155,'30,'02,'0,'0,'310,'東京学芸大　　,'教育　　,'学校／中美術,'　,'　　　,'中高－美術,'1,'13
'1155,'30,'03,'0,'0,'311,'東京学芸大　　,'教育　　,'学校／中保健,'　,'　　　,'中高－体育,'1,'13
'1155,'30,'04,'0,'0,'308,'東京学芸大　　,'教育　　,'学校／中家庭,'　,'　　　,'中高－家庭,'1,'13
'1155,'30,'05,'0,'0,'307,'東京学芸大　　,'教育　　,'学校／中技術,'　,'　　　,'中高－技術,'1,'13
'1155,'30,'06,'0,'0,'304,'東京学芸大　　,'教育　　,'学校／中英語,'　,'　　　,'中高－英語,'1,'13
'1155,'30,'07,'0,'0,'315,'東京学芸大　　,'教育　　,'学校／中書道,'　,'　　　,'その他教員,'1,'13
'1155,'30,'18,'0,'0,'315,'東京学芸大　　,'教育　　,'学校／中情報,'　,'　　　,'その他教員,'1,'13
'1155,'30,'19,'0,'0,'313,'東京学芸大　　,'教育　　,'学校／特別支,'　,'　　　,'特別支援教,'1,'13
'1155,'30,'20,'0,'0,'314,'東京学芸大　　,'教育　　,'学校／養護教,'　,'　　　,'養護　　　,'1,'13
'1155,'30,'56,'0,'0,'111,'東京学芸大　　,'教育　　,'教育／生涯学,'　,'　　　,'考古学・文,'1,'13
'1155,'30,'57,'0,'0,'105,'東京学芸大　　,'教育　　,'教育／カウン,'　,'　　　,'心理学　　,'1,'13
'1155,'30,'58,'0,'0,'242,'東京学芸大　　,'教育　　,'教育／ソーシ,'　,'　　　,'社会福祉学,'1,'13
'1155,'30,'59,'0,'0,'106,'東京学芸大　　,'教育　　,'教育／多文化,'　,'　　　,'文化学　　,'1,'13
'1155,'30,'60,'0,'0,'316,'東京学芸大　　,'教育　　,'教育／情報教,'　,'　　　,'０免課程　,'1,'13
'1155,'30,'61,'0,'0,'316,'東京学芸大　　,'教育　　,'教育／表現教,'　,'　　　,'０免課程　,'1,'13
'1155,'30,'62,'0,'0,'316,'東京学芸大　　,'教育　　,'教育／生涯ス,'　,'　　　,'０免課程　,'1,'13
'1155,'30,'63,'0,'0,'301,'東京学芸大　　,'教育　　,'学校／初国語,'　,'　　　,'小学校　　,'1,'13
'1155,'30,'64,'0,'0,'301,'東京学芸大　　,'教育　　,'学校／初社会,'　,'　　　,'小学校　　,'1,'13
'1155,'30,'65,'0,'0,'301,'東京学芸大　　,'教育　　,'学校／初数学,'　,'　　　,'小学校　　,'1,'13
'1155,'30,'66,'0,'0,'301,'東京学芸大　　,'教育　　,'学校／初理科,'　,'　　　,'小学校　　,'1,'13
'1155,'30,'67,'0,'0,'301,'東京学芸大　　,'教育　　,'学校／初音楽,'　,'　　　,'小学校　　,'1,'13
'1155,'30,'68,'0,'0,'301,'東京学芸大　　,'教育　　,'学校／初美術,'　,'　　　,'小学校　　,'1,'13
'1155,'30,'69,'0,'0,'301,'東京学芸大　　,'教育　　,'学校／初保健,'　,'　　　,'小学校　　,'1,'13
'1155,'30,'70,'0,'0,'301,'東京学芸大　　,'教育　　,'学校／初家庭,'　,'　　　,'小学校　　,'1,'13
'1155,'30,'71,'0,'0,'301,'東京学芸大　　,'教育　　,'学校／初英語,'　,'　　　,'小学校　　,'1,'13
'1155,'30,'72,'0,'0,'301,'東京学芸大　　,'教育　　,'学校／学校教,'　,'　　　,'小学校　　,'1,'13
'1155,'30,'73,'0,'0,'105,'東京学芸大　　,'教育　　,'学校／学校心,'　,'　　　,'心理学　　,'1,'13
'1155,'30,'74,'0,'0,'301,'東京学芸大　　,'教育　　,'学校／国際教,'　,'　　　,'小学校　　,'1,'13
'1155,'30,'83,'0,'0,'301,'東京学芸大　　,'教育　　,'学校／環境教,'　,'　　　,'小学校　　,'1,'13
'1155,'30,'84,'0,'0,'301,'東京学芸大　　,'教育　　,'学校／初もの,'　,'　　　,'小学校　　,'1,'13
'1155,'30,'85,'0,'0,'312,'東京学芸大　　,'教育　　,'学校／初幼児,'　,'　　　,'幼稚園　　,'1,'13
'1155,'30,'86,'0,'0,'302,'東京学芸大　　,'教育　　,'学校／中国語,'　,'　　　,'中高－国語,'1,'13
'1155,'30,'97,'0,'0,'305,'東京学芸大　　,'教育　　,'学校／中社会,'　,'　　　,'中高－社会,'1,'13
'1155,'30,'98,'0,'0,'303,'東京学芸大　　,'教育　　,'学校／中数学,'　,'　　　,'中高－数学,'1,'13
'1155,'30,'99,'0,'0,'306,'東京学芸大　　,'教育　　,'学校／中理科,'　,'　　　,'中高－理科,'1,'13
'1160,'83,'00,'0,'0,'451,'東京芸大　　　,'美術　　,'　　　　　　,'　,'　　　,'美術・デザ,'0,'13
'1160,'83,'01,'0,'0,'451,'東京芸大　　　,'美術　　,'絵画／油画　,'　,'　　　,'美術・デザ,'1,'13
'1160,'83,'02,'0,'0,'451,'東京芸大　　　,'美術　　,'絵画／日本画,'　,'　　　,'美術・デザ,'1,'13
'1160,'83,'03,'0,'0,'554,'東京芸大　　　,'美術　　,'建築　　　　,'　,'　　　,'建築・土木,'1,'13
'1160,'83,'04,'0,'0,'104,'東京芸大　　　,'美術　　,'芸術　　　　,'　,'　　　,'哲学倫理宗,'1,'13
'1160,'83,'05,'0,'0,'451,'東京芸大　　　,'美術　　,'工芸　　　　,'　,'　　　,'美術・デザ,'1,'13
'1160,'83,'06,'0,'0,'451,'東京芸大　　　,'美術　　,'彫刻　　　　,'　,'　　　,'美術・デザ,'1,'13
'1160,'83,'07,'0,'0,'451,'東京芸大　　　,'美術　　,'デザイン　　,'　,'　　　,'美術・デザ,'1,'13
'1160,'83,'08,'0,'0,'458,'東京芸大　　　,'美術　　,'先端芸術表現,'　,'　　　,'その他芸術,'1,'13
'1160,'84,'00,'0,'0,'453,'東京芸大　　　,'音楽　　,'　　　　　　,'　,'　　　,'音楽　　　,'0,'13
'1160,'84,'01,'0,'0,'452,'東京芸大　　　,'音楽　　,'楽理　　　　,'　,'　　　,'芸術理論　,'1,'13
'1160,'84,'06,'0,'0,'453,'東京芸大　　　,'音楽　　,'作曲　　　　,'　,'　　　,'音楽　　　,'1,'13
'1160,'84,'07,'0,'0,'453,'東京芸大　　　,'音楽　　,'指揮　　　　,'　,'　　　,'音楽　　　,'1,'13
'1160,'84,'08,'0,'0,'453,'東京芸大　　　,'音楽　　,'声楽　　　　,'　,'　　　,'音楽　　　,'1,'13
'1160,'84,'09,'0,'0,'453,'東京芸大　　　,'音楽　　,'邦楽　　　　,'　,'　　　,'音楽　　　,'1,'13
'1160,'84,'11,'0,'0,'452,'東京芸大　　　,'音楽　　,'音楽環境創造,'　,'　　　,'芸術理論　,'1,'13
'1160,'84,'12,'0,'0,'453,'東京芸大　　　,'音楽　　,'器楽　　　　,'　,'　　　,'音楽　　　,'1,'13
'1165,'43,'00,'0,'0,'501,'東京科学大　　,'理　　　,'　　　　　　,'　,'　　　,'数学　　　,'1,'13
'1165,'48,'00,'0,'0,'551,'東京科学大　　,'工　　　,'　　　　　　,'　,'　　　,'機械工学　,'1,'13
'1165,'49,'00,'0,'0,'555,'東京科学大　　,'物質理工,'　　　　　　,'　,'　　　,'応用化学　,'1,'13
'1165,'50,'00,'0,'0,'506,'東京科学大　　,'情報理工,'　　　　　　,'　,'　　　,'情報科学　,'1,'13
'1165,'51,'00,'0,'0,'504,'東京科学大　　,'生命理工,'　　　　　　,'　,'　　　,'生物学　　,'0,'13
'1165,'51,'01,'0,'0,'504,'東京科学大　　,'生命理工,'生命理工学系,'　,'　　　,'生物学　　,'1,'13
'1165,'52,'00,'0,'0,'554,'東京科学大　　,'環境社会,'　　　　　　,'　,'　　　,'建築・土木,'1,'13
'1165,'55,'00,'0,'0,'601,'東京科学大　　,'医　　　,'　　　　　　,'　,'　　　,'医　　　　,'0,'13
'1165,'55,'01,'0,'0,'601,'東京科学大　　,'医　　　,'医　　　　　,'　,'　　　,'医　　　　,'1,'13
'1165,'55,'02,'0,'0,'651,'東京科学大　　,'医　　　,'保健／看護学,'　,'　　　,'看護　　　,'1,'13
'1165,'55,'03,'0,'0,'658,'東京科学大　　,'医　　　,'保健／検査技,'　,'　　　,'検査技術　,'1,'13
'1165,'58,'00,'0,'0,'652,'東京科学大　　,'歯　　　,'　　　　　　,'　,'　　　,'医療技術　,'0,'13
'1165,'58,'01,'0,'0,'611,'東京科学大　　,'歯　　　,'歯　　　　　,'　,'　　　,'歯　　　　,'1,'13
'1165,'58,'02,'0,'0,'652,'東京科学大　　,'歯　　　,'口腔／保健衛,'　,'　　　,'医療技術　,'1,'13
'1165,'58,'03,'0,'0,'652,'東京科学大　　,'歯　　　,'口腔／保健工,'　,'　　　,'医療技術　,'1,'13
'1180,'46,'00,'0,'0,'552,'東京農工大　　,'工　　　,'　　　　　　,'　,'　　　,'電気・電子,'0,'13
'1180,'46,'01,'0,'0,'551,'東京農工大　　,'工　　　,'機械シス工　,'　,'　　　,'機械工学　,'1,'13
'1180,'46,'04,'0,'0,'564,'東京農工大　　,'工　　　,'生命工　　　,'　,'　　　,'生物工学　,'1,'13
'1180,'46,'11,'0,'0,'555,'東京農工大　　,'工　　　,'応用化　　　,'　,'　　　,'応用化学　,'1,'13
'1180,'46,'12,'0,'0,'555,'東京農工大　　,'工　　　,'化学物理工　,'　,'　　　,'応用化学　,'1,'13
'1180,'46,'13,'0,'0,'501,'東京農工大　　,'工　　　,'生体医用シス,'　,'　　　,'数学　　　,'1,'13
'1180,'46,'14,'0,'0,'552,'東京農工大　　,'工　　　,'知能情報シス,'　,'　　　,'電気・電子,'1,'13
'1180,'72,'00,'0,'0,'701,'東京農工大　　,'農　　　,'　　　　　　,'　,'　　　,'農学　　　,'0,'13
'1180,'72,'01,'0,'0,'703,'東京農工大　　,'農　　　,'応用生物科学,'　,'　　　,'農芸化学　,'1,'13
'1180,'72,'05,'0,'0,'701,'東京農工大　　,'農　　　,'地域生態シス,'　,'　　　,'農学　　　,'1,'13
'1180,'72,'10,'0,'0,'701,'東京農工大　　,'農　　　,'生物生産　　,'　,'　　　,'農学　　　,'1,'13
'1180,'72,'15,'0,'0,'554,'東京農工大　　,'農　　　,'環境資源科学,'　,'　　　,'建築・土木,'1,'13
'1180,'72,'16,'0,'0,'705,'東京農工大　　,'農　　　,'共同獣医　　,'　,'　　　,'獣医学　　,'1,'13
'1185,'12,'00,'0,'0,'201,'一橋大　　　　,'法　　　,'　　　　　　,'　,'　　　,'法学　　　,'0,'13
'1185,'12,'04,'0,'0,'201,'一橋大　　　　,'法　　　,'法律　　　　,'　,'　　　,'法学　　　,'1,'13
'1185,'18,'00,'0,'0,'221,'一橋大　　　　,'経済　　,'　　　　　　,'　,'　　　,'経済学　　,'0,'13
'1185,'18,'03,'0,'0,'221,'一橋大　　　　,'経済　　,'経済　　　　,'　,'　　　,'経済学　　,'1,'13
'1185,'20,'00,'0,'0,'222,'一橋大　　　　,'商　　　,'　　　　　　,'　,'　　　,'経営学・商,'1,'13
'1185,'25,'00,'0,'0,'241,'一橋大　　　　,'社会　　,'　　　　　　,'　,'　　　,'社会学　　,'0,'13
'1185,'25,'04,'0,'0,'241,'一橋大　　　　,'社会　　,'社会　　　　,'　,'　　　,'社会学　　,'1,'13
'1185,'37,'00,'0,'0,'752,'一橋大　　　　,'ソーシャ,'　　　　　　,'　,'　　　,'総合情報学,'0,'13
'1185,'37,'01,'0,'0,'752,'一橋大　　　　,'ソーシャ,'ソーシャルデ,'　,'　　　,'総合情報学,'1,'13
'1190,'18,'00,'0,'0,'221,'横浜国立大　　,'経済　　,'　　　　　　,'　,'　　　,'経済学　　,'0,'14
'1190,'18,'06,'0,'0,'201,'横浜国立大　　,'経済　　,'経済　　　　,'　,'　　　,'法学　　　,'1,'14
'1190,'18,'07,'0,'0,'221,'横浜国立大　　,'経済　　,'経済／ＤＳＥ,'　,'　　　,'経済学　　,'1,'14
'1190,'18,'08,'0,'0,'201,'横浜国立大　　,'経済　　,'経済／ＬＢＥ,'　,'　　　,'法学　　　,'1,'14
'1190,'19,'00,'0,'0,'223,'横浜国立大　　,'経営　　,'　　　　　　,'　,'　　　,'経営情報学,'0,'14
'1190,'19,'02,'0,'0,'221,'横浜国立大　　,'経営　　,'経営　　　　,'　,'　　　,'経済学　　,'1,'14
'1190,'19,'05,'0,'0,'223,'横浜国立大　　,'経営　　,'経営／ＤＳＥ,'　,'　　　,'経営情報学,'1,'14
'1190,'30,'00,'0,'0,'301,'横浜国立大　　,'教育　　,'　　　　　　,'　,'　　　,'小学校　　,'0,'14
'1190,'30,'03,'0,'0,'301,'横浜国立大　　,'教育　　,'学校／言文社,'　,'　　　,'小学校　　,'1,'14
'1190,'30,'04,'0,'0,'301,'横浜国立大　　,'教育　　,'学校／自然生,'　,'　　　,'小学校　　,'1,'14
'1190,'30,'05,'0,'0,'301,'横浜国立大　　,'教育　　,'学校／音楽　,'　,'　　　,'小学校　　,'1,'14
'1190,'30,'06,'0,'0,'301,'横浜国立大　　,'教育　　,'学校／美術　,'　,'　　　,'小学校　　,'1,'14
'1190,'30,'07,'0,'0,'301,'横浜国立大　　,'教育　　,'学校／保健体,'　,'　　　,'小学校　　,'1,'14
'1190,'30,'08,'0,'0,'105,'横浜国立大　　,'教育　　,'学校／心理学,'　,'　　　,'心理学　　,'1,'14
'1190,'30,'09,'0,'0,'301,'横浜国立大　　,'教育　　,'学校／特別支,'　,'　　　,'小学校　　,'1,'14
'1190,'37,'00,'0,'0,'554,'横浜国立大　　,'都市科学,'　　　　　　,'　,'　　　,'建築・土木,'0,'14
'1190,'37,'01,'0,'0,'753,'横浜国立大　　,'都市科学,'都市社会共生,'　,'　　　,'総合科学　,'1,'14
'1190,'37,'02,'0,'0,'554,'横浜国立大　　,'都市科学,'建築　　　　,'　,'　　　,'建築・土木,'1,'14
'1190,'37,'03,'0,'0,'554,'横浜国立大　　,'都市科学,'都市基盤　　,'　,'　　　,'建築・土木,'1,'14
'1190,'37,'04,'0,'0,'753,'横浜国立大　　,'都市科学,'環境リスク共,'　,'　　　,'総合科学　,'1,'14
'1190,'47,'00,'0,'0,'501,'横浜国立大　　,'理工　　,'　　　　　　,'　,'　　　,'数学　　　,'0,'14
'1190,'47,'08,'0,'0,'501,'横浜国立大　　,'理工　　,'数物／数理科,'　,'　　　,'数学　　　,'1,'14
'1190,'47,'09,'0,'0,'502,'横浜国立大　　,'理工　　,'数物／物理工,'　,'　　　,'物理学　　,'1,'14
'1190,'47,'10,'0,'0,'552,'横浜国立大　　,'理工　　,'数物／電子情,'　,'　　　,'電気・電子,'1,'14
'1190,'47,'11,'0,'0,'553,'横浜国立大　　,'理工　　,'数物／情報工,'　,'　　　,'情報工学　,'1,'14
'1190,'47,'13,'0,'0,'551,'横浜国立大　　,'理工　　,'機械／機械工,'　,'　　　,'機械工学　,'1,'14
'1190,'47,'14,'0,'0,'558,'横浜国立大　　,'理工　　,'機械／材料工,'　,'　　　,'金属・材料,'1,'14
'1190,'47,'15,'0,'0,'560,'横浜国立大　　,'理工　　,'機械／海洋空,'　,'　　　,'船舶・海洋,'1,'14
'1190,'47,'16,'0,'0,'503,'横浜国立大　　,'理工　　,'化学・生命系,'　,'　　　,'化学　　　,'1,'14
'1195,'31,'00,'0,'0,'105,'上越教育大　　,'学校教育,'　　　　　　,'　,'　　　,'心理学　　,'0,'15
'1195,'31,'01,'0,'0,'105,'上越教育大　　,'学校教育,'初等教育　　,'　,'　　　,'心理学　　,'1,'15
'1200,'46,'00,'0,'0,'551,'長岡技術科学大,'工　　　,'　　　　　　,'　,'　　　,'機械工学　,'0,'15
'1200,'46,'13,'0,'0,'551,'長岡技術科学大,'工　　　,'工学　　　　,'　,'　　　,'機械工学　,'1,'15
'1205,'02,'00,'0,'0,'101,'新潟大　　　　,'人文　　,'　　　　　　,'　,'　　　,'日本文学　,'0,'15
'1205,'02,'04,'0,'0,'101,'新潟大　　　　,'人文　　,'人文　　　　,'　,'　　　,'日本文学　,'1,'15
'1205,'12,'00,'0,'0,'201,'新潟大　　　　,'法　　　,'　　　　　　,'　,'　　　,'法学　　　,'0,'15
'1205,'12,'01,'0,'0,'201,'新潟大　　　　,'法　　　,'法　　　　　,'　,'　　　,'法学　　　,'1,'15
'1205,'21,'00,'0,'0,'221,'新潟大　　　　,'経済科学,'　　　　　　,'　,'　　　,'経済学　　,'0,'15
'1205,'21,'01,'0,'0,'221,'新潟大　　　　,'経済科学,'総合経済　　,'　,'　　　,'経済学　　,'1,'15
'1205,'30,'00,'0,'0,'301,'新潟大　　　　,'教育　　,'　　　　　　,'　,'　　　,'小学校　　,'0,'15
'1205,'30,'01,'0,'0,'301,'新潟大　　　　,'教育　　,'学校／数学　,'　,'　　　,'小学校　　,'1,'15
'1205,'30,'02,'0,'0,'301,'新潟大　　　　,'教育　　,'学校／社会科,'　,'　　　,'小学校　　,'1,'15
'1205,'30,'03,'0,'0,'301,'新潟大　　　　,'教育　　,'学校／理科　,'　,'　　　,'小学校　　,'1,'15
'1205,'30,'04,'0,'0,'301,'新潟大　　　　,'教育　　,'学校／音楽　,'　,'　　　,'小学校　　,'1,'15
'1205,'30,'05,'0,'0,'301,'新潟大　　　　,'教育　　,'学校／美術　,'　,'　　　,'小学校　　,'1,'15
'1205,'30,'06,'0,'0,'301,'新潟大　　　　,'教育　　,'学校／保健体,'　,'　　　,'小学校　　,'1,'15
'1205,'30,'07,'0,'0,'301,'新潟大　　　　,'教育　　,'学校／国語　,'　,'　　　,'小学校　　,'1,'15
'1205,'30,'08,'0,'0,'301,'新潟大　　　　,'教育　　,'学校／英語　,'　,'　　　,'小学校　　,'1,'15
'1205,'30,'09,'0,'0,'301,'新潟大　　　　,'教育　　,'学校／技術科,'　,'　　　,'小学校　　,'1,'15
'1205,'30,'10,'0,'0,'301,'新潟大　　　　,'教育　　,'学校／家庭科,'　,'　　　,'小学校　　,'1,'15
'1205,'30,'11,'0,'0,'313,'新潟大　　　　,'教育　　,'学校／特別支,'　,'　　　,'特別支援教,'1,'15
'1205,'30,'13,'0,'0,'301,'新潟大　　　　,'教育　　,'学校／教育学,'　,'　　　,'小学校　　,'1,'15
'1205,'30,'14,'0,'0,'105,'新潟大　　　　,'教育　　,'学校／教育心,'　,'　　　,'心理学　　,'1,'15
'1205,'37,'00,'0,'0,'752,'新潟大　　　　,'創生　　,'　　　　　　,'　,'　　　,'総合情報学,'0,'15
'1205,'37,'02,'0,'0,'753,'新潟大　　　　,'創生　　,'創生／創生学,'　,'　　　,'総合科学　,'1,'15
'1205,'37,'03,'0,'0,'752,'新潟大　　　　,'創生　　,'創生／ＤＸ共,'　,'　　　,'総合情報学,'1,'15
'1205,'42,'00,'0,'0,'501,'新潟大　　　　,'理　　　,'　　　　　　,'　,'　　　,'数学　　　,'0,'15
'1205,'42,'07,'0,'0,'501,'新潟大　　　　,'理　　　,'理　　　　　,'　,'　　　,'数学　　　,'1,'15
'1205,'46,'00,'0,'0,'551,'新潟大　　　　,'工　　　,'　　　　　　,'　,'　　　,'機械工学　,'0,'15
'1205,'46,'08,'0,'0,'551,'新潟大　　　　,'工　　　,'工　　　　　,'　,'　　　,'機械工学　,'1,'15
'1205,'55,'00,'0,'0,'601,'新潟大　　　　,'医　　　,'　　　　　　,'　,'　　　,'医　　　　,'0,'15
'1205,'55,'01,'0,'0,'601,'新潟大　　　　,'医　　　,'医　　　　　,'　,'　　　,'医　　　　,'1,'15
'1205,'55,'03,'0,'0,'651,'新潟大　　　　,'医　　　,'保健／看護学,'　,'　　　,'看護　　　,'1,'15
'1205,'55,'04,'0,'0,'657,'新潟大　　　　,'医　　　,'保健／放射線,'　,'　　　,'放射線技術,'1,'15
'1205,'55,'05,'0,'0,'658,'新潟大　　　　,'医　　　,'保健／検査技,'　,'　　　,'検査技術　,'1,'15
'1205,'58,'00,'0,'0,'242,'新潟大　　　　,'歯　　　,'　　　　　　,'　,'　　　,'社会福祉学,'0,'15
'1205,'58,'01,'0,'0,'611,'新潟大　　　　,'歯　　　,'歯　　　　　,'　,'　　　,'歯　　　　,'1,'15
'1205,'58,'02,'0,'0,'242,'新潟大　　　　,'歯　　　,'口腔生命福祉,'　,'　　　,'社会福祉学,'1,'15
'1205,'72,'00,'0,'0,'564,'新潟大　　　　,'農　　　,'　　　　　　,'　,'　　　,'生物工学　,'0,'15
'1205,'72,'04,'0,'0,'564,'新潟大　　　　,'農　　　,'農　　　　　,'　,'　　　,'生物工学　,'1,'15
'1210,'02,'00,'0,'0,'101,'富山大　　　　,'人文　　,'　　　　　　,'　,'　　　,'日本文学　,'0,'16
'1210,'02,'03,'0,'0,'101,'富山大　　　　,'人文　　,'人文　　　　,'　,'　　　,'日本文学　,'1,'16
'1210,'18,'00,'0,'0,'201,'富山大　　　　,'経済　　,'　　　　　　,'　,'　　　,'法学　　　,'0,'16
'1210,'18,'04,'0,'0,'201,'富山大　　　　,'経済　　,'経済経営　　,'　,'　　　,'法学　　　,'1,'16
'1210,'30,'00,'0,'0,'301,'富山大　　　　,'教育　　,'　　　　　　,'　,'　　　,'小学校　　,'0,'16
'1210,'30,'33,'0,'0,'301,'富山大　　　　,'教育　　,'共同教員養成,'　,'　　　,'小学校　　,'1,'16
'1210,'42,'00,'0,'0,'501,'富山大　　　　,'理　　　,'　　　　　　,'　,'　　　,'数学　　　,'0,'16
'1210,'42,'07,'0,'0,'501,'富山大　　　　,'理　　　,'理　　　　　,'　,'　　　,'数学　　　,'1,'16
'1210,'46,'00,'0,'0,'551,'富山大　　　　,'工　　　,'　　　　　　,'　,'　　　,'機械工学　,'0,'16
'1210,'46,'12,'0,'0,'552,'富山大　　　　,'工　　　,'工／電気電子,'　,'　　　,'電気・電子,'1,'16
'1210,'46,'13,'0,'0,'553,'富山大　　　　,'工　　　,'工／知能情報,'　,'　　　,'情報工学　,'1,'16
'1210,'46,'14,'0,'0,'551,'富山大　　　　,'工　　　,'工／機械工学,'　,'　　　,'機械工学　,'1,'16
'1210,'46,'15,'0,'0,'564,'富山大　　　　,'工　　　,'工／生命工学,'　,'　　　,'生物工学　,'1,'16
'1210,'46,'16,'0,'0,'555,'富山大　　　　,'工　　　,'工／応用化学,'　,'　　　,'応用化学　,'1,'16
'1210,'47,'00,'0,'0,'505,'富山大　　　　,'都市デザ,'　　　　　　,'　,'　　　,'地球科学　,'0,'16
'1210,'47,'01,'0,'0,'505,'富山大　　　　,'都市デザ,'地球システム,'　,'　　　,'地球科学　,'1,'16
'1210,'47,'02,'0,'0,'554,'富山大　　　　,'都市デザ,'都市・交通デ,'　,'　　　,'建築・土木,'1,'16
'1210,'47,'03,'0,'0,'558,'富山大　　　　,'都市デザ,'材料デザイン,'　,'　　　,'金属・材料,'1,'16
'1210,'55,'00,'0,'0,'601,'富山大　　　　,'医　　　,'　　　　　　,'　,'　　　,'医　　　　,'0,'16
'1210,'55,'01,'0,'0,'601,'富山大　　　　,'医　　　,'医　　　　　,'　,'　　　,'医　　　　,'1,'16
'1210,'55,'02,'0,'0,'651,'富山大　　　　,'医　　　,'看護　　　　,'　,'　　　,'看護　　　,'1,'16
'1210,'61,'00,'0,'0,'621,'富山大　　　　,'薬　　　,'　　　　　　,'　,'　　　,'薬　　　　,'0,'16
'1210,'61,'01,'0,'0,'621,'富山大　　　　,'薬　　　,'薬　　　　　,'　,'　　　,'薬　　　　,'1,'16
'1210,'61,'02,'0,'0,'621,'富山大　　　　,'薬　　　,'創薬科学　　,'　,'　　　,'薬　　　　,'1,'16
'1210,'83,'00,'0,'0,'106,'富山大　　　　,'芸術文化,'　　　　　　,'　,'　　　,'文化学　　,'0,'16
'1210,'83,'01,'0,'0,'106,'富山大　　　　,'芸術文化,'芸術文化　　,'　,'　　　,'文化学　　,'1,'16
'1220,'37,'00,'0,'0,'753,'金沢大　　　　,'融合学域,'　　　　　　,'　,'　　　,'総合科学　,'0,'17
'1220,'37,'01,'0,'0,'753,'金沢大　　　　,'融合学域,'先導学類　　,'　,'　　　,'総合科学　,'1,'17
'1220,'37,'02,'0,'0,'243,'金沢大　　　　,'融合学域,'観光デザイン,'　,'　　　,'観光学　　,'1,'17
'1220,'37,'03,'0,'0,'753,'金沢大　　　　,'融合学域,'スマート創成,'　,'　　　,'総合科学　,'1,'17
'1220,'91,'00,'0,'0,'151,'金沢大　　　　,'人間社会,'　　　　　　,'　,'　　　,'英米語　　,'0,'17
'1220,'91,'01,'0,'0,'101,'金沢大　　　　,'人間社会,'人文学類　　,'　,'　　　,'日本文学　,'1,'17
'1220,'91,'02,'0,'0,'201,'金沢大　　　　,'人間社会,'法学類　　　,'　,'　　　,'法学　　　,'1,'17
'1220,'91,'03,'0,'0,'221,'金沢大　　　　,'人間社会,'経済学類　　,'　,'　　　,'経済学　　,'1,'17
'1220,'91,'04,'0,'0,'301,'金沢大　　　　,'人間社会,'学校教育学類,'　,'　　　,'小学校　　,'1,'17
'1220,'91,'05,'0,'0,'753,'金沢大　　　　,'人間社会,'地域創造学類,'　,'　　　,'総合科学　,'1,'17
'1220,'91,'06,'0,'0,'151,'金沢大　　　　,'人間社会,'国際学類　　,'　,'　　　,'英米語　　,'1,'17
'1220,'92,'00,'0,'0,'551,'金沢大　　　　,'理工学域,'　　　　　　,'　,'　　　,'機械工学　,'0,'17
'1220,'92,'01,'0,'0,'501,'金沢大　　　　,'理工学域,'数物科学類　,'　,'　　　,'数学　　　,'1,'17
'1220,'92,'02,'0,'0,'503,'金沢大　　　　,'理工学域,'物質化学類　,'　,'　　　,'化学　　　,'1,'17
'1220,'92,'03,'0,'0,'551,'金沢大　　　　,'理工学域,'機械工学類　,'　,'　　　,'機械工学　,'1,'17
'1220,'92,'11,'0,'0,'505,'金沢大　　　　,'理工学域,'地球社会基盤,'　,'　　　,'地球科学　,'1,'17
'1220,'92,'12,'0,'0,'504,'金沢大　　　　,'理工学域,'生命理工学類,'　,'　　　,'生物学　　,'1,'17
'1220,'92,'13,'0,'0,'551,'金沢大　　　　,'理工学域,'フロンティア,'　,'　　　,'機械工学　,'1,'17
'1220,'92,'14,'0,'0,'552,'金沢大　　　　,'理工学域,'電子情報通信,'　,'　　　,'電気・電子,'1,'17
'1220,'93,'00,'0,'0,'621,'金沢大　　　　,'医薬保健,'　　　　　　,'　,'　　　,'薬　　　　,'0,'17
'1220,'93,'01,'0,'0,'601,'金沢大　　　　,'医薬保健,'医学類　　　,'　,'　　　,'医　　　　,'1,'17
'1220,'93,'03,'0,'0,'651,'金沢大　　　　,'医薬保健,'保健／看護学,'　,'　　　,'看護　　　,'1,'17
'1220,'93,'04,'0,'0,'657,'金沢大　　　　,'医薬保健,'保健／診療放,'　,'　　　,'放射線技術,'1,'17
'1220,'93,'05,'0,'0,'658,'金沢大　　　　,'医薬保健,'保健／医療検,'　,'　　　,'検査技術　,'1,'17
'1220,'93,'08,'0,'0,'621,'金沢大　　　　,'医薬保健,'薬学類　　　,'　,'　　　,'薬　　　　,'1,'17
'1220,'93,'09,'0,'0,'621,'金沢大　　　　,'医薬保健,'医薬科学類　,'　,'　　　,'薬　　　　,'1,'17
'1220,'93,'10,'0,'0,'655,'金沢大　　　　,'医薬保健,'保健／理・作,'　,'　　　,'理学療法　,'1,'17
'1220,'94,'00,'0,'0,'102,'金沢大　　　　,'文系一括,'　　　　　　,'　,'　　　,'外国文学　,'1,'17
'1220,'95,'00,'0,'0,'243,'金沢大　　　　,'理系一括,'　　　　　　,'　,'　　　,'観光学　　,'1,'17
'1225,'30,'00,'0,'0,'301,'福井大　　　　,'教育　　,'　　　　　　,'　,'　　　,'小学校　　,'0,'18
'1225,'30,'02,'0,'0,'302,'福井大　　　　,'教育　　,'学校／中等教,'　,'　　　,'中高－国語,'1,'18
'1225,'30,'03,'0,'0,'301,'福井大　　　　,'教育　　,'学校／初等教,'　,'　　　,'小学校　　,'1,'18
'1225,'33,'00,'0,'0,'261,'福井大　　　　,'国際地域,'　　　　　　,'　,'　　　,'国際関係学,'0,'18
'1225,'33,'01,'0,'0,'261,'福井大　　　　,'国際地域,'国際地域　　,'　,'　　　,'国際関係学,'1,'18
'1225,'46,'00,'0,'0,'551,'福井大　　　　,'工　　　,'　　　　　　,'　,'　　　,'機械工学　,'0,'18
'1225,'46,'10,'0,'0,'551,'福井大　　　　,'工　　　,'機械・シス工,'　,'　　　,'機械工学　,'1,'18
'1225,'46,'11,'0,'0,'552,'福井大　　　　,'工　　　,'電気電子情報,'　,'　　　,'電気・電子,'1,'18
'1225,'46,'12,'0,'0,'554,'福井大　　　　,'工　　　,'建築・都市環,'　,'　　　,'建築・土木,'1,'18
'1225,'46,'13,'0,'0,'555,'福井大　　　　,'工　　　,'物質・生命化,'　,'　　　,'応用化学　,'1,'18
'1225,'46,'14,'0,'0,'556,'福井大　　　　,'工　　　,'応用物理　　,'　,'　　　,'応用物理学,'1,'18
'1225,'55,'00,'0,'0,'601,'福井大　　　　,'医　　　,'　　　　　　,'　,'　　　,'医　　　　,'0,'18
'1225,'55,'01,'0,'0,'601,'福井大　　　　,'医　　　,'医　　　　　,'　,'　　　,'医　　　　,'1,'18
'1225,'55,'02,'0,'0,'651,'福井大　　　　,'医　　　,'看護　　　　,'　,'　　　,'看護　　　,'1,'18
'1235,'30,'00,'0,'0,'301,'山梨大　　　　,'教育　　,'　　　　　　,'　,'　　　,'小学校　　,'0,'19
'1235,'30,'01,'0,'0,'105,'山梨大　　　　,'教育　　,'学校／幼児教,'　,'　　　,'心理学　　,'1,'19
'1235,'30,'02,'0,'0,'301,'山梨大　　　　,'教育　　,'学校／障害児,'　,'　　　,'小学校　　,'1,'19
'1235,'30,'03,'0,'0,'301,'山梨大　　　　,'教育　　,'学校／言語教,'　,'　　　,'小学校　　,'1,'19
'1235,'30,'04,'0,'0,'301,'山梨大　　　　,'教育　　,'学校／生活社,'　,'　　　,'小学校　　,'1,'19
'1235,'30,'05,'0,'0,'301,'山梨大　　　　,'教育　　,'学校／科学教,'　,'　　　,'小学校　　,'1,'19
'1235,'30,'06,'0,'0,'301,'山梨大　　　　,'教育　　,'学校／芸術身,'　,'　　　,'小学校　　,'1,'19
'1235,'37,'00,'0,'0,'243,'山梨大　　　　,'生命環境,'　　　　　　,'　,'　　　,'観光学　　,'0,'19
'1235,'37,'01,'0,'0,'564,'山梨大　　　　,'生命環境,'生命工　　　,'　,'　　　,'生物工学　,'1,'19
'1235,'37,'02,'0,'0,'701,'山梨大　　　　,'生命環境,'地域食物科学,'　,'　　　,'農学　　　,'1,'19
'1235,'37,'03,'0,'0,'703,'山梨大　　　　,'生命環境,'食物／ワイン,'　,'　　　,'農芸化学　,'1,'19
'1235,'37,'04,'0,'0,'701,'山梨大　　　　,'生命環境,'環境科学　　,'　,'　　　,'農学　　　,'1,'19
'1235,'37,'05,'0,'0,'243,'山梨大　　　　,'生命環境,'地域社会シス,'　,'　　　,'観光学　　,'1,'19
'1235,'37,'06,'0,'0,'243,'山梨大　　　　,'生命環境,'社会／観光政,'　,'　　　,'観光学　　,'1,'19
'1235,'46,'00,'0,'0,'551,'山梨大　　　　,'工　　　,'　　　　　　,'　,'　　　,'機械工学　,'0,'19
'1235,'46,'19,'0,'0,'562,'山梨大　　　　,'工　　　,'工／クリーン,'　,'　　　,'原子力・エ,'1,'19
'1235,'46,'20,'0,'0,'555,'山梨大　　　　,'工　　　,'工／応用化学,'　,'　　　,'応用化学　,'1,'19
'1235,'46,'21,'0,'0,'554,'山梨大　　　　,'工　　　,'工／土木環境,'　,'　　　,'建築・土木,'1,'19
'1235,'46,'22,'0,'0,'553,'山梨大　　　　,'工　　　,'工／コンピュ,'　,'　　　,'情報工学　,'1,'19
'1235,'46,'23,'0,'0,'551,'山梨大　　　　,'工　　　,'工／機械工学,'　,'　　　,'機械工学　,'1,'19
'1235,'46,'24,'0,'0,'551,'山梨大　　　　,'工　　　,'工／メカトロ,'　,'　　　,'機械工学　,'1,'19
'1235,'46,'25,'0,'0,'552,'山梨大　　　　,'工　　　,'工／電気電子,'　,'　　　,'電気・電子,'1,'19
'1235,'46,'26,'0,'0,'551,'山梨大　　　　,'工　　　,'工／総合工学,'　,'　　　,'機械工学　,'1,'19
'1235,'55,'00,'0,'0,'601,'山梨大　　　　,'医　　　,'　　　　　　,'　,'　　　,'医　　　　,'0,'19
'1235,'55,'01,'0,'0,'601,'山梨大　　　　,'医　　　,'医　　　　　,'　,'　　　,'医　　　　,'1,'19
'1235,'55,'02,'0,'0,'651,'山梨大　　　　,'医　　　,'看護　　　　,'　,'　　　,'看護　　　,'1,'19
'1245,'02,'00,'0,'0,'101,'信州大　　　　,'人文　　,'　　　　　　,'　,'　　　,'日本文学　,'0,'20
'1245,'02,'04,'0,'0,'101,'信州大　　　　,'人文　　,'人文　　　　,'　,'　　　,'日本文学　,'1,'20
'1245,'21,'00,'0,'0,'201,'信州大　　　　,'経法　　,'　　　　　　,'　,'　　　,'法学　　　,'0,'20
'1245,'21,'01,'0,'0,'221,'信州大　　　　,'経法　　,'応用経済　　,'　,'　　　,'経済学　　,'1,'20
'1245,'21,'02,'0,'0,'201,'信州大　　　　,'経法　　,'総合法律　　,'　,'　　　,'法学　　　,'1,'20
'1245,'30,'00,'0,'0,'301,'信州大　　　　,'教育　　,'　　　　　　,'　,'　　　,'小学校　　,'0,'20
'1245,'30,'30,'0,'0,'301,'信州大　　　　,'教育　　,'学校／社会　,'　,'　　　,'小学校　　,'1,'20
'1245,'30,'33,'0,'0,'301,'信州大　　　　,'教育　　,'学校／保健体,'　,'　　　,'小学校　　,'1,'20
'1245,'30,'35,'0,'0,'301,'信州大　　　　,'教育　　,'学校／現代教,'　,'　　　,'小学校　　,'1,'20
'1245,'30,'38,'0,'0,'301,'信州大　　　　,'教育　　,'学校／国語　,'　,'　　　,'小学校　　,'1,'20
'1245,'30,'39,'0,'0,'301,'信州大　　　　,'教育　　,'学校／英語　,'　,'　　　,'小学校　　,'1,'20
'1245,'30,'40,'0,'0,'301,'信州大　　　　,'教育　　,'学校／数学　,'　,'　　　,'小学校　　,'1,'20
'1245,'30,'41,'0,'0,'301,'信州大　　　　,'教育　　,'学校／理科　,'　,'　　　,'小学校　　,'1,'20
'1245,'30,'42,'0,'0,'301,'信州大　　　　,'教育　　,'学校／音楽　,'　,'　　　,'小学校　　,'1,'20
'1245,'30,'43,'0,'0,'301,'信州大　　　　,'教育　　,'学校／図・美,'　,'　　　,'小学校　　,'1,'20
'1245,'30,'44,'0,'0,'301,'信州大　　　　,'教育　　,'学校／ものづ,'　,'　　　,'小学校　　,'1,'20
'1245,'30,'45,'0,'0,'301,'信州大　　　　,'教育　　,'学校／家庭　,'　,'　　　,'小学校　　,'1,'20
'1245,'30,'46,'0,'0,'301,'信州大　　　　,'教育　　,'学校／野外教,'　,'　　　,'小学校　　,'1,'20
'1245,'30,'47,'0,'0,'301,'信州大　　　　,'教育　　,'学校／特別支,'　,'　　　,'小学校　　,'1,'20
'1245,'30,'48,'0,'0,'105,'信州大　　　　,'教育　　,'学校／心理支,'　,'　　　,'心理学　　,'1,'20
'1245,'42,'00,'0,'0,'501,'信州大　　　　,'理　　　,'　　　　　　,'　,'　　　,'数学　　　,'0,'20
'1245,'42,'07,'0,'0,'501,'信州大　　　　,'理　　　,'数学　　　　,'　,'　　　,'数学　　　,'1,'20
'1245,'42,'08,'0,'0,'502,'信州大　　　　,'理　　　,'理／物理学　,'　,'　　　,'物理学　　,'1,'20
'1245,'42,'09,'0,'0,'503,'信州大　　　　,'理　　　,'理／化学　　,'　,'　　　,'化学　　　,'1,'20
'1245,'42,'10,'0,'0,'505,'信州大　　　　,'理　　　,'理／地球学　,'　,'　　　,'地球科学　,'1,'20
'1245,'42,'11,'0,'0,'504,'信州大　　　　,'理　　　,'理／生物学　,'　,'　　　,'生物学　　,'1,'20
'1245,'42,'12,'0,'0,'507,'信州大　　　　,'理　　　,'理／物質循環,'　,'　　　,'総合理学　,'1,'20
'1245,'46,'00,'0,'0,'554,'信州大　　　　,'工　　　,'　　　　　　,'　,'　　　,'建築・土木,'0,'20
'1245,'46,'12,'0,'0,'555,'信州大　　　　,'工　　　,'工／応用化学,'　,'　　　,'応用化学　,'1,'20
'1245,'46,'13,'0,'0,'554,'信州大　　　　,'工　　　,'工／環境・エ,'　,'　　　,'建築・土木,'1,'20
'1245,'46,'14,'0,'0,'554,'信州大　　　　,'工　　　,'工／水環境土,'　,'　　　,'建築・土木,'1,'20
'1245,'46,'15,'0,'0,'552,'信州大　　　　,'工　　　,'工／電気電子,'　,'　　　,'電気・電子,'1,'20
'1245,'46,'16,'0,'0,'551,'信州大　　　　,'工　　　,'工／機械物理,'　,'　　　,'機械工学　,'1,'20
'1245,'46,'17,'0,'0,'551,'信州大　　　　,'工　　　,'工／知能機械,'　,'　　　,'機械工学　,'1,'20
'1245,'46,'18,'0,'0,'554,'信州大　　　　,'工　　　,'工／建築学　,'　,'　　　,'建築・土木,'1,'20
'1245,'46,'19,'0,'0,'553,'信州大　　　　,'工　　　,'工／情報サイ,'　,'　　　,'情報工学　,'1,'20
'1245,'46,'20,'0,'0,'552,'信州大　　　　,'工　　　,'工／情報デザ,'　,'　　　,'電気・電子,'1,'20
'1245,'47,'00,'0,'0,'558,'信州大　　　　,'繊維　　,'　　　　　　,'　,'　　　,'金属・材料,'0,'20
'1245,'47,'01,'0,'0,'564,'信州大　　　　,'繊維　　,'応用生物科学,'　,'　　　,'生物工学　,'1,'20
'1245,'47,'21,'0,'0,'558,'信州大　　　　,'繊維　　,'先進繊維・感,'　,'　　　,'金属・材料,'1,'20
'1245,'47,'22,'0,'0,'551,'信州大　　　　,'繊維　　,'機械・ロボッ,'　,'　　　,'機械工学　,'1,'20
'1245,'47,'23,'0,'0,'555,'信州大　　　　,'繊維　　,'化学・材料　,'　,'　　　,'応用化学　,'1,'20
'1245,'55,'00,'0,'0,'601,'信州大　　　　,'医　　　,'　　　　　　,'　,'　　　,'医　　　　,'0,'20
'1245,'55,'01,'0,'0,'601,'信州大　　　　,'医　　　,'医　　　　　,'　,'　　　,'医　　　　,'1,'20
'1245,'55,'03,'0,'0,'651,'信州大　　　　,'医　　　,'保健／看護学,'　,'　　　,'看護　　　,'1,'20
'1245,'55,'04,'0,'0,'658,'信州大　　　　,'医　　　,'保健／検査技,'　,'　　　,'検査技術　,'1,'20
'1245,'55,'05,'0,'0,'655,'信州大　　　　,'医　　　,'保健／理学療,'　,'　　　,'理学療法　,'1,'20
'1245,'55,'06,'0,'0,'656,'信州大　　　　,'医　　　,'保健／作業療,'　,'　　　,'作業療法　,'1,'20
'1245,'72,'00,'0,'0,'701,'信州大　　　　,'農　　　,'　　　　　　,'　,'　　　,'農学　　　,'0,'20
'1245,'72,'04,'0,'0,'703,'信州大　　　　,'農　　　,'農学／生命食,'　,'　　　,'農芸化学　,'1,'20
'1245,'72,'07,'0,'0,'702,'信州大　　　　,'農　　　,'農学／山岳圏,'　,'　　　,'森林科学　,'1,'20
'1245,'72,'09,'0,'0,'701,'信州大　　　　,'農　　　,'農学／食料生,'　,'　　　,'農学　　　,'1,'20
'1245,'72,'10,'0,'0,'701,'信州大　　　　,'農　　　,'農学／地域協,'　,'　　　,'農学　　　,'1,'20
'1250,'21,'00,'0,'0,'222,'岐阜大　　　　,'社会シス,'　　　　　　,'　,'　　　,'経営学・商,'1,'21
'1250,'30,'00,'0,'0,'301,'岐阜大　　　　,'教育　　,'　　　　　　,'　,'　　　,'小学校　　,'0,'21
'1250,'30,'62,'0,'0,'301,'岐阜大　　　　,'教育　　,'学校／国語　,'　,'　　　,'小学校　　,'1,'21
'1250,'30,'67,'0,'0,'301,'岐阜大　　　　,'教育　　,'学校／数学　,'　,'　　　,'小学校　　,'1,'21
'1250,'30,'72,'0,'0,'301,'岐阜大　　　　,'教育　　,'学校／音楽　,'　,'　　　,'小学校　　,'1,'21
'1250,'30,'73,'0,'0,'301,'岐阜大　　　　,'教育　　,'学校／美術　,'　,'　　　,'小学校　　,'1,'21
'1250,'30,'74,'0,'0,'301,'岐阜大　　　　,'教育　　,'学校／保健体,'　,'　　　,'小学校　　,'1,'21
'1250,'30,'75,'0,'0,'301,'岐阜大　　　　,'教育　　,'学校／技術　,'　,'　　　,'小学校　　,'1,'21
'1250,'30,'76,'0,'0,'301,'岐阜大　　　　,'教育　　,'学校／家政　,'　,'　　　,'小学校　　,'1,'21
'1250,'30,'77,'0,'0,'301,'岐阜大　　　　,'教育　　,'学校／英語　,'　,'　　　,'小学校　　,'1,'21
'1250,'30,'84,'0,'0,'105,'岐阜大　　　　,'教育　　,'学校／教育心,'　,'　　　,'心理学　　,'1,'21
'1250,'30,'85,'0,'0,'301,'岐阜大　　　　,'教育　　,'学校／学校教,'　,'　　　,'小学校　　,'1,'21
'1250,'30,'87,'0,'0,'301,'岐阜大　　　　,'教育　　,'学校／理科　,'　,'　　　,'小学校　　,'1,'21
'1250,'30,'88,'0,'0,'301,'岐阜大　　　　,'教育　　,'学校／特別支,'　,'　　　,'小学校　　,'1,'21
'1250,'30,'89,'0,'0,'301,'岐阜大　　　　,'教育　　,'学校／社会科,'　,'　　　,'小学校　　,'1,'21
'1250,'37,'00,'0,'0,'106,'岐阜大　　　　,'地域科学,'　　　　　　,'　,'　　　,'文化学　　,'1,'21
'1250,'46,'00,'0,'0,'551,'岐阜大　　　　,'工　　　,'　　　　　　,'　,'　　　,'機械工学　,'0,'21
'1250,'46,'04,'0,'0,'554,'岐阜大　　　　,'工　　　,'社会基盤工　,'　,'　　　,'建築・土木,'1,'21
'1250,'46,'12,'0,'0,'551,'岐阜大　　　　,'工　　　,'機械／機械　,'　,'　　　,'機械工学　,'1,'21
'1250,'46,'13,'0,'0,'551,'岐阜大　　　　,'工　　　,'機械／知能機,'　,'　　　,'機械工学　,'1,'21
'1250,'46,'14,'0,'0,'555,'岐阜大　　　　,'工　　　,'化学／物質化,'　,'　　　,'応用化学　,'1,'21
'1250,'46,'15,'0,'0,'564,'岐阜大　　　　,'工　　　,'化学／生命化,'　,'　　　,'生物工学　,'1,'21
'1250,'46,'18,'0,'0,'552,'岐阜大　　　　,'工　　　,'電気／電気電,'　,'　　　,'電気・電子,'1,'21
'1250,'46,'19,'0,'0,'553,'岐阜大　　　　,'工　　　,'電気／情報　,'　,'　　　,'情報工学　,'1,'21
'1250,'46,'20,'0,'0,'556,'岐阜大　　　　,'工　　　,'電気／応用物,'　,'　　　,'応用物理学,'1,'21
'1250,'55,'00,'0,'0,'601,'岐阜大　　　　,'医　　　,'　　　　　　,'　,'　　　,'医　　　　,'0,'21
'1250,'55,'01,'0,'0,'601,'岐阜大　　　　,'医　　　,'医　　　　　,'　,'　　　,'医　　　　,'1,'21
'1250,'55,'02,'0,'0,'651,'岐阜大　　　　,'医　　　,'看護　　　　,'　,'　　　,'看護　　　,'1,'21
'1250,'74,'00,'0,'0,'701,'岐阜大　　　　,'応用生物,'　　　　　　,'　,'　　　,'農学　　　,'0,'21
'1250,'74,'04,'0,'0,'705,'岐阜大　　　　,'応用生物,'共同獣医　　,'　,'　　　,'獣医学　　,'1,'21
'1250,'74,'05,'0,'0,'555,'岐阜大　　　　,'応用生物,'応用生命化　,'　,'　　　,'応用化学　,'1,'21
'1250,'74,'06,'0,'0,'701,'岐阜大　　　　,'応用生物,'食農生命科学,'　,'　　　,'農学　　　,'1,'21
'1250,'74,'07,'0,'0,'701,'岐阜大　　　　,'応用生物,'生物圏環境　,'　,'　　　,'農学　　　,'1,'21
'1255,'27,'00,'0,'0,'106,'静岡大　　　　,'人文社会,'　　　　　　,'　,'　　　,'文化学　　,'0,'22
'1255,'27,'01,'0,'0,'104,'静岡大　　　　,'人文社会,'社会　　　　,'　,'　　　,'哲学倫理宗,'1,'22
'1255,'27,'02,'0,'0,'106,'静岡大　　　　,'人文社会,'言語文化　　,'　,'　　　,'文化学　　,'1,'22
'1255,'27,'03,'0,'0,'201,'静岡大　　　　,'人文社会,'法　　　　　,'　,'　　　,'法学　　　,'1,'22
'1255,'27,'04,'0,'0,'221,'静岡大　　　　,'人文社会,'経済　　　　,'　,'　　　,'経済学　　,'1,'22
'1255,'30,'00,'0,'0,'301,'静岡大　　　　,'教育　　,'　　　　　　,'　,'　　　,'小学校　　,'0,'22
'1255,'30,'37,'0,'0,'301,'静岡大　　　　,'教育　　,'学校／教育実,'　,'　　　,'小学校　　,'1,'22
'1255,'30,'38,'0,'0,'105,'静岡大　　　　,'教育　　,'学校／教育心,'　,'　　　,'心理学　　,'1,'22
'1255,'30,'40,'0,'0,'301,'静岡大　　　　,'教育　　,'学校／幼児教,'　,'　　　,'小学校　　,'1,'22
'1255,'30,'43,'0,'0,'301,'静岡大　　　　,'教育　　,'学校／特別支,'　,'　　　,'小学校　　,'1,'22
'1255,'30,'44,'0,'0,'301,'静岡大　　　　,'教育　　,'学校／国語　,'　,'　　　,'小学校　　,'1,'22
'1255,'30,'45,'0,'0,'301,'静岡大　　　　,'教育　　,'学校／社会科,'　,'　　　,'小学校　　,'1,'22
'1255,'30,'46,'0,'0,'301,'静岡大　　　　,'教育　　,'学校／数学　,'　,'　　　,'小学校　　,'1,'22
'1255,'30,'47,'0,'0,'301,'静岡大　　　　,'教育　　,'学校／理科　,'　,'　　　,'小学校　　,'1,'22
'1255,'30,'48,'0,'0,'301,'静岡大　　　　,'教育　　,'学校／音楽　,'　,'　　　,'小学校　　,'1,'22
'1255,'30,'49,'0,'0,'301,'静岡大　　　　,'教育　　,'学校／美術　,'　,'　　　,'小学校　　,'1,'22
'1255,'30,'50,'0,'0,'301,'静岡大　　　　,'教育　　,'学校／保健体,'　,'　　　,'小学校　　,'1,'22
'1255,'30,'51,'0,'0,'301,'静岡大　　　　,'教育　　,'学校／技術　,'　,'　　　,'小学校　　,'1,'22
'1255,'30,'52,'0,'0,'301,'静岡大　　　　,'教育　　,'学校／家庭科,'　,'　　　,'小学校　　,'1,'22
'1255,'30,'53,'0,'0,'301,'静岡大　　　　,'教育　　,'学校／英語　,'　,'　　　,'小学校　　,'1,'22
'1255,'30,'63,'0,'0,'301,'静岡大　　　　,'教育　　,'学校／初等学,'　,'　　　,'小学校　　,'1,'22
'1255,'30,'64,'0,'0,'314,'静岡大　　　　,'教育　　,'学校／養護教,'　,'　　　,'養護　　　,'1,'22
'1255,'37,'00,'0,'0,'752,'静岡大　　　　,'情報　　,'　　　　　　,'　,'　　　,'総合情報学,'0,'22
'1255,'37,'01,'0,'0,'506,'静岡大　　　　,'情報　　,'情報科学　　,'　,'　　　,'情報科学　,'1,'22
'1255,'37,'02,'0,'0,'752,'静岡大　　　　,'情報　　,'情報社会　　,'　,'　　　,'総合情報学,'1,'22
'1255,'37,'03,'0,'0,'752,'静岡大　　　　,'情報　　,'行動情報　　,'　,'　　　,'総合情報学,'1,'22
'1255,'39,'00,'0,'0,'241,'静岡大　　　　,'グローバ,'　　　　　　,'　,'　　　,'社会学　　,'0,'22
'1255,'39,'01,'0,'0,'241,'静岡大　　　　,'グローバ,'グローバル共,'　,'　　　,'社会学　　,'1,'22
'1255,'42,'00,'0,'0,'501,'静岡大　　　　,'理　　　,'　　　　　　,'　,'　　　,'数学　　　,'0,'22
'1255,'42,'01,'0,'0,'503,'静岡大　　　　,'理　　　,'化学　　　　,'　,'　　　,'化学　　　,'1,'22
'1255,'42,'02,'0,'0,'501,'静岡大　　　　,'理　　　,'数学　　　　,'　,'　　　,'数学　　　,'1,'22
'1255,'42,'03,'0,'0,'504,'静岡大　　　　,'理　　　,'生物科学　　,'　,'　　　,'生物学　　,'1,'22
'1255,'42,'04,'0,'0,'505,'静岡大　　　　,'理　　　,'地球科学　　,'　,'　　　,'地球科学　,'1,'22
'1255,'42,'05,'0,'0,'502,'静岡大　　　　,'理　　　,'物理　　　　,'　,'　　　,'物理学　　,'1,'22
'1255,'42,'07,'0,'0,'507,'静岡大　　　　,'理　　　,'創造理学　　,'　,'　　　,'総合理学　,'1,'22
'1255,'46,'00,'0,'0,'552,'静岡大　　　　,'工　　　,'　　　　　　,'　,'　　　,'電気・電子,'0,'22
'1255,'46,'02,'0,'0,'551,'静岡大　　　　,'工　　　,'機械工　　　,'　,'　　　,'機械工学　,'1,'22
'1255,'46,'06,'0,'0,'552,'静岡大　　　　,'工　　　,'電気電子工　,'　,'　　　,'電気・電子,'1,'22
'1255,'46,'09,'0,'0,'552,'静岡大　　　　,'工　　　,'電子物質科学,'　,'　　　,'電気・電子,'1,'22
'1255,'46,'10,'0,'0,'555,'静岡大　　　　,'工　　　,'化学バイオ工,'　,'　　　,'応用化学　,'1,'22
'1255,'46,'11,'0,'0,'501,'静岡大　　　　,'工　　　,'数理シス工　,'　,'　　　,'数学　　　,'1,'22
'1255,'72,'00,'0,'0,'564,'静岡大　　　　,'農　　　,'　　　　　　,'　,'　　　,'生物工学　,'0,'22
'1255,'72,'06,'0,'0,'701,'静岡大　　　　,'農　　　,'生物資源科学,'　,'　　　,'農学　　　,'1,'22
'1255,'72,'07,'0,'0,'564,'静岡大　　　　,'農　　　,'応用生命科学,'　,'　　　,'生物工学　,'1,'22
'1260,'55,'00,'0,'0,'601,'浜松医大　　　,'医　　　,'　　　　　　,'　,'　　　,'医　　　　,'0,'22
'1260,'55,'01,'0,'0,'601,'浜松医大　　　,'医　　　,'医　　　　　,'　,'　　　,'医　　　　,'1,'22
'1260,'55,'02,'0,'0,'651,'浜松医大　　　,'医　　　,'看護　　　　,'　,'　　　,'看護　　　,'1,'22
'1265,'30,'00,'0,'0,'301,'愛知教育大　　,'教育　　,'　　　　　　,'　,'　　　,'小学校　　,'0,'23
'1265,'30,'02,'0,'0,'301,'愛知教育大　　,'教育　　,'学校／義音楽,'　,'　　　,'小学校　　,'1,'23
'1265,'30,'03,'0,'0,'301,'愛知教育大　　,'教育　　,'学校／義図画,'　,'　　　,'小学校　　,'1,'23
'1265,'30,'04,'0,'0,'301,'愛知教育大　　,'教育　　,'学校／義保健,'　,'　　　,'小学校　　,'1,'23
'1265,'30,'05,'0,'0,'307,'愛知教育大　　,'教育　　,'学校／義もの,'　,'　　　,'中高－技術,'1,'23
'1265,'30,'06,'0,'0,'301,'愛知教育大　　,'教育　　,'学校／義家庭,'　,'　　　,'小学校　　,'1,'23
'1265,'30,'07,'0,'0,'301,'愛知教育大　　,'教育　　,'学校／義英語,'　,'　　　,'小学校　　,'1,'23
'1265,'30,'08,'0,'0,'302,'愛知教育大　　,'教育　　,'学校／高国語,'　,'　　　,'中高－国語,'1,'23
'1265,'30,'09,'0,'0,'305,'愛知教育大　　,'教育　　,'学校／高地歴,'　,'　　　,'中高－社会,'1,'23
'1265,'30,'10,'0,'0,'303,'愛知教育大　　,'教育　　,'学校／高数学,'　,'　　　,'中高－数学,'1,'23
'1265,'30,'11,'0,'0,'306,'愛知教育大　　,'教育　　,'学校／高理科,'　,'　　　,'中高－理科,'1,'23
'1265,'30,'12,'0,'0,'304,'愛知教育大　　,'教育　　,'学校／高英語,'　,'　　　,'中高－英語,'1,'23
'1265,'30,'67,'0,'0,'105,'愛知教育大　　,'教育　　,'教育／心理　,'　,'　　　,'心理学　　,'1,'23
'1265,'30,'68,'0,'0,'242,'愛知教育大　　,'教育　　,'教育／福祉　,'　,'　　　,'社会福祉学,'1,'23
'1265,'30,'69,'0,'0,'316,'愛知教育大　　,'教育　　,'教育／教育ガ,'　,'　　　,'０免課程　,'1,'23
'1265,'30,'70,'0,'0,'312,'愛知教育大　　,'教育　　,'学校／幼児教,'　,'　　　,'幼稚園　　,'1,'23
'1265,'30,'90,'0,'0,'301,'愛知教育大　　,'教育　　,'学校／特別支,'　,'　　　,'小学校　　,'1,'23
'1265,'30,'91,'0,'0,'314,'愛知教育大　　,'教育　　,'学校／養護教,'　,'　　　,'養護　　　,'1,'23
'1265,'30,'92,'0,'0,'105,'愛知教育大　　,'教育　　,'学校／義学校,'　,'　　　,'心理学　　,'1,'23
'1265,'30,'93,'0,'0,'301,'愛知教育大　　,'教育　　,'学校／義生活,'　,'　　　,'小学校　　,'1,'23
'1265,'30,'94,'0,'0,'301,'愛知教育大　　,'教育　　,'学校／義ＩＣ,'　,'　　　,'小学校　　,'1,'23
'1265,'30,'95,'0,'0,'301,'愛知教育大　　,'教育　　,'学校／義日本,'　,'　　　,'小学校　　,'1,'23
'1265,'30,'96,'0,'0,'301,'愛知教育大　　,'教育　　,'学校／義国語,'　,'　　　,'小学校　　,'1,'23
'1265,'30,'97,'0,'0,'301,'愛知教育大　　,'教育　　,'学校／義社会,'　,'　　　,'小学校　　,'1,'23
'1265,'30,'98,'0,'0,'301,'愛知教育大　　,'教育　　,'学校／義算数,'　,'　　　,'小学校　　,'1,'23
'1265,'30,'99,'0,'0,'301,'愛知教育大　　,'教育　　,'学校／義理科,'　,'　　　,'小学校　　,'1,'23
'1270,'46,'00,'0,'0,'551,'豊橋技術科学大,'工　　　,'　　　　　　,'　,'　　　,'機械工学　,'1,'23
'1275,'01,'00,'0,'0,'101,'名古屋大　　　,'文　　　,'　　　　　　,'　,'　　　,'日本文学　,'0,'23
'1275,'01,'04,'0,'0,'101,'名古屋大　　　,'文　　　,'人文　　　　,'　,'　　　,'日本文学　,'1,'23
'1275,'12,'00,'0,'0,'201,'名古屋大　　　,'法　　　,'　　　　　　,'　,'　　　,'法学　　　,'0,'23
'1275,'12,'03,'0,'0,'201,'名古屋大　　　,'法　　　,'法律・政治　,'　,'　　　,'法学　　　,'1,'23
'1275,'18,'00,'0,'0,'221,'名古屋大　　　,'経済　　,'　　　　　　,'　,'　　　,'経済学　　,'1,'23
'1275,'30,'00,'0,'0,'105,'名古屋大　　　,'教育　　,'　　　　　　,'　,'　　　,'心理学　　,'0,'23
'1275,'30,'03,'0,'0,'105,'名古屋大　　　,'教育　　,'人間発達科学,'　,'　　　,'心理学　　,'1,'23
'1275,'38,'00,'0,'0,'752,'名古屋大　　　,'情報　　,'　　　　　　,'　,'　　　,'総合情報学,'0,'23
'1275,'38,'01,'0,'0,'752,'名古屋大　　　,'情報　　,'自然情報　　,'　,'　　　,'総合情報学,'1,'23
'1275,'38,'02,'0,'0,'752,'名古屋大　　　,'情報　　,'人間・社会情,'　,'　　　,'総合情報学,'1,'23
'1275,'38,'03,'0,'0,'506,'名古屋大　　　,'情報　　,'コンピュータ,'　,'　　　,'情報科学　,'1,'23
'1275,'42,'00,'0,'0,'501,'名古屋大　　　,'理　　　,'　　　　　　,'　,'　　　,'数学　　　,'1,'23
'1275,'46,'00,'0,'0,'555,'名古屋大　　　,'工　　　,'　　　　　　,'　,'　　　,'応用化学　,'0,'23
'1275,'46,'13,'0,'0,'556,'名古屋大　　　,'工　　　,'物理工　　　,'　,'　　　,'応用物理学,'1,'23
'1275,'46,'14,'0,'0,'554,'名古屋大　　　,'工　　　,'環境土木・建,'　,'　　　,'建築・土木,'1,'23
'1275,'46,'15,'0,'0,'555,'名古屋大　　　,'工　　　,'化学生命工　,'　,'　　　,'応用化学　,'1,'23
'1275,'46,'16,'0,'0,'555,'名古屋大　　　,'工　　　,'マテリアル工,'　,'　　　,'応用化学　,'1,'23
'1275,'46,'17,'0,'0,'552,'名古屋大　　　,'工　　　,'電気電子情報,'　,'　　　,'電気・電子,'1,'23
'1275,'46,'18,'0,'0,'551,'名古屋大　　　,'工　　　,'機械・航空宇,'　,'　　　,'機械工学　,'1,'23
'1275,'46,'19,'0,'0,'562,'名古屋大　　　,'工　　　,'エネルギー理,'　,'　　　,'原子力・エ,'1,'23
'1275,'55,'00,'0,'0,'601,'名古屋大　　　,'医　　　,'　　　　　　,'　,'　　　,'医　　　　,'0,'23
'1275,'55,'01,'0,'0,'601,'名古屋大　　　,'医　　　,'医　　　　　,'　,'　　　,'医　　　　,'1,'23
'1275,'55,'03,'0,'0,'651,'名古屋大　　　,'医　　　,'保健／看護学,'　,'　　　,'看護　　　,'1,'23
'1275,'55,'04,'0,'0,'657,'名古屋大　　　,'医　　　,'保健／放射線,'　,'　　　,'放射線技術,'1,'23
'1275,'55,'05,'0,'0,'658,'名古屋大　　　,'医　　　,'保健／検査技,'　,'　　　,'検査技術　,'1,'23
'1275,'55,'06,'0,'0,'655,'名古屋大　　　,'医　　　,'保健／理学療,'　,'　　　,'理学療法　,'1,'23
'1275,'55,'07,'0,'0,'656,'名古屋大　　　,'医　　　,'保健／作業療,'　,'　　　,'作業療法　,'1,'23
'1275,'72,'00,'0,'0,'701,'名古屋大　　　,'農　　　,'　　　　　　,'　,'　　　,'農学　　　,'0,'23
'1275,'72,'03,'0,'0,'701,'名古屋大　　　,'農　　　,'生物環境科学,'　,'　　　,'農学　　　,'1,'23
'1275,'72,'04,'0,'0,'701,'名古屋大　　　,'農　　　,'資源生物科学,'　,'　　　,'農学　　　,'1,'23
'1275,'72,'05,'0,'0,'703,'名古屋大　　　,'農　　　,'応用生命科学,'　,'　　　,'農芸化学　,'1,'23
'1280,'46,'00,'0,'0,'554,'名古屋工大　　,'工　　　,'　　　　　　,'　,'　　　,'建築・土木,'0,'23
'1280,'46,'13,'0,'0,'553,'名古屋工大　　,'工　　　,'情報工　　　,'　,'　　　,'情報工学　,'1,'23
'1280,'46,'16,'0,'0,'555,'名古屋工大　　,'工　　　,'生命・応用化,'　,'　　　,'応用化学　,'1,'23
'1280,'46,'17,'0,'0,'556,'名古屋工大　　,'工　　　,'物理工　　　,'　,'　　　,'応用物理学,'1,'23
'1280,'46,'18,'0,'0,'551,'名古屋工大　　,'工　　　,'電気・機械工,'　,'　　　,'機械工学　,'1,'23
'1280,'46,'19,'0,'0,'554,'名古屋工大　　,'工　　　,'社会／建築デ,'　,'　　　,'建築・土木,'1,'23
'1280,'46,'20,'0,'0,'554,'名古屋工大　　,'工　　　,'社会／環境都,'　,'　　　,'建築・土木,'1,'23
'1280,'46,'21,'0,'0,'563,'名古屋工大　　,'工　　　,'社会／経営シ,'　,'　　　,'経営工学　,'1,'23
'1280,'46,'23,'0,'0,'551,'名古屋工大　　,'工　　　,'創造／材料エ,'　,'　　　,'機械工学　,'1,'23
'1280,'46,'24,'0,'0,'553,'名古屋工大　　,'工　　　,'創造／情報社,'　,'　　　,'情報工学　,'1,'23
'1285,'02,'00,'0,'0,'106,'三重大　　　　,'人文　　,'　　　　　　,'　,'　　　,'文化学　　,'0,'24
'1285,'02,'01,'0,'0,'201,'三重大　　　　,'人文　　,'法律経済　　,'　,'　　　,'法学　　　,'1,'24
'1285,'02,'02,'0,'0,'106,'三重大　　　　,'人文　　,'文化　　　　,'　,'　　　,'文化学　　,'1,'24
'1285,'30,'00,'0,'0,'301,'三重大　　　　,'教育　　,'　　　　　　,'　,'　　　,'小学校　　,'0,'24
'1285,'30,'38,'0,'0,'301,'三重大　　　　,'教育　　,'学校／特別支,'　,'　　　,'小学校　　,'1,'24
'1285,'30,'39,'0,'0,'312,'三重大　　　　,'教育　　,'学校／幼児教,'　,'　　　,'幼稚園　　,'1,'24
'1285,'30,'50,'0,'0,'301,'三重大　　　　,'教育　　,'学校／国語初,'　,'　　　,'小学校　　,'1,'24
'1285,'30,'51,'0,'0,'302,'三重大　　　　,'教育　　,'学校／国語中,'　,'　　　,'中高－国語,'1,'24
'1285,'30,'52,'0,'0,'301,'三重大　　　　,'教育　　,'学校／社会初,'　,'　　　,'小学校　　,'1,'24
'1285,'30,'53,'0,'0,'305,'三重大　　　　,'教育　　,'学校／社会中,'　,'　　　,'中高－社会,'1,'24
'1285,'30,'54,'0,'0,'301,'三重大　　　　,'教育　　,'学校／理科初,'　,'　　　,'小学校　　,'1,'24
'1285,'30,'55,'0,'0,'306,'三重大　　　　,'教育　　,'学校／理科中,'　,'　　　,'中高－理科,'1,'24
'1285,'30,'56,'0,'0,'301,'三重大　　　　,'教育　　,'学校／音楽初,'　,'　　　,'小学校　　,'1,'24
'1285,'30,'57,'0,'0,'309,'三重大　　　　,'教育　　,'学校／音楽中,'　,'　　　,'中高－音楽,'1,'24
'1285,'30,'58,'0,'0,'301,'三重大　　　　,'教育　　,'学校／美術初,'　,'　　　,'小学校　　,'1,'24
'1285,'30,'59,'0,'0,'310,'三重大　　　　,'教育　　,'学校／美術中,'　,'　　　,'中高－美術,'1,'24
'1285,'30,'60,'0,'0,'301,'三重大　　　　,'教育　　,'学校／保体初,'　,'　　　,'小学校　　,'1,'24
'1285,'30,'61,'0,'0,'311,'三重大　　　　,'教育　　,'学校／保体中,'　,'　　　,'中高－体育,'1,'24
'1285,'30,'62,'0,'0,'301,'三重大　　　　,'教育　　,'学校／技術初,'　,'　　　,'小学校　　,'1,'24
'1285,'30,'63,'0,'0,'307,'三重大　　　　,'教育　　,'学校／技術中,'　,'　　　,'中高－技術,'1,'24
'1285,'30,'64,'0,'0,'301,'三重大　　　　,'教育　　,'学校／家政初,'　,'　　　,'小学校　　,'1,'24
'1285,'30,'65,'0,'0,'308,'三重大　　　　,'教育　　,'学校／家政中,'　,'　　　,'中高－家庭,'1,'24
'1285,'30,'66,'0,'0,'301,'三重大　　　　,'教育　　,'学校／英語初,'　,'　　　,'小学校　　,'1,'24
'1285,'30,'67,'0,'0,'304,'三重大　　　　,'教育　　,'学校／英語中,'　,'　　　,'中高－英語,'1,'24
'1285,'30,'68,'0,'0,'301,'三重大　　　　,'教育　　,'学校／教育学,'　,'　　　,'小学校　　,'1,'24
'1285,'30,'69,'0,'0,'105,'三重大　　　　,'教育　　,'学校／教育心,'　,'　　　,'心理学　　,'1,'24
'1285,'30,'70,'0,'0,'301,'三重大　　　　,'教育　　,'学校／数学初,'　,'　　　,'小学校　　,'1,'24
'1285,'30,'71,'0,'0,'303,'三重大　　　　,'教育　　,'学校／数学中,'　,'　　　,'中高－数学,'1,'24
'1285,'46,'00,'0,'0,'552,'三重大　　　　,'工　　　,'　　　　　　,'　,'　　　,'電気・電子,'0,'24
'1285,'46,'08,'0,'0,'551,'三重大　　　　,'工　　　,'総合／機械工,'　,'　　　,'機械工学　,'1,'24
'1285,'46,'09,'0,'0,'552,'三重大　　　　,'工　　　,'総合／電気電,'　,'　　　,'電気・電子,'1,'24
'1285,'46,'10,'0,'0,'555,'三重大　　　　,'工　　　,'総合／応用化,'　,'　　　,'応用化学　,'1,'24
'1285,'46,'11,'0,'0,'554,'三重大　　　　,'工　　　,'総合／建築学,'　,'　　　,'建築・土木,'1,'24
'1285,'46,'12,'0,'0,'553,'三重大　　　　,'工　　　,'総合／情報工,'　,'　　　,'情報工学　,'1,'24
'1285,'46,'13,'0,'0,'552,'三重大　　　　,'工　　　,'総合／電子情,'　,'　　　,'電気・電子,'1,'24
'1285,'55,'00,'0,'0,'601,'三重大　　　　,'医　　　,'　　　　　　,'　,'　　　,'医　　　　,'0,'24
'1285,'55,'01,'0,'0,'601,'三重大　　　　,'医　　　,'医　　　　　,'　,'　　　,'医　　　　,'1,'24
'1285,'55,'02,'0,'0,'651,'三重大　　　　,'医　　　,'看護　　　　,'　,'　　　,'看護　　　,'1,'24
'1285,'74,'00,'0,'0,'708,'三重大　　　　,'生物資源,'　　　　　　,'　,'　　　,'水産学　　,'0,'24
'1285,'74,'07,'0,'0,'564,'三重大　　　　,'生物資源,'生物／生物資,'　,'　　　,'生物工学　,'1,'24
'1285,'74,'08,'0,'0,'701,'三重大　　　　,'生物資源,'生物／農林環,'　,'　　　,'農学　　　,'1,'24
'1285,'74,'09,'0,'0,'708,'三重大　　　　,'生物資源,'生物／海洋生,'　,'　　　,'水産学　　,'1,'24
'1285,'74,'10,'0,'0,'564,'三重大　　　　,'生物資源,'生物／生命化,'　,'　　　,'生物工学　,'1,'24
'1290,'18,'00,'0,'0,'221,'滋賀大　　　　,'経済　　,'　　　　　　,'　,'　　　,'経済学　　,'0,'25
'1290,'18,'07,'0,'0,'221,'滋賀大　　　　,'経済　　,'総合経済　　,'　,'　　　,'経済学　　,'1,'25
'1290,'30,'00,'0,'0,'301,'滋賀大　　　　,'教育　　,'　　　　　　,'　,'　　　,'小学校　　,'0,'25
'1290,'30,'38,'0,'0,'301,'滋賀大　　　　,'教育　　,'学校／障害児,'　,'　　　,'小学校　　,'1,'25
'1290,'30,'56,'0,'0,'301,'滋賀大　　　　,'教育　　,'学校教育　　,'　,'　　　,'小学校　　,'1,'25
'1290,'37,'00,'0,'0,'752,'滋賀大　　　　,'データサ,'　　　　　　,'　,'　　　,'総合情報学,'0,'25
'1290,'37,'01,'0,'0,'752,'滋賀大　　　　,'データサ,'データサイエ,'　,'　　　,'総合情報学,'1,'25
'1295,'55,'00,'0,'0,'601,'滋賀医大　　　,'医　　　,'　　　　　　,'　,'　　　,'医　　　　,'0,'25
'1295,'55,'01,'0,'0,'601,'滋賀医大　　　,'医　　　,'医　　　　　,'　,'　　　,'医　　　　,'1,'25
'1295,'55,'02,'0,'0,'651,'滋賀医大　　　,'医　　　,'看護　　　　,'　,'　　　,'看護　　　,'1,'25
'1300,'01,'00,'0,'0,'101,'京都大　　　　,'文　　　,'　　　　　　,'　,'　　　,'日本文学　,'0,'26
'1300,'01,'01,'0,'0,'101,'京都大　　　　,'文　　　,'人文　　　　,'　,'　　　,'日本文学　,'1,'26
'1300,'12,'00,'0,'0,'201,'京都大　　　　,'法　　　,'　　　　　　,'　,'　　　,'法学　　　,'1,'26
'1300,'18,'00,'0,'0,'221,'京都大　　　　,'経済　　,'　　　　　　,'　,'　　　,'経済学　　,'0,'26
'1300,'18,'03,'0,'0,'221,'京都大　　　　,'経済　　,'経済経営　　,'　,'　　　,'経済学　　,'1,'26
'1300,'30,'00,'0,'0,'105,'京都大　　　　,'教育　　,'　　　　　　,'　,'　　　,'心理学　　,'0,'26
'1300,'30,'04,'0,'0,'105,'京都大　　　　,'教育　　,'教育科学　　,'　,'　　　,'心理学　　,'1,'26
'1300,'37,'00,'0,'0,'106,'京都大　　　　,'総合人間,'　　　　　　,'　,'　　　,'文化学　　,'0,'26
'1300,'37,'07,'0,'0,'106,'京都大　　　　,'総合人間,'総合人間　　,'　,'　　　,'文化学　　,'1,'26
'1300,'42,'00,'0,'0,'501,'京都大　　　　,'理　　　,'　　　　　　,'　,'　　　,'数学　　　,'0,'26
'1300,'42,'01,'0,'0,'501,'京都大　　　　,'理　　　,'理　　　　　,'　,'　　　,'数学　　　,'1,'26
'1300,'46,'00,'0,'0,'554,'京都大　　　　,'工　　　,'　　　　　　,'　,'　　　,'建築・土木,'0,'26
'1300,'46,'02,'0,'0,'554,'京都大　　　　,'工　　　,'建築　　　　,'　,'　　　,'建築・土木,'1,'26
'1300,'46,'04,'0,'0,'555,'京都大　　　　,'工　　　,'理工化　　　,'　,'　　　,'応用化学　,'1,'26
'1300,'46,'07,'0,'0,'506,'京都大　　　　,'工　　　,'情報　　　　,'　,'　　　,'情報科学　,'1,'26
'1300,'46,'09,'0,'0,'552,'京都大　　　　,'工　　　,'電気電子工　,'　,'　　　,'電気・電子,'1,'26
'1300,'46,'11,'0,'0,'551,'京都大　　　　,'工　　　,'物理工　　　,'　,'　　　,'機械工学　,'1,'26
'1300,'46,'12,'0,'0,'554,'京都大　　　　,'工　　　,'地球工　　　,'　,'　　　,'建築・土木,'1,'26
'1300,'55,'00,'0,'0,'601,'京都大　　　　,'医　　　,'　　　　　　,'　,'　　　,'医　　　　,'0,'26
'1300,'55,'01,'0,'0,'601,'京都大　　　　,'医　　　,'医　　　　　,'　,'　　　,'医　　　　,'1,'26
'1300,'55,'02,'0,'0,'651,'京都大　　　　,'医　　　,'人間健康科学,'　,'　　　,'看護　　　,'1,'26
'1300,'61,'00,'0,'0,'621,'京都大　　　　,'薬　　　,'　　　　　　,'　,'　　　,'薬　　　　,'1,'26
'1300,'72,'00,'0,'0,'703,'京都大　　　　,'農　　　,'　　　　　　,'　,'　　　,'農芸化学　,'0,'26
'1300,'72,'11,'0,'0,'701,'京都大　　　　,'農　　　,'資源生物科学,'　,'　　　,'農学　　　,'1,'26
'1300,'72,'12,'0,'0,'703,'京都大　　　　,'農　　　,'応用生命科学,'　,'　　　,'農芸化学　,'1,'26
'1300,'72,'13,'0,'0,'704,'京都大　　　　,'農　　　,'地域環境工　,'　,'　　　,'農業工学・,'1,'26
'1300,'72,'14,'0,'0,'707,'京都大　　　　,'農　　　,'食料・環境経,'　,'　　　,'農業経済学,'1,'26
'1300,'72,'15,'0,'0,'702,'京都大　　　　,'農　　　,'森林科学　　,'　,'　　　,'森林科学　,'1,'26
'1300,'72,'16,'0,'0,'703,'京都大　　　　,'農　　　,'食品生物科学,'　,'　　　,'農芸化学　,'1,'26
'1305,'30,'00,'0,'0,'301,'京都教育大　　,'教育　　,'　　　　　　,'　,'　　　,'小学校　　,'0,'26
'1305,'30,'81,'0,'0,'105,'京都教育大　　,'教育　　,'学校／教育学,'　,'　　　,'心理学　　,'1,'26
'1305,'30,'82,'0,'0,'301,'京都教育大　　,'教育　　,'学校／幼児教,'　,'　　　,'小学校　　,'1,'26
'1305,'30,'83,'0,'0,'301,'京都教育大　　,'教育　　,'学校／発達障,'　,'　　　,'小学校　　,'1,'26
'1305,'30,'84,'0,'0,'301,'京都教育大　　,'教育　　,'学校／国語　,'　,'　　　,'小学校　　,'1,'26
'1305,'30,'85,'0,'0,'301,'京都教育大　　,'教育　　,'学校／社会　,'　,'　　　,'小学校　　,'1,'26
'1305,'30,'86,'0,'0,'301,'京都教育大　　,'教育　　,'学校／英語　,'　,'　　　,'小学校　　,'1,'26
'1305,'30,'87,'0,'0,'301,'京都教育大　　,'教育　　,'学校／数学　,'　,'　　　,'小学校　　,'1,'26
'1305,'30,'88,'0,'0,'301,'京都教育大　　,'教育　　,'学校／理科　,'　,'　　　,'小学校　　,'1,'26
'1305,'30,'89,'0,'0,'301,'京都教育大　　,'教育　　,'学校／技術　,'　,'　　　,'小学校　　,'1,'26
'1305,'30,'90,'0,'0,'301,'京都教育大　　,'教育　　,'学校／家庭　,'　,'　　　,'小学校　　,'1,'26
'1305,'30,'91,'0,'0,'301,'京都教育大　　,'教育　　,'学校／美術　,'　,'　　　,'小学校　　,'1,'26
'1305,'30,'92,'0,'0,'301,'京都教育大　　,'教育　　,'学校／書道　,'　,'　　　,'小学校　　,'1,'26
'1305,'30,'93,'0,'0,'301,'京都教育大　　,'教育　　,'学校／音楽　,'　,'　　　,'小学校　　,'1,'26
'1305,'30,'94,'0,'0,'301,'京都教育大　　,'教育　　,'学校／体育　,'　,'　　　,'小学校　　,'1,'26
'1310,'49,'00,'0,'0,'564,'京都工芸繊維大,'工芸科学,'　　　　　　,'　,'　　　,'生物工学　,'0,'26
'1310,'49,'19,'0,'0,'564,'京都工芸繊維大,'工芸科学,'生物／一般プ,'　,'　　　,'生物工学　,'1,'26
'1310,'49,'20,'0,'0,'555,'京都工芸繊維大,'工芸科学,'化学／一般プ,'　,'　　　,'応用化学　,'1,'26
'1310,'49,'21,'0,'0,'552,'京都工芸繊維大,'工芸科学,'電子／一般プ,'　,'　　　,'電気・電子,'1,'26
'1310,'49,'22,'0,'0,'553,'京都工芸繊維大,'工芸科学,'情報／一般プ,'　,'　　　,'情報工学　,'1,'26
'1310,'49,'23,'0,'0,'551,'京都工芸繊維大,'工芸科学,'機械／一般プ,'　,'　　　,'機械工学　,'1,'26
'1310,'49,'25,'0,'0,'554,'京都工芸繊維大,'工芸科学,'デザ／一般プ,'　,'　　　,'建築・土木,'1,'26
'1310,'49,'26,'0,'0,'564,'京都工芸繊維大,'工芸科学,'生物／地域創,'　,'　　　,'生物工学　,'1,'26
'1310,'49,'27,'0,'0,'555,'京都工芸繊維大,'工芸科学,'化学／地域創,'　,'　　　,'応用化学　,'1,'26
'1310,'49,'28,'0,'0,'552,'京都工芸繊維大,'工芸科学,'電子／地域創,'　,'　　　,'電気・電子,'1,'26
'1310,'49,'29,'0,'0,'553,'京都工芸繊維大,'工芸科学,'情報／地域創,'　,'　　　,'情報工学　,'1,'26
'1310,'49,'30,'0,'0,'551,'京都工芸繊維大,'工芸科学,'機械／地域創,'　,'　　　,'機械工学　,'1,'26
'1310,'49,'32,'0,'0,'554,'京都工芸繊維大,'工芸科学,'デザ／地域創,'　,'　　　,'建築・土木,'1,'26
'1315,'01,'00,'0,'0,'101,'大阪大　　　　,'文　　　,'　　　　　　,'　,'　　　,'日本文学　,'0,'27
'1315,'01,'01,'0,'0,'101,'大阪大　　　　,'文　　　,'人文　　　　,'　,'　　　,'日本文学　,'1,'27
'1315,'08,'00,'0,'0,'161,'大阪大　　　　,'外国語　,'　　　　　　,'　,'　　　,'東南アジア,'0,'27
'1315,'08,'02,'0,'0,'152,'大阪大　　　　,'外国語　,'外国／中国語,'　,'　　　,'中国語　　,'1,'27
'1315,'08,'03,'0,'0,'158,'大阪大　　　　,'外国語　,'外国／朝鮮語,'　,'　　　,'韓国語（朝,'1,'27
'1315,'08,'04,'0,'0,'165,'大阪大　　　　,'外国語　,'外国／モンゴ,'　,'　　　,'その他語学,'1,'27
'1315,'08,'05,'0,'0,'161,'大阪大　　　　,'外国語　,'外国／インド,'　,'　　　,'東南アジア,'1,'27
'1315,'08,'06,'0,'0,'161,'大阪大　　　　,'外国語　,'外国／フィリ,'　,'　　　,'東南アジア,'1,'27
'1315,'08,'07,'0,'0,'161,'大阪大　　　　,'外国語　,'外国／タイ語,'　,'　　　,'東南アジア,'1,'27
'1315,'08,'08,'0,'0,'161,'大阪大　　　　,'外国語　,'外国／ベトナ,'　,'　　　,'東南アジア,'1,'27
'1315,'08,'09,'0,'0,'161,'大阪大　　　　,'外国語　,'外国／ビルマ,'　,'　　　,'東南アジア,'1,'27
'1315,'08,'10,'0,'0,'165,'大阪大　　　　,'外国語　,'外国／ヒンデ,'　,'　　　,'その他語学,'1,'27
'1315,'08,'11,'0,'0,'165,'大阪大　　　　,'外国語　,'外国／ウルド,'　,'　　　,'その他語学,'1,'27
'1315,'08,'12,'0,'0,'162,'大阪大　　　　,'外国語　,'外国／アラビ,'　,'　　　,'中近東圏・,'1,'27
'1315,'08,'13,'0,'0,'162,'大阪大　　　　,'外国語　,'外国／ペルシ,'　,'　　　,'中近東圏・,'1,'27
'1315,'08,'14,'0,'0,'162,'大阪大　　　　,'外国語　,'外国／トルコ,'　,'　　　,'中近東圏・,'1,'27
'1315,'08,'15,'0,'0,'163,'大阪大　　　　,'外国語　,'外国／スワヒ,'　,'　　　,'アフリカ圏,'1,'27
'1315,'08,'16,'0,'0,'156,'大阪大　　　　,'外国語　,'外国／ロシア,'　,'　　　,'ロシア語　,'1,'27
'1315,'08,'17,'0,'0,'164,'大阪大　　　　,'外国語　,'外国／ハンガ,'　,'　　　,'ヨーロッパ,'1,'27
'1315,'08,'18,'0,'0,'164,'大阪大　　　　,'外国語　,'外国／デンマ,'　,'　　　,'ヨーロッパ,'1,'27
'1315,'08,'19,'0,'0,'164,'大阪大　　　　,'外国語　,'外国／スウェ,'　,'　　　,'ヨーロッパ,'1,'27
'1315,'08,'20,'0,'0,'157,'大阪大　　　　,'外国語　,'外国／ドイツ,'　,'　　　,'ドイツ語　,'1,'27
'1315,'08,'21,'0,'0,'151,'大阪大　　　　,'外国語　,'外国／英語　,'　,'　　　,'英米語　　,'1,'27
'1315,'08,'22,'0,'0,'153,'大阪大　　　　,'外国語　,'外国／フラン,'　,'　　　,'フランス語,'1,'27
'1315,'08,'23,'0,'0,'154,'大阪大　　　　,'外国語　,'外国／イタリ,'　,'　　　,'イタリア語,'1,'27
'1315,'08,'24,'0,'0,'155,'大阪大　　　　,'外国語　,'外国／スペイ,'　,'　　　,'スペイン語,'1,'27
'1315,'08,'25,'0,'0,'159,'大阪大　　　　,'外国語　,'外国／ポルト,'　,'　　　,'ポルトガル,'1,'27
'1315,'08,'26,'0,'0,'160,'大阪大　　　　,'外国語　,'外国／日本語,'　,'　　　,'日本語　　,'1,'27
'1315,'12,'00,'0,'0,'202,'大阪大　　　　,'法　　　,'　　　　　　,'　,'　　　,'政治学　　,'0,'27
'1315,'12,'01,'0,'0,'201,'大阪大　　　　,'法　　　,'法　　　　　,'　,'　　　,'法学　　　,'1,'27
'1315,'12,'02,'0,'0,'202,'大阪大　　　　,'法　　　,'国際公共政策,'　,'　　　,'政治学　　,'1,'27
'1315,'18,'00,'0,'0,'221,'大阪大　　　　,'経済　　,'　　　　　　,'　,'　　　,'経済学　　,'0,'27
'1315,'18,'03,'0,'0,'221,'大阪大　　　　,'経済　　,'経済・経営　,'　,'　　　,'経済学　　,'1,'27
'1315,'37,'00,'0,'0,'751,'大阪大　　　　,'人間科学,'　　　　　　,'　,'　　　,'人間科学　,'0,'27
'1315,'37,'01,'0,'0,'751,'大阪大　　　　,'人間科学,'人間科学　　,'　,'　　　,'人間科学　,'1,'27
'1315,'42,'00,'0,'0,'504,'大阪大　　　　,'理　　　,'　　　　　　,'　,'　　　,'生物学　　,'0,'27
'1315,'42,'01,'0,'0,'503,'大阪大　　　　,'理　　　,'化学　　　　,'　,'　　　,'化学　　　,'1,'27
'1315,'42,'03,'0,'0,'501,'大阪大　　　　,'理　　　,'数学　　　　,'　,'　　　,'数学　　　,'1,'27
'1315,'42,'05,'0,'0,'502,'大阪大　　　　,'理　　　,'物理　　　　,'　,'　　　,'物理学　　,'1,'27
'1315,'42,'06,'0,'0,'504,'大阪大　　　　,'理　　　,'生物／生物科,'　,'　　　,'生物学　　,'1,'27
'1315,'42,'07,'0,'0,'504,'大阪大　　　　,'理　　　,'生物／生命理,'　,'　　　,'生物学　　,'1,'27
'1315,'46,'00,'0,'0,'554,'大阪大　　　　,'工　　　,'　　　　　　,'　,'　　　,'建築・土木,'0,'27
'1315,'46,'02,'0,'0,'555,'大阪大　　　　,'工　　　,'応用自然科学,'　,'　　　,'応用化学　,'1,'27
'1315,'46,'15,'0,'0,'551,'大阪大　　　　,'工　　　,'応用理工　　,'　,'　　　,'機械工学　,'1,'27
'1315,'46,'16,'0,'0,'554,'大阪大　　　　,'工　　　,'地球総合工　,'　,'　　　,'建築・土木,'1,'27
'1315,'46,'17,'0,'0,'552,'大阪大　　　　,'工　　　,'電子情報工　,'　,'　　　,'電気・電子,'1,'27
'1315,'46,'18,'0,'0,'554,'大阪大　　　　,'工　　　,'環境・エネル,'　,'　　　,'建築・土木,'1,'27
'1315,'47,'00,'0,'0,'507,'大阪大　　　　,'基礎工　,'　　　　　　,'　,'　　　,'総合理学　,'0,'27
'1315,'47,'05,'0,'0,'501,'大阪大　　　　,'基礎工　,'情報科学　　,'　,'　　　,'数学　　　,'1,'27
'1315,'47,'09,'0,'0,'507,'大阪大　　　　,'基礎工　,'化学応用科学,'　,'　　　,'総合理学　,'1,'27
'1315,'47,'10,'0,'0,'507,'大阪大　　　　,'基礎工　,'システム科学,'　,'　　　,'総合理学　,'1,'27
'1315,'47,'11,'0,'0,'502,'大阪大　　　　,'基礎工　,'電子物理科学,'　,'　　　,'物理学　　,'1,'27
'1315,'55,'00,'0,'0,'601,'大阪大　　　　,'医　　　,'　　　　　　,'　,'　　　,'医　　　　,'0,'27
'1315,'55,'01,'0,'0,'601,'大阪大　　　　,'医　　　,'医　　　　　,'　,'　　　,'医　　　　,'1,'27
'1315,'55,'02,'0,'0,'651,'大阪大　　　　,'医　　　,'保健／看護学,'　,'　　　,'看護　　　,'1,'27
'1315,'55,'03,'0,'0,'658,'大阪大　　　　,'医　　　,'保健／検査技,'　,'　　　,'検査技術　,'1,'27
'1315,'55,'04,'0,'0,'657,'大阪大　　　　,'医　　　,'保健／放射線,'　,'　　　,'放射線技術,'1,'27
'1315,'58,'00,'0,'0,'611,'大阪大　　　　,'歯　　　,'　　　　　　,'　,'　　　,'歯　　　　,'0,'27
'1315,'58,'01,'0,'0,'611,'大阪大　　　　,'歯　　　,'歯　　　　　,'　,'　　　,'歯　　　　,'1,'27
'1315,'61,'00,'0,'0,'621,'大阪大　　　　,'薬　　　,'　　　　　　,'　,'　　　,'薬　　　　,'0,'27
'1315,'61,'03,'0,'0,'621,'大阪大　　　　,'薬　　　,'薬　　　　　,'　,'　　　,'薬　　　　,'1,'27
'1325,'30,'00,'0,'0,'301,'大阪教育大　　,'教育　　,'　　　　　　,'　,'　　　,'小学校　　,'0,'27
'1325,'30,'21,'0,'0,'301,'大阪教育大　　,'教育　　,'学校／特別支,'　,'　　　,'小学校　　,'1,'27
'1325,'30,'30,'0,'0,'106,'大阪教育大　　,'教育　　,'教育／国際協,'　,'　　　,'文化学　　,'1,'27
'1325,'30,'31,'0,'0,'106,'大阪教育大　　,'教育　　,'教育／日本語,'　,'　　　,'文化学　　,'1,'27
'1325,'30,'34,'0,'0,'312,'大阪教育大　　,'教育　　,'学校／幼児教,'　,'　　　,'幼稚園　　,'1,'27
'1325,'30,'36,'0,'0,'301,'大阪教育大　　,'教育　　,'学校／小学校,'　,'　　　,'小学校　　,'1,'27
'1325,'30,'37,'0,'0,'301,'大阪教育大　　,'教育　　,'学校／教育探,'　,'　　　,'小学校　　,'1,'27
'1325,'30,'39,'0,'0,'315,'大阪教育大　　,'教育　　,'学校／ＩＣＴ,'　,'　　　,'その他教員,'1,'27
'1325,'30,'41,'0,'0,'301,'大阪教育大　　,'教育　　,'学校／国語　,'　,'　　　,'小学校　　,'1,'27
'1325,'30,'42,'0,'0,'301,'大阪教育大　　,'教育　　,'学校／英語　,'　,'　　　,'小学校　　,'1,'27
'1325,'30,'43,'0,'0,'314,'大阪教育大　　,'教育　　,'養護教諭　　,'　,'　　　,'養護　　　,'1,'27
'1325,'30,'45,'0,'0,'316,'大阪教育大　　,'教育　　,'教育／数理知,'　,'　　　,'０免課程　,'1,'27
'1325,'30,'47,'0,'0,'301,'大阪教育大　　,'教育　　,'学校／社会科,'　,'　　　,'小学校　　,'1,'27
'1325,'30,'48,'0,'0,'301,'大阪教育大　　,'教育　　,'学校／数学　,'　,'　　　,'小学校　　,'1,'27
'1325,'30,'49,'0,'0,'301,'大阪教育大　　,'教育　　,'学校／理科　,'　,'　　　,'小学校　　,'1,'27
'1325,'30,'50,'0,'0,'301,'大阪教育大　　,'教育　　,'学校／技術　,'　,'　　　,'小学校　　,'1,'27
'1325,'30,'51,'0,'0,'301,'大阪教育大　　,'教育　　,'学校／家政　,'　,'　　　,'小学校　　,'1,'27
'1325,'30,'52,'0,'0,'301,'大阪教育大　　,'教育　　,'学校／保健体,'　,'　　　,'小学校　　,'1,'27
'1325,'30,'53,'0,'0,'301,'大阪教育大　　,'教育　　,'学校／音楽　,'　,'　　　,'小学校　　,'1,'27
'1325,'30,'54,'0,'0,'301,'大阪教育大　　,'教育　　,'学校／美・書,'　,'　　　,'小学校　　,'1,'27
'1325,'30,'61,'0,'0,'316,'大阪教育大　　,'教育　　,'教育／環境安,'　,'　　　,'０免課程　,'1,'27
'1325,'30,'62,'0,'0,'105,'大阪教育大　　,'教育　　,'教育／心理科,'　,'　　　,'心理学　　,'1,'27
'1325,'30,'63,'0,'0,'316,'大阪教育大　　,'教育　　,'教育／スポー,'　,'　　　,'０免課程　,'1,'27
'1325,'30,'64,'0,'0,'316,'大阪教育大　　,'教育　　,'教育／芸術表,'　,'　　　,'０免課程　,'1,'27
'1325,'31,'00,'0,'0,'301,'大阪教育大　　,'教育夜　,'　　　　　　,'　,'　　　,'小学校　　,'0,'27
'1325,'31,'02,'0,'0,'301,'大阪教育大　　,'教育夜　,'学校／小学校,'　,'　　　,'小学校　　,'1,'27
'1330,'01,'00,'0,'0,'101,'神戸大　　　　,'文　　　,'　　　　　　,'　,'　　　,'日本文学　,'0,'28
'1330,'01,'04,'0,'0,'101,'神戸大　　　　,'文　　　,'人文　　　　,'　,'　　　,'日本文学　,'1,'28
'1330,'12,'00,'0,'0,'201,'神戸大　　　　,'法　　　,'　　　　　　,'　,'　　　,'法学　　　,'0,'28
'1330,'12,'01,'0,'0,'201,'神戸大　　　　,'法　　　,'法律　　　　,'　,'　　　,'法学　　　,'1,'28
'1330,'18,'00,'0,'0,'221,'神戸大　　　　,'経済　　,'　　　　　　,'　,'　　　,'経済学　　,'0,'28
'1330,'18,'01,'0,'0,'221,'神戸大　　　　,'経済　　,'経済　　　　,'　,'　　　,'経済学　　,'1,'28
'1330,'19,'00,'0,'0,'222,'神戸大　　　　,'経営　　,'　　　　　　,'　,'　　　,'経営学・商,'0,'28
'1330,'19,'02,'0,'0,'222,'神戸大　　　　,'経営　　,'経営　　　　,'　,'　　　,'経営学・商,'1,'28
'1330,'34,'00,'0,'0,'261,'神戸大　　　　,'国際人間,'　　　　　　,'　,'　　　,'国際関係学,'0,'28
'1330,'34,'01,'0,'0,'261,'神戸大　　　　,'国際人間,'グローバル文,'　,'　　　,'国際関係学,'1,'28
'1330,'34,'02,'0,'0,'751,'神戸大　　　　,'国際人間,'発達コミュニ,'　,'　　　,'人間科学　,'1,'28
'1330,'34,'03,'0,'0,'301,'神戸大　　　　,'国際人間,'子ども教育　,'　,'　　　,'小学校　　,'1,'28
'1330,'34,'04,'0,'0,'753,'神戸大　　　　,'国際人間,'環境共生　　,'　,'　　　,'総合科学　,'1,'28
'1330,'42,'00,'0,'0,'501,'神戸大　　　　,'理　　　,'　　　　　　,'　,'　　　,'数学　　　,'0,'28
'1330,'42,'01,'0,'0,'503,'神戸大　　　　,'理　　　,'化学　　　　,'　,'　　　,'化学　　　,'1,'28
'1330,'42,'02,'0,'0,'501,'神戸大　　　　,'理　　　,'数学　　　　,'　,'　　　,'数学　　　,'1,'28
'1330,'42,'03,'0,'0,'504,'神戸大　　　　,'理　　　,'生物　　　　,'　,'　　　,'生物学　　,'1,'28
'1330,'42,'04,'0,'0,'505,'神戸大　　　　,'理　　　,'惑星　　　　,'　,'　　　,'地球科学　,'1,'28
'1330,'42,'05,'0,'0,'502,'神戸大　　　　,'理　　　,'物理　　　　,'　,'　　　,'物理学　　,'1,'28
'1330,'46,'00,'0,'0,'554,'神戸大　　　　,'工　　　,'　　　　　　,'　,'　　　,'建築・土木,'0,'28
'1330,'46,'01,'0,'0,'555,'神戸大　　　　,'工　　　,'応用化　　　,'　,'　　　,'応用化学　,'1,'28
'1330,'46,'02,'0,'0,'551,'神戸大　　　　,'工　　　,'機械工　　　,'　,'　　　,'機械工学　,'1,'28
'1330,'46,'05,'0,'0,'552,'神戸大　　　　,'工　　　,'電気電子工　,'　,'　　　,'電気・電子,'1,'28
'1330,'46,'06,'0,'0,'554,'神戸大　　　　,'工　　　,'建築　　　　,'　,'　　　,'建築・土木,'1,'28
'1330,'46,'07,'0,'0,'554,'神戸大　　　　,'工　　　,'市民工　　　,'　,'　　　,'建築・土木,'1,'28
'1330,'48,'00,'0,'0,'553,'神戸大　　　　,'システム,'　　　　　　,'　,'　　　,'情報工学　,'0,'28
'1330,'48,'01,'0,'0,'553,'神戸大　　　　,'システム,'システム情報,'　,'　　　,'情報工学　,'1,'28
'1330,'55,'00,'0,'0,'551,'神戸大　　　　,'医　　　,'　　　　　　,'　,'　　　,'機械工学　,'0,'28
'1330,'55,'01,'0,'0,'601,'神戸大　　　　,'医　　　,'医　　　　　,'　,'　　　,'医　　　　,'1,'28
'1330,'55,'03,'0,'0,'651,'神戸大　　　　,'医　　　,'保健／看護学,'　,'　　　,'看護　　　,'1,'28
'1330,'55,'04,'0,'0,'658,'神戸大　　　　,'医　　　,'保健／検査技,'　,'　　　,'検査技術　,'1,'28
'1330,'55,'05,'0,'0,'656,'神戸大　　　　,'医　　　,'保健／作業療,'　,'　　　,'作業療法　,'1,'28
'1330,'55,'06,'0,'0,'655,'神戸大　　　　,'医　　　,'保健／理学療,'　,'　　　,'理学療法　,'1,'28
'1330,'55,'07,'0,'0,'551,'神戸大　　　　,'医　　　,'医療創成工　,'　,'　　　,'機械工学　,'1,'28
'1330,'72,'00,'0,'0,'701,'神戸大　　　　,'農　　　,'　　　　　　,'　,'　　　,'農学　　　,'0,'28
'1330,'72,'06,'0,'0,'701,'神戸大　　　　,'農　　　,'食料／生産環,'　,'　　　,'農学　　　,'1,'28
'1330,'72,'07,'0,'0,'707,'神戸大　　　　,'農　　　,'食料／食料環,'　,'　　　,'農業経済学,'1,'28
'1330,'72,'08,'0,'0,'709,'神戸大　　　　,'農　　　,'資源／応用動,'　,'　　　,'畜産学　　,'1,'28
'1330,'72,'09,'0,'0,'701,'神戸大　　　　,'農　　　,'資源／応用植,'　,'　　　,'農学　　　,'1,'28
'1330,'72,'10,'0,'0,'703,'神戸大　　　　,'農　　　,'生命／応用生,'　,'　　　,'農芸化学　,'1,'28
'1330,'72,'11,'0,'0,'703,'神戸大　　　　,'農　　　,'生命／応用機,'　,'　　　,'農芸化学　,'1,'28
'1330,'74,'00,'0,'0,'559,'神戸大　　　　,'海洋政策,'　　　　　　,'　,'　　　,'商船学　　,'0,'28
'1330,'74,'01,'0,'0,'559,'神戸大　　　　,'海洋政策,'海洋政策科学,'　,'　　　,'商船学　　,'1,'28
'1340,'31,'00,'0,'0,'301,'兵庫教育大　　,'学校教育,'　　　　　　,'　,'　　　,'小学校　　,'0,'28
'1340,'31,'01,'0,'0,'301,'兵庫教育大　　,'学校教育,'学校教育　　,'　,'　　　,'小学校　　,'1,'28
'1345,'30,'00,'0,'0,'301,'奈良教育大　　,'教育　　,'　　　　　　,'　,'　　　,'小学校　　,'0,'29
'1345,'30,'68,'0,'0,'301,'奈良教育大　　,'教育　　,'学校／教育学,'　,'　　　,'小学校　　,'1,'29
'1345,'30,'69,'0,'0,'105,'奈良教育大　　,'教育　　,'学校／心理学,'　,'　　　,'心理学　　,'1,'29
'1345,'30,'70,'0,'0,'312,'奈良教育大　　,'教育　　,'学校／幼年教,'　,'　　　,'幼稚園　　,'1,'29
'1345,'30,'71,'0,'0,'313,'奈良教育大　　,'教育　　,'学校／特別支,'　,'　　　,'特別支援教,'1,'29
'1345,'30,'72,'0,'0,'301,'奈良教育大　　,'教育　　,'学校／国語初,'　,'　　　,'小学校　　,'1,'29
'1345,'30,'73,'0,'0,'302,'奈良教育大　　,'教育　　,'学校／国語中,'　,'　　　,'中高－国語,'1,'29
'1345,'30,'74,'0,'0,'301,'奈良教育大　　,'教育　　,'学校／社会初,'　,'　　　,'小学校　　,'1,'29
'1345,'30,'75,'0,'0,'305,'奈良教育大　　,'教育　　,'学校／社会中,'　,'　　　,'中高－社会,'1,'29
'1345,'30,'76,'0,'0,'301,'奈良教育大　　,'教育　　,'学校／数学初,'　,'　　　,'小学校　　,'1,'29
'1345,'30,'77,'0,'0,'303,'奈良教育大　　,'教育　　,'学校／数学中,'　,'　　　,'中高－数学,'1,'29
'1345,'30,'78,'0,'0,'301,'奈良教育大　　,'教育　　,'学校／理科初,'　,'　　　,'小学校　　,'1,'29
'1345,'30,'79,'0,'0,'306,'奈良教育大　　,'教育　　,'学校／理科中,'　,'　　　,'中高－理科,'1,'29
'1345,'30,'84,'0,'0,'301,'奈良教育大　　,'教育　　,'学校／保体初,'　,'　　　,'小学校　　,'1,'29
'1345,'30,'85,'0,'0,'311,'奈良教育大　　,'教育　　,'学校／保体中,'　,'　　　,'中高－体育,'1,'29
'1345,'30,'86,'0,'0,'301,'奈良教育大　　,'教育　　,'学校／家庭初,'　,'　　　,'小学校　　,'1,'29
'1345,'30,'87,'0,'0,'308,'奈良教育大　　,'教育　　,'学校／家庭中,'　,'　　　,'中高－家庭,'1,'29
'1345,'30,'88,'0,'0,'307,'奈良教育大　　,'教育　　,'学校／技術中,'　,'　　　,'中高－技術,'1,'29
'1345,'30,'89,'0,'0,'304,'奈良教育大　　,'教育　　,'学校／英語中,'　,'　　　,'中高－英語,'1,'29
'1345,'30,'90,'0,'0,'315,'奈良教育大　　,'教育　　,'学校／書道教,'　,'　　　,'その他教員,'1,'29
'1345,'30,'91,'0,'0,'111,'奈良教育大　　,'教育　　,'学校／文化遺,'　,'　　　,'考古学・文,'1,'29
'1345,'30,'93,'0,'0,'301,'奈良教育大　　,'教育　　,'学校／音楽教,'　,'　　　,'小学校　　,'1,'29
'1345,'30,'94,'0,'0,'301,'奈良教育大　　,'教育　　,'学校／美術教,'　,'　　　,'小学校　　,'1,'29
'1350,'01,'00,'0,'0,'101,'奈良女子大　　,'文　　　,'　　　　　　,'　,'　　　,'日本文学　,'1,'29
'1350,'42,'00,'0,'0,'501,'奈良女子大　　,'理　　　,'　　　　　　,'　,'　　　,'数学　　　,'0,'29
'1350,'42,'06,'0,'0,'501,'奈良女子大　　,'理　　　,'数物科学　　,'　,'　　　,'数学　　　,'1,'29
'1350,'42,'08,'0,'0,'503,'奈良女子大　　,'理　　　,'化学／化学　,'　,'　　　,'化学　　　,'1,'29
'1350,'42,'09,'0,'0,'504,'奈良女子大　　,'理　　　,'化学／生物科,'　,'　　　,'生物学　　,'1,'29
'1350,'42,'10,'0,'0,'507,'奈良女子大　　,'理　　　,'化学／環境科,'　,'　　　,'総合理学　,'1,'29
'1350,'46,'00,'0,'0,'551,'奈良女子大　　,'工　　　,'　　　　　　,'　,'　　　,'機械工学　,'0,'29
'1350,'46,'01,'0,'0,'551,'奈良女子大　　,'工　　　,'工　　　　　,'　,'　　　,'機械工学　,'1,'29
'1350,'79,'00,'0,'0,'401,'奈良女子大　　,'生活環境,'　　　　　　,'　,'　　　,'生活科学　,'0,'29
'1350,'79,'07,'0,'0,'402,'奈良女子大　　,'生活環境,'食物栄養　　,'　,'　　　,'食物・栄養,'1,'29
'1350,'79,'09,'0,'0,'405,'奈良女子大　　,'生活環境,'住環境　　　,'　,'　　　,'住居学　　,'1,'29
'1350,'79,'13,'0,'0,'105,'奈良女子大　　,'生活環境,'心身健康　　,'　,'　　　,'心理学　　,'1,'29
'1350,'79,'19,'0,'0,'401,'奈良女子大　　,'生活環境,'文化／生活文,'　,'　　　,'生活科学　,'1,'29
'1350,'79,'20,'0,'0,'506,'奈良女子大　　,'生活環境,'文化／生活情,'　,'　　　,'情報科学　,'1,'29
'1355,'18,'00,'0,'0,'201,'和歌山大　　　,'経済　　,'　　　　　　,'　,'　　　,'法学　　　,'0,'30
'1355,'18,'06,'0,'0,'201,'和歌山大　　　,'経済　　,'経済　　　　,'　,'　　　,'法学　　　,'1,'30
'1355,'27,'00,'0,'0,'106,'和歌山大　　　,'観光　　,'　　　　　　,'　,'　　　,'文化学　　,'0,'30
'1355,'27,'01,'0,'0,'106,'和歌山大　　　,'観光　　,'観光　　　　,'　,'　　　,'文化学　　,'1,'30
'1355,'30,'00,'0,'0,'301,'和歌山大　　　,'教育　　,'　　　　　　,'　,'　　　,'小学校　　,'0,'30
'1355,'30,'50,'0,'0,'105,'和歌山大　　　,'教育　　,'学校／文科系,'　,'　　　,'心理学　　,'1,'30
'1355,'30,'51,'0,'0,'105,'和歌山大　　　,'教育　　,'学校／理科系,'　,'　　　,'心理学　　,'1,'30
'1355,'30,'52,'0,'0,'301,'和歌山大　　　,'教育　　,'学校／音・美,'　,'　　　,'小学校　　,'1,'30
'1355,'30,'53,'0,'0,'301,'和歌山大　　　,'教育　　,'学校／保健体,'　,'　　　,'小学校　　,'1,'30
'1355,'37,'00,'0,'0,'106,'和歌山大　　　,'社会イン,'　　　　　　,'　,'　　　,'文化学　　,'1,'30
'1355,'47,'00,'0,'0,'551,'和歌山大　　　,'シス工　,'　　　　　　,'　,'　　　,'機械工学　,'0,'30
'1355,'47,'06,'0,'0,'551,'和歌山大　　　,'シス工　,'システム工　,'　,'　　　,'機械工学　,'1,'30
'1360,'27,'00,'0,'0,'106,'鳥取大　　　　,'地域　　,'　　　　　　,'　,'　　　,'文化学　　,'0,'31
'1360,'27,'06,'0,'0,'202,'鳥取大　　　　,'地域　　,'地域／地域創,'　,'　　　,'政治学　　,'1,'31
'1360,'27,'07,'0,'0,'301,'鳥取大　　　　,'地域　　,'地域／人間形,'　,'　　　,'小学校　　,'1,'31
'1360,'27,'08,'0,'0,'106,'鳥取大　　　　,'地域　　,'地域／国際地,'　,'　　　,'文化学　　,'1,'31
'1360,'46,'00,'0,'0,'551,'鳥取大　　　　,'工　　　,'　　　　　　,'　,'　　　,'機械工学　,'0,'31
'1360,'46,'09,'0,'0,'551,'鳥取大　　　　,'工　　　,'機械物理系　,'　,'　　　,'機械工学　,'1,'31
'1360,'46,'10,'0,'0,'552,'鳥取大　　　　,'工　　　,'電気情報系　,'　,'　　　,'電気・電子,'1,'31
'1360,'46,'11,'0,'0,'555,'鳥取大　　　　,'工　　　,'化学バイオ系,'　,'　　　,'応用化学　,'1,'31
'1360,'46,'12,'0,'0,'554,'鳥取大　　　　,'工　　　,'社会システム,'　,'　　　,'建築・土木,'1,'31
'1360,'55,'00,'0,'0,'504,'鳥取大　　　　,'医　　　,'　　　　　　,'　,'　　　,'生物学　　,'0,'31
'1360,'55,'01,'0,'0,'601,'鳥取大　　　　,'医　　　,'医　　　　　,'　,'　　　,'医　　　　,'1,'31
'1360,'55,'02,'0,'0,'504,'鳥取大　　　　,'医　　　,'生命科学　　,'　,'　　　,'生物学　　,'1,'31
'1360,'55,'04,'0,'0,'651,'鳥取大　　　　,'医　　　,'保健／看護学,'　,'　　　,'看護　　　,'1,'31
'1360,'55,'05,'0,'0,'658,'鳥取大　　　　,'医　　　,'保健／検査技,'　,'　　　,'検査技術　,'1,'31
'1360,'72,'00,'0,'0,'701,'鳥取大　　　　,'農　　　,'　　　　　　,'　,'　　　,'農学　　　,'0,'31
'1360,'72,'03,'0,'0,'705,'鳥取大　　　　,'農　　　,'共同獣医　　,'　,'　　　,'獣医学　　,'1,'31
'1360,'72,'04,'0,'0,'701,'鳥取大　　　　,'農　　　,'生命環境農　,'　,'　　　,'農学　　　,'1,'31
'1365,'03,'00,'0,'0,'101,'島根大　　　　,'法文　　,'　　　　　　,'　,'　　　,'日本文学　,'0,'32
'1365,'03,'04,'0,'0,'101,'島根大　　　　,'法文　　,'言語文化　　,'　,'　　　,'日本文学　,'1,'32
'1365,'03,'05,'0,'0,'201,'島根大　　　　,'法文　　,'法経　　　　,'　,'　　　,'法学　　　,'1,'32
'1365,'03,'06,'0,'0,'107,'島根大　　　　,'法文　　,'社会文化　　,'　,'　　　,'西洋史　　,'1,'32
'1365,'30,'00,'0,'0,'301,'島根大　　　　,'教育　　,'　　　　　　,'　,'　　　,'小学校　　,'0,'32
'1365,'30,'53,'0,'0,'301,'島根大　　　　,'教育　　,'学校教育Ⅰ類,'　,'　　　,'小学校　　,'1,'32
'1365,'30,'54,'0,'0,'309,'島根大　　　　,'教育　　,'学校／音楽科,'　,'　　　,'中高－音楽,'1,'32
'1365,'30,'55,'0,'0,'310,'島根大　　　　,'教育　　,'学校／美術科,'　,'　　　,'中高－美術,'1,'32
'1365,'30,'56,'0,'0,'311,'島根大　　　　,'教育　　,'学校／保健体,'　,'　　　,'中高－体育,'1,'32
'1365,'37,'00,'0,'0,'105,'島根大　　　　,'人間科学,'　　　　　　,'　,'　　　,'心理学　　,'0,'32
'1365,'37,'01,'0,'0,'105,'島根大　　　　,'人間科学,'人間科学　　,'　,'　　　,'心理学　　,'1,'32
'1365,'47,'00,'0,'0,'551,'島根大　　　　,'総合理工,'　　　　　　,'　,'　　　,'機械工学　,'0,'32
'1365,'47,'14,'0,'0,'551,'島根大　　　　,'総合理工,'総合理工　　,'　,'　　　,'機械工学　,'1,'32
'1365,'48,'00,'0,'0,'558,'島根大　　　　,'材料エネ,'　　　　　　,'　,'　　　,'金属・材料,'0,'32
'1365,'48,'01,'0,'0,'558,'島根大　　　　,'材料エネ,'材料エネルギ,'　,'　　　,'金属・材料,'1,'32
'1365,'55,'00,'0,'0,'601,'島根大　　　　,'医　　　,'　　　　　　,'　,'　　　,'医　　　　,'0,'32
'1365,'55,'01,'0,'0,'601,'島根大　　　　,'医　　　,'医　　　　　,'　,'　　　,'医　　　　,'1,'32
'1365,'55,'02,'0,'0,'651,'島根大　　　　,'医　　　,'看護　　　　,'　,'　　　,'看護　　　,'1,'32
'1365,'74,'00,'0,'0,'701,'島根大　　　　,'生物資源,'　　　　　　,'　,'　　　,'農学　　　,'0,'32
'1365,'74,'06,'0,'0,'701,'島根大　　　　,'生物資源,'農林生産　　,'　,'　　　,'農学　　　,'1,'32
'1365,'74,'08,'0,'0,'504,'島根大　　　　,'生物資源,'生命科学　　,'　,'　　　,'生物学　　,'1,'32
'1365,'74,'09,'0,'0,'701,'島根大　　　　,'生物資源,'環境共生科学,'　,'　　　,'農学　　　,'1,'32
'1375,'01,'00,'0,'0,'101,'岡山大　　　　,'文　　　,'　　　　　　,'　,'　　　,'日本文学　,'0,'33
'1375,'01,'05,'0,'0,'101,'岡山大　　　　,'文　　　,'人文　　　　,'　,'　　　,'日本文学　,'1,'33
'1375,'12,'00,'0,'0,'201,'岡山大　　　　,'法　　　,'　　　　　　,'　,'　　　,'法学　　　,'0,'33
'1375,'12,'01,'0,'0,'201,'岡山大　　　　,'法　　　,'法　　　　　,'　,'　　　,'法学　　　,'1,'33
'1375,'18,'00,'0,'0,'221,'岡山大　　　　,'経済　　,'　　　　　　,'　,'　　　,'経済学　　,'0,'33
'1375,'18,'01,'0,'0,'221,'岡山大　　　　,'経済　　,'経済　　　　,'　,'　　　,'経済学　　,'1,'33
'1375,'30,'00,'0,'0,'105,'岡山大　　　　,'教育　　,'　　　　　　,'　,'　　　,'心理学　　,'0,'33
'1375,'30,'17,'0,'0,'314,'岡山大　　　　,'教育　　,'養護教諭　　,'　,'　　　,'養護　　　,'1,'33
'1375,'30,'21,'0,'0,'105,'岡山大　　　　,'教育　　,'学校／小学校,'　,'　　　,'心理学　　,'1,'33
'1375,'30,'22,'0,'0,'308,'岡山大　　　　,'教育　　,'学校／中学校,'　,'　　　,'中高－家庭,'1,'33
'1375,'30,'23,'0,'0,'313,'岡山大　　　　,'教育　　,'学校／特別支,'　,'　　　,'特別支援教,'1,'33
'1375,'30,'24,'0,'0,'312,'岡山大　　　　,'教育　　,'学校／幼児教,'　,'　　　,'幼稚園　　,'1,'33
'1375,'42,'00,'0,'0,'501,'岡山大　　　　,'理　　　,'　　　　　　,'　,'　　　,'数学　　　,'0,'33
'1375,'42,'01,'0,'0,'503,'岡山大　　　　,'理　　　,'化学　　　　,'　,'　　　,'化学　　　,'1,'33
'1375,'42,'02,'0,'0,'501,'岡山大　　　　,'理　　　,'数学　　　　,'　,'　　　,'数学　　　,'1,'33
'1375,'42,'03,'0,'0,'504,'岡山大　　　　,'理　　　,'生物　　　　,'　,'　　　,'生物学　　,'1,'33
'1375,'42,'04,'0,'0,'505,'岡山大　　　　,'理　　　,'地球科学　　,'　,'　　　,'地球科学　,'1,'33
'1375,'42,'05,'0,'0,'502,'岡山大　　　　,'理　　　,'物理　　　　,'　,'　　　,'物理学　　,'1,'33
'1375,'46,'00,'0,'0,'553,'岡山大　　　　,'工　　　,'　　　　　　,'　,'　　　,'情報工学　,'0,'33
'1375,'46,'15,'0,'0,'551,'岡山大　　　　,'工　　　,'工／機械シス,'　,'　　　,'機械工学　,'1,'33
'1375,'46,'16,'0,'0,'554,'岡山大　　　　,'工　　　,'工／環境・社,'　,'　　　,'建築・土木,'1,'33
'1375,'46,'17,'0,'0,'501,'岡山大　　　　,'工　　　,'工／情電数理,'　,'　　　,'数学　　　,'1,'33
'1375,'46,'18,'0,'0,'555,'岡山大　　　　,'工　　　,'工／化学・生,'　,'　　　,'応用化学　,'1,'33
'1375,'46,'19,'0,'0,'553,'岡山大　　　　,'工　　　,'工／情報工学,'　,'　　　,'情報工学　,'1,'33
'1375,'55,'00,'0,'0,'601,'岡山大　　　　,'医　　　,'　　　　　　,'　,'　　　,'医　　　　,'0,'33
'1375,'55,'01,'0,'0,'601,'岡山大　　　　,'医　　　,'医　　　　　,'　,'　　　,'医　　　　,'1,'33
'1375,'55,'03,'0,'0,'651,'岡山大　　　　,'医　　　,'保健／看護学,'　,'　　　,'看護　　　,'1,'33
'1375,'55,'04,'0,'0,'657,'岡山大　　　　,'医　　　,'保健／放射線,'　,'　　　,'放射線技術,'1,'33
'1375,'55,'05,'0,'0,'658,'岡山大　　　　,'医　　　,'保健／検査技,'　,'　　　,'検査技術　,'1,'33
'1375,'58,'00,'0,'0,'611,'岡山大　　　　,'歯　　　,'　　　　　　,'　,'　　　,'歯　　　　,'0,'33
'1375,'58,'01,'0,'0,'611,'岡山大　　　　,'歯　　　,'歯　　　　　,'　,'　　　,'歯　　　　,'1,'33
'1375,'61,'00,'0,'0,'621,'岡山大　　　　,'薬　　　,'　　　　　　,'　,'　　　,'薬　　　　,'0,'33
'1375,'61,'01,'0,'0,'621,'岡山大　　　　,'薬　　　,'創薬科学　　,'　,'　　　,'薬　　　　,'1,'33
'1375,'61,'03,'0,'0,'621,'岡山大　　　　,'薬　　　,'薬　　　　　,'　,'　　　,'薬　　　　,'1,'33
'1375,'72,'00,'0,'0,'701,'岡山大　　　　,'農　　　,'　　　　　　,'　,'　　　,'農学　　　,'0,'33
'1375,'72,'01,'0,'0,'701,'岡山大　　　　,'農　　　,'農　　　　　,'　,'　　　,'農学　　　,'1,'33
'1380,'01,'00,'0,'0,'101,'広島大　　　　,'文　　　,'　　　　　　,'　,'　　　,'日本文学　,'0,'34
'1380,'01,'16,'0,'0,'101,'広島大　　　　,'文　　　,'人文　　　　,'　,'　　　,'日本文学　,'1,'34
'1380,'12,'00,'0,'0,'201,'広島大　　　　,'法　　　,'　　　　　　,'　,'　　　,'法学　　　,'0,'34
'1380,'12,'01,'0,'0,'201,'広島大　　　　,'法　　　,'法　　　　　,'　,'　　　,'法学　　　,'1,'34
'1380,'17,'00,'0,'0,'201,'広島大　　　　,'法夜　　,'　　　　　　,'　,'　　　,'法学　　　,'0,'34
'1380,'17,'01,'0,'0,'201,'広島大　　　　,'法夜　　,'法　　　　　,'　,'　　　,'法学　　　,'1,'34
'1380,'18,'00,'0,'0,'221,'広島大　　　　,'経済　　,'　　　　　　,'　,'　　　,'経済学　　,'0,'34
'1380,'18,'01,'0,'0,'221,'広島大　　　　,'経済　　,'経済　　　　,'　,'　　　,'経済学　　,'1,'34
'1380,'24,'00,'0,'0,'221,'広島大　　　　,'経済夜　,'　　　　　　,'　,'　　　,'経済学　　,'0,'34
'1380,'24,'01,'0,'0,'221,'広島大　　　　,'経済夜　,'経済　　　　,'　,'　　　,'経済学　　,'1,'34
'1380,'30,'00,'0,'0,'316,'広島大　　　　,'教育　　,'　　　　　　,'　,'　　　,'０免課程　,'0,'34
'1380,'30,'20,'0,'0,'301,'広島大　　　　,'教育　　,'学校／初等教,'　,'　　　,'小学校　　,'1,'34
'1380,'30,'21,'0,'0,'301,'広島大　　　　,'教育　　,'学校／特別支,'　,'　　　,'小学校　　,'1,'34
'1380,'30,'22,'0,'0,'306,'広島大　　　　,'教育　　,'科学／理科教,'　,'　　　,'中高－理科,'1,'34
'1380,'30,'23,'0,'0,'303,'広島大　　　　,'教育　　,'科学／数学教,'　,'　　　,'中高－数学,'1,'34
'1380,'30,'24,'0,'0,'307,'広島大　　　　,'教育　　,'科学／技術情,'　,'　　　,'中高－技術,'1,'34
'1380,'30,'25,'0,'0,'305,'広島大　　　　,'教育　　,'科学／社会認,'　,'　　　,'中高－社会,'1,'34
'1380,'30,'26,'0,'0,'302,'広島大　　　　,'教育　　,'言語／国語文,'　,'　　　,'中高－国語,'1,'34
'1380,'30,'27,'0,'0,'304,'広島大　　　　,'教育　　,'言語／英語文,'　,'　　　,'中高－英語,'1,'34
'1380,'30,'28,'0,'0,'319,'広島大　　　　,'教育　　,'言語／日本語,'　,'　　　,'日本語教育,'1,'34
'1380,'30,'29,'0,'0,'311,'広島大　　　　,'教育　　,'生涯／健康ス,'　,'　　　,'中高－体育,'1,'34
'1380,'30,'30,'0,'0,'308,'広島大　　　　,'教育　　,'生涯／家政教,'　,'　　　,'中高－家庭,'1,'34
'1380,'30,'31,'0,'0,'309,'広島大　　　　,'教育　　,'生涯／音楽教,'　,'　　　,'中高－音楽,'1,'34
'1380,'30,'32,'0,'0,'310,'広島大　　　　,'教育　　,'生涯／美術教,'　,'　　　,'中高－美術,'1,'34
'1380,'30,'33,'0,'0,'316,'広島大　　　　,'教育　　,'人間／教育学,'　,'　　　,'０免課程　,'1,'34
'1380,'30,'34,'0,'0,'105,'広島大　　　　,'教育　　,'人間／心理学,'　,'　　　,'心理学　　,'1,'34
'1380,'30,'36,'0,'0,'316,'広島大　　　　,'教育　　,'言語／多文化,'　,'　　　,'０免課程　,'1,'34
'1380,'37,'00,'0,'0,'753,'広島大　　　　,'総合科学,'　　　　　　,'　,'　　　,'総合科学　,'0,'34
'1380,'37,'01,'0,'0,'106,'広島大　　　　,'総合科学,'総合科学　　,'　,'　　　,'文化学　　,'1,'34
'1380,'37,'02,'0,'0,'753,'広島大　　　　,'総合科学,'国際共創　　,'　,'　　　,'総合科学　,'1,'34
'1380,'38,'00,'0,'0,'506,'広島大　　　　,'情報科学,'　　　　　　,'　,'　　　,'情報科学　,'0,'34
'1380,'38,'01,'0,'0,'506,'広島大　　　　,'情報科学,'情報科学　　,'　,'　　　,'情報科学　,'1,'34
'1380,'42,'00,'0,'0,'501,'広島大　　　　,'理　　　,'　　　　　　,'　,'　　　,'数学　　　,'0,'34
'1380,'42,'01,'0,'0,'503,'広島大　　　　,'理　　　,'化学　　　　,'　,'　　　,'化学　　　,'1,'34
'1380,'42,'02,'0,'0,'501,'広島大　　　　,'理　　　,'数学　　　　,'　,'　　　,'数学　　　,'1,'34
'1380,'42,'03,'0,'0,'504,'広島大　　　　,'理　　　,'生物科学　　,'　,'　　　,'生物学　　,'1,'34
'1380,'42,'04,'0,'0,'505,'広島大　　　　,'理　　　,'地球惑星シス,'　,'　　　,'地球科学　,'1,'34
'1380,'42,'07,'0,'0,'502,'広島大　　　　,'理　　　,'物理　　　　,'　,'　　　,'物理学　　,'1,'34
'1380,'46,'00,'0,'0,'551,'広島大　　　　,'工　　　,'　　　　　　,'　,'　　　,'機械工学　,'0,'34
'1380,'46,'04,'0,'0,'554,'広島大　　　　,'工　　　,'建設・環境系,'　,'　　　,'建築・土木,'1,'34
'1380,'46,'05,'0,'0,'551,'広島大　　　　,'工　　　,'機械・輸送系,'　,'　　　,'機械工学　,'1,'34
'1380,'46,'06,'0,'0,'552,'広島大　　　　,'工　　　,'電気・シス系,'　,'　　　,'電気・電子,'1,'34
'1380,'46,'07,'0,'0,'555,'広島大　　　　,'工　　　,'応用・生物系,'　,'　　　,'応用化学　,'1,'34
'1380,'55,'00,'0,'0,'601,'広島大　　　　,'医　　　,'　　　　　　,'　,'　　　,'医　　　　,'0,'34
'1380,'55,'01,'0,'0,'601,'広島大　　　　,'医　　　,'医　　　　　,'　,'　　　,'医　　　　,'1,'34
'1380,'55,'03,'0,'0,'651,'広島大　　　　,'医　　　,'保健／看護学,'　,'　　　,'看護　　　,'1,'34
'1380,'55,'04,'0,'0,'656,'広島大　　　　,'医　　　,'保健／作業療,'　,'　　　,'作業療法　,'1,'34
'1380,'55,'05,'0,'0,'655,'広島大　　　　,'医　　　,'保健／理学療,'　,'　　　,'理学療法　,'1,'34
'1380,'58,'00,'0,'0,'652,'広島大　　　　,'歯　　　,'　　　　　　,'　,'　　　,'医療技術　,'0,'34
'1380,'58,'01,'0,'0,'611,'広島大　　　　,'歯　　　,'歯　　　　　,'　,'　　　,'歯　　　　,'1,'34
'1380,'58,'02,'0,'0,'652,'広島大　　　　,'歯　　　,'口腔／口腔保,'　,'　　　,'医療技術　,'1,'34
'1380,'58,'03,'0,'0,'652,'広島大　　　　,'歯　　　,'口腔／口腔工,'　,'　　　,'医療技術　,'1,'34
'1380,'61,'00,'0,'0,'621,'広島大　　　　,'薬　　　,'　　　　　　,'　,'　　　,'薬　　　　,'0,'34
'1380,'61,'01,'0,'0,'621,'広島大　　　　,'薬　　　,'薬　　　　　,'　,'　　　,'薬　　　　,'1,'34
'1380,'61,'02,'0,'0,'621,'広島大　　　　,'薬　　　,'薬科学　　　,'　,'　　　,'薬　　　　,'1,'34
'1380,'74,'00,'0,'0,'701,'広島大　　　　,'生物生産,'　　　　　　,'　,'　　　,'農学　　　,'0,'34
'1380,'74,'01,'0,'0,'701,'広島大　　　　,'生物生産,'生物生産　　,'　,'　　　,'農学　　　,'1,'34
'1385,'02,'00,'0,'0,'101,'山口大　　　　,'人文　　,'　　　　　　,'　,'　　　,'日本文学　,'0,'35
'1385,'02,'03,'0,'0,'101,'山口大　　　　,'人文　　,'人文　　　　,'　,'　　　,'日本文学　,'1,'35
'1385,'18,'00,'0,'0,'201,'山口大　　　　,'経済　　,'　　　　　　,'　,'　　　,'法学　　　,'1,'35
'1385,'30,'00,'0,'0,'301,'山口大　　　　,'教育　　,'　　　　　　,'　,'　　　,'小学校　　,'0,'35
'1385,'30,'24,'0,'0,'301,'山口大　　　　,'教育　　,'学校／国語　,'　,'　　　,'小学校　　,'1,'35
'1385,'30,'25,'0,'0,'301,'山口大　　　　,'教育　　,'学校／社会科,'　,'　　　,'小学校　　,'1,'35
'1385,'30,'26,'0,'0,'301,'山口大　　　　,'教育　　,'学校／数学　,'　,'　　　,'小学校　　,'1,'35
'1385,'30,'27,'0,'0,'301,'山口大　　　　,'教育　　,'学校／理科　,'　,'　　　,'小学校　　,'1,'35
'1385,'30,'28,'0,'0,'301,'山口大　　　　,'教育　　,'学校／音楽　,'　,'　　　,'小学校　　,'1,'35
'1385,'30,'29,'0,'0,'301,'山口大　　　　,'教育　　,'学校／美術　,'　,'　　　,'小学校　　,'1,'35
'1385,'30,'30,'0,'0,'301,'山口大　　　　,'教育　　,'学校／保健体,'　,'　　　,'小学校　　,'1,'35
'1385,'30,'31,'0,'0,'301,'山口大　　　　,'教育　　,'学校／技術　,'　,'　　　,'小学校　　,'1,'35
'1385,'30,'32,'0,'0,'301,'山口大　　　　,'教育　　,'学校／家政　,'　,'　　　,'小学校　　,'1,'35
'1385,'30,'33,'0,'0,'301,'山口大　　　　,'教育　　,'学校／英語　,'　,'　　　,'小学校　　,'1,'35
'1385,'30,'34,'0,'0,'312,'山口大　　　　,'教育　　,'学校／幼児教,'　,'　　　,'幼稚園　　,'1,'35
'1385,'30,'35,'0,'0,'313,'山口大　　　　,'教育　　,'学校／特別支,'　,'　　　,'特別支援教,'1,'35
'1385,'30,'45,'0,'0,'301,'山口大　　　　,'教育　　,'学校／小学総,'　,'　　　,'小学校　　,'1,'35
'1385,'30,'46,'0,'0,'301,'山口大　　　　,'教育　　,'学校／教育学,'　,'　　　,'小学校　　,'1,'35
'1385,'30,'48,'0,'0,'261,'山口大　　　　,'教育　　,'学校／国際理,'　,'　　　,'国際関係学,'1,'35
'1385,'30,'49,'0,'0,'301,'山口大　　　　,'教育　　,'学校／情報教,'　,'　　　,'小学校　　,'1,'35
'1385,'37,'00,'0,'0,'261,'山口大　　　　,'国際総合,'　　　　　　,'　,'　　　,'国際関係学,'0,'35
'1385,'37,'01,'0,'0,'261,'山口大　　　　,'国際総合,'国際総合科学,'　,'　　　,'国際関係学,'1,'35
'1385,'38,'00,'0,'0,'553,'山口大　　　　,'情報　　,'　　　　　　,'　,'　　　,'情報工学　,'0,'35
'1385,'38,'01,'0,'0,'553,'山口大　　　　,'情報　　,'情報　　　　,'　,'　　　,'情報工学　,'1,'35
'1385,'42,'00,'0,'0,'501,'山口大　　　　,'理　　　,'　　　　　　,'　,'　　　,'数学　　　,'0,'35
'1385,'42,'02,'0,'0,'501,'山口大　　　　,'理　　　,'数理科学　　,'　,'　　　,'数学　　　,'1,'35
'1385,'42,'03,'0,'0,'502,'山口大　　　　,'理　　　,'物理・情報科,'　,'　　　,'物理学　　,'1,'35
'1385,'42,'06,'0,'0,'505,'山口大　　　　,'理　　　,'地球圏システ,'　,'　　　,'地球科学　,'1,'35
'1385,'42,'08,'0,'0,'503,'山口大　　　　,'理　　　,'化学　　　　,'　,'　　　,'化学　　　,'1,'35
'1385,'42,'09,'0,'0,'504,'山口大　　　　,'理　　　,'生物　　　　,'　,'　　　,'生物学　　,'1,'35
'1385,'46,'00,'0,'0,'554,'山口大　　　　,'工　　　,'　　　　　　,'　,'　　　,'建築・土木,'0,'35
'1385,'46,'07,'0,'0,'554,'山口大　　　　,'工　　　,'建築　　　　,'　,'　　　,'建築・土木,'1,'35
'1385,'46,'09,'0,'0,'551,'山口大　　　　,'工　　　,'創成／機械系,'　,'　　　,'機械工学　,'1,'35
'1385,'46,'10,'0,'0,'554,'山口大　　　　,'工　　　,'創成／国土環,'　,'　　　,'建築・土木,'1,'35
'1385,'46,'11,'0,'0,'555,'山口大　　　　,'工　　　,'創成／化学系,'　,'　　　,'応用化学　,'1,'35
'1385,'46,'12,'0,'0,'552,'山口大　　　　,'工　　　,'創成／電気電,'　,'　　　,'電気・電子,'1,'35
'1385,'55,'00,'0,'0,'601,'山口大　　　　,'医　　　,'　　　　　　,'　,'　　　,'医　　　　,'0,'35
'1385,'55,'01,'0,'0,'601,'山口大　　　　,'医　　　,'医　　　　　,'　,'　　　,'医　　　　,'1,'35
'1385,'55,'03,'0,'0,'651,'山口大　　　　,'医　　　,'保健／看護学,'　,'　　　,'看護　　　,'1,'35
'1385,'55,'04,'0,'0,'658,'山口大　　　　,'医　　　,'保健／検査技,'　,'　　　,'検査技術　,'1,'35
'1385,'72,'00,'0,'0,'701,'山口大　　　　,'農　　　,'　　　　　　,'　,'　　　,'農学　　　,'0,'35
'1385,'72,'03,'0,'0,'701,'山口大　　　　,'農　　　,'生物資源環境,'　,'　　　,'農学　　　,'1,'35
'1385,'72,'04,'0,'0,'703,'山口大　　　　,'農　　　,'生物機能科学,'　,'　　　,'農芸化学　,'1,'35
'1385,'74,'00,'0,'0,'705,'山口大　　　　,'共同獣医,'　　　　　　,'　,'　　　,'獣医学　　,'0,'35
'1385,'74,'01,'0,'0,'705,'山口大　　　　,'共同獣医,'共同獣医　　,'　,'　　　,'獣医学　　,'1,'35
'1385,'88,'00,'0,'0,'105,'山口大　　　　,'ひとまち,'　　　　　　,'　,'　　　,'心理学　　,'1,'35
'1390,'37,'00,'0,'0,'105,'徳島大　　　　,'総合科学,'　　　　　　,'　,'　　　,'心理学　　,'0,'36
'1390,'37,'06,'0,'0,'105,'徳島大　　　　,'総合科学,'社会総合科学,'　,'　　　,'心理学　　,'1,'36
'1390,'47,'00,'0,'0,'506,'徳島大　　　　,'理工　　,'　　　　　　,'　,'　　　,'情報科学　,'0,'36
'1390,'47,'02,'0,'0,'554,'徳島大　　　　,'理工　　,'理工／社会基,'　,'　　　,'建築・土木,'1,'36
'1390,'47,'03,'0,'0,'551,'徳島大　　　　,'理工　　,'理工／機械科,'　,'　　　,'機械工学　,'1,'36
'1390,'47,'04,'0,'0,'555,'徳島大　　　　,'理工　　,'理工／応用化,'　,'　　　,'応用化学　,'1,'36
'1390,'47,'05,'0,'0,'552,'徳島大　　　　,'理工　　,'理工／電気電,'　,'　　　,'電気・電子,'1,'36
'1390,'47,'10,'0,'0,'553,'徳島大　　　　,'理工　　,'理工／知能情,'　,'　　　,'情報工学　,'1,'36
'1390,'47,'11,'0,'0,'553,'徳島大　　　　,'理工　　,'理工／光シス,'　,'　　　,'情報工学　,'1,'36
'1390,'47,'12,'0,'0,'501,'徳島大　　　　,'理工　　,'理工／数理科,'　,'　　　,'数学　　　,'1,'36
'1390,'47,'13,'0,'0,'507,'徳島大　　　　,'理工　　,'理工／自然科,'　,'　　　,'総合理学　,'1,'36
'1390,'47,'14,'0,'0,'506,'徳島大　　　　,'理工　　,'理工／医光医,'　,'　　　,'情報科学　,'1,'36
'1390,'53,'00,'0,'0,'551,'徳島大　　　　,'理工夜　,'　　　　　　,'　,'　　　,'機械工学　,'0,'36
'1390,'53,'02,'0,'0,'554,'徳島大　　　　,'理工夜　,'理工／社会基,'　,'　　　,'建築・土木,'1,'36
'1390,'53,'03,'0,'0,'551,'徳島大　　　　,'理工夜　,'理工／機械科,'　,'　　　,'機械工学　,'1,'36
'1390,'53,'05,'0,'0,'552,'徳島大　　　　,'理工夜　,'理工／電気電,'　,'　　　,'電気・電子,'1,'36
'1390,'53,'06,'0,'0,'553,'徳島大　　　　,'理工夜　,'理工／知能情,'　,'　　　,'情報工学　,'1,'36
'1390,'55,'00,'0,'0,'402,'徳島大　　　　,'医　　　,'　　　　　　,'　,'　　　,'食物・栄養,'0,'36
'1390,'55,'01,'0,'0,'601,'徳島大　　　　,'医　　　,'医　　　　　,'　,'　　　,'医　　　　,'1,'36
'1390,'55,'04,'0,'0,'651,'徳島大　　　　,'医　　　,'保健／看護学,'　,'　　　,'看護　　　,'1,'36
'1390,'55,'05,'0,'0,'657,'徳島大　　　　,'医　　　,'保健／放射線,'　,'　　　,'放射線技術,'1,'36
'1390,'55,'06,'0,'0,'658,'徳島大　　　　,'医　　　,'保健／検査技,'　,'　　　,'検査技術　,'1,'36
'1390,'55,'07,'0,'0,'402,'徳島大　　　　,'医　　　,'医科栄養　　,'　,'　　　,'食物・栄養,'1,'36
'1390,'58,'00,'0,'0,'611,'徳島大　　　　,'歯　　　,'　　　　　　,'　,'　　　,'歯　　　　,'0,'36
'1390,'58,'01,'0,'0,'611,'徳島大　　　　,'歯　　　,'歯　　　　　,'　,'　　　,'歯　　　　,'1,'36
'1390,'58,'02,'0,'0,'652,'徳島大　　　　,'歯　　　,'口腔保健　　,'　,'　　　,'医療技術　,'1,'36
'1390,'61,'00,'0,'0,'621,'徳島大　　　　,'薬　　　,'　　　　　　,'　,'　　　,'薬　　　　,'0,'36
'1390,'61,'02,'0,'0,'621,'徳島大　　　　,'薬　　　,'薬　　　　　,'　,'　　　,'薬　　　　,'1,'36
'1390,'74,'00,'0,'0,'701,'徳島大　　　　,'生物資源,'　　　　　　,'　,'　　　,'農学　　　,'0,'36
'1390,'74,'01,'0,'0,'701,'徳島大　　　　,'生物資源,'生物資源産業,'　,'　　　,'農学　　　,'1,'36
'1395,'31,'00,'0,'0,'301,'鳴門教育大　　,'学校教育,'　　　　　　,'　,'　　　,'小学校　　,'0,'36
'1395,'31,'12,'0,'0,'301,'鳴門教育大　　,'学校教育,'学校／幼児教,'　,'　　　,'小学校　　,'1,'36
'1395,'31,'13,'0,'0,'301,'鳴門教育大　　,'学校教育,'学校／小学校,'　,'　　　,'小学校　　,'1,'36
'1395,'31,'14,'0,'0,'301,'鳴門教育大　　,'学校教育,'学校／特別支,'　,'　　　,'小学校　　,'1,'36
'1395,'31,'37,'0,'0,'301,'鳴門教育大　　,'学校教育,'学校／国語　,'　,'　　　,'小学校　　,'1,'36
'1395,'31,'38,'0,'0,'301,'鳴門教育大　　,'学校教育,'学校／英語　,'　,'　　　,'小学校　　,'1,'36
'1395,'31,'39,'0,'0,'301,'鳴門教育大　　,'学校教育,'学校／社会　,'　,'　　　,'小学校　　,'1,'36
'1395,'31,'40,'0,'0,'301,'鳴門教育大　　,'学校教育,'学校／算・数,'　,'　　　,'小学校　　,'1,'36
'1395,'31,'41,'0,'0,'301,'鳴門教育大　　,'学校教育,'学校／理科　,'　,'　　　,'小学校　　,'1,'36
'1395,'31,'42,'0,'0,'301,'鳴門教育大　　,'学校教育,'学校／音楽　,'　,'　　　,'小学校　　,'1,'36
'1395,'31,'43,'0,'0,'301,'鳴門教育大　　,'学校教育,'学校／図・美,'　,'　　　,'小学校　　,'1,'36
'1395,'31,'44,'0,'0,'301,'鳴門教育大　　,'学校教育,'学校／体・保,'　,'　　　,'小学校　　,'1,'36
'1395,'31,'45,'0,'0,'301,'鳴門教育大　　,'学校教育,'学校／技術　,'　,'　　　,'小学校　　,'1,'36
'1395,'31,'46,'0,'0,'301,'鳴門教育大　　,'学校教育,'学校／家庭　,'　,'　　　,'小学校　　,'1,'36
'1400,'12,'00,'0,'0,'201,'香川大　　　　,'法　　　,'　　　　　　,'　,'　　　,'法学　　　,'0,'37
'1400,'12,'01,'0,'0,'201,'香川大　　　　,'法　　　,'法　　　　　,'　,'　　　,'法学　　　,'1,'37
'1400,'18,'00,'0,'0,'221,'香川大　　　　,'経済　　,'　　　　　　,'　,'　　　,'経済学　　,'0,'37
'1400,'18,'01,'0,'0,'221,'香川大　　　　,'経済　　,'経済　　　　,'　,'　　　,'経済学　　,'1,'37
'1400,'30,'00,'0,'0,'105,'香川大　　　　,'教育　　,'　　　　　　,'　,'　　　,'心理学　　,'0,'37
'1400,'30,'47,'0,'0,'312,'香川大　　　　,'教育　　,'学校／幼児教,'　,'　　　,'幼稚園　　,'1,'37
'1400,'30,'48,'0,'0,'105,'香川大　　　　,'教育　　,'学校／小学校,'　,'　　　,'心理学　　,'1,'37
'1400,'30,'49,'0,'0,'302,'香川大　　　　,'教育　　,'学校／中学校,'　,'　　　,'中高－国語,'1,'37
'1400,'47,'00,'0,'0,'506,'香川大　　　　,'創造工　,'　　　　　　,'　,'　　　,'情報科学　,'0,'37
'1400,'47,'01,'0,'0,'506,'香川大　　　　,'創造工　,'創造工　　　,'　,'　　　,'情報科学　,'1,'37
'1400,'55,'00,'0,'0,'105,'香川大　　　　,'医　　　,'　　　　　　,'　,'　　　,'心理学　　,'0,'37
'1400,'55,'01,'0,'0,'601,'香川大　　　　,'医　　　,'医　　　　　,'　,'　　　,'医　　　　,'1,'37
'1400,'55,'02,'0,'0,'651,'香川大　　　　,'医　　　,'看護　　　　,'　,'　　　,'看護　　　,'1,'37
'1400,'55,'03,'0,'0,'105,'香川大　　　　,'医　　　,'臨床心理　　,'　,'　　　,'心理学　　,'1,'37
'1400,'72,'00,'0,'0,'564,'香川大　　　　,'農　　　,'　　　　　　,'　,'　　　,'生物工学　,'0,'37
'1400,'72,'07,'0,'0,'564,'香川大　　　　,'農　　　,'応用生物科学,'　,'　　　,'生物工学　,'1,'37
'1410,'03,'00,'0,'0,'101,'愛媛大　　　　,'法文　　,'　　　　　　,'　,'　　　,'日本文学　,'0,'38
'1410,'03,'08,'0,'0,'101,'愛媛大　　　　,'法文　　,'人文社会　　,'　,'　　　,'日本文学　,'1,'38
'1410,'07,'00,'0,'0,'101,'愛媛大　　　　,'法文夜　,'　　　　　　,'　,'　　　,'日本文学　,'0,'38
'1410,'07,'05,'0,'0,'101,'愛媛大　　　　,'法文夜　,'人文社会　　,'　,'　　　,'日本文学　,'1,'38
'1410,'30,'00,'0,'0,'301,'愛媛大　　　　,'教育　　,'　　　　　　,'　,'　　　,'小学校　　,'0,'38
'1410,'30,'69,'0,'0,'301,'愛媛大　　　　,'教育　　,'学校／幼年教,'　,'　　　,'小学校　　,'1,'38
'1410,'30,'70,'0,'0,'301,'愛媛大　　　　,'教育　　,'学校／特別支,'　,'　　　,'小学校　　,'1,'38
'1410,'30,'71,'0,'0,'301,'愛媛大　　　　,'教育　　,'学校／小学校,'　,'　　　,'小学校　　,'1,'38
'1410,'30,'72,'0,'0,'301,'愛媛大　　　　,'教育　　,'学校／言語社,'　,'　　　,'小学校　　,'1,'38
'1410,'30,'73,'0,'0,'301,'愛媛大　　　　,'教育　　,'学校／科学教,'　,'　　　,'小学校　　,'1,'38
'1410,'30,'74,'0,'0,'301,'愛媛大　　　　,'教育　　,'学校／生活健,'　,'　　　,'小学校　　,'1,'38
'1410,'37,'00,'0,'0,'222,'愛媛大　　　　,'社会共創,'　　　　　　,'　,'　　　,'経営学・商,'0,'38
'1410,'37,'01,'0,'0,'221,'愛媛大　　　　,'社会共創,'産業マネジメ,'　,'　　　,'経済学　　,'1,'38
'1410,'37,'02,'0,'0,'222,'愛媛大　　　　,'社会共創,'産業イノベー,'　,'　　　,'経営学・商,'1,'38
'1410,'37,'03,'0,'0,'554,'愛媛大　　　　,'社会共創,'環境デザイン,'　,'　　　,'建築・土木,'1,'38
'1410,'37,'04,'0,'0,'106,'愛媛大　　　　,'社会共創,'地域資源マネ,'　,'　　　,'文化学　　,'1,'38
'1410,'42,'00,'0,'0,'501,'愛媛大　　　　,'理　　　,'　　　　　　,'　,'　　　,'数学　　　,'0,'38
'1410,'42,'09,'0,'0,'501,'愛媛大　　　　,'理　　　,'理　　　　　,'　,'　　　,'数学　　　,'1,'38
'1410,'46,'00,'0,'0,'552,'愛媛大　　　　,'工　　　,'　　　　　　,'　,'　　　,'電気・電子,'0,'38
'1410,'46,'09,'0,'0,'551,'愛媛大　　　　,'工　　　,'工　　　　　,'　,'　　　,'機械工学　,'1,'38
'1410,'46,'18,'0,'0,'554,'愛媛大　　　　,'工　　　,'工／建築・社,'　,'　　　,'建築・土木,'1,'38
'1410,'46,'19,'0,'0,'552,'愛媛大　　　　,'工　　　,'工／デジタル,'　,'　　　,'電気・電子,'1,'38
'1410,'55,'00,'0,'0,'601,'愛媛大　　　　,'医　　　,'　　　　　　,'　,'　　　,'医　　　　,'0,'38
'1410,'55,'01,'0,'0,'601,'愛媛大　　　　,'医　　　,'医　　　　　,'　,'　　　,'医　　　　,'1,'38
'1410,'55,'02,'0,'0,'651,'愛媛大　　　　,'医　　　,'看護　　　　,'　,'　　　,'看護　　　,'1,'38
'1410,'72,'00,'0,'0,'701,'愛媛大　　　　,'農　　　,'　　　　　　,'　,'　　　,'農学　　　,'0,'38
'1410,'72,'04,'0,'0,'701,'愛媛大　　　　,'農　　　,'食料生産　　,'　,'　　　,'農学　　　,'1,'38
'1410,'72,'05,'0,'0,'703,'愛媛大　　　　,'農　　　,'生命機能　　,'　,'　　　,'農芸化学　,'1,'38
'1410,'72,'06,'0,'0,'701,'愛媛大　　　　,'農　　　,'生物環境　　,'　,'　　　,'農学　　　,'1,'38
'1415,'21,'00,'0,'0,'753,'高知大　　　　,'地域協働,'　　　　　　,'　,'　　　,'総合科学　,'0,'39
'1415,'21,'01,'0,'0,'753,'高知大　　　　,'地域協働,'地域協働　　,'　,'　　　,'総合科学　,'1,'39
'1415,'27,'00,'0,'0,'101,'高知大　　　　,'人文社会,'　　　　　　,'　,'　　　,'日本文学　,'0,'39
'1415,'27,'01,'0,'0,'101,'高知大　　　　,'人文社会,'人文／人文科,'　,'　　　,'日本文学　,'1,'39
'1415,'27,'02,'0,'0,'106,'高知大　　　　,'人文社会,'人文／国際社,'　,'　　　,'文化学　　,'1,'39
'1415,'27,'03,'0,'0,'201,'高知大　　　　,'人文社会,'人文／社会科,'　,'　　　,'法学　　　,'1,'39
'1415,'30,'00,'0,'0,'301,'高知大　　　　,'教育　　,'　　　　　　,'　,'　　　,'小学校　　,'0,'39
'1415,'30,'24,'0,'0,'306,'高知大　　　　,'教育　　,'学校／科学技,'　,'　　　,'中高－理科,'1,'39
'1415,'30,'25,'0,'0,'312,'高知大　　　　,'教育　　,'学校／幼児教,'　,'　　　,'幼稚園　　,'1,'39
'1415,'30,'31,'0,'0,'301,'高知大　　　　,'教育　　,'学校／保健体,'　,'　　　,'小学校　　,'1,'39
'1415,'30,'32,'0,'0,'105,'高知大　　　　,'教育　　,'学校／科教支,'　,'　　　,'心理学　　,'1,'39
'1415,'30,'35,'0,'0,'301,'高知大　　　　,'教育　　,'学校／音・美,'　,'　　　,'小学校　　,'1,'39
'1415,'47,'00,'0,'0,'501,'高知大　　　　,'理工　　,'　　　　　　,'　,'　　　,'数学　　　,'0,'39
'1415,'47,'01,'0,'0,'501,'高知大　　　　,'理工　　,'数学物理　　,'　,'　　　,'数学　　　,'1,'39
'1415,'47,'02,'0,'0,'506,'高知大　　　　,'理工　　,'情報科学　　,'　,'　　　,'情報科学　,'1,'39
'1415,'47,'03,'0,'0,'504,'高知大　　　　,'理工　　,'生物科学　　,'　,'　　　,'生物学　　,'1,'39
'1415,'47,'04,'0,'0,'503,'高知大　　　　,'理工　　,'化学生命理工,'　,'　　　,'化学　　　,'1,'39
'1415,'47,'05,'0,'0,'505,'高知大　　　　,'理工　　,'地球環境防災,'　,'　　　,'地球科学　,'1,'39
'1415,'55,'00,'0,'0,'601,'高知大　　　　,'医　　　,'　　　　　　,'　,'　　　,'医　　　　,'0,'39
'1415,'55,'01,'0,'0,'601,'高知大　　　　,'医　　　,'医　　　　　,'　,'　　　,'医　　　　,'1,'39
'1415,'55,'02,'0,'0,'651,'高知大　　　　,'医　　　,'看護　　　　,'　,'　　　,'看護　　　,'1,'39
'1415,'74,'00,'0,'0,'708,'高知大　　　　,'農林海洋,'　　　　　　,'　,'　　　,'水産学　　,'0,'39
'1415,'74,'03,'0,'0,'708,'高知大　　　　,'農林海洋,'海洋／生物生,'　,'　　　,'水産学　　,'1,'39
'1415,'74,'04,'0,'0,'557,'高知大　　　　,'農林海洋,'海洋／海底資,'　,'　　　,'鉱物・資源,'1,'39
'1415,'74,'05,'0,'0,'708,'高知大　　　　,'農林海洋,'海洋／生命科,'　,'　　　,'水産学　　,'1,'39
'1415,'74,'11,'0,'0,'701,'高知大　　　　,'農林海洋,'農林／フィー,'　,'　　　,'農学　　　,'1,'39
'1415,'74,'12,'0,'0,'703,'高知大　　　　,'農林海洋,'農林／農芸化,'　,'　　　,'農芸化学　,'1,'39
'1425,'01,'00,'0,'0,'101,'九州大　　　　,'文　　　,'　　　　　　,'　,'　　　,'日本文学　,'0,'40
'1425,'01,'05,'0,'0,'101,'九州大　　　　,'文　　　,'人文　　　　,'　,'　　　,'日本文学　,'1,'40
'1425,'12,'00,'0,'0,'201,'九州大　　　　,'法　　　,'　　　　　　,'　,'　　　,'法学　　　,'1,'40
'1425,'18,'00,'0,'0,'221,'九州大　　　　,'経済　　,'　　　　　　,'　,'　　　,'経済学　　,'0,'40
'1425,'18,'01,'0,'0,'221,'九州大　　　　,'経済　　,'経済・経営　,'　,'　　　,'経済学　　,'1,'40
'1425,'18,'02,'0,'0,'221,'九州大　　　　,'経済　　,'経済工　　　,'　,'　　　,'経済学　　,'1,'40
'1425,'30,'00,'0,'0,'105,'九州大　　　　,'教育　　,'　　　　　　,'　,'　　　,'心理学　　,'1,'40
'1425,'37,'00,'0,'0,'753,'九州大　　　　,'共創　　,'　　　　　　,'　,'　　　,'総合科学　,'0,'40
'1425,'37,'01,'0,'0,'753,'九州大　　　　,'共創　　,'共創　　　　,'　,'　　　,'総合科学　,'1,'40
'1425,'42,'00,'0,'0,'501,'九州大　　　　,'理　　　,'　　　　　　,'　,'　　　,'数学　　　,'0,'40
'1425,'42,'01,'0,'0,'503,'九州大　　　　,'理　　　,'化学　　　　,'　,'　　　,'化学　　　,'1,'40
'1425,'42,'02,'0,'0,'501,'九州大　　　　,'理　　　,'数学　　　　,'　,'　　　,'数学　　　,'1,'40
'1425,'42,'03,'0,'0,'504,'九州大　　　　,'理　　　,'生物　　　　,'　,'　　　,'生物学　　,'1,'40
'1425,'42,'04,'0,'0,'505,'九州大　　　　,'理　　　,'地球惑星科学,'　,'　　　,'地球科学　,'1,'40
'1425,'42,'05,'0,'0,'502,'九州大　　　　,'理　　　,'物理　　　　,'　,'　　　,'物理学　　,'1,'40
'1425,'46,'00,'0,'0,'552,'九州大　　　　,'工　　　,'　　　　　　,'　,'　　　,'電気・電子,'0,'40
'1425,'46,'18,'0,'0,'552,'九州大　　　　,'工　　　,'Ⅰ群　　　　,'　,'　　　,'電気・電子,'1,'40
'1425,'46,'20,'0,'0,'555,'九州大　　　　,'工　　　,'Ⅱ群　　　　,'　,'　　　,'応用化学　,'1,'40
'1425,'46,'25,'0,'0,'551,'九州大　　　　,'工　　　,'Ⅲ群　　　　,'　,'　　　,'機械工学　,'1,'40
'1425,'46,'29,'0,'0,'554,'九州大　　　　,'工　　　,'Ⅳ群　　　　,'　,'　　　,'建築・土木,'1,'40
'1425,'46,'33,'0,'0,'554,'九州大　　　　,'工　　　,'Ⅴ群　　　　,'　,'　　　,'建築・土木,'1,'40
'1425,'46,'35,'0,'0,'551,'九州大　　　　,'工　　　,'Ⅵ群　　　　,'　,'　　　,'機械工学　,'1,'40
'1425,'47,'00,'0,'0,'455,'九州大　　　　,'芸術工　,'　　　　　　,'　,'　　　,'映像　　　,'0,'40
'1425,'47,'07,'0,'0,'554,'九州大　　　　,'芸術工　,'芸術／環境設,'　,'　　　,'建築・土木,'1,'40
'1425,'47,'08,'0,'0,'566,'九州大　　　　,'芸術工　,'芸術／インダ,'　,'　　　,'デザイン工,'1,'40
'1425,'47,'09,'0,'0,'753,'九州大　　　　,'芸術工　,'芸術／未来構,'　,'　　　,'総合科学　,'1,'40
'1425,'47,'10,'0,'0,'455,'九州大　　　　,'芸術工　,'芸術／メディ,'　,'　　　,'映像　　　,'1,'40
'1425,'47,'11,'0,'0,'552,'九州大　　　　,'芸術工　,'芸術／音響設,'　,'　　　,'電気・電子,'1,'40
'1425,'55,'00,'0,'0,'564,'九州大　　　　,'医　　　,'　　　　　　,'　,'　　　,'生物工学　,'0,'40
'1425,'55,'01,'0,'0,'601,'九州大　　　　,'医　　　,'医　　　　　,'　,'　　　,'医　　　　,'1,'40
'1425,'55,'03,'0,'0,'651,'九州大　　　　,'医　　　,'保健／看護学,'　,'　　　,'看護　　　,'1,'40
'1425,'55,'04,'0,'0,'657,'九州大　　　　,'医　　　,'保健／放射線,'　,'　　　,'放射線技術,'1,'40
'1425,'55,'05,'0,'0,'658,'九州大　　　　,'医　　　,'保健／検査技,'　,'　　　,'検査技術　,'1,'40
'1425,'55,'06,'0,'0,'564,'九州大　　　　,'医　　　,'生命科学　　,'　,'　　　,'生物工学　,'1,'40
'1425,'58,'00,'0,'0,'611,'九州大　　　　,'歯　　　,'　　　　　　,'　,'　　　,'歯　　　　,'0,'40
'1425,'58,'01,'0,'0,'611,'九州大　　　　,'歯　　　,'歯　　　　　,'　,'　　　,'歯　　　　,'1,'40
'1425,'61,'00,'0,'0,'621,'九州大　　　　,'薬　　　,'　　　　　　,'　,'　　　,'薬　　　　,'0,'40
'1425,'61,'03,'0,'0,'621,'九州大　　　　,'薬　　　,'臨床薬　　　,'　,'　　　,'薬　　　　,'1,'40
'1425,'61,'04,'0,'0,'621,'九州大　　　　,'薬　　　,'創薬科学　　,'　,'　　　,'薬　　　　,'1,'40
'1425,'72,'00,'0,'0,'701,'九州大　　　　,'農　　　,'　　　　　　,'　,'　　　,'農学　　　,'0,'40
'1425,'72,'10,'0,'0,'701,'九州大　　　　,'農　　　,'生物資源環境,'　,'　　　,'農学　　　,'1,'40
'1435,'46,'00,'0,'0,'561,'九州工大　　　,'工　　　,'　　　　　　,'　,'　　　,'航空・宇宙,'0,'40
'1435,'46,'15,'0,'0,'554,'九州工大　　　,'工　　　,'建設社会類　,'　,'　　　,'建築・土木,'1,'40
'1435,'46,'16,'0,'0,'551,'九州工大　　　,'工　　　,'機械類　　　,'　,'　　　,'機械工学　,'1,'40
'1435,'46,'17,'0,'0,'552,'九州工大　　　,'工　　　,'電気類　　　,'　,'　　　,'電気・電子,'1,'40
'1435,'46,'18,'0,'0,'555,'九州工大　　　,'工　　　,'物質理工学類,'　,'　　　,'応用化学　,'1,'40
'1435,'46,'19,'0,'0,'551,'九州工大　　　,'工　　　,'総合類　　　,'　,'　　　,'機械工学　,'1,'40
'1435,'47,'00,'0,'0,'551,'九州工大　　　,'情報工　,'　　　　　　,'　,'　　　,'機械工学　,'0,'40
'1435,'47,'09,'0,'0,'506,'九州工大　　　,'情報工　,'知能情報類　,'　,'　　　,'情報科学　,'1,'40
'1435,'47,'10,'0,'0,'552,'九州工大　　　,'情報工　,'電子情報通信,'　,'　　　,'電気・電子,'1,'40
'1435,'47,'11,'0,'0,'551,'九州工大　　　,'情報工　,'知的システム,'　,'　　　,'機械工学　,'1,'40
'1435,'47,'12,'0,'0,'504,'九州工大　　　,'情報工　,'生命情報類　,'　,'　　　,'生物学　　,'1,'40
'1440,'30,'00,'0,'0,'301,'福岡教育大　　,'教育　　,'　　　　　　,'　,'　　　,'小学校　　,'0,'40
'1440,'30,'28,'0,'0,'313,'福岡教育大　　,'教育　　,'特別／初等教,'　,'　　　,'特別支援教,'1,'40
'1440,'30,'29,'0,'0,'313,'福岡教育大　　,'教育　　,'特別／中等教,'　,'　　　,'特別支援教,'1,'40
'1440,'30,'30,'0,'0,'301,'福岡教育大　　,'教育　　,'初等／幼児教,'　,'　　　,'小学校　　,'1,'40
'1440,'30,'31,'0,'0,'301,'福岡教育大　　,'教育　　,'初等／小学校,'　,'　　　,'小学校　　,'1,'40
'1440,'30,'32,'0,'0,'301,'福岡教育大　　,'教育　　,'初等／人文社,'　,'　　　,'小学校　　,'1,'40
'1440,'30,'33,'0,'0,'301,'福岡教育大　　,'教育　　,'初等／理数教,'　,'　　　,'小学校　　,'1,'40
'1440,'30,'34,'0,'0,'301,'福岡教育大　　,'教育　　,'初等／芸術実,'　,'　　　,'小学校　　,'1,'40
'1440,'30,'35,'0,'0,'302,'福岡教育大　　,'教育　　,'中等／国語　,'　,'　　　,'中高－国語,'1,'40
'1440,'30,'36,'0,'0,'305,'福岡教育大　　,'教育　　,'中等／社会科,'　,'　　　,'中高－社会,'1,'40
'1440,'30,'37,'0,'0,'303,'福岡教育大　　,'教育　　,'中等／数学　,'　,'　　　,'中高－数学,'1,'40
'1440,'30,'38,'0,'0,'306,'福岡教育大　　,'教育　　,'中等／理科　,'　,'　　　,'中高－理科,'1,'40
'1440,'30,'39,'0,'0,'304,'福岡教育大　　,'教育　　,'中等／英語　,'　,'　　　,'中高－英語,'1,'40
'1440,'30,'40,'0,'0,'309,'福岡教育大　　,'教育　　,'中等／音楽　,'　,'　　　,'中高－音楽,'1,'40
'1440,'30,'41,'0,'0,'310,'福岡教育大　　,'教育　　,'中等／美術　,'　,'　　　,'中高－美術,'1,'40
'1440,'30,'58,'0,'0,'311,'福岡教育大　　,'教育　　,'中等／保健体,'　,'　　　,'中高－体育,'1,'40
'1440,'30,'59,'0,'0,'308,'福岡教育大　　,'教育　　,'中等／家庭　,'　,'　　　,'中高－家庭,'1,'40
'1440,'30,'60,'0,'0,'307,'福岡教育大　　,'教育　　,'中等／技術　,'　,'　　　,'中高－技術,'1,'40
'1440,'30,'61,'0,'0,'315,'福岡教育大　　,'教育　　,'中等／書道　,'　,'　　　,'その他教員,'1,'40
'1445,'18,'00,'0,'0,'221,'佐賀大　　　　,'経済　　,'　　　　　　,'　,'　　　,'経済学　　,'0,'41
'1445,'18,'06,'0,'0,'221,'佐賀大　　　　,'経済　　,'経済　　　　,'　,'　　　,'経済学　　,'1,'41
'1445,'18,'07,'0,'0,'222,'佐賀大　　　　,'経済　　,'経営　　　　,'　,'　　　,'経営学・商,'1,'41
'1445,'18,'08,'0,'0,'201,'佐賀大　　　　,'経済　　,'経済法　　　,'　,'　　　,'法学　　　,'1,'41
'1445,'30,'00,'0,'0,'301,'佐賀大　　　　,'教育　　,'　　　　　　,'　,'　　　,'小学校　　,'0,'41
'1445,'30,'01,'0,'0,'301,'佐賀大　　　　,'教育　　,'共同／教育支,'　,'　　　,'小学校　　,'1,'41
'1445,'30,'02,'0,'0,'301,'佐賀大　　　　,'教育　　,'共同／小学校,'　,'　　　,'小学校　　,'1,'41
'1445,'30,'03,'0,'0,'302,'佐賀大　　　　,'教育　　,'共同／中学校,'　,'　　　,'中高－国語,'1,'41
'1445,'47,'00,'0,'0,'501,'佐賀大　　　　,'理工　　,'　　　　　　,'　,'　　　,'数学　　　,'0,'41
'1445,'47,'17,'0,'0,'501,'佐賀大　　　　,'理工　　,'理工／数理　,'　,'　　　,'数学　　　,'1,'41
'1445,'47,'19,'0,'0,'503,'佐賀大　　　　,'理工　　,'理工／化学　,'　,'　　　,'化学　　　,'1,'41
'1445,'47,'20,'0,'0,'502,'佐賀大　　　　,'理工　　,'理工／物理学,'　,'　　　,'物理学　　,'1,'41
'1445,'47,'21,'0,'0,'551,'佐賀大　　　　,'理工　　,'理工／機械工,'　,'　　　,'機械工学　,'1,'41
'1445,'47,'22,'0,'0,'552,'佐賀大　　　　,'理工　　,'理工／電気電,'　,'　　　,'電気・電子,'1,'41
'1445,'47,'23,'0,'0,'554,'佐賀大　　　　,'理工　　,'理工／都市工,'　,'　　　,'建築・土木,'1,'41
'1445,'47,'25,'0,'0,'553,'佐賀大　　　　,'理工　　,'理工／情報　,'　,'　　　,'情報工学　,'1,'41
'1445,'55,'00,'0,'0,'601,'佐賀大　　　　,'医　　　,'　　　　　　,'　,'　　　,'医　　　　,'0,'41
'1445,'55,'01,'0,'0,'601,'佐賀大　　　　,'医　　　,'医　　　　　,'　,'　　　,'医　　　　,'1,'41
'1445,'55,'02,'0,'0,'651,'佐賀大　　　　,'医　　　,'看護　　　　,'　,'　　　,'看護　　　,'1,'41
'1445,'72,'00,'0,'0,'701,'佐賀大　　　　,'農　　　,'　　　　　　,'　,'　　　,'農学　　　,'0,'41
'1445,'72,'05,'0,'0,'701,'佐賀大　　　　,'農　　　,'生物資源科学,'　,'　　　,'農学　　　,'1,'41
'1445,'83,'00,'0,'0,'451,'佐賀大　　　　,'芸術地域,'　　　　　　,'　,'　　　,'美術・デザ,'0,'41
'1445,'83,'01,'0,'0,'451,'佐賀大　　　　,'芸術地域,'芸術／芸術表,'　,'　　　,'美術・デザ,'1,'41
'1445,'83,'02,'0,'0,'452,'佐賀大　　　　,'芸術地域,'芸術／地域デ,'　,'　　　,'芸術理論　,'1,'41
'1445,'88,'00,'0,'0,'555,'佐賀大　　　　,'コスメテ,'　　　　　　,'　,'　　　,'応用化学　,'1,'41
'1455,'03,'00,'0,'0,'106,'長崎大　　　　,'多文化社,'　　　　　　,'　,'　　　,'文化学　　,'0,'42
'1455,'03,'01,'0,'0,'106,'長崎大　　　　,'多文化社,'多文化社会　,'　,'　　　,'文化学　　,'1,'42
'1455,'03,'02,'0,'0,'106,'長崎大　　　　,'多文化社,'多文／オラン,'　,'　　　,'文化学　　,'1,'42
'1455,'18,'00,'0,'0,'202,'長崎大　　　　,'経済　　,'　　　　　　,'　,'　　　,'政治学　　,'0,'42
'1455,'18,'04,'0,'0,'202,'長崎大　　　　,'経済　　,'総合経済　　,'　,'　　　,'政治学　　,'1,'42
'1455,'30,'00,'0,'0,'301,'長崎大　　　　,'教育　　,'　　　　　　,'　,'　　　,'小学校　　,'0,'42
'1455,'30,'22,'0,'0,'301,'長崎大　　　　,'教育　　,'学校／小学校,'　,'　　　,'小学校　　,'1,'42
'1455,'30,'23,'0,'0,'313,'長崎大　　　　,'教育　　,'学校／特別支,'　,'　　　,'特別支援教,'1,'42
'1455,'30,'39,'0,'0,'312,'長崎大　　　　,'教育　　,'学校／幼児教,'　,'　　　,'幼稚園　　,'1,'42
'1455,'30,'42,'0,'0,'302,'長崎大　　　　,'教育　　,'学校／文系　,'　,'　　　,'中高－国語,'1,'42
'1455,'30,'43,'0,'0,'303,'長崎大　　　　,'教育　　,'学校／理系　,'　,'　　　,'中高－数学,'1,'42
'1455,'30,'44,'0,'0,'311,'長崎大　　　　,'教育　　,'学校／実技系,'　,'　　　,'中高－体育,'1,'42
'1455,'37,'00,'0,'0,'753,'長崎大　　　　,'環境科学,'　　　　　　,'　,'　　　,'総合科学　,'0,'42
'1455,'37,'01,'0,'0,'753,'長崎大　　　　,'環境科学,'環境科学　　,'　,'　　　,'総合科学　,'1,'42
'1455,'38,'00,'0,'0,'553,'長崎大　　　　,'情報デー,'　　　　　　,'　,'　　　,'情報工学　,'0,'42
'1455,'38,'01,'0,'0,'553,'長崎大　　　　,'情報デー,'情報データ科,'　,'　　　,'情報工学　,'1,'42
'1455,'46,'00,'0,'0,'551,'長崎大　　　　,'工　　　,'　　　　　　,'　,'　　　,'機械工学　,'0,'42
'1455,'46,'25,'0,'0,'551,'長崎大　　　　,'工　　　,'工　　　　　,'　,'　　　,'機械工学　,'1,'42
'1455,'55,'00,'0,'0,'601,'長崎大　　　　,'医　　　,'　　　　　　,'　,'　　　,'医　　　　,'0,'42
'1455,'55,'01,'0,'0,'601,'長崎大　　　　,'医　　　,'医　　　　　,'　,'　　　,'医　　　　,'1,'42
'1455,'55,'03,'0,'0,'651,'長崎大　　　　,'医　　　,'保健／看護学,'　,'　　　,'看護　　　,'1,'42
'1455,'55,'04,'0,'0,'655,'長崎大　　　　,'医　　　,'保健／理学療,'　,'　　　,'理学療法　,'1,'42
'1455,'55,'05,'0,'0,'656,'長崎大　　　　,'医　　　,'保健／作業療,'　,'　　　,'作業療法　,'1,'42
'1455,'58,'00,'0,'0,'611,'長崎大　　　　,'歯　　　,'　　　　　　,'　,'　　　,'歯　　　　,'0,'42
'1455,'58,'01,'0,'0,'611,'長崎大　　　　,'歯　　　,'歯　　　　　,'　,'　　　,'歯　　　　,'1,'42
'1455,'61,'00,'0,'0,'621,'長崎大　　　　,'薬　　　,'　　　　　　,'　,'　　　,'薬　　　　,'0,'42
'1455,'61,'01,'0,'0,'621,'長崎大　　　　,'薬　　　,'薬　　　　　,'　,'　　　,'薬　　　　,'1,'42
'1455,'61,'02,'0,'0,'621,'長崎大　　　　,'薬　　　,'薬科学　　　,'　,'　　　,'薬　　　　,'1,'42
'1455,'73,'00,'0,'0,'708,'長崎大　　　　,'水産　　,'　　　　　　,'　,'　　　,'水産学　　,'0,'42
'1455,'73,'01,'0,'0,'708,'長崎大　　　　,'水産　　,'水産　　　　,'　,'　　　,'水産学　　,'1,'42
'1460,'01,'00,'0,'0,'101,'熊本大　　　　,'文　　　,'　　　　　　,'　,'　　　,'日本文学　,'0,'43
'1460,'01,'07,'0,'0,'101,'熊本大　　　　,'文　　　,'人文科学　　,'　,'　　　,'日本文学　,'1,'43
'1460,'12,'00,'0,'0,'201,'熊本大　　　　,'法　　　,'　　　　　　,'　,'　　　,'法学　　　,'0,'43
'1460,'12,'02,'0,'0,'201,'熊本大　　　　,'法　　　,'法　　　　　,'　,'　　　,'法学　　　,'1,'43
'1460,'30,'00,'0,'0,'313,'熊本大　　　　,'教育　　,'　　　　　　,'　,'　　　,'特別支援教,'0,'43
'1460,'30,'14,'0,'0,'314,'熊本大　　　　,'教育　　,'養護教諭　　,'　,'　　　,'養護　　　,'1,'43
'1460,'30,'17,'0,'0,'301,'熊本大　　　　,'教育　　,'共同／小学校,'　,'　　　,'小学校　　,'1,'43
'1460,'30,'18,'0,'0,'302,'熊本大　　　　,'教育　　,'共同／国語　,'　,'　　　,'中高－国語,'1,'43
'1460,'30,'19,'0,'0,'305,'熊本大　　　　,'教育　　,'共同／社会　,'　,'　　　,'中高－社会,'1,'43
'1460,'30,'20,'0,'0,'303,'熊本大　　　　,'教育　　,'共同／数学　,'　,'　　　,'中高－数学,'1,'43
'1460,'30,'21,'0,'0,'306,'熊本大　　　　,'教育　　,'共同／理科　,'　,'　　　,'中高－理科,'1,'43
'1460,'30,'22,'0,'0,'304,'熊本大　　　　,'教育　　,'共同／英語　,'　,'　　　,'中高－英語,'1,'43
'1460,'30,'28,'0,'0,'311,'熊本大　　　　,'教育　　,'共同／保体　,'　,'　　　,'中高－体育,'1,'43
'1460,'30,'31,'0,'0,'313,'熊本大　　　　,'教育　　,'共同／発達支,'　,'　　　,'特別支援教,'1,'43
'1460,'30,'32,'0,'0,'313,'熊本大　　　　,'教育　　,'共同／特別支,'　,'　　　,'特別支援教,'1,'43
'1460,'37,'00,'0,'0,'556,'熊本大　　　　,'情報融合,'　　　　　　,'　,'　　　,'応用物理学,'1,'43
'1460,'42,'00,'0,'0,'501,'熊本大　　　　,'理　　　,'　　　　　　,'　,'　　　,'数学　　　,'0,'43
'1460,'42,'07,'0,'0,'501,'熊本大　　　　,'理　　　,'理　　　　　,'　,'　　　,'数学　　　,'1,'43
'1460,'46,'00,'0,'0,'501,'熊本大　　　　,'工　　　,'　　　　　　,'　,'　　　,'数学　　　,'0,'43
'1460,'46,'17,'0,'0,'554,'熊本大　　　　,'工　　　,'土木建築　　,'　,'　　　,'建築・土木,'1,'43
'1460,'46,'18,'0,'0,'501,'熊本大　　　　,'工　　　,'機械数理工　,'　,'　　　,'数学　　　,'1,'43
'1460,'46,'19,'0,'0,'552,'熊本大　　　　,'工　　　,'情報電気工　,'　,'　　　,'電気・電子,'1,'43
'1460,'46,'20,'0,'0,'555,'熊本大　　　　,'工　　　,'材料・応用化,'　,'　　　,'応用化学　,'1,'43
'1460,'46,'21,'0,'0,'556,'熊本大　　　　,'工　　　,'半導体デバイ,'　,'　　　,'応用物理学,'1,'43
'1460,'55,'00,'0,'0,'601,'熊本大　　　　,'医　　　,'　　　　　　,'　,'　　　,'医　　　　,'0,'43
'1460,'55,'01,'0,'0,'601,'熊本大　　　　,'医　　　,'医　　　　　,'　,'　　　,'医　　　　,'1,'43
'1460,'55,'03,'0,'0,'651,'熊本大　　　　,'医　　　,'保健／看護学,'　,'　　　,'看護　　　,'1,'43
'1460,'55,'04,'0,'0,'657,'熊本大　　　　,'医　　　,'保健／放射線,'　,'　　　,'放射線技術,'1,'43
'1460,'55,'05,'0,'0,'658,'熊本大　　　　,'医　　　,'保健／検査技,'　,'　　　,'検査技術　,'1,'43
'1460,'61,'00,'0,'0,'621,'熊本大　　　　,'薬　　　,'　　　　　　,'　,'　　　,'薬　　　　,'0,'43
'1460,'61,'01,'0,'0,'621,'熊本大　　　　,'薬　　　,'薬　　　　　,'　,'　　　,'薬　　　　,'1,'43
'1460,'61,'02,'0,'0,'621,'熊本大　　　　,'薬　　　,'創薬・生命薬,'　,'　　　,'薬　　　　,'1,'43
'1460,'88,'00,'0,'0,'753,'熊本大　　　　,'共創学環,'　　　　　　,'　,'　　　,'総合科学　,'1,'43
'1465,'18,'00,'0,'0,'221,'大分大　　　　,'経済　　,'　　　　　　,'　,'　　　,'経済学　　,'0,'44
'1465,'18,'04,'0,'0,'221,'大分大　　　　,'経済　　,'総合経済　　,'　,'　　　,'経済学　　,'1,'44
'1465,'30,'00,'0,'0,'301,'大分大　　　　,'教育　　,'　　　　　　,'　,'　　　,'小学校　　,'0,'44
'1465,'30,'01,'0,'0,'301,'大分大　　　　,'教育　　,'学校／初等中,'　,'　　　,'小学校　　,'1,'44
'1465,'30,'02,'0,'0,'313,'大分大　　　　,'教育　　,'学校／特別支,'　,'　　　,'特別支援教,'1,'44
'1465,'47,'00,'0,'0,'551,'大分大　　　　,'理工　　,'　　　　　　,'　,'　　　,'機械工学　,'0,'44
'1465,'47,'09,'0,'0,'501,'大分大　　　　,'理工　　,'理工／数理科,'　,'　　　,'数学　　　,'1,'44
'1465,'47,'10,'0,'0,'553,'大分大　　　　,'理工　　,'理工／知能情,'　,'　　　,'情報工学　,'1,'44
'1465,'47,'11,'0,'0,'556,'大分大　　　　,'理工　　,'理工／物理学,'　,'　　　,'応用物理学,'1,'44
'1465,'47,'12,'0,'0,'552,'大分大　　　　,'理工　　,'理工／電気エ,'　,'　　　,'電気・電子,'1,'44
'1465,'47,'13,'0,'0,'551,'大分大　　　　,'理工　　,'理工／機械工,'　,'　　　,'機械工学　,'1,'44
'1465,'47,'14,'0,'0,'551,'大分大　　　　,'理工　　,'理工／知能機,'　,'　　　,'機械工学　,'1,'44
'1465,'47,'15,'0,'0,'555,'大分大　　　　,'理工　　,'理工／生命物,'　,'　　　,'応用化学　,'1,'44
'1465,'47,'16,'0,'0,'507,'大分大　　　　,'理工　　,'理工／地域環,'　,'　　　,'総合理学　,'1,'44
'1465,'47,'17,'0,'0,'554,'大分大　　　　,'理工　　,'理工／建築学,'　,'　　　,'建築・土木,'1,'44
'1465,'47,'18,'0,'0,'752,'大分大　　　　,'理工　　,'理工／ＤＸ人,'　,'　　　,'総合情報学,'1,'44
'1465,'55,'00,'0,'0,'601,'大分大　　　　,'医　　　,'　　　　　　,'　,'　　　,'医　　　　,'0,'44
'1465,'55,'01,'0,'0,'601,'大分大　　　　,'医　　　,'医　　　　　,'　,'　　　,'医　　　　,'1,'44
'1465,'55,'02,'0,'0,'651,'大分大　　　　,'医　　　,'看護　　　　,'　,'　　　,'看護　　　,'1,'44
'1465,'55,'03,'0,'0,'658,'大分大　　　　,'医　　　,'先進／生命健,'　,'　　　,'検査技術　,'1,'44
'1465,'55,'04,'0,'0,'652,'大分大　　　　,'医　　　,'先進／臨床医,'　,'　　　,'医療技術　,'1,'44
'1465,'64,'00,'0,'0,'105,'大分大　　　　,'福祉健康,'　　　　　　,'　,'　　　,'心理学　　,'0,'44
'1465,'64,'01,'0,'0,'655,'大分大　　　　,'福祉健康,'福祉／理学療,'　,'　　　,'理学療法　,'1,'44
'1465,'64,'02,'0,'0,'242,'大分大　　　　,'福祉健康,'福祉／社会福,'　,'　　　,'社会福祉学,'1,'44
'1465,'64,'03,'0,'0,'105,'大分大　　　　,'福祉健康,'福祉／心理学,'　,'　　　,'心理学　　,'1,'44
'1475,'30,'00,'0,'0,'301,'宮崎大　　　　,'教育　　,'　　　　　　,'　,'　　　,'小学校　　,'0,'45
'1475,'30,'13,'0,'0,'301,'宮崎大　　　　,'教育　　,'学校／小学校,'　,'　　　,'小学校　　,'1,'45
'1475,'30,'14,'0,'0,'301,'宮崎大　　　　,'教育　　,'学校／教職実,'　,'　　　,'小学校　　,'1,'45
'1475,'30,'15,'0,'0,'301,'宮崎大　　　　,'教育　　,'学校／子ども,'　,'　　　,'小学校　　,'1,'45
'1475,'30,'16,'0,'0,'301,'宮崎大　　　　,'教育　　,'学校／特別支,'　,'　　　,'小学校　　,'1,'45
'1475,'30,'17,'0,'0,'302,'宮崎大　　　　,'教育　　,'学校／中学校,'　,'　　　,'中高－国語,'1,'45
'1475,'37,'00,'0,'0,'753,'宮崎大　　　　,'地域資源,'　　　　　　,'　,'　　　,'総合科学　,'0,'45
'1475,'37,'01,'0,'0,'753,'宮崎大　　　　,'地域資源,'地域資源創成,'　,'　　　,'総合科学　,'1,'45
'1475,'46,'00,'0,'0,'551,'宮崎大　　　　,'工　　　,'　　　　　　,'　,'　　　,'機械工学　,'0,'45
'1475,'46,'14,'0,'0,'551,'宮崎大　　　　,'工　　　,'工　　　　　,'　,'　　　,'機械工学　,'1,'45
'1475,'55,'00,'0,'0,'601,'宮崎大　　　　,'医　　　,'　　　　　　,'　,'　　　,'医　　　　,'0,'45
'1475,'55,'01,'0,'0,'601,'宮崎大　　　　,'医　　　,'医　　　　　,'　,'　　　,'医　　　　,'1,'45
'1475,'55,'02,'0,'0,'651,'宮崎大　　　　,'医　　　,'看護　　　　,'　,'　　　,'看護　　　,'1,'45
'1475,'72,'00,'0,'0,'701,'宮崎大　　　　,'農　　　,'　　　　　　,'　,'　　　,'農学　　　,'0,'45
'1475,'72,'01,'0,'0,'705,'宮崎大　　　　,'農　　　,'獣医　　　　,'　,'　　　,'獣医学　　,'1,'45
'1475,'72,'17,'0,'0,'701,'宮崎大　　　　,'農　　　,'農　　　　　,'　,'　　　,'農学　　　,'1,'45
'1485,'03,'00,'0,'0,'105,'鹿児島大　　　,'法文　　,'　　　　　　,'　,'　　　,'心理学　　,'0,'46
'1485,'03,'04,'0,'0,'106,'鹿児島大　　　,'法文　　,'人文／多元地,'　,'　　　,'文化学　　,'1,'46
'1485,'03,'05,'0,'0,'105,'鹿児島大　　　,'法文　　,'人文／心理学,'　,'　　　,'心理学　　,'1,'46
'1485,'03,'07,'0,'0,'201,'鹿児島大　　　,'法文　　,'法経／法学　,'　,'　　　,'法学　　　,'1,'46
'1485,'03,'08,'0,'0,'221,'鹿児島大　　　,'法文　　,'法経／地・経,'　,'　　　,'経済学　　,'1,'46
'1485,'30,'00,'0,'0,'302,'鹿児島大　　　,'教育　　,'　　　　　　,'　,'　　　,'中高－国語,'0,'46
'1485,'30,'55,'0,'0,'105,'鹿児島大　　　,'教育　　,'学校／初一般,'　,'　　　,'心理学　　,'1,'46
'1485,'30,'58,'0,'0,'302,'鹿児島大　　　,'教育　　,'学校／中国語,'　,'　　　,'中高－国語,'1,'46
'1485,'30,'59,'0,'0,'305,'鹿児島大　　　,'教育　　,'学校／中社会,'　,'　　　,'中高－社会,'1,'46
'1485,'30,'60,'0,'0,'304,'鹿児島大　　　,'教育　　,'学校／中英語,'　,'　　　,'中高－英語,'1,'46
'1485,'30,'61,'0,'0,'303,'鹿児島大　　　,'教育　　,'学校／中数学,'　,'　　　,'中高－数学,'1,'46
'1485,'30,'62,'0,'0,'306,'鹿児島大　　　,'教育　　,'学校／中理科,'　,'　　　,'中高－理科,'1,'46
'1485,'30,'63,'0,'0,'307,'鹿児島大　　　,'教育　　,'学校／中技術,'　,'　　　,'中高－技術,'1,'46
'1485,'30,'64,'0,'0,'308,'鹿児島大　　　,'教育　　,'学校／中家政,'　,'　　　,'中高－家庭,'1,'46
'1485,'30,'65,'0,'0,'309,'鹿児島大　　　,'教育　　,'学校／中音楽,'　,'　　　,'中高－音楽,'1,'46
'1485,'30,'66,'0,'0,'310,'鹿児島大　　　,'教育　　,'学校／中美術,'　,'　　　,'中高－美術,'1,'46
'1485,'30,'67,'0,'0,'311,'鹿児島大　　　,'教育　　,'学校／中保体,'　,'　　　,'中高－体育,'1,'46
'1485,'30,'68,'0,'0,'313,'鹿児島大　　　,'教育　　,'学校／特別支,'　,'　　　,'特別支援教,'1,'46
'1485,'42,'00,'0,'0,'501,'鹿児島大　　　,'理　　　,'　　　　　　,'　,'　　　,'数学　　　,'0,'46
'1485,'42,'09,'0,'0,'501,'鹿児島大　　　,'理　　　,'理／数理情報,'　,'　　　,'数学　　　,'1,'46
'1485,'42,'10,'0,'0,'502,'鹿児島大　　　,'理　　　,'理／物理・宇,'　,'　　　,'物理学　　,'1,'46
'1485,'42,'11,'0,'0,'503,'鹿児島大　　　,'理　　　,'理／化学プロ,'　,'　　　,'化学　　　,'1,'46
'1485,'42,'12,'0,'0,'504,'鹿児島大　　　,'理　　　,'理／生物学プ,'　,'　　　,'生物学　　,'1,'46
'1485,'42,'13,'0,'0,'505,'鹿児島大　　　,'理　　　,'理／地球科学,'　,'　　　,'地球科学　,'1,'46
'1485,'46,'00,'0,'0,'554,'鹿児島大　　　,'工　　　,'　　　　　　,'　,'　　　,'建築・土木,'0,'46
'1485,'46,'04,'0,'0,'554,'鹿児島大　　　,'工　　　,'建築　　　　,'　,'　　　,'建築・土木,'1,'46
'1485,'46,'11,'0,'0,'551,'鹿児島大　　　,'工　　　,'先進／機械工,'　,'　　　,'機械工学　,'1,'46
'1485,'46,'12,'0,'0,'552,'鹿児島大　　　,'工　　　,'先進／電気電,'　,'　　　,'電気・電子,'1,'46
'1485,'46,'13,'0,'0,'554,'鹿児島大　　　,'工　　　,'先進／海洋土,'　,'　　　,'建築・土木,'1,'46
'1485,'46,'14,'0,'0,'555,'鹿児島大　　　,'工　　　,'先進／化学工,'　,'　　　,'応用化学　,'1,'46
'1485,'46,'15,'0,'0,'555,'鹿児島大　　　,'工　　　,'先進／化学生,'　,'　　　,'応用化学　,'1,'46
'1485,'46,'16,'0,'0,'553,'鹿児島大　　　,'工　　　,'先進／情報生,'　,'　　　,'情報工学　,'1,'46
'1485,'55,'00,'0,'0,'601,'鹿児島大　　　,'医　　　,'　　　　　　,'　,'　　　,'医　　　　,'0,'46
'1485,'55,'01,'0,'0,'601,'鹿児島大　　　,'医　　　,'医　　　　　,'　,'　　　,'医　　　　,'1,'46
'1485,'55,'03,'0,'0,'651,'鹿児島大　　　,'医　　　,'保健／看護学,'　,'　　　,'看護　　　,'1,'46
'1485,'55,'04,'0,'0,'655,'鹿児島大　　　,'医　　　,'保健／理学療,'　,'　　　,'理学療法　,'1,'46
'1485,'55,'05,'0,'0,'656,'鹿児島大　　　,'医　　　,'保健／作業療,'　,'　　　,'作業療法　,'1,'46
'1485,'58,'00,'0,'0,'611,'鹿児島大　　　,'歯　　　,'　　　　　　,'　,'　　　,'歯　　　　,'0,'46
'1485,'58,'01,'0,'0,'611,'鹿児島大　　　,'歯　　　,'歯　　　　　,'　,'　　　,'歯　　　　,'1,'46
'1485,'72,'00,'0,'0,'701,'鹿児島大　　　,'農　　　,'　　　　　　,'　,'　　　,'農学　　　,'0,'46
'1485,'72,'05,'0,'0,'701,'鹿児島大　　　,'農　　　,'国際食料資源,'　,'　　　,'農学　　　,'1,'46
'1485,'72,'09,'0,'0,'701,'鹿児島大　　　,'農　　　,'農　　　　　,'　,'　　　,'農学　　　,'1,'46
'1485,'73,'00,'0,'0,'708,'鹿児島大　　　,'水産　　,'　　　　　　,'　,'　　　,'水産学　　,'0,'46
'1485,'73,'03,'0,'0,'708,'鹿児島大　　　,'水産　　,'水産　　　　,'　,'　　　,'水産学　　,'1,'46
'1485,'73,'08,'0,'0,'708,'鹿児島大　　　,'水産　　,'国際食料資源,'　,'　　　,'水産学　　,'1,'46
'1485,'74,'00,'0,'0,'705,'鹿児島大　　　,'共同獣医,'　　　　　　,'　,'　　　,'獣医学　　,'0,'46
'1485,'74,'01,'0,'0,'705,'鹿児島大　　　,'共同獣医,'共同獣医　　,'　,'　　　,'獣医学　　,'1,'46
'1485,'74,'02,'0,'0,'709,'鹿児島大　　　,'共同獣医,'畜産　　　　,'　,'　　　,'畜産学　　,'1,'46
'1490,'64,'00,'0,'0,'654,'鹿屋体育大　　,'体育　　,'　　　　　　,'　,'　　　,'体育・健康,'0,'46
'1490,'64,'01,'0,'0,'318,'鹿屋体育大　　,'体育　　,'スポーツ総合,'　,'　　　,'総合教育学,'1,'46
'1490,'64,'02,'0,'0,'654,'鹿屋体育大　　,'体育　　,'武道　　　　,'　,'　　　,'体育・健康,'1,'46
'1495,'28,'00,'0,'0,'101,'琉球大　　　　,'人文社会,'　　　　　　,'　,'　　　,'日本文学　,'0,'47
'1495,'28,'01,'0,'0,'201,'琉球大　　　　,'人文社会,'国際法政　　,'　,'　　　,'法学　　　,'1,'47
'1495,'28,'02,'0,'0,'104,'琉球大　　　　,'人文社会,'人間社会　　,'　,'　　　,'哲学倫理宗,'1,'47
'1495,'28,'03,'0,'0,'101,'琉球大　　　　,'人文社会,'琉球アジア文,'　,'　　　,'日本文学　,'1,'47
'1495,'30,'00,'0,'0,'301,'琉球大　　　　,'教育　　,'　　　　　　,'　,'　　　,'小学校　　,'0,'47
'1495,'30,'29,'0,'0,'313,'琉球大　　　　,'教育　　,'学校／特別支,'　,'　　　,'特別支援教,'1,'47
'1495,'30,'59,'0,'0,'301,'琉球大　　　　,'教育　　,'学校／国語　,'　,'　　　,'小学校　　,'1,'47
'1495,'30,'60,'0,'0,'301,'琉球大　　　　,'教育　　,'学校／社会科,'　,'　　　,'小学校　　,'1,'47
'1495,'30,'61,'0,'0,'301,'琉球大　　　　,'教育　　,'学校／数学　,'　,'　　　,'小学校　　,'1,'47
'1495,'30,'62,'0,'0,'301,'琉球大　　　　,'教育　　,'学校／理科　,'　,'　　　,'小学校　　,'1,'47
'1495,'30,'63,'0,'0,'301,'琉球大　　　　,'教育　　,'学校／音楽　,'　,'　　　,'小学校　　,'1,'47
'1495,'30,'64,'0,'0,'301,'琉球大　　　　,'教育　　,'学校／美術　,'　,'　　　,'小学校　　,'1,'47
'1495,'30,'65,'0,'0,'301,'琉球大　　　　,'教育　　,'学校／保健体,'　,'　　　,'小学校　　,'1,'47
'1495,'30,'66,'0,'0,'301,'琉球大　　　　,'教育　　,'学校／技術　,'　,'　　　,'小学校　　,'1,'47
'1495,'30,'67,'0,'0,'301,'琉球大　　　　,'教育　　,'学校／生活科,'　,'　　　,'小学校　　,'1,'47
'1495,'30,'68,'0,'0,'301,'琉球大　　　　,'教育　　,'学校／英語　,'　,'　　　,'小学校　　,'1,'47
'1495,'30,'69,'0,'0,'301,'琉球大　　　　,'教育　　,'学校／学校教,'　,'　　　,'小学校　　,'1,'47
'1495,'33,'00,'0,'0,'103,'琉球大　　　　,'国際地域,'　　　　　　,'　,'　　　,'地理学　　,'0,'47
'1495,'33,'01,'0,'0,'103,'琉球大　　　　,'国際地域,'国際地域創造,'　,'　　　,'地理学　　,'1,'47
'1495,'36,'00,'0,'0,'106,'琉球大　　　　,'国際地夜,'　　　　　　,'　,'　　　,'文化学　　,'0,'47
'1495,'36,'01,'0,'0,'106,'琉球大　　　　,'国際地夜,'国際地域創造,'　,'　　　,'文化学　　,'1,'47
'1495,'42,'00,'0,'0,'501,'琉球大　　　　,'理　　　,'　　　　　　,'　,'　　　,'数学　　　,'0,'47
'1495,'42,'03,'0,'0,'501,'琉球大　　　　,'理　　　,'数理科学　　,'　,'　　　,'数学　　　,'1,'47
'1495,'42,'06,'0,'0,'503,'琉球大　　　　,'理　　　,'海洋／化学系,'　,'　　　,'化学　　　,'1,'47
'1495,'42,'09,'0,'0,'504,'琉球大　　　　,'理　　　,'海洋／生物系,'　,'　　　,'生物学　　,'1,'47
'1495,'42,'10,'0,'0,'502,'琉球大　　　　,'理　　　,'物質／物理系,'　,'　　　,'物理学　　,'1,'47
'1495,'42,'11,'0,'0,'505,'琉球大　　　　,'理　　　,'物質／地球環,'　,'　　　,'地球科学　,'1,'47
'1495,'46,'00,'0,'0,'551,'琉球大　　　　,'工　　　,'　　　　　　,'　,'　　　,'機械工学　,'0,'47
'1495,'46,'07,'0,'0,'551,'琉球大　　　　,'工　　　,'工　　　　　,'　,'　　　,'機械工学　,'1,'47
'1495,'55,'00,'0,'0,'601,'琉球大　　　　,'医　　　,'　　　　　　,'　,'　　　,'医　　　　,'0,'47
'1495,'55,'01,'0,'0,'601,'琉球大　　　　,'医　　　,'医　　　　　,'　,'　　　,'医　　　　,'1,'47
'1495,'55,'02,'0,'0,'651,'琉球大　　　　,'医　　　,'保健　　　　,'　,'　　　,'看護　　　,'1,'47
'1495,'72,'00,'0,'0,'402,'琉球大　　　　,'農　　　,'　　　　　　,'　,'　　　,'食物・栄養,'0,'47
'1495,'72,'04,'0,'0,'701,'琉球大　　　　,'農　　　,'亜熱帯地域農,'　,'　　　,'農学　　　,'1,'47
'1495,'72,'05,'0,'0,'701,'琉球大　　　　,'農　　　,'亜熱帯農林環,'　,'　　　,'農学　　　,'1,'47
'1495,'72,'06,'0,'0,'704,'琉球大　　　　,'農　　　,'地域農業工　,'　,'　　　,'農業工学・,'1,'47
'1495,'72,'07,'0,'0,'402,'琉球大　　　　,'農　　　,'亜熱帯生物資,'　,'　　　,'食物・栄養,'1,'47
'1495,'72,'08,'0,'0,'402,'琉球大　　　　,'農　　　,'亜熱／健康栄,'　,'　　　,'食物・栄養,'1,'47
'2003,'37,'00,'0,'0,'506,'はこだて未来大,'システム,'　　　　　　,'　,'　　　,'情報科学　,'1,'01
'2004,'64,'00,'0,'0,'651,'札幌市立大　　,'看護　　,'　　　　　　,'　,'　　　,'看護　　　,'0,'01
'2004,'64,'01,'0,'0,'651,'札幌市立大　　,'看護　　,'看護　　　　,'　,'　　　,'看護　　　,'1,'01
'2004,'83,'00,'0,'0,'451,'札幌市立大　　,'デザイン,'　　　　　　,'　,'　　　,'美術・デザ,'0,'01
'2004,'83,'01,'0,'0,'451,'札幌市立大　　,'デザイン,'デザイン　　,'　,'　　　,'美術・デザ,'1,'01
'2005,'18,'00,'0,'0,'221,'釧路公立大　　,'経済　　,'　　　　　　,'　,'　　　,'経済学　　,'1,'01
'2006,'64,'00,'0,'0,'242,'名寄市立大　　,'保健福祉,'　　　　　　,'　,'　　　,'社会福祉学,'0,'01
'2006,'64,'01,'0,'0,'651,'名寄市立大　　,'保健福祉,'看護　　　　,'　,'　　　,'看護　　　,'1,'01
'2006,'64,'02,'0,'0,'402,'名寄市立大　　,'保健福祉,'栄養　　　　,'　,'　　　,'食物・栄養,'1,'01
'2006,'64,'03,'0,'0,'242,'名寄市立大　　,'保健福祉,'社会福祉　　,'　,'　　　,'社会福祉学,'1,'01
'2006,'64,'04,'0,'0,'312,'名寄市立大　　,'保健福祉,'社会保育　　,'　,'　　　,'幼稚園　　,'1,'01
'2007,'47,'00,'0,'0,'552,'千歳科学技大　,'理工　　,'　　　　　　,'　,'　　　,'電気・電子,'1,'01
'2008,'18,'00,'0,'0,'201,'旭川市立大　　,'経済　　,'　　　　　　,'　,'　　　,'法学　　　,'0,'01
'2008,'18,'01,'0,'0,'201,'旭川市立大　　,'経済　　,'経営経済　　,'　,'　　　,'法学　　　,'1,'01
'2008,'21,'00,'0,'0,'753,'旭川市立大　　,'地域創造,'　　　　　　,'　,'　　　,'総合科学　,'0,'01
'2008,'21,'01,'0,'0,'753,'旭川市立大　　,'地域創造,'地域創造　　,'　,'　　　,'総合科学　,'1,'01
'2008,'64,'00,'0,'0,'242,'旭川市立大　　,'保健福祉,'　　　　　　,'　,'　　　,'社会福祉学,'0,'01
'2008,'64,'01,'0,'0,'242,'旭川市立大　　,'保健福祉,'コミュニティ,'　,'　　　,'社会福祉学,'1,'01
'2008,'64,'02,'0,'0,'651,'旭川市立大　　,'保健福祉,'保健看護　　,'　,'　　　,'看護　　　,'1,'01
'2010,'55,'00,'0,'0,'601,'札幌医大　　　,'医　　　,'　　　　　　,'　,'　　　,'医　　　　,'0,'01
'2010,'55,'01,'0,'0,'601,'札幌医大　　　,'医　　　,'医　　　　　,'　,'　　　,'医　　　　,'1,'01
'2010,'64,'00,'0,'0,'651,'札幌医大　　　,'保健医療,'　　　　　　,'　,'　　　,'看護　　　,'0,'01
'2010,'64,'01,'0,'0,'651,'札幌医大　　　,'保健医療,'看護　　　　,'　,'　　　,'看護　　　,'1,'01
'2010,'64,'02,'0,'0,'656,'札幌医大　　　,'保健医療,'作業療法　　,'　,'　　　,'作業療法　,'1,'01
'2010,'64,'03,'0,'0,'655,'札幌医大　　　,'保健医療,'理学療法　　,'　,'　　　,'理学療法　,'1,'01
'2013,'64,'00,'0,'0,'242,'青森県立保健大,'健康科学,'　　　　　　,'　,'　　　,'社会福祉学,'0,'02
'2013,'64,'01,'0,'0,'651,'青森県立保健大,'健康科学,'看護　　　　,'　,'　　　,'看護　　　,'1,'02
'2013,'64,'02,'0,'0,'655,'青森県立保健大,'健康科学,'理学療法　　,'　,'　　　,'理学療法　,'1,'02
'2013,'64,'03,'0,'0,'242,'青森県立保健大,'健康科学,'社会福祉　　,'　,'　　　,'社会福祉学,'1,'02
'2013,'64,'04,'0,'0,'402,'青森県立保健大,'健康科学,'栄養　　　　,'　,'　　　,'食物・栄養,'1,'02
'2015,'21,'00,'0,'0,'222,'青森公立大　　,'経営経済,'　　　　　　,'　,'　　　,'経営学・商,'0,'02
'2015,'21,'02,'0,'0,'222,'青森公立大　　,'経営経済,'経営　　　　,'　,'　　　,'経営学・商,'1,'02
'2015,'21,'03,'0,'0,'221,'青森公立大　　,'経営経済,'経済　　　　,'　,'　　　,'経済学　　,'1,'02
'2015,'21,'04,'0,'0,'202,'青森公立大　　,'経営経済,'地域みらい　,'　,'　　　,'政治学　　,'1,'02
'2018,'13,'00,'0,'0,'202,'岩手県立大　　,'総合政策,'　　　　　　,'　,'　　　,'政治学　　,'0,'03
'2018,'13,'01,'0,'0,'202,'岩手県立大　　,'総合政策,'総合政策　　,'　,'　　　,'政治学　　,'1,'03
'2018,'26,'00,'0,'0,'105,'岩手県立大　　,'社会福祉,'　　　　　　,'　,'　　　,'心理学　　,'1,'03
'2018,'47,'00,'0,'0,'553,'岩手県立大　　,'ソフトウ,'　　　　　　,'　,'　　　,'情報工学　,'0,'03
'2018,'47,'01,'0,'0,'553,'岩手県立大　　,'ソフトウ,'ソフトウェア,'　,'　　　,'情報工学　,'1,'03
'2018,'64,'00,'0,'0,'651,'岩手県立大　　,'看護　　,'　　　　　　,'　,'　　　,'看護　　　,'0,'03
'2018,'64,'01,'0,'0,'651,'岩手県立大　　,'看護　　,'看護　　　　,'　,'　　　,'看護　　　,'1,'03
'2023,'22,'00,'0,'0,'222,'宮城大　　　　,'事業構想,'　　　　　　,'　,'　　　,'経営学・商,'1,'04
'2023,'65,'00,'0,'0,'651,'宮城大　　　　,'看護　　,'　　　　　　,'　,'　　　,'看護　　　,'0,'04
'2023,'65,'01,'0,'0,'651,'宮城大　　　　,'看護　　,'看護学類　　,'　,'　　　,'看護　　　,'1,'04
'2023,'75,'00,'0,'0,'701,'宮城大　　　　,'食産業　,'　　　　　　,'　,'　　　,'農学　　　,'1,'04
'2028,'47,'00,'0,'0,'551,'秋田県立大　　,'システム,'　　　　　　,'　,'　　　,'機械工学　,'0,'05
'2028,'47,'03,'0,'0,'554,'秋田県立大　　,'システム,'建築環境シス,'　,'　　　,'建築・土木,'1,'05
'2028,'47,'04,'0,'0,'563,'秋田県立大　　,'システム,'経営シス工　,'　,'　　　,'経営工学　,'1,'05
'2028,'47,'05,'0,'0,'551,'秋田県立大　　,'システム,'機械工　　　,'　,'　　　,'機械工学　,'1,'05
'2028,'47,'06,'0,'0,'551,'秋田県立大　　,'システム,'知能メカトロ,'　,'　　　,'機械工学　,'1,'05
'2028,'47,'07,'0,'0,'553,'秋田県立大　　,'システム,'情報工　　　,'　,'　　　,'情報工学　,'1,'05
'2028,'74,'00,'0,'0,'701,'秋田県立大　　,'生物資源,'　　　　　　,'　,'　　　,'農学　　　,'0,'05
'2028,'74,'01,'0,'0,'564,'秋田県立大　　,'生物資源,'応用生物科学,'　,'　　　,'生物工学　,'1,'05
'2028,'74,'02,'0,'0,'701,'秋田県立大　　,'生物資源,'生物生産科学,'　,'　　　,'農学　　　,'1,'05
'2028,'74,'03,'0,'0,'701,'秋田県立大　　,'生物資源,'生物環境科学,'　,'　　　,'農学　　　,'1,'05
'2028,'74,'04,'0,'0,'707,'秋田県立大　　,'生物資源,'アグリビジネ,'　,'　　　,'農業経済学,'1,'05
'2029,'83,'00,'0,'0,'451,'秋田公立美大　,'美術　　,'　　　　　　,'　,'　　　,'美術・デザ,'0,'05
'2029,'83,'01,'0,'0,'451,'秋田公立美大　,'美術　　,'美術　　　　,'　,'　　　,'美術・デザ,'1,'05
'2030,'37,'00,'0,'0,'261,'国際教養大　　,'国際教養,'　　　　　　,'　,'　　　,'国際関係学,'0,'05
'2030,'37,'01,'0,'0,'261,'国際教養大　　,'国際教養,'国際教養　　,'　,'　　　,'国際関係学,'1,'05
'2033,'64,'00,'0,'0,'402,'山形県米沢栄大,'健康栄養,'　　　　　　,'　,'　　　,'食物・栄養,'0,'06
'2033,'64,'01,'0,'0,'402,'山形県米沢栄大,'健康栄養,'健康栄養　　,'　,'　　　,'食物・栄養,'1,'06
'2034,'74,'00,'0,'0,'707,'東北農林職大　,'農林業経,'　　　　　　,'　,'　　　,'農業経済学,'0,'06
'2034,'74,'01,'0,'0,'707,'東北農林職大　,'農林業経,'農業経営　　,'　,'　　　,'農業経済学,'1,'06
'2034,'74,'02,'0,'0,'707,'東北農林職大　,'農林業経,'森林業経営　,'　,'　　　,'農業経済学,'1,'06
'2035,'64,'00,'0,'0,'651,'山形保健医療大,'保健医療,'　　　　　　,'　,'　　　,'看護　　　,'0,'06
'2035,'64,'01,'0,'0,'651,'山形保健医療大,'保健医療,'看護　　　　,'　,'　　　,'看護　　　,'1,'06
'2035,'64,'02,'0,'0,'655,'山形保健医療大,'保健医療,'理学療法　　,'　,'　　　,'理学療法　,'1,'06
'2035,'64,'03,'0,'0,'656,'山形保健医療大,'保健医療,'作業療法　　,'　,'　　　,'作業療法　,'1,'06
'2040,'47,'00,'0,'0,'506,'会津大　　　　,'コン理工,'　　　　　　,'　,'　　　,'情報科学　,'0,'07
'2040,'47,'03,'0,'0,'506,'会津大　　　　,'コン理工,'コンピュータ,'　,'　　　,'情報科学　,'1,'07
'2045,'55,'00,'0,'0,'601,'福島県立医大　,'医　　　,'　　　　　　,'　,'　　　,'医　　　　,'0,'07
'2045,'55,'01,'0,'0,'601,'福島県立医大　,'医　　　,'医　　　　　,'　,'　　　,'医　　　　,'1,'07
'2045,'64,'00,'0,'0,'651,'福島県立医大　,'看護　　,'　　　　　　,'　,'　　　,'看護　　　,'0,'07
'2045,'64,'01,'0,'0,'651,'福島県立医大　,'看護　　,'看護　　　　,'　,'　　　,'看護　　　,'1,'07
'2045,'65,'00,'0,'0,'655,'福島県立医大　,'保健科学,'　　　　　　,'　,'　　　,'理学療法　,'0,'07
'2045,'65,'01,'0,'0,'655,'福島県立医大　,'保健科学,'理学療法　　,'　,'　　　,'理学療法　,'1,'07
'2045,'65,'02,'0,'0,'656,'福島県立医大　,'保健科学,'作業療法　　,'　,'　　　,'作業療法　,'1,'07
'2045,'65,'03,'0,'0,'657,'福島県立医大　,'保健科学,'診療放射線科,'　,'　　　,'放射線技術,'1,'07
'2045,'65,'04,'0,'0,'658,'福島県立医大　,'保健科学,'臨床検査　　,'　,'　　　,'検査技術　,'1,'07
'2050,'64,'00,'0,'0,'651,'茨城県立医療大,'保健医療,'　　　　　　,'　,'　　　,'看護　　　,'0,'08
'2050,'64,'01,'0,'0,'651,'茨城県立医療大,'保健医療,'看護　　　　,'　,'　　　,'看護　　　,'1,'08
'2050,'64,'02,'0,'0,'656,'茨城県立医療大,'保健医療,'作業療法　　,'　,'　　　,'作業療法　,'1,'08
'2050,'64,'03,'0,'0,'657,'茨城県立医療大,'保健医療,'放射線技術科,'　,'　　　,'放射線技術,'1,'08
'2050,'64,'04,'0,'0,'655,'茨城県立医療大,'保健医療,'理学療法　　,'　,'　　　,'理学療法　,'1,'08
'2058,'46,'00,'0,'0,'554,'前橋工科大　　,'工　　　,'　　　　　　,'　,'　　　,'建築・土木,'0,'10
'2058,'46,'07,'0,'0,'554,'前橋工科大　　,'工　　　,'建築／建築都,'　,'　　　,'建築・土木,'1,'10
'2058,'46,'08,'0,'0,'554,'前橋工科大　　,'工　　　,'建築／土木環,'　,'　　　,'建築・土木,'1,'10
'2058,'46,'09,'0,'0,'554,'前橋工科大　　,'工　　　,'建築／工学デ,'　,'　　　,'建築・土木,'1,'10
'2058,'46,'10,'0,'0,'553,'前橋工科大　　,'工　　　,'情報／情報シ,'　,'　　　,'情報工学　,'1,'10
'2058,'46,'11,'0,'0,'551,'前橋工科大　　,'工　　　,'情報／医工学,'　,'　　　,'機械工学　,'1,'10
'2058,'46,'12,'0,'0,'564,'前橋工科大　　,'工　　　,'情報／生物応,'　,'　　　,'生物工学　,'1,'10
'2059,'64,'00,'0,'0,'651,'群馬健康科学大,'看護　　,'　　　　　　,'　,'　　　,'看護　　　,'0,'10
'2059,'64,'01,'0,'0,'651,'群馬健康科学大,'看護　　,'看護　　　　,'　,'　　　,'看護　　　,'1,'10
'2059,'65,'00,'0,'0,'657,'群馬健康科学大,'診療放射,'　　　　　　,'　,'　　　,'放射線技術,'0,'10
'2059,'65,'01,'0,'0,'657,'群馬健康科学大,'診療放射,'診療放射線　,'　,'　　　,'放射線技術,'1,'10
'2060,'01,'00,'0,'0,'101,'群馬県立女子大,'文　　　,'　　　　　　,'　,'　　　,'日本文学　,'0,'10
'2060,'01,'01,'0,'0,'102,'群馬県立女子大,'文　　　,'英米文化　　,'　,'　　　,'外国文学　,'1,'10
'2060,'01,'02,'0,'0,'101,'群馬県立女子大,'文　　　,'国文　　　　,'　,'　　　,'日本文学　,'1,'10
'2060,'01,'03,'0,'0,'104,'群馬県立女子大,'文　　　,'美学美術史　,'　,'　　　,'哲学倫理宗,'1,'10
'2060,'01,'05,'0,'0,'752,'群馬県立女子大,'文　　　,'文化情報　　,'　,'　　　,'総合情報学,'1,'10
'2060,'37,'00,'0,'0,'151,'群馬県立女子大,'国際コミ,'　　　　　　,'　,'　　　,'英米語　　,'1,'10
'2065,'13,'00,'0,'0,'202,'高崎経大　　　,'地域政策,'　　　　　　,'　,'　　　,'政治学　　,'1,'10
'2065,'18,'00,'0,'0,'221,'高崎経大　　　,'経済　　,'　　　　　　,'　,'　　　,'経済学　　,'1,'10
'2070,'64,'00,'0,'0,'242,'埼玉県立大　　,'保健医療,'　　　　　　,'　,'　　　,'社会福祉学,'0,'11
'2070,'64,'01,'0,'0,'651,'埼玉県立大　　,'保健医療,'看護　　　　,'　,'　　　,'看護　　　,'1,'11
'2070,'64,'02,'0,'0,'655,'埼玉県立大　　,'保健医療,'理学療法　　,'　,'　　　,'理学療法　,'1,'11
'2070,'64,'03,'0,'0,'656,'埼玉県立大　　,'保健医療,'作業療法　　,'　,'　　　,'作業療法　,'1,'11
'2070,'64,'05,'0,'0,'653,'埼玉県立大　　,'保健医療,'健康／健康情,'　,'　　　,'保健　　　,'1,'11
'2070,'64,'06,'0,'0,'658,'埼玉県立大　　,'保健医療,'健康／検査技,'　,'　　　,'検査技術　,'1,'11
'2070,'64,'07,'0,'0,'652,'埼玉県立大　　,'保健医療,'健康／口腔保,'　,'　　　,'医療技術　,'1,'11
'2070,'64,'08,'0,'0,'242,'埼玉県立大　　,'保健医療,'社会／社会福,'　,'　　　,'社会福祉学,'1,'11
'2070,'64,'09,'0,'0,'312,'埼玉県立大　　,'保健医療,'社会／福祉子,'　,'　　　,'幼稚園　　,'1,'11
'2075,'64,'00,'0,'0,'402,'千葉保健医療大,'健康科学,'　　　　　　,'　,'　　　,'食物・栄養,'0,'12
'2075,'64,'01,'0,'0,'651,'千葉保健医療大,'健康科学,'看護　　　　,'　,'　　　,'看護　　　,'1,'12
'2075,'64,'02,'0,'0,'402,'千葉保健医療大,'健康科学,'栄養　　　　,'　,'　　　,'食物・栄養,'1,'12
'2075,'64,'03,'0,'0,'652,'千葉保健医療大,'健康科学,'歯科衛生　　,'　,'　　　,'医療技術　,'1,'12
'2075,'64,'04,'0,'0,'655,'千葉保健医療大,'健康科学,'リハ／理学療,'　,'　　　,'理学療法　,'1,'12
'2075,'64,'05,'0,'0,'656,'千葉保健医療大,'健康科学,'リハ／作業療,'　,'　　　,'作業療法　,'1,'12
'2079,'12,'00,'0,'0,'201,'東京都立大　　,'法　　　,'　　　　　　,'　,'　　　,'法学　　　,'0,'13
'2079,'12,'01,'0,'0,'201,'東京都立大　　,'法　　　,'法　　　　　,'　,'　　　,'法学　　　,'1,'13
'2079,'21,'00,'0,'0,'221,'東京都立大　　,'経済経営,'　　　　　　,'　,'　　　,'経済学　　,'0,'13
'2079,'21,'01,'0,'0,'221,'東京都立大　　,'経済経営,'経済経営　　,'　,'　　　,'経済学　　,'1,'13
'2079,'27,'00,'0,'0,'106,'東京都立大　　,'人文社会,'　　　　　　,'　,'　　　,'文化学　　,'0,'13
'2079,'27,'01,'0,'0,'105,'東京都立大　　,'人文社会,'人間社会　　,'　,'　　　,'心理学　　,'1,'13
'2079,'27,'02,'0,'0,'101,'東京都立大　　,'人文社会,'人文　　　　,'　,'　　　,'日本文学　,'1,'13
'2079,'38,'00,'0,'0,'554,'東京都立大　　,'都市環境,'　　　　　　,'　,'　　　,'建築・土木,'0,'13
'2079,'38,'09,'0,'0,'505,'東京都立大　　,'都市環境,'地理環境　　,'　,'　　　,'地球科学　,'1,'13
'2079,'38,'10,'0,'0,'554,'東京都立大　　,'都市環境,'都市基盤環境,'　,'　　　,'建築・土木,'1,'13
'2079,'38,'11,'0,'0,'554,'東京都立大　　,'都市環境,'建築　　　　,'　,'　　　,'建築・土木,'1,'13
'2079,'38,'12,'0,'0,'555,'東京都立大　　,'都市環境,'環境応用化　,'　,'　　　,'応用化学　,'1,'13
'2079,'38,'13,'0,'0,'243,'東京都立大　　,'都市環境,'観光科学　　,'　,'　　　,'観光学　　,'1,'13
'2079,'38,'14,'0,'0,'753,'東京都立大　　,'都市環境,'都市政策科学,'　,'　　　,'総合科学　,'1,'13
'2079,'42,'00,'0,'0,'501,'東京都立大　　,'理　　　,'　　　　　　,'　,'　　　,'数学　　　,'0,'13
'2079,'42,'01,'0,'0,'501,'東京都立大　　,'理　　　,'数理科学　　,'　,'　　　,'数学　　　,'1,'13
'2079,'42,'02,'0,'0,'502,'東京都立大　　,'理　　　,'物理　　　　,'　,'　　　,'物理学　　,'1,'13
'2079,'42,'03,'0,'0,'503,'東京都立大　　,'理　　　,'化学　　　　,'　,'　　　,'化学　　　,'1,'13
'2079,'42,'04,'0,'0,'504,'東京都立大　　,'理　　　,'生命科学　　,'　,'　　　,'生物学　　,'1,'13
'2079,'47,'00,'0,'0,'506,'東京都立大　　,'システム,'　　　　　　,'　,'　　　,'情報科学　,'0,'13
'2079,'47,'10,'0,'0,'506,'東京都立大　　,'システム,'情報科学　　,'　,'　　　,'情報科学　,'1,'13
'2079,'47,'11,'0,'0,'552,'東京都立大　　,'システム,'電気電子工　,'　,'　　　,'電気・電子,'1,'13
'2079,'47,'12,'0,'0,'551,'東京都立大　　,'システム,'機械シス工　,'　,'　　　,'機械工学　,'1,'13
'2079,'47,'13,'0,'0,'561,'東京都立大　　,'システム,'航空宇宙シス,'　,'　　　,'航空・宇宙,'1,'13
'2079,'47,'14,'0,'0,'566,'東京都立大　　,'システム,'インダストリ,'　,'　　　,'デザイン工,'1,'13
'2079,'64,'00,'0,'0,'651,'東京都立大　　,'健康福祉,'　　　　　　,'　,'　　　,'看護　　　,'0,'13
'2079,'64,'01,'0,'0,'651,'東京都立大　　,'健康福祉,'看護　　　　,'　,'　　　,'看護　　　,'1,'13
'2079,'64,'02,'0,'0,'655,'東京都立大　　,'健康福祉,'理学療法　　,'　,'　　　,'理学療法　,'1,'13
'2079,'64,'03,'0,'0,'656,'東京都立大　　,'健康福祉,'作業療法　　,'　,'　　　,'作業療法　,'1,'13
'2079,'64,'04,'0,'0,'657,'東京都立大　　,'健康福祉,'放射線　　　,'　,'　　　,'放射線技術,'1,'13
'2088,'64,'00,'0,'0,'242,'神奈川保福大　,'保健福祉,'　　　　　　,'　,'　　　,'社会福祉学,'0,'14
'2088,'64,'01,'0,'0,'651,'神奈川保福大　,'保健福祉,'看護　　　　,'　,'　　　,'看護　　　,'1,'14
'2088,'64,'02,'0,'0,'402,'神奈川保福大　,'保健福祉,'栄養　　　　,'　,'　　　,'食物・栄養,'1,'14
'2088,'64,'03,'0,'0,'242,'神奈川保福大　,'保健福祉,'社会福祉　　,'　,'　　　,'社会福祉学,'1,'14
'2088,'64,'04,'0,'0,'655,'神奈川保福大　,'保健福祉,'リハ／理学療,'　,'　　　,'理学療法　,'1,'14
'2088,'64,'05,'0,'0,'656,'神奈川保福大　,'保健福祉,'リハ／作業療,'　,'　　　,'作業療法　,'1,'14
'2089,'64,'00,'0,'0,'651,'川崎市立看護大,'看護　　,'　　　　　　,'　,'　　　,'看護　　　,'0,'14
'2089,'64,'01,'0,'0,'651,'川崎市立看護大,'看護　　,'看護　　　　,'　,'　　　,'看護　　　,'1,'14
'2090,'21,'00,'0,'0,'221,'横浜市立大　　,'国際商　,'　　　　　　,'　,'　　　,'経済学　　,'0,'14
'2090,'21,'01,'0,'0,'221,'横浜市立大　　,'国際商　,'国際商　　　,'　,'　　　,'経済学　　,'1,'14
'2090,'37,'00,'0,'0,'752,'横浜市立大　　,'データサ,'　　　　　　,'　,'　　　,'総合情報学,'0,'14
'2090,'37,'01,'0,'0,'752,'横浜市立大　　,'データサ,'データサイエ,'　,'　　　,'総合情報学,'1,'14
'2090,'39,'00,'0,'0,'106,'横浜市立大　　,'国際教養,'　　　　　　,'　,'　　　,'文化学　　,'0,'14
'2090,'39,'01,'0,'0,'106,'横浜市立大　　,'国際教養,'国際教養　　,'　,'　　　,'文化学　　,'1,'14
'2090,'42,'00,'0,'0,'507,'横浜市立大　　,'理　　　,'　　　　　　,'　,'　　　,'総合理学　,'0,'14
'2090,'42,'04,'0,'0,'507,'横浜市立大　　,'理　　　,'理　　　　　,'　,'　　　,'総合理学　,'1,'14
'2090,'55,'00,'0,'0,'601,'横浜市立大　　,'医　　　,'　　　　　　,'　,'　　　,'医　　　　,'0,'14
'2090,'55,'01,'0,'0,'601,'横浜市立大　　,'医　　　,'医　　　　　,'　,'　　　,'医　　　　,'1,'14
'2090,'55,'03,'0,'0,'651,'横浜市立大　　,'医　　　,'看護　　　　,'　,'　　　,'看護　　　,'1,'14
'2093,'64,'00,'0,'0,'651,'新潟県立看護大,'看護　　,'　　　　　　,'　,'　　　,'看護　　　,'0,'15
'2093,'64,'01,'0,'0,'651,'新潟県立看護大,'看護　　,'看護　　　　,'　,'　　　,'看護　　　,'1,'15
'2094,'21,'00,'0,'0,'221,'新潟県立大　　,'国際経済,'　　　　　　,'　,'　　　,'経済学　　,'0,'15
'2094,'21,'01,'0,'0,'221,'新潟県立大　　,'国際経済,'国際経済　　,'　,'　　　,'経済学　　,'1,'15
'2094,'33,'00,'0,'0,'106,'新潟県立大　　,'国際地域,'　　　　　　,'　,'　　　,'文化学　　,'0,'15
'2094,'33,'01,'0,'0,'106,'新潟県立大　　,'国際地域,'国際地域　　,'　,'　　　,'文化学　　,'1,'15
'2094,'79,'00,'0,'0,'312,'新潟県立大　　,'人間生活,'　　　　　　,'　,'　　　,'幼稚園　　,'0,'15
'2094,'79,'01,'0,'0,'312,'新潟県立大　　,'人間生活,'子ども　　　,'　,'　　　,'幼稚園　　,'1,'15
'2094,'79,'02,'0,'0,'402,'新潟県立大　　,'人間生活,'健康栄養　　,'　,'　　　,'食物・栄養,'1,'15
'2095,'83,'00,'0,'0,'451,'長岡造形大　　,'造形　　,'　　　　　　,'　,'　　　,'美術・デザ,'0,'15
'2095,'83,'03,'0,'0,'451,'長岡造形大　　,'造形　　,'美術・工芸　,'　,'　　　,'美術・デザ,'1,'15
'2095,'83,'04,'0,'0,'554,'長岡造形大　　,'造形　　,'建築・環境デ,'　,'　　　,'建築・土木,'1,'15
'2095,'83,'05,'0,'0,'451,'長岡造形大　　,'造形　　,'デザイン　　,'　,'　　　,'美術・デザ,'1,'15
'2096,'46,'00,'0,'0,'551,'三条市立大　　,'工　　　,'　　　　　　,'　,'　　　,'機械工学　,'0,'15
'2096,'46,'01,'0,'0,'551,'三条市立大　　,'工　　　,'技術・経営工,'　,'　　　,'機械工学　,'1,'15
'2100,'46,'00,'0,'0,'551,'富山県立大　　,'工　　　,'　　　　　　,'　,'　　　,'機械工学　,'0,'16
'2100,'46,'01,'0,'0,'551,'富山県立大　　,'工　　　,'機械シス工　,'　,'　　　,'機械工学　,'1,'16
'2100,'46,'03,'0,'0,'564,'富山県立大　　,'工　　　,'生物工　　　,'　,'　　　,'生物工学　,'1,'16
'2100,'46,'06,'0,'0,'554,'富山県立大　　,'工　　　,'環境・社会基,'　,'　　　,'建築・土木,'1,'16
'2100,'46,'07,'0,'0,'555,'富山県立大　　,'工　　　,'医薬品工　　,'　,'　　　,'応用化学　,'1,'16
'2100,'46,'08,'0,'0,'552,'富山県立大　　,'工　　　,'電気電子工　,'　,'　　　,'電気・電子,'1,'16
'2100,'47,'00,'0,'0,'553,'富山県立大　　,'情報工　,'　　　　　　,'　,'　　　,'情報工学　,'0,'16
'2100,'47,'01,'0,'0,'506,'富山県立大　　,'情報工　,'データサイエ,'　,'　　　,'情報科学　,'1,'16
'2100,'47,'02,'0,'0,'553,'富山県立大　　,'情報工　,'情報シス工　,'　,'　　　,'情報工学　,'1,'16
'2100,'47,'03,'0,'0,'551,'富山県立大　　,'情報工　,'知能ロボット,'　,'　　　,'機械工学　,'1,'16
'2100,'64,'00,'0,'0,'651,'富山県立大　　,'看護　　,'　　　　　　,'　,'　　　,'看護　　　,'0,'16
'2100,'64,'01,'0,'0,'651,'富山県立大　　,'看護　　,'看護　　　　,'　,'　　　,'看護　　　,'1,'16
'2103,'64,'00,'0,'0,'651,'石川県立看護大,'看護　　,'　　　　　　,'　,'　　　,'看護　　　,'0,'17
'2103,'64,'01,'0,'0,'651,'石川県立看護大,'看護　　,'看護　　　　,'　,'　　　,'看護　　　,'1,'17
'2104,'74,'00,'0,'0,'701,'石川県立大　　,'生物資源,'　　　　　　,'　,'　　　,'農学　　　,'0,'17
'2104,'74,'01,'0,'0,'701,'石川県立大　　,'生物資源,'生産科学　　,'　,'　　　,'農学　　　,'1,'17
'2104,'74,'02,'0,'0,'701,'石川県立大　　,'生物資源,'環境科学　　,'　,'　　　,'農学　　　,'1,'17
'2104,'74,'03,'0,'0,'402,'石川県立大　　,'生物資源,'食品科学　　,'　,'　　　,'食物・栄養,'1,'17
'2105,'83,'00,'0,'0,'451,'金沢美術工芸大,'美術工芸,'　　　　　　,'　,'　　　,'美術・デザ,'0,'17
'2105,'83,'01,'0,'0,'566,'金沢美術工芸大,'美術工芸,'デザ／インダ,'　,'　　　,'デザイン工,'1,'17
'2105,'83,'06,'0,'0,'452,'金沢美術工芸大,'美術工芸,'美術／芸術学,'　,'　　　,'芸術理論　,'1,'17
'2105,'83,'07,'0,'0,'451,'金沢美術工芸大,'美術工芸,'美術／彫刻　,'　,'　　　,'美術・デザ,'1,'17
'2105,'83,'08,'0,'0,'451,'金沢美術工芸大,'美術工芸,'工芸　　　　,'　,'　　　,'美術・デザ,'1,'17
'2105,'83,'13,'0,'0,'451,'金沢美術工芸大,'美術工芸,'美術／日本画,'　,'　　　,'美術・デザ,'1,'17
'2105,'83,'14,'0,'0,'451,'金沢美術工芸大,'美術工芸,'美術／油画　,'　,'　　　,'美術・デザ,'1,'17
'2105,'83,'15,'0,'0,'451,'金沢美術工芸大,'美術工芸,'デザ／ホリス,'　,'　　　,'美術・デザ,'1,'17
'2106,'33,'00,'0,'0,'106,'公立小松大　　,'国際文化,'　　　　　　,'　,'　　　,'文化学　　,'0,'17
'2106,'33,'01,'0,'0,'106,'公立小松大　　,'国際文化,'国際文化交流,'　,'　　　,'文化学　　,'1,'17
'2106,'47,'00,'0,'0,'551,'公立小松大　　,'生産シス,'　　　　　　,'　,'　　　,'機械工学　,'0,'17
'2106,'47,'01,'0,'0,'551,'公立小松大　　,'生産シス,'生産システム,'　,'　　　,'機械工学　,'1,'17
'2106,'64,'00,'0,'0,'651,'公立小松大　　,'保健医療,'　　　　　　,'　,'　　　,'看護　　　,'0,'17
'2106,'64,'01,'0,'0,'651,'公立小松大　　,'保健医療,'看護　　　　,'　,'　　　,'看護　　　,'1,'17
'2106,'64,'02,'0,'0,'652,'公立小松大　　,'保健医療,'臨床工　　　,'　,'　　　,'医療技術　,'1,'17
'2108,'64,'00,'0,'0,'651,'敦賀市立看護大,'看護　　,'　　　　　　,'　,'　　　,'看護　　　,'0,'18
'2108,'64,'01,'0,'0,'651,'敦賀市立看護大,'看護　　,'看護　　　　,'　,'　　　,'看護　　　,'1,'18
'2110,'13,'00,'0,'0,'241,'福井県立大　　,'地域政策,'　　　　　　,'　,'　　　,'社会学　　,'0,'18
'2110,'13,'01,'0,'0,'241,'福井県立大　　,'地域政策,'地域イノベー,'　,'　　　,'社会学　　,'1,'18
'2110,'18,'00,'0,'0,'221,'福井県立大　　,'経済　　,'　　　　　　,'　,'　　　,'経済学　　,'0,'18
'2110,'18,'01,'0,'0,'222,'福井県立大　　,'経済　　,'経営　　　　,'　,'　　　,'経営学・商,'1,'18
'2110,'18,'02,'0,'0,'221,'福井県立大　　,'経済　　,'経済　　　　,'　,'　　　,'経済学　　,'1,'18
'2110,'43,'00,'0,'0,'505,'福井県立大　　,'恐竜　　,'　　　　　　,'　,'　　　,'地球科学　,'0,'18
'2110,'43,'01,'0,'0,'505,'福井県立大　　,'恐竜　　,'恐竜・地質　,'　,'　　　,'地球科学　,'1,'18
'2110,'64,'00,'0,'0,'242,'福井県立大　　,'看護福祉,'　　　　　　,'　,'　　　,'社会福祉学,'0,'18
'2110,'64,'01,'0,'0,'651,'福井県立大　　,'看護福祉,'看護　　　　,'　,'　　　,'看護　　　,'1,'18
'2110,'64,'02,'0,'0,'242,'福井県立大　　,'看護福祉,'社会福祉　　,'　,'　　　,'社会福祉学,'1,'18
'2110,'74,'00,'0,'0,'701,'福井県立大　　,'生物資源,'　　　　　　,'　,'　　　,'農学　　　,'0,'18
'2110,'74,'02,'0,'0,'703,'福井県立大　　,'生物資源,'生物資源　　,'　,'　　　,'農芸化学　,'1,'18
'2110,'74,'03,'0,'0,'701,'福井県立大　　,'生物資源,'創造農　　　,'　,'　　　,'農学　　　,'1,'18
'2110,'75,'00,'0,'0,'708,'福井県立大　　,'海洋生物,'　　　　　　,'　,'　　　,'水産学　　,'0,'18
'2110,'75,'01,'0,'0,'708,'福井県立大　　,'海洋生物,'海洋生物資源,'　,'　　　,'水産学　　,'1,'18
'2110,'75,'02,'0,'0,'708,'福井県立大　　,'海洋生物,'先端増養殖科,'　,'　　　,'水産学　　,'1,'18
'2114,'13,'00,'0,'0,'261,'山梨県立大　　,'国際政策,'　　　　　　,'　,'　　　,'国際関係学,'0,'19
'2114,'13,'01,'0,'0,'202,'山梨県立大　　,'国際政策,'総合政策　　,'　,'　　　,'政治学　　,'1,'19
'2114,'13,'02,'0,'0,'261,'山梨県立大　　,'国際政策,'国際コミュニ,'　,'　　　,'国際関係学,'1,'19
'2114,'27,'00,'0,'0,'242,'山梨県立大　　,'人間福祉,'　　　　　　,'　,'　　　,'社会福祉学,'0,'19
'2114,'27,'01,'0,'0,'242,'山梨県立大　　,'人間福祉,'福祉コミュニ,'　,'　　　,'社会福祉学,'1,'19
'2114,'27,'02,'0,'0,'404,'山梨県立大　　,'人間福祉,'人間形成　　,'　,'　　　,'児童学　　,'1,'19
'2114,'64,'00,'0,'0,'651,'山梨県立大　　,'看護　　,'　　　　　　,'　,'　　　,'看護　　　,'0,'19
'2114,'64,'01,'0,'0,'651,'山梨県立大　　,'看護　　,'看護　　　　,'　,'　　　,'看護　　　,'1,'19
'2115,'01,'00,'0,'0,'101,'都留文科大　　,'文　　　,'　　　　　　,'　,'　　　,'日本文学　,'0,'19
'2115,'01,'01,'0,'0,'102,'都留文科大　　,'文　　　,'英文　　　　,'　,'　　　,'外国文学　,'1,'19
'2115,'01,'02,'0,'0,'101,'都留文科大　　,'文　　　,'国文　　　　,'　,'　　　,'日本文学　,'1,'19
'2115,'37,'00,'0,'0,'261,'都留文科大　　,'教養　　,'　　　　　　,'　,'　　　,'国際関係学,'0,'19
'2115,'37,'01,'0,'0,'301,'都留文科大　　,'教養　　,'学校教育　　,'　,'　　　,'小学校　　,'1,'19
'2115,'37,'02,'0,'0,'241,'都留文科大　　,'教養　　,'地域社会　　,'　,'　　　,'社会学　　,'1,'19
'2115,'37,'03,'0,'0,'106,'都留文科大　　,'教養　　,'比較文化　　,'　,'　　　,'文化学　　,'1,'19
'2115,'37,'04,'0,'0,'261,'都留文科大　　,'教養　　,'国際教育　　,'　,'　　　,'国際関係学,'1,'19
'2118,'22,'00,'0,'0,'222,'長野大　　　　,'地域経営,'　　　　　　,'　,'　　　,'経営学・商,'0,'20
'2118,'22,'01,'0,'0,'222,'長野大　　　　,'地域経営,'地域経営　　,'　,'　　　,'経営学・商,'1,'20
'2118,'26,'00,'0,'0,'105,'長野大　　　　,'社会福祉,'　　　　　　,'　,'　　　,'心理学　　,'0,'20
'2118,'26,'01,'0,'0,'105,'長野大　　　　,'社会福祉,'社会福祉　　,'　,'　　　,'心理学　　,'1,'20
'2118,'38,'00,'0,'0,'505,'長野大　　　　,'共創情報,'　　　　　　,'　,'　　　,'地球科学　,'0,'20
'2118,'38,'01,'0,'0,'505,'長野大　　　　,'共創情報,'共創情報科学,'　,'　　　,'地球科学　,'1,'20
'2119,'21,'00,'0,'0,'202,'長野県立大　　,'グローバ,'　　　　　　,'　,'　　　,'政治学　　,'0,'20
'2119,'21,'01,'0,'0,'202,'長野県立大　　,'グローバ,'グローバルマ,'　,'　　　,'政治学　　,'1,'20
'2119,'79,'00,'0,'0,'312,'長野県立大　　,'健康発達,'　　　　　　,'　,'　　　,'幼稚園　　,'0,'20
'2119,'79,'01,'0,'0,'402,'長野県立大　　,'健康発達,'食健康　　　,'　,'　　　,'食物・栄養,'1,'20
'2119,'79,'02,'0,'0,'312,'長野県立大　　,'健康発達,'こども　　　,'　,'　　　,'幼稚園　　,'1,'20
'2120,'64,'00,'0,'0,'651,'長野県看護大　,'看護　　,'　　　　　　,'　,'　　　,'看護　　　,'0,'20
'2120,'64,'01,'0,'0,'651,'長野県看護大　,'看護　　,'看護　　　　,'　,'　　　,'看護　　　,'1,'20
'2121,'46,'00,'0,'0,'553,'諏訪東京理大　,'工　　　,'　　　　　　,'　,'　　　,'情報工学　,'0,'20
'2121,'46,'02,'0,'0,'551,'諏訪東京理大　,'工　　　,'機械電気工　,'　,'　　　,'機械工学　,'1,'20
'2121,'46,'03,'0,'0,'553,'諏訪東京理大　,'工　　　,'情報／知能情,'　,'　　　,'情報工学　,'1,'20
'2121,'46,'04,'0,'0,'553,'諏訪東京理大　,'工　　　,'情報／情報シ,'　,'　　　,'情報工学　,'1,'20
'2123,'64,'00,'0,'0,'651,'岐阜県立看護大,'看護　　,'　　　　　　,'　,'　　　,'看護　　　,'0,'21
'2123,'64,'01,'0,'0,'651,'岐阜県立看護大,'看護　　,'看護　　　　,'　,'　　　,'看護　　　,'1,'21
'2125,'61,'00,'0,'0,'621,'岐阜薬大　　　,'薬　　　,'　　　　　　,'　,'　　　,'薬　　　　,'0,'21
'2125,'61,'03,'0,'0,'621,'岐阜薬大　　　,'薬　　　,'薬　　　　　,'　,'　　　,'薬　　　　,'1,'21
'2128,'03,'00,'0,'0,'106,'静岡文化芸大　,'文化政策,'　　　　　　,'　,'　　　,'文化学　　,'0,'22
'2128,'03,'01,'0,'0,'106,'静岡文化芸大　,'文化政策,'国際文化　　,'　,'　　　,'文化学　　,'1,'22
'2128,'03,'02,'0,'0,'753,'静岡文化芸大　,'文化政策,'文化政策　　,'　,'　　　,'総合科学　,'1,'22
'2128,'03,'03,'0,'0,'452,'静岡文化芸大　,'文化政策,'芸術文化　　,'　,'　　　,'芸術理論　,'1,'22
'2128,'83,'00,'0,'0,'451,'静岡文化芸大　,'デザイン,'　　　　　　,'　,'　　　,'美術・デザ,'0,'22
'2128,'83,'04,'0,'0,'451,'静岡文化芸大　,'デザイン,'デザイン　　,'　,'　　　,'美術・デザ,'1,'22
'2129,'74,'00,'0,'0,'701,'静岡農林職大　,'生産環境,'　　　　　　,'　,'　　　,'農学　　　,'0,'22
'2129,'74,'01,'0,'0,'701,'静岡農林職大　,'生産環境,'生産環境経営,'　,'　　　,'農学　　　,'1,'22
'2130,'21,'00,'0,'0,'223,'静岡県立大　　,'経営情報,'　　　　　　,'　,'　　　,'経営情報学,'0,'22
'2130,'21,'01,'0,'0,'223,'静岡県立大　　,'経営情報,'経営情報　　,'　,'　　　,'経営情報学,'1,'22
'2130,'33,'00,'0,'0,'106,'静岡県立大　　,'国際関係,'　　　　　　,'　,'　　　,'文化学　　,'0,'22
'2130,'33,'01,'0,'0,'261,'静岡県立大　　,'国際関係,'国際関係　　,'　,'　　　,'国際関係学,'1,'22
'2130,'33,'02,'0,'0,'106,'静岡県立大　　,'国際関係,'国際言語文化,'　,'　　　,'文化学　　,'1,'22
'2130,'61,'00,'0,'0,'621,'静岡県立大　　,'薬　　　,'　　　　　　,'　,'　　　,'薬　　　　,'0,'22
'2130,'61,'02,'0,'0,'621,'静岡県立大　　,'薬　　　,'薬　　　　　,'　,'　　　,'薬　　　　,'1,'22
'2130,'61,'03,'0,'0,'621,'静岡県立大　　,'薬　　　,'薬科学　　　,'　,'　　　,'薬　　　　,'1,'22
'2130,'64,'00,'0,'0,'651,'静岡県立大　　,'看護　　,'　　　　　　,'　,'　　　,'看護　　　,'0,'22
'2130,'64,'01,'0,'0,'651,'静岡県立大　　,'看護　　,'看護　　　　,'　,'　　　,'看護　　　,'1,'22
'2130,'79,'00,'0,'0,'402,'静岡県立大　　,'食品栄養,'　　　　　　,'　,'　　　,'食物・栄養,'0,'22
'2130,'79,'01,'0,'0,'402,'静岡県立大　　,'食品栄養,'栄養生命科学,'　,'　　　,'食物・栄養,'1,'22
'2130,'79,'02,'0,'0,'703,'静岡県立大　　,'食品栄養,'食品生命科学,'　,'　　　,'農芸化学　,'1,'22
'2130,'79,'03,'0,'0,'753,'静岡県立大　　,'食品栄養,'環境生命科学,'　,'　　　,'総合科学　,'1,'22
'2135,'03,'00,'0,'0,'101,'愛知県立大　　,'日本文化,'　　　　　　,'　,'　　　,'日本文学　,'0,'23
'2135,'03,'01,'0,'0,'101,'愛知県立大　　,'日本文化,'国語国文　　,'　,'　　　,'日本文学　,'1,'23
'2135,'03,'02,'0,'0,'106,'愛知県立大　　,'日本文化,'歴史文化　　,'　,'　　　,'文化学　　,'1,'23
'2135,'08,'00,'0,'0,'106,'愛知県立大　　,'外国語　,'　　　　　　,'　,'　　　,'文化学　　,'0,'23
'2135,'08,'01,'0,'0,'151,'愛知県立大　　,'外国語　,'英米　　　　,'　,'　　　,'英米語　　,'1,'23
'2135,'08,'05,'0,'0,'152,'愛知県立大　　,'外国語　,'中国　　　　,'　,'　　　,'中国語　　,'1,'23
'2135,'08,'08,'0,'0,'106,'愛知県立大　　,'外国語　,'国際関係　　,'　,'　　　,'文化学　　,'1,'23
'2135,'08,'09,'0,'0,'153,'愛知県立大　　,'外国語　,'ヨー／フラン,'　,'　　　,'フランス語,'1,'23
'2135,'08,'11,'0,'0,'157,'愛知県立大　　,'外国語　,'ヨー／ドイツ,'　,'　　　,'ドイツ語　,'1,'23
'2135,'08,'12,'0,'0,'155,'愛知県立大　　,'外国語　,'ヨー／スペイ,'　,'　　　,'スペイン語,'1,'23
'2135,'08,'13,'0,'0,'159,'愛知県立大　　,'外国語　,'ヨー／ポルト,'　,'　　　,'ポルトガル,'1,'23
'2135,'31,'00,'0,'0,'316,'愛知県立大　　,'教育福祉,'　　　　　　,'　,'　　　,'０免課程　,'0,'23
'2135,'31,'02,'0,'0,'242,'愛知県立大　　,'教育福祉,'社会福祉　　,'　,'　　　,'社会福祉学,'1,'23
'2135,'31,'03,'0,'0,'301,'愛知県立大　　,'教育福祉,'教育／小学校,'　,'　　　,'小学校　　,'1,'23
'2135,'31,'04,'0,'0,'312,'愛知県立大　　,'教育福祉,'教育／保育幼,'　,'　　　,'幼稚園　　,'1,'23
'2135,'37,'00,'0,'0,'506,'愛知県立大　　,'情報科学,'　　　　　　,'　,'　　　,'情報科学　,'0,'23
'2135,'37,'03,'0,'0,'506,'愛知県立大　　,'情報科学,'情報科学　　,'　,'　　　,'情報科学　,'1,'23
'2135,'64,'00,'0,'0,'651,'愛知県立大　　,'看護　　,'　　　　　　,'　,'　　　,'看護　　　,'0,'23
'2135,'64,'01,'0,'0,'651,'愛知県立大　　,'看護　　,'看護　　　　,'　,'　　　,'看護　　　,'1,'23
'2145,'83,'00,'0,'0,'451,'愛知県立芸大　,'美術　　,'　　　　　　,'　,'　　　,'美術・デザ,'0,'23
'2145,'83,'01,'0,'0,'451,'愛知県立芸大　,'美術　　,'デザ／デザイ,'　,'　　　,'美術・デザ,'1,'23
'2145,'83,'02,'0,'0,'451,'愛知県立芸大　,'美術　　,'デザ／陶磁　,'　,'　　　,'美術・デザ,'1,'23
'2145,'83,'03,'0,'0,'451,'愛知県立芸大　,'美術　　,'美術／油画　,'　,'　　　,'美術・デザ,'1,'23
'2145,'83,'04,'0,'0,'451,'愛知県立芸大　,'美術　　,'美術／彫刻　,'　,'　　　,'美術・デザ,'1,'23
'2145,'83,'05,'0,'0,'451,'愛知県立芸大　,'美術　　,'美術／日本画,'　,'　　　,'美術・デザ,'1,'23
'2145,'83,'06,'0,'0,'104,'愛知県立芸大　,'美術　　,'美術／芸術学,'　,'　　　,'哲学倫理宗,'1,'23
'2145,'83,'07,'0,'0,'455,'愛知県立芸大　,'美術　　,'デザ／メディ,'　,'　　　,'映像　　　,'1,'23
'2145,'84,'00,'0,'0,'453,'愛知県立芸大　,'音楽　　,'　　　　　　,'　,'　　　,'音楽　　　,'0,'23
'2145,'84,'01,'0,'0,'453,'愛知県立芸大　,'音楽　　,'音楽／管打楽,'　,'　　　,'音楽　　　,'1,'23
'2145,'84,'02,'0,'0,'453,'愛知県立芸大　,'音楽　　,'音楽／弦楽器,'　,'　　　,'音楽　　　,'1,'23
'2145,'84,'03,'0,'0,'453,'愛知県立芸大　,'音楽　　,'音楽／ピアノ,'　,'　　　,'音楽　　　,'1,'23
'2145,'84,'04,'0,'0,'452,'愛知県立芸大　,'音楽　　,'音楽／音楽学,'　,'　　　,'芸術理論　,'1,'23
'2145,'84,'05,'0,'0,'452,'愛知県立芸大　,'音楽　　,'音楽／作曲　,'　,'　　　,'芸術理論　,'1,'23
'2145,'84,'06,'0,'0,'453,'愛知県立芸大　,'音楽　　,'音楽／声楽　,'　,'　　　,'音楽　　　,'1,'23
'2150,'18,'00,'0,'0,'201,'名古屋市立大　,'経済　　,'　　　　　　,'　,'　　　,'法学　　　,'0,'23
'2150,'18,'03,'0,'0,'201,'名古屋市立大　,'経済　　,'経済経営　　,'　,'　　　,'法学　　　,'1,'23
'2150,'27,'00,'0,'0,'105,'名古屋市立大　,'人文社会,'　　　　　　,'　,'　　　,'心理学　　,'0,'23
'2150,'27,'02,'0,'0,'241,'名古屋市立大　,'人文社会,'現代社会　　,'　,'　　　,'社会学　　,'1,'23
'2150,'27,'03,'0,'0,'106,'名古屋市立大　,'人文社会,'国際文化　　,'　,'　　　,'文化学　　,'1,'23
'2150,'27,'04,'0,'0,'312,'名古屋市立大　,'人文社会,'心理／教育学,'　,'　　　,'幼稚園　　,'1,'23
'2150,'27,'05,'0,'0,'105,'名古屋市立大　,'人文社会,'心理／心理学,'　,'　　　,'心理学　　,'1,'23
'2150,'37,'00,'0,'0,'752,'名古屋市立大　,'データサ,'　　　　　　,'　,'　　　,'総合情報学,'0,'23
'2150,'37,'01,'0,'0,'752,'名古屋市立大　,'データサ,'データサイエ,'　,'　　　,'総合情報学,'1,'23
'2150,'43,'00,'0,'0,'507,'名古屋市立大　,'総合生命,'　　　　　　,'　,'　　　,'総合理学　,'0,'23
'2150,'43,'01,'0,'0,'507,'名古屋市立大　,'総合生命,'総合生命理　,'　,'　　　,'総合理学　,'1,'23
'2150,'47,'00,'0,'0,'451,'名古屋市立大　,'芸術工　,'　　　　　　,'　,'　　　,'美術・デザ,'0,'23
'2150,'47,'04,'0,'0,'451,'名古屋市立大　,'芸術工　,'芸術工　　　,'　,'　　　,'美術・デザ,'1,'23
'2150,'55,'00,'0,'0,'601,'名古屋市立大　,'医　　　,'　　　　　　,'　,'　　　,'医　　　　,'0,'23
'2150,'55,'01,'0,'0,'601,'名古屋市立大　,'医　　　,'医　　　　　,'　,'　　　,'医　　　　,'1,'23
'2150,'55,'02,'0,'0,'651,'名古屋市立大　,'医　　　,'保健／看護学,'　,'　　　,'看護　　　,'1,'23
'2150,'55,'03,'0,'0,'655,'名古屋市立大　,'医　　　,'保健／理学療,'　,'　　　,'理学療法　,'1,'23
'2150,'55,'04,'0,'0,'656,'名古屋市立大　,'医　　　,'保健／作業療,'　,'　　　,'作業療法　,'1,'23
'2150,'61,'00,'0,'0,'621,'名古屋市立大　,'薬　　　,'　　　　　　,'　,'　　　,'薬　　　　,'0,'23
'2150,'61,'02,'0,'0,'621,'名古屋市立大　,'薬　　　,'薬　　　　　,'　,'　　　,'薬　　　　,'1,'23
'2150,'61,'03,'0,'0,'621,'名古屋市立大　,'薬　　　,'生命薬科学　,'　,'　　　,'薬　　　　,'1,'23
'2153,'64,'00,'0,'0,'651,'三重県立看護大,'看護　　,'　　　　　　,'　,'　　　,'看護　　　,'0,'24
'2153,'64,'01,'0,'0,'651,'三重県立看護大,'看護　　,'看護　　　　,'　,'　　　,'看護　　　,'1,'24
'2160,'37,'00,'0,'0,'106,'滋賀県立大　　,'人間文化,'　　　　　　,'　,'　　　,'文化学　　,'0,'25
'2160,'37,'02,'0,'0,'106,'滋賀県立大　　,'人間文化,'地域文化　　,'　,'　　　,'文化学　　,'1,'25
'2160,'37,'06,'0,'0,'401,'滋賀県立大　　,'人間文化,'生活デザイン,'　,'　　　,'生活科学　,'1,'25
'2160,'37,'07,'0,'0,'402,'滋賀県立大　　,'人間文化,'生活栄養　　,'　,'　　　,'食物・栄養,'1,'25
'2160,'37,'08,'0,'0,'751,'滋賀県立大　　,'人間文化,'人間関係　　,'　,'　　　,'人間科学　,'1,'25
'2160,'37,'09,'0,'0,'151,'滋賀県立大　　,'人間文化,'国際コミュニ,'　,'　　　,'英米語　　,'1,'25
'2160,'38,'00,'0,'0,'507,'滋賀県立大　　,'環境科学,'　　　　　　,'　,'　　　,'総合理学　,'0,'25
'2160,'38,'03,'0,'0,'507,'滋賀県立大　　,'環境科学,'環境生態　　,'　,'　　　,'総合理学　,'1,'25
'2160,'38,'04,'0,'0,'701,'滋賀県立大　　,'環境科学,'生物資源管理,'　,'　　　,'農学　　　,'1,'25
'2160,'38,'05,'0,'0,'753,'滋賀県立大　　,'環境科学,'環境社会シス,'　,'　　　,'総合科学　,'1,'25
'2160,'38,'06,'0,'0,'554,'滋賀県立大　　,'環境科学,'環境建築デザ,'　,'　　　,'建築・土木,'1,'25
'2160,'46,'00,'0,'0,'551,'滋賀県立大　　,'工　　　,'　　　　　　,'　,'　　　,'機械工学　,'0,'25
'2160,'46,'01,'0,'0,'551,'滋賀県立大　　,'工　　　,'機械シス工　,'　,'　　　,'機械工学　,'1,'25
'2160,'46,'02,'0,'0,'555,'滋賀県立大　　,'工　　　,'材料化　　　,'　,'　　　,'応用化学　,'1,'25
'2160,'46,'03,'0,'0,'552,'滋賀県立大　　,'工　　　,'電子シス工　,'　,'　　　,'電気・電子,'1,'25
'2160,'64,'00,'0,'0,'651,'滋賀県立大　　,'人間看護,'　　　　　　,'　,'　　　,'看護　　　,'0,'25
'2160,'64,'01,'0,'0,'651,'滋賀県立大　　,'人間看護,'人間看護　　,'　,'　　　,'看護　　　,'1,'25
'2163,'21,'00,'0,'0,'202,'福知山公立大　,'地域経営,'　　　　　　,'　,'　　　,'政治学　　,'0,'26
'2163,'21,'01,'0,'0,'202,'福知山公立大　,'地域経営,'地域経営　　,'　,'　　　,'政治学　　,'1,'26
'2163,'37,'00,'0,'0,'752,'福知山公立大　,'情報　　,'　　　　　　,'　,'　　　,'総合情報学,'0,'26
'2163,'37,'01,'0,'0,'752,'福知山公立大　,'情報　　,'情報　　　　,'　,'　　　,'総合情報学,'1,'26
'2165,'83,'00,'0,'0,'451,'京都市立芸大　,'美術　　,'　　　　　　,'　,'　　　,'美術・デザ,'0,'26
'2165,'83,'01,'0,'0,'451,'京都市立芸大　,'美術　　,'工芸　　　　,'　,'　　　,'美術・デザ,'1,'26
'2165,'83,'02,'0,'0,'405,'京都市立芸大　,'美術　　,'デザイン　　,'　,'　　　,'住居学　　,'1,'26
'2165,'83,'03,'0,'0,'451,'京都市立芸大　,'美術　　,'美術　　　　,'　,'　　　,'美術・デザ,'1,'26
'2165,'83,'04,'0,'0,'452,'京都市立芸大　,'美術　　,'総合芸術　　,'　,'　　　,'芸術理論　,'1,'26
'2165,'84,'00,'0,'0,'453,'京都市立芸大　,'音楽　　,'　　　　　　,'　,'　　　,'音楽　　　,'0,'26
'2165,'84,'02,'0,'0,'453,'京都市立芸大　,'音楽　　,'音楽／作曲　,'　,'　　　,'音楽　　　,'1,'26
'2165,'84,'03,'0,'0,'453,'京都市立芸大　,'音楽　　,'音楽／指揮　,'　,'　　　,'音楽　　　,'1,'26
'2165,'84,'04,'0,'0,'453,'京都市立芸大　,'音楽　　,'音楽／ピアノ,'　,'　　　,'音楽　　　,'1,'26
'2165,'84,'05,'0,'0,'453,'京都市立芸大　,'音楽　　,'音楽／弦楽　,'　,'　　　,'音楽　　　,'1,'26
'2165,'84,'06,'0,'0,'453,'京都市立芸大　,'音楽　　,'音楽／管・打,'　,'　　　,'音楽　　　,'1,'26
'2165,'84,'07,'0,'0,'453,'京都市立芸大　,'音楽　　,'音楽／声楽　,'　,'　　　,'音楽　　　,'1,'26
'2165,'84,'08,'0,'0,'452,'京都市立芸大　,'音楽　　,'音楽／音楽学,'　,'　　　,'芸術理論　,'1,'26
'2170,'01,'00,'0,'0,'106,'京都府立大　　,'文　　　,'　　　　　　,'　,'　　　,'文化学　　,'0,'26
'2170,'01,'06,'0,'0,'101,'京都府立大　　,'文　　　,'日本・中国文,'　,'　　　,'日本文学　,'1,'26
'2170,'01,'07,'0,'0,'106,'京都府立大　　,'文　　　,'国際文化交流,'　,'　　　,'文化学　　,'1,'26
'2170,'01,'08,'0,'0,'107,'京都府立大　　,'文　　　,'歴史　　　　,'　,'　　　,'西洋史　　,'1,'26
'2170,'28,'00,'0,'0,'105,'京都府立大　　,'社会科学,'　　　　　　,'　,'　　　,'心理学　　,'0,'26
'2170,'28,'01,'0,'0,'201,'京都府立大　　,'社会科学,'公共政策　　,'　,'　　　,'法学　　　,'1,'26
'2170,'28,'02,'0,'0,'105,'京都府立大　　,'社会科学,'福祉社会　　,'　,'　　　,'心理学　　,'1,'26
'2170,'39,'00,'0,'0,'405,'京都府立大　　,'環境科学,'　　　　　　,'　,'　　　,'住居学　　,'0,'26
'2170,'39,'01,'0,'0,'702,'京都府立大　　,'環境科学,'森林科学　　,'　,'　　　,'森林科学　,'1,'26
'2170,'39,'02,'0,'0,'405,'京都府立大　　,'環境科学,'環境デザイン,'　,'　　　,'住居学　　,'1,'26
'2170,'47,'00,'0,'0,'507,'京都府立大　　,'生命理工,'　　　　　　,'　,'　　　,'総合理学　,'0,'26
'2170,'47,'01,'0,'0,'564,'京都府立大　　,'生命理工,'生命化　　　,'　,'　　　,'生物工学　,'1,'26
'2170,'47,'02,'0,'0,'507,'京都府立大　　,'生命理工,'理工情報　　,'　,'　　　,'総合理学　,'1,'26
'2170,'75,'00,'0,'0,'402,'京都府立大　　,'農学食科,'　　　　　　,'　,'　　　,'食物・栄養,'0,'26
'2170,'75,'01,'0,'0,'703,'京都府立大　　,'農学食科,'農学生命科学,'　,'　　　,'農芸化学　,'1,'26
'2170,'75,'02,'0,'0,'402,'京都府立大　　,'農学食科,'栄養科学　　,'　,'　　　,'食物・栄養,'1,'26
'2170,'75,'03,'0,'0,'753,'京都府立大　　,'農学食科,'和食文化科学,'　,'　　　,'総合科学　,'1,'26
'2175,'55,'00,'0,'0,'601,'京都府立医大　,'医　　　,'　　　　　　,'　,'　　　,'医　　　　,'0,'26
'2175,'55,'01,'0,'0,'601,'京都府立医大　,'医　　　,'医　　　　　,'　,'　　　,'医　　　　,'1,'26
'2175,'55,'02,'0,'0,'651,'京都府立医大　,'医　　　,'看護　　　　,'　,'　　　,'看護　　　,'1,'26
'2178,'01,'00,'0,'0,'101,'大阪公立大　　,'文　　　,'　　　　　　,'　,'　　　,'日本文学　,'1,'27
'2178,'12,'00,'0,'0,'201,'大阪公立大　　,'法　　　,'　　　　　　,'　,'　　　,'法学　　　,'0,'27
'2178,'12,'01,'0,'0,'201,'大阪公立大　　,'法　　　,'法　　　　　,'　,'　　　,'法学　　　,'1,'27
'2178,'18,'00,'0,'0,'221,'大阪公立大　　,'経済　　,'　　　　　　,'　,'　　　,'経済学　　,'0,'27
'2178,'18,'01,'0,'0,'221,'大阪公立大　　,'経済　　,'経済　　　　,'　,'　　　,'経済学　　,'1,'27
'2178,'20,'00,'0,'0,'222,'大阪公立大　　,'商　　　,'　　　　　　,'　,'　　　,'経営学・商,'1,'27
'2178,'42,'00,'0,'0,'503,'大阪公立大　　,'理　　　,'　　　　　　,'　,'　　　,'化学　　　,'0,'27
'2178,'42,'01,'0,'0,'501,'大阪公立大　　,'理　　　,'数学　　　　,'　,'　　　,'数学　　　,'1,'27
'2178,'42,'02,'0,'0,'502,'大阪公立大　　,'理　　　,'物理　　　　,'　,'　　　,'物理学　　,'1,'27
'2178,'42,'03,'0,'0,'503,'大阪公立大　　,'理　　　,'化学　　　　,'　,'　　　,'化学　　　,'1,'27
'2178,'42,'04,'0,'0,'504,'大阪公立大　　,'理　　　,'生物　　　　,'　,'　　　,'生物学　　,'1,'27
'2178,'42,'05,'0,'0,'505,'大阪公立大　　,'理　　　,'地球　　　　,'　,'　　　,'地球科学　,'1,'27
'2178,'42,'06,'0,'0,'503,'大阪公立大　　,'理　　　,'生物化　　　,'　,'　　　,'化学　　　,'1,'27
'2178,'46,'00,'0,'0,'555,'大阪公立大　　,'工　　　,'　　　　　　,'　,'　　　,'応用化学　,'0,'27
'2178,'46,'01,'0,'0,'561,'大阪公立大　　,'工　　　,'航空宇宙工　,'　,'　　　,'航空・宇宙,'1,'27
'2178,'46,'02,'0,'0,'560,'大阪公立大　　,'工　　　,'海洋シス工　,'　,'　　　,'船舶・海洋,'1,'27
'2178,'46,'03,'0,'0,'551,'大阪公立大　　,'工　　　,'機械工　　　,'　,'　　　,'機械工学　,'1,'27
'2178,'46,'04,'0,'0,'554,'大阪公立大　　,'工　　　,'建築　　　　,'　,'　　　,'建築・土木,'1,'27
'2178,'46,'05,'0,'0,'554,'大阪公立大　　,'工　　　,'都市　　　　,'　,'　　　,'建築・土木,'1,'27
'2178,'46,'06,'0,'0,'552,'大阪公立大　　,'工　　　,'電子物理工　,'　,'　　　,'電気・電子,'1,'27
'2178,'46,'07,'0,'0,'553,'大阪公立大　　,'工　　　,'情報工　　　,'　,'　　　,'情報工学　,'1,'27
'2178,'46,'08,'0,'0,'552,'大阪公立大　　,'工　　　,'電気電子シス,'　,'　　　,'電気・電子,'1,'27
'2178,'46,'09,'0,'0,'555,'大阪公立大　　,'工　　　,'応用化　　　,'　,'　　　,'応用化学　,'1,'27
'2178,'46,'10,'0,'0,'555,'大阪公立大　　,'工　　　,'化学工　　　,'　,'　　　,'応用化学　,'1,'27
'2178,'46,'11,'0,'0,'558,'大阪公立大　　,'工　　　,'マテリアル工,'　,'　　　,'金属・材料,'1,'27
'2178,'46,'12,'0,'0,'555,'大阪公立大　　,'工　　　,'化学バイオ工,'　,'　　　,'応用化学　,'1,'27
'2178,'55,'00,'0,'0,'601,'大阪公立大　　,'医　　　,'　　　　　　,'　,'　　　,'医　　　　,'0,'27
'2178,'55,'01,'0,'0,'601,'大阪公立大　　,'医　　　,'医　　　　　,'　,'　　　,'医　　　　,'1,'27
'2178,'55,'02,'0,'0,'655,'大阪公立大　　,'医　　　,'リハ／理学療,'　,'　　　,'理学療法　,'1,'27
'2178,'55,'03,'0,'0,'656,'大阪公立大　　,'医　　　,'リハ／作業療,'　,'　　　,'作業療法　,'1,'27
'2178,'64,'00,'0,'0,'651,'大阪公立大　　,'看護　　,'　　　　　　,'　,'　　　,'看護　　　,'0,'27
'2178,'64,'01,'0,'0,'651,'大阪公立大　　,'看護　　,'看護　　　　,'　,'　　　,'看護　　　,'1,'27
'2178,'72,'00,'0,'0,'564,'大阪公立大　　,'農　　　,'　　　　　　,'　,'　　　,'生物工学　,'0,'27
'2178,'72,'01,'0,'0,'564,'大阪公立大　　,'農　　　,'応用生物科学,'　,'　　　,'生物工学　,'1,'27
'2178,'72,'02,'0,'0,'564,'大阪公立大　　,'農　　　,'生命機能化　,'　,'　　　,'生物工学　,'1,'27
'2178,'72,'03,'0,'0,'701,'大阪公立大　　,'農　　　,'緑地環境科学,'　,'　　　,'農学　　　,'1,'27
'2178,'74,'00,'0,'0,'705,'大阪公立大　　,'獣医　　,'　　　　　　,'　,'　　　,'獣医学　　,'0,'27
'2178,'74,'01,'0,'0,'705,'大阪公立大　　,'獣医　　,'獣医　　　　,'　,'　　　,'獣医学　　,'1,'27
'2178,'79,'00,'0,'0,'242,'大阪公立大　　,'生活科学,'　　　　　　,'　,'　　　,'社会福祉学,'0,'27
'2178,'79,'01,'0,'0,'402,'大阪公立大　　,'生活科学,'食栄養　　　,'　,'　　　,'食物・栄養,'1,'27
'2178,'79,'02,'0,'0,'405,'大阪公立大　　,'生活科学,'居住環境　　,'　,'　　　,'住居学　　,'1,'27
'2178,'79,'03,'0,'0,'242,'大阪公立大　　,'生活科学,'人間福祉　　,'　,'　　　,'社会福祉学,'1,'27
'2178,'88,'00,'0,'0,'105,'大阪公立大　　,'現代シス,'　　　　　　,'　,'　　　,'心理学　　,'0,'27
'2178,'88,'01,'0,'0,'752,'大阪公立大　　,'現代シス,'知識情報シス,'　,'　　　,'総合情報学,'1,'27
'2178,'88,'02,'0,'0,'753,'大阪公立大　　,'現代シス,'環境社会シス,'　,'　　　,'総合科学　,'1,'27
'2178,'88,'03,'0,'0,'242,'大阪公立大　　,'現代シス,'教育福祉学類,'　,'　　　,'社会福祉学,'1,'27
'2178,'88,'04,'0,'0,'105,'大阪公立大　　,'現代シス,'心理学類　　,'　,'　　　,'心理学　　,'1,'27
'2198,'64,'00,'0,'0,'651,'神戸市看護大　,'看護　　,'　　　　　　,'　,'　　　,'看護　　　,'0,'28
'2198,'64,'01,'0,'0,'651,'神戸市看護大　,'看護　　,'看護　　　　,'　,'　　　,'看護　　　,'1,'28
'2199,'21,'00,'0,'0,'221,'兵庫県立大　　,'国際商経,'　　　　　　,'　,'　　　,'経済学　　,'0,'28
'2199,'21,'02,'0,'0,'221,'兵庫県立大　　,'国際商経,'国際／経済学,'　,'　　　,'経済学　　,'1,'28
'2199,'21,'03,'0,'0,'221,'兵庫県立大　　,'国際商経,'国際／グロー,'　,'　　　,'経済学　　,'1,'28
'2199,'37,'00,'0,'0,'402,'兵庫県立大　　,'環境人間,'　　　　　　,'　,'　　　,'食物・栄養,'0,'28
'2199,'37,'01,'0,'0,'261,'兵庫県立大　　,'環境人間,'環境人間　　,'　,'　　　,'国際関係学,'1,'28
'2199,'37,'02,'0,'0,'402,'兵庫県立大　　,'環境人間,'環境／食環境,'　,'　　　,'食物・栄養,'1,'28
'2199,'38,'00,'0,'0,'752,'兵庫県立大　　,'社会情報,'　　　　　　,'　,'　　　,'総合情報学,'0,'28
'2199,'38,'01,'0,'0,'752,'兵庫県立大　　,'社会情報,'社会情報科学,'　,'　　　,'総合情報学,'1,'28
'2199,'42,'00,'0,'0,'502,'兵庫県立大　　,'理　　　,'　　　　　　,'　,'　　　,'物理学　　,'0,'28
'2199,'42,'01,'0,'0,'504,'兵庫県立大　　,'理　　　,'生命科学　　,'　,'　　　,'生物学　　,'1,'28
'2199,'42,'02,'0,'0,'502,'兵庫県立大　　,'理　　　,'物質科学　　,'　,'　　　,'物理学　　,'1,'28
'2199,'46,'00,'0,'0,'555,'兵庫県立大　　,'工　　　,'　　　　　　,'　,'　　　,'応用化学　,'0,'28
'2199,'46,'04,'0,'0,'552,'兵庫県立大　　,'工　　　,'工／電気電子,'　,'　　　,'電気・電子,'1,'28
'2199,'46,'05,'0,'0,'553,'兵庫県立大　　,'工　　　,'工／知能情報,'　,'　　　,'情報工学　,'1,'28
'2199,'46,'06,'0,'0,'551,'兵庫県立大　　,'工　　　,'工／機械工学,'　,'　　　,'機械工学　,'1,'28
'2199,'46,'07,'0,'0,'555,'兵庫県立大　　,'工　　　,'工／材料デザ,'　,'　　　,'応用化学　,'1,'28
'2199,'46,'08,'0,'0,'555,'兵庫県立大　　,'工　　　,'工／化学　　,'　,'　　　,'応用化学　,'1,'28
'2199,'64,'00,'0,'0,'651,'兵庫県立大　　,'看護　　,'　　　　　　,'　,'　　　,'看護　　　,'0,'28
'2199,'64,'01,'0,'0,'651,'兵庫県立大　　,'看護　　,'看護　　　　,'　,'　　　,'看護　　　,'1,'28
'2200,'08,'00,'0,'0,'261,'神戸市外大　　,'外国語　,'　　　　　　,'　,'　　　,'国際関係学,'0,'28
'2200,'08,'01,'0,'0,'102,'神戸市外大　　,'外国語　,'イスパニア　,'　,'　　　,'外国文学　,'1,'28
'2200,'08,'02,'0,'0,'102,'神戸市外大　　,'外国語　,'英米　　　　,'　,'　　　,'外国文学　,'1,'28
'2200,'08,'03,'0,'0,'261,'神戸市外大　　,'外国語　,'国際関係　　,'　,'　　　,'国際関係学,'1,'28
'2200,'08,'04,'0,'0,'102,'神戸市外大　　,'外国語　,'中国　　　　,'　,'　　　,'外国文学　,'1,'28
'2200,'08,'05,'0,'0,'102,'神戸市外大　　,'外国語　,'ロシア　　　,'　,'　　　,'外国文学　,'1,'28
'2200,'11,'00,'0,'0,'102,'神戸市外大　　,'外国語２,'　　　　　　,'　,'　　　,'外国文学　,'0,'28
'2200,'11,'01,'0,'0,'102,'神戸市外大　　,'外国語２,'英米　　　　,'　,'　　　,'外国文学　,'1,'28
'2201,'83,'00,'0,'0,'106,'芸術文観光職大,'芸文観光,'　　　　　　,'　,'　　　,'文化学　　,'0,'28
'2201,'83,'01,'0,'0,'106,'芸術文観光職大,'芸文観光,'芸術文化観光,'　,'　　　,'文化学　　,'1,'28
'2220,'55,'00,'0,'0,'601,'奈良県立医大　,'医　　　,'　　　　　　,'　,'　　　,'医　　　　,'0,'29
'2220,'55,'01,'0,'0,'601,'奈良県立医大　,'医　　　,'医　　　　　,'　,'　　　,'医　　　　,'1,'29
'2220,'55,'03,'0,'0,'651,'奈良県立医大　,'医　　　,'看護　　　　,'　,'　　　,'看護　　　,'1,'29
'2225,'23,'00,'0,'0,'753,'奈良県立大　　,'地域創造,'　　　　　　,'　,'　　　,'総合科学　,'0,'29
'2225,'23,'03,'0,'0,'753,'奈良県立大　　,'地域創造,'地域創造　　,'　,'　　　,'総合科学　,'1,'29
'2230,'55,'00,'0,'0,'601,'和歌山県立医大,'医　　　,'　　　　　　,'　,'　　　,'医　　　　,'0,'30
'2230,'55,'01,'0,'0,'601,'和歌山県立医大,'医　　　,'医　　　　　,'　,'　　　,'医　　　　,'1,'30
'2230,'61,'00,'0,'0,'621,'和歌山県立医大,'薬　　　,'　　　　　　,'　,'　　　,'薬　　　　,'0,'30
'2230,'61,'01,'0,'0,'621,'和歌山県立医大,'薬　　　,'薬　　　　　,'　,'　　　,'薬　　　　,'1,'30
'2230,'64,'00,'0,'0,'651,'和歌山県立医大,'保健看護,'　　　　　　,'　,'　　　,'看護　　　,'0,'30
'2230,'64,'01,'0,'0,'651,'和歌山県立医大,'保健看護,'保健看護　　,'　,'　　　,'看護　　　,'1,'30
'2235,'19,'00,'0,'0,'222,'公立鳥取環境大,'経営　　,'　　　　　　,'　,'　　　,'経営学・商,'0,'31
'2235,'19,'01,'0,'0,'222,'公立鳥取環境大,'経営　　,'経営　　　　,'　,'　　　,'経営学・商,'1,'31
'2235,'47,'00,'0,'0,'753,'公立鳥取環境大,'環境　　,'　　　　　　,'　,'　　　,'総合科学　,'0,'31
'2235,'47,'01,'0,'0,'753,'公立鳥取環境大,'環境　　,'環境　　　　,'　,'　　　,'総合科学　,'1,'31
'2240,'14,'00,'0,'0,'202,'島根県立大　　,'地域政策,'　　　　　　,'　,'　　　,'政治学　　,'0,'32
'2240,'14,'01,'0,'0,'221,'島根県立大　　,'地域政策,'地域／経済経,'　,'　　　,'経済学　　,'1,'32
'2240,'14,'02,'0,'0,'202,'島根県立大　　,'地域政策,'地域／地域公,'　,'　　　,'政治学　　,'1,'32
'2240,'14,'03,'0,'0,'753,'島根県立大　　,'地域政策,'地域／地域づ,'　,'　　　,'総合科学　,'1,'32
'2240,'33,'00,'0,'0,'261,'島根県立大　　,'国際関係,'　　　　　　,'　,'　　　,'国際関係学,'0,'32
'2240,'33,'01,'0,'0,'261,'島根県立大　　,'国際関係,'国際／国際関,'　,'　　　,'国際関係学,'1,'32
'2240,'33,'02,'0,'0,'106,'島根県立大　　,'国際関係,'国際／国際コ,'　,'　　　,'文化学　　,'1,'32
'2240,'37,'00,'0,'0,'106,'島根県立大　　,'人間文化,'　　　　　　,'　,'　　　,'文化学　　,'0,'32
'2240,'37,'01,'0,'0,'301,'島根県立大　　,'人間文化,'保育教育　　,'　,'　　　,'小学校　　,'1,'32
'2240,'37,'02,'0,'0,'106,'島根県立大　　,'人間文化,'地域文化　　,'　,'　　　,'文化学　　,'1,'32
'2240,'64,'00,'0,'0,'402,'島根県立大　　,'看護栄養,'　　　　　　,'　,'　　　,'食物・栄養,'0,'32
'2240,'64,'01,'0,'0,'651,'島根県立大　　,'看護栄養,'看護　　　　,'　,'　　　,'看護　　　,'1,'32
'2240,'64,'02,'0,'0,'402,'島根県立大　　,'看護栄養,'健康栄養　　,'　,'　　　,'食物・栄養,'1,'32
'2243,'64,'00,'0,'0,'242,'新見公立大　　,'健康科学,'　　　　　　,'　,'　　　,'社会福祉学,'0,'33
'2243,'64,'01,'0,'0,'651,'新見公立大　　,'健康科学,'看護　　　　,'　,'　　　,'看護　　　,'1,'33
'2243,'64,'02,'0,'0,'242,'新見公立大　　,'健康科学,'地域福祉　　,'　,'　　　,'社会福祉学,'1,'33
'2243,'64,'03,'0,'0,'312,'新見公立大　　,'健康科学,'健康保育　　,'　,'　　　,'幼稚園　　,'1,'33
'2245,'47,'00,'0,'0,'553,'岡山県立大　　,'情報工　,'　　　　　　,'　,'　　　,'情報工学　,'0,'33
'2245,'47,'01,'0,'0,'551,'岡山県立大　　,'情報工　,'情報シス工　,'　,'　　　,'機械工学　,'1,'33
'2245,'47,'02,'0,'0,'552,'岡山県立大　　,'情報工　,'情報通信工　,'　,'　　　,'電気・電子,'1,'33
'2245,'47,'03,'0,'0,'553,'岡山県立大　　,'情報工　,'人間情報工　,'　,'　　　,'情報工学　,'1,'33
'2245,'64,'00,'0,'0,'242,'岡山県立大　　,'保健福祉,'　　　　　　,'　,'　　　,'社会福祉学,'0,'33
'2245,'64,'01,'0,'0,'402,'岡山県立大　　,'保健福祉,'栄養　　　　,'　,'　　　,'食物・栄養,'1,'33
'2245,'64,'02,'0,'0,'651,'岡山県立大　　,'保健福祉,'看護　　　　,'　,'　　　,'看護　　　,'1,'33
'2245,'64,'06,'0,'0,'242,'岡山県立大　　,'保健福祉,'現代福祉　　,'　,'　　　,'社会福祉学,'1,'33
'2245,'64,'07,'0,'0,'312,'岡山県立大　　,'保健福祉,'子ども　　　,'　,'　　　,'幼稚園　　,'1,'33
'2245,'83,'00,'0,'0,'451,'岡山県立大　　,'デザイン,'　　　　　　,'　,'　　　,'美術・デザ,'0,'33
'2245,'83,'01,'0,'0,'451,'岡山県立大　　,'デザイン,'工芸工業デザ,'　,'　　　,'美術・デザ,'1,'33
'2245,'83,'02,'0,'0,'451,'岡山県立大　　,'デザイン,'ビジュアルデ,'　,'　　　,'美術・デザ,'1,'33
'2245,'83,'05,'0,'0,'554,'岡山県立大　　,'デザイン,'建築　　　　,'　,'　　　,'建築・土木,'1,'33
'2249,'21,'00,'0,'0,'221,'尾道市立大　　,'経済情報,'　　　　　　,'　,'　　　,'経済学　　,'0,'34
'2249,'21,'01,'0,'0,'221,'尾道市立大　　,'経済情報,'経済情報　　,'　,'　　　,'経済学　　,'1,'34
'2249,'83,'00,'0,'0,'101,'尾道市立大　　,'芸術文化,'　　　　　　,'　,'　　　,'日本文学　,'0,'34
'2249,'83,'01,'0,'0,'101,'尾道市立大　　,'芸術文化,'日本文　　　,'　,'　　　,'日本文学　,'1,'34
'2249,'83,'02,'0,'0,'451,'尾道市立大　　,'芸術文化,'美術　　　　,'　,'　　　,'美術・デザ,'1,'34
'2251,'39,'00,'0,'0,'106,'県立広島大　　,'地域創生,'　　　　　　,'　,'　　　,'文化学　　,'0,'34
'2251,'39,'01,'0,'0,'106,'県立広島大　　,'地域創生,'地域／国際共,'　,'　　　,'文化学　　,'1,'34
'2251,'39,'03,'0,'0,'402,'県立広島大　　,'地域創生,'地域／健康科,'　,'　　　,'食物・栄養,'1,'34
'2251,'39,'05,'0,'0,'222,'県立広島大　　,'地域創生,'地域／経営　,'　,'　　　,'経営学・商,'1,'34
'2251,'39,'06,'0,'0,'752,'県立広島大　　,'地域創生,'情報　　　　,'　,'　　　,'総合情報学,'1,'34
'2251,'64,'00,'0,'0,'242,'県立広島大　　,'保健福祉,'　　　　　　,'　,'　　　,'社会福祉学,'0,'34
'2251,'64,'06,'0,'0,'314,'県立広島大　　,'保健福祉,'保健／看護学,'　,'　　　,'養護　　　,'1,'34
'2251,'64,'07,'0,'0,'655,'県立広島大　　,'保健福祉,'保健／理学療,'　,'　　　,'理学療法　,'1,'34
'2251,'64,'08,'0,'0,'656,'県立広島大　　,'保健福祉,'保健／作業療,'　,'　　　,'作業療法　,'1,'34
'2251,'64,'09,'0,'0,'652,'県立広島大　　,'保健福祉,'保健／コミュ,'　,'　　　,'医療技術　,'1,'34
'2251,'64,'10,'0,'0,'242,'県立広島大　　,'保健福祉,'保健／人間福,'　,'　　　,'社会福祉学,'1,'34
'2251,'74,'00,'0,'0,'701,'県立広島大　　,'生物資源,'　　　　　　,'　,'　　　,'農学　　　,'0,'34
'2251,'74,'01,'0,'0,'701,'県立広島大　　,'生物資源,'地域資源開発,'　,'　　　,'農学　　　,'1,'34
'2251,'74,'03,'0,'0,'564,'県立広島大　　,'生物資源,'生命／生命科,'　,'　　　,'生物工学　,'1,'34
'2251,'74,'04,'0,'0,'701,'県立広島大　　,'生物資源,'生命／環境科,'　,'　　　,'農学　　　,'1,'34
'2252,'21,'00,'0,'0,'753,'福山市立大　　,'都市経営,'　　　　　　,'　,'　　　,'総合科学　,'0,'34
'2252,'21,'01,'0,'0,'753,'福山市立大　　,'都市経営,'都市経営　　,'　,'　　　,'総合科学　,'1,'34
'2252,'30,'00,'0,'0,'105,'福山市立大　　,'教育　　,'　　　　　　,'　,'　　　,'心理学　　,'0,'34
'2252,'30,'01,'0,'0,'105,'福山市立大　　,'教育　　,'児童／教育　,'　,'　　　,'心理学　　,'1,'34
'2252,'30,'02,'0,'0,'105,'福山市立大　　,'教育　　,'児童／保育　,'　,'　　　,'心理学　　,'1,'34
'2253,'27,'00,'0,'0,'753,'叡啓大　　　　,'ソーシャ,'　　　　　　,'　,'　　　,'総合科学　,'0,'34
'2253,'27,'01,'0,'0,'753,'叡啓大　　　　,'ソーシャ,'ソーシャルシ,'　,'　　　,'総合科学　,'1,'34
'2260,'33,'00,'0,'0,'106,'広島市立大　　,'国際　　,'　　　　　　,'　,'　　　,'文化学　　,'0,'34
'2260,'33,'01,'0,'0,'106,'広島市立大　　,'国際　　,'国際　　　　,'　,'　　　,'文化学　　,'1,'34
'2260,'37,'00,'0,'0,'455,'広島市立大　　,'情報科学,'　　　　　　,'　,'　　　,'映像　　　,'1,'34
'2260,'83,'00,'0,'0,'451,'広島市立大　　,'芸術　　,'　　　　　　,'　,'　　　,'美術・デザ,'0,'34
'2260,'83,'01,'0,'0,'451,'広島市立大　　,'芸術　　,'デザイン工芸,'　,'　　　,'美術・デザ,'1,'34
'2260,'83,'02,'0,'0,'451,'広島市立大　　,'芸術　　,'美術／油絵　,'　,'　　　,'美術・デザ,'1,'34
'2260,'83,'03,'0,'0,'451,'広島市立大　　,'芸術　　,'美術／彫刻　,'　,'　　　,'美術・デザ,'1,'34
'2260,'83,'04,'0,'0,'451,'広島市立大　　,'芸術　　,'美術／日本画,'　,'　　　,'美術・デザ,'1,'34
'2263,'46,'00,'0,'0,'555,'山口東京理科大,'工　　　,'　　　　　　,'　,'　　　,'応用化学　,'0,'35
'2263,'46,'01,'0,'0,'551,'山口東京理科大,'工　　　,'機械工　　　,'　,'　　　,'機械工学　,'1,'35
'2263,'46,'02,'0,'0,'552,'山口東京理科大,'工　　　,'電気工　　　,'　,'　　　,'電気・電子,'1,'35
'2263,'46,'03,'0,'0,'555,'山口東京理科大,'工　　　,'応用化　　　,'　,'　　　,'応用化学　,'1,'35
'2263,'46,'04,'0,'0,'506,'山口東京理科大,'工　　　,'数理情報科学,'　,'　　　,'情報科学　,'1,'35
'2263,'46,'05,'0,'0,'555,'山口東京理科大,'工　　　,'医薬工　　　,'　,'　　　,'応用化学　,'1,'35
'2263,'61,'00,'0,'0,'621,'山口東京理科大,'薬　　　,'　　　　　　,'　,'　　　,'薬　　　　,'0,'35
'2263,'61,'01,'0,'0,'621,'山口東京理科大,'薬　　　,'薬　　　　　,'　,'　　　,'薬　　　　,'1,'35
'2264,'21,'00,'0,'0,'221,'周南公立大　　,'経済経営,'　　　　　　,'　,'　　　,'経済学　　,'0,'35
'2264,'21,'01,'0,'0,'221,'周南公立大　　,'経済経営,'経済経営　　,'　,'　　　,'経済学　　,'1,'35
'2264,'37,'00,'0,'0,'506,'周南公立大　　,'情報科学,'　　　　　　,'　,'　　　,'情報科学　,'0,'35
'2264,'37,'01,'0,'0,'506,'周南公立大　　,'情報科学,'情報科学　　,'　,'　　　,'情報科学　,'1,'35
'2264,'64,'00,'0,'0,'242,'周南公立大　　,'人間健康,'　　　　　　,'　,'　　　,'社会福祉学,'0,'35
'2264,'64,'01,'0,'0,'654,'周南公立大　　,'人間健康,'スポーツ健康,'　,'　　　,'体育・健康,'1,'35
'2264,'64,'02,'0,'0,'651,'周南公立大　　,'人間健康,'看護　　　　,'　,'　　　,'看護　　　,'1,'35
'2264,'64,'03,'0,'0,'242,'周南公立大　　,'人間健康,'福祉　　　　,'　,'　　　,'社会福祉学,'1,'35
'2265,'18,'00,'0,'0,'222,'下関市立大　　,'経済　　,'　　　　　　,'　,'　　　,'経営学・商,'0,'35
'2265,'18,'01,'0,'0,'221,'下関市立大　　,'経済　　,'経済　　　　,'　,'　　　,'経済学　　,'1,'35
'2265,'18,'02,'0,'0,'222,'下関市立大　　,'経済　　,'国際商　　　,'　,'　　　,'経営学・商,'1,'35
'2265,'18,'03,'0,'0,'202,'下関市立大　　,'経済　　,'公共マネジメ,'　,'　　　,'政治学　　,'1,'35
'2265,'37,'00,'0,'0,'752,'下関市立大　　,'データサ,'　　　　　　,'　,'　　　,'総合情報学,'0,'35
'2265,'37,'01,'0,'0,'752,'下関市立大　　,'データサ,'データサイエ,'　,'　　　,'総合情報学,'1,'35
'2265,'64,'00,'0,'0,'651,'下関市立大　　,'看護　　,'　　　　　　,'　,'　　　,'看護　　　,'0,'35
'2265,'64,'01,'0,'0,'651,'下関市立大　　,'看護　　,'看護　　　　,'　,'　　　,'看護　　　,'1,'35
'2270,'26,'00,'0,'0,'242,'山口県立大　　,'社会福祉,'　　　　　　,'　,'　　　,'社会福祉学,'0,'35
'2270,'26,'01,'0,'0,'242,'山口県立大　　,'社会福祉,'社会福祉　　,'　,'　　　,'社会福祉学,'1,'35
'2270,'33,'00,'0,'0,'106,'山口県立大　　,'国際文化,'　　　　　　,'　,'　　　,'文化学　　,'0,'35
'2270,'33,'01,'0,'0,'106,'山口県立大　　,'国際文化,'国際文化　　,'　,'　　　,'文化学　　,'1,'35
'2270,'33,'02,'0,'0,'101,'山口県立大　　,'国際文化,'文化創造　　,'　,'　　　,'日本文学　,'1,'35
'2270,'33,'03,'0,'0,'752,'山口県立大　　,'国際文化,'情報社会　　,'　,'　　　,'総合情報学,'1,'35
'2270,'65,'00,'0,'0,'402,'山口県立大　　,'看護栄養,'　　　　　　,'　,'　　　,'食物・栄養,'0,'35
'2270,'65,'01,'0,'0,'651,'山口県立大　　,'看護栄養,'看護　　　　,'　,'　　　,'看護　　　,'1,'35
'2270,'65,'02,'0,'0,'402,'山口県立大　　,'看護栄養,'栄養　　　　,'　,'　　　,'食物・栄養,'1,'35
'2280,'64,'00,'0,'0,'651,'香川保健医療大,'保健医療,'　　　　　　,'　,'　　　,'看護　　　,'0,'37
'2280,'64,'01,'0,'0,'651,'香川保健医療大,'保健医療,'看護　　　　,'　,'　　　,'看護　　　,'1,'37
'2280,'64,'02,'0,'0,'658,'香川保健医療大,'保健医療,'臨床検査　　,'　,'　　　,'検査技術　,'1,'37
'2285,'64,'00,'0,'0,'651,'愛媛医療技術大,'保健科学,'　　　　　　,'　,'　　　,'看護　　　,'0,'38
'2285,'64,'01,'0,'0,'651,'愛媛医療技術大,'保健科学,'看護　　　　,'　,'　　　,'看護　　　,'1,'38
'2285,'64,'02,'0,'0,'658,'愛媛医療技術大,'保健科学,'臨床検査　　,'　,'　　　,'検査技術　,'1,'38
'2288,'22,'00,'0,'0,'221,'高知工科大　　,'経済マネ,'　　　　　　,'　,'　　　,'経済学　　,'1,'39
'2288,'37,'00,'0,'0,'552,'高知工科大　　,'情報　　,'　　　　　　,'　,'　　　,'電気・電子,'1,'39
'2288,'38,'00,'0,'0,'506,'高知工科大　　,'データイ,'　　　　　　,'　,'　　　,'情報科学　,'1,'39
'2288,'47,'00,'0,'0,'551,'高知工科大　　,'シス工　,'　　　　　　,'　,'　　　,'機械工学　,'1,'39
'2288,'48,'00,'0,'0,'507,'高知工科大　　,'理工　　,'　　　　　　,'　,'　　　,'総合理学　,'1,'39
'2290,'03,'00,'0,'0,'101,'高知県立大　　,'文化　　,'　　　　　　,'　,'　　　,'日本文学　,'0,'39
'2290,'03,'01,'0,'0,'101,'高知県立大　　,'文化　　,'文化　　　　,'　,'　　　,'日本文学　,'1,'39
'2290,'26,'00,'0,'0,'242,'高知県立大　　,'社会福祉,'　　　　　　,'　,'　　　,'社会福祉学,'0,'39
'2290,'26,'01,'0,'0,'242,'高知県立大　　,'社会福祉,'社会福祉　　,'　,'　　　,'社会福祉学,'1,'39
'2290,'64,'00,'0,'0,'651,'高知県立大　　,'看護　　,'　　　　　　,'　,'　　　,'看護　　　,'0,'39
'2290,'64,'01,'0,'0,'651,'高知県立大　　,'看護　　,'看護　　　　,'　,'　　　,'看護　　　,'1,'39
'2290,'65,'00,'0,'0,'402,'高知県立大　　,'健康栄養,'　　　　　　,'　,'　　　,'食物・栄養,'0,'39
'2290,'65,'01,'0,'0,'402,'高知県立大　　,'健康栄養,'健康栄養　　,'　,'　　　,'食物・栄養,'1,'39
'2295,'01,'00,'0,'0,'105,'北九州市立大　,'文　　　,'　　　　　　,'　,'　　　,'心理学　　,'0,'40
'2295,'01,'01,'0,'0,'105,'北九州市立大　,'文　　　,'人間関係　　,'　,'　　　,'心理学　　,'1,'40
'2295,'01,'02,'0,'0,'106,'北九州市立大　,'文　　　,'比較文化　　,'　,'　　　,'文化学　　,'1,'40
'2295,'08,'00,'0,'0,'261,'北九州市立大　,'外国語　,'　　　　　　,'　,'　　　,'国際関係学,'0,'40
'2295,'08,'03,'0,'0,'261,'北九州市立大　,'外国語　,'国際関係　　,'　,'　　　,'国際関係学,'1,'40
'2295,'08,'04,'0,'0,'151,'北九州市立大　,'外国語　,'英米　　　　,'　,'　　　,'英米語　　,'1,'40
'2295,'08,'05,'0,'0,'152,'北九州市立大　,'外国語　,'中国　　　　,'　,'　　　,'中国語　　,'1,'40
'2295,'12,'00,'0,'0,'201,'北九州市立大　,'法　　　,'　　　　　　,'　,'　　　,'法学　　　,'0,'40
'2295,'12,'01,'0,'0,'202,'北九州市立大　,'法　　　,'政策科学　　,'　,'　　　,'政治学　　,'1,'40
'2295,'12,'02,'0,'0,'201,'北九州市立大　,'法　　　,'法律　　　　,'　,'　　　,'法学　　　,'1,'40
'2295,'18,'00,'0,'0,'221,'北九州市立大　,'経済　　,'　　　　　　,'　,'　　　,'経済学　　,'1,'40
'2295,'37,'00,'0,'0,'551,'北九州市立大　,'国際環境,'　　　　　　,'　,'　　　,'機械工学　,'0,'40
'2295,'37,'02,'0,'0,'551,'北九州市立大　,'国際環境,'機械シス工　,'　,'　　　,'機械工学　,'1,'40
'2295,'37,'03,'0,'0,'553,'北九州市立大　,'国際環境,'情報シス工　,'　,'　　　,'情報工学　,'1,'40
'2295,'37,'04,'0,'0,'554,'北九州市立大　,'国際環境,'建築デザイン,'　,'　　　,'建築・土木,'1,'40
'2295,'37,'05,'0,'0,'562,'北九州市立大　,'国際環境,'環境化学工　,'　,'　　　,'原子力・エ,'1,'40
'2295,'37,'06,'0,'0,'564,'北九州市立大　,'国際環境,'生命工　　　,'　,'　　　,'生物工学　,'1,'40
'2295,'38,'00,'0,'0,'202,'北九州市立大　,'地域創生,'　　　　　　,'　,'　　　,'政治学　　,'0,'40
'2295,'38,'01,'0,'0,'202,'北九州市立大　,'地域創生,'地域創生学類,'　,'　　　,'政治学　　,'1,'40
'2300,'58,'00,'0,'0,'611,'九州歯大　　　,'歯　　　,'　　　　　　,'　,'　　　,'歯　　　　,'0,'40
'2300,'58,'01,'0,'0,'611,'九州歯大　　　,'歯　　　,'歯　　　　　,'　,'　　　,'歯　　　　,'1,'40
'2300,'58,'02,'0,'0,'652,'九州歯大　　　,'歯　　　,'口腔保健　　,'　,'　　　,'医療技術　,'1,'40
'2305,'27,'00,'0,'0,'241,'福岡県立大　　,'人間社会,'　　　　　　,'　,'　　　,'社会学　　,'0,'40
'2305,'27,'01,'0,'0,'241,'福岡県立大　　,'人間社会,'公共社会　　,'　,'　　　,'社会学　　,'1,'40
'2305,'27,'02,'0,'0,'242,'福岡県立大　　,'人間社会,'社会福祉　　,'　,'　　　,'社会福祉学,'1,'40
'2305,'27,'03,'0,'0,'751,'福岡県立大　　,'人間社会,'人間形成　　,'　,'　　　,'人間科学　,'1,'40
'2305,'64,'00,'0,'0,'651,'福岡県立大　　,'看護　　,'　　　　　　,'　,'　　　,'看護　　　,'0,'40
'2305,'64,'01,'0,'0,'651,'福岡県立大　　,'看護　　,'看護　　　　,'　,'　　　,'看護　　　,'1,'40
'2310,'38,'00,'0,'0,'101,'福岡女子大　　,'国際文理,'　　　　　　,'　,'　　　,'日本文学　,'0,'40
'2310,'38,'01,'0,'0,'101,'福岡女子大　　,'国際文理,'国際教養　　,'　,'　　　,'日本文学　,'1,'40
'2310,'38,'02,'0,'0,'753,'福岡女子大　　,'国際文理,'環境科学　　,'　,'　　　,'総合科学　,'1,'40
'2310,'38,'03,'0,'0,'402,'福岡女子大　　,'国際文理,'食・健康　　,'　,'　　　,'食物・栄養,'1,'40
'2320,'19,'00,'0,'0,'222,'長崎県立大　　,'経営　　,'　　　　　　,'　,'　　　,'経営学・商,'0,'42
'2320,'19,'01,'0,'0,'222,'長崎県立大　　,'経営　　,'経営　　　　,'　,'　　　,'経営学・商,'1,'42
'2320,'19,'03,'0,'0,'222,'長崎県立大　　,'経営　　,'国際経営　　,'　,'　　　,'経営学・商,'1,'42
'2320,'21,'00,'0,'0,'202,'長崎県立大　　,'地域創造,'　　　　　　,'　,'　　　,'政治学　　,'0,'42
'2320,'21,'01,'0,'0,'202,'長崎県立大　　,'地域創造,'公共政策　　,'　,'　　　,'政治学　　,'1,'42
'2320,'21,'02,'0,'0,'221,'長崎県立大　　,'地域創造,'実践経済　　,'　,'　　　,'経済学　　,'1,'42
'2320,'27,'00,'0,'0,'261,'長崎県立大　　,'国際社会,'　　　　　　,'　,'　　　,'国際関係学,'0,'42
'2320,'27,'01,'0,'0,'261,'長崎県立大　　,'国際社会,'国際社会　　,'　,'　　　,'国際関係学,'1,'42
'2320,'47,'00,'0,'0,'553,'長崎県立大　　,'情報シス,'　　　　　　,'　,'　　　,'情報工学　,'0,'42
'2320,'47,'01,'0,'0,'553,'長崎県立大　　,'情報シス,'情報システム,'　,'　　　,'情報工学　,'1,'42
'2320,'47,'02,'0,'0,'553,'長崎県立大　　,'情報シス,'情報セキュリ,'　,'　　　,'情報工学　,'1,'42
'2320,'64,'00,'0,'0,'402,'長崎県立大　　,'看護栄養,'　　　　　　,'　,'　　　,'食物・栄養,'0,'42
'2320,'64,'01,'0,'0,'651,'長崎県立大　　,'看護栄養,'看護　　　　,'　,'　　　,'看護　　　,'1,'42
'2320,'64,'02,'0,'0,'402,'長崎県立大　　,'看護栄養,'栄養健康　　,'　,'　　　,'食物・栄養,'1,'42
'2325,'01,'00,'0,'0,'101,'熊本県立大　　,'文　　　,'　　　　　　,'　,'　　　,'日本文学　,'0,'43
'2325,'01,'01,'0,'0,'102,'熊本県立大　　,'文　　　,'グローバルス,'　,'　　　,'外国文学　,'1,'43
'2325,'01,'02,'0,'0,'101,'熊本県立大　　,'文　　　,'日本語日本文,'　,'　　　,'日本文学　,'1,'43
'2325,'37,'00,'0,'0,'202,'熊本県立大　　,'総合管理,'　　　　　　,'　,'　　　,'政治学　　,'0,'43
'2325,'37,'01,'0,'0,'202,'熊本県立大　　,'総合管理,'総合管理　　,'　,'　　　,'政治学　　,'1,'43
'2325,'80,'00,'0,'0,'402,'熊本県立大　　,'環境共生,'　　　　　　,'　,'　　　,'食物・栄養,'0,'43
'2325,'80,'02,'0,'0,'405,'熊本県立大　　,'環境共生,'環境／居住環,'　,'　　　,'住居学　　,'1,'43
'2325,'80,'07,'0,'0,'753,'熊本県立大　　,'環境共生,'環境／環境資,'　,'　　　,'総合科学　,'1,'43
'2325,'80,'08,'0,'0,'402,'熊本県立大　　,'環境共生,'環境／食健康,'　,'　　　,'食物・栄養,'1,'43
'2328,'64,'00,'0,'0,'651,'大分看護科学大,'看護　　,'　　　　　　,'　,'　　　,'看護　　　,'0,'44
'2328,'64,'01,'0,'0,'651,'大分看護科学大,'看護　　,'看護　　　　,'　,'　　　,'看護　　　,'1,'44
'2333,'64,'00,'0,'0,'651,'宮崎県立看護大,'看護　　,'　　　　　　,'　,'　　　,'看護　　　,'0,'45
'2333,'64,'01,'0,'0,'651,'宮崎県立看護大,'看護　　,'看護　　　　,'　,'　　　,'看護　　　,'1,'45
'2335,'02,'00,'0,'0,'106,'宮崎公立大　　,'人文　　,'　　　　　　,'　,'　　　,'文化学　　,'0,'45
'2335,'02,'01,'0,'0,'106,'宮崎公立大　　,'人文　　,'国際文化　　,'　,'　　　,'文化学　　,'1,'45
'2343,'64,'00,'0,'0,'651,'沖縄県立看護大,'看護　　,'　　　　　　,'　,'　　　,'看護　　　,'0,'47
'2343,'64,'01,'0,'0,'651,'沖縄県立看護大,'看護　　,'看護　　　　,'　,'　　　,'看護　　　,'1,'47
'2344,'34,'00,'0,'0,'261,'名桜大　　　　,'国際　　,'　　　　　　,'　,'　　　,'国際関係学,'0,'47
'2344,'34,'01,'0,'0,'106,'名桜大　　　　,'国際　　,'国際文化　　,'　,'　　　,'文化学　　,'1,'47
'2344,'34,'02,'0,'0,'222,'名桜大　　　　,'国際　　,'国際観光産業,'　,'　　　,'経営学・商,'1,'47
'2344,'64,'00,'0,'0,'654,'名桜大　　　　,'人間健康,'　　　　　　,'　,'　　　,'体育・健康,'0,'47
'2344,'64,'01,'0,'0,'105,'名桜大　　　　,'人間健康,'スポーツ健康,'　,'　　　,'心理学　　,'1,'47
'2344,'64,'02,'0,'0,'651,'名桜大　　　　,'人間健康,'看護　　　　,'　,'　　　,'看護　　　,'1,'47
'2344,'64,'03,'0,'0,'506,'名桜大　　　　,'人間健康,'健康情報　　,'　,'　　　,'情報科学　,'1,'47
'2345,'83,'00,'0,'0,'451,'沖縄県立芸大　,'美術工芸,'　　　　　　,'　,'　　　,'美術・デザ,'0,'47
'2345,'83,'01,'0,'0,'451,'沖縄県立芸大　,'美術工芸,'デザ／工芸　,'　,'　　　,'美術・デザ,'1,'47
'2345,'83,'02,'0,'0,'451,'沖縄県立芸大　,'美術工芸,'デザ／デザイ,'　,'　　　,'美術・デザ,'1,'47
'2345,'83,'03,'0,'0,'451,'沖縄県立芸大　,'美術工芸,'美術／絵画　,'　,'　　　,'美術・デザ,'1,'47
'2345,'83,'04,'0,'0,'451,'沖縄県立芸大　,'美術工芸,'美術／彫刻　,'　,'　　　,'美術・デザ,'1,'47
'2345,'83,'05,'0,'0,'452,'沖縄県立芸大　,'美術工芸,'美術／芸術学,'　,'　　　,'芸術理論　,'1,'47
'2345,'84,'00,'0,'0,'453,'沖縄県立芸大　,'音楽　　,'　　　　　　,'　,'　　　,'音楽　　　,'0,'47
'2345,'84,'04,'0,'0,'453,'沖縄県立芸大　,'音楽　　,'音楽／琉球芸,'　,'　　　,'音楽　　　,'1,'47
'2345,'84,'07,'0,'0,'453,'沖縄県立芸大　,'音楽　　,'音楽／音楽表,'　,'　　　,'音楽　　　,'1,'47
'2345,'84,'08,'0,'0,'452,'沖縄県立芸大　,'音楽　　,'音楽／音楽文,'　,'　　　,'芸術理論　,'1,'47
'3002,'91,'00,'0,'0,'101,'札幌大　　　　,'地域共創,'　　　　　　,'　,'　　　,'日本文学　,'0,'01
'3002,'91,'16,'0,'0,'221,'札幌大　　　　,'地域共創,'経済学　　　,'　,'　　　,'経済学　　,'1,'01
'3002,'91,'18,'0,'0,'222,'札幌大　　　　,'地域共創,'経営学　　　,'　,'　　　,'経営学・商,'1,'01
'3002,'91,'19,'0,'0,'201,'札幌大　　　　,'地域共創,'法学　　　　,'　,'　　　,'法学　　　,'1,'01
'3002,'91,'21,'0,'0,'151,'札幌大　　　　,'地域共創,'英語　　　　,'　,'　　　,'英米語　　,'1,'01
'3002,'91,'23,'0,'0,'109,'札幌大　　　　,'地域共創,'歴史文化　　,'　,'　　　,'日本史　　,'1,'01
'3002,'91,'24,'0,'0,'101,'札幌大　　　　,'地域共創,'日本語・日本,'　,'　　　,'日本文学　,'1,'01
'3002,'91,'27,'0,'0,'654,'札幌大　　　　,'地域共創,'スポーツ文化,'　,'　　　,'体育・健康,'1,'01
'3002,'91,'29,'0,'0,'753,'札幌大　　　　,'地域共創,'リベラルアー,'　,'　　　,'総合科学　,'1,'01
'3003,'02,'00,'0,'0,'102,'札幌学院大　　,'人文　　,'　　　　　　,'　,'　　　,'外国文学　,'0,'01
'3003,'02,'01,'0,'0,'102,'札幌学院大　　,'人文　　,'英語英米文　,'　,'　　　,'外国文学　,'1,'01
'3003,'02,'02,'0,'0,'751,'札幌学院大　　,'人文　　,'人間科学　　,'　,'　　　,'人間科学　,'1,'01
'3003,'02,'04,'0,'0,'301,'札幌学院大　　,'人文　　,'こども発達　,'　,'　　　,'小学校　　,'1,'01
'3003,'03,'00,'0,'0,'105,'札幌学院大　　,'心理　　,'　　　　　　,'　,'　　　,'心理学　　,'0,'01
'3003,'03,'01,'0,'0,'105,'札幌学院大　　,'心理　　,'臨床心理　　,'　,'　　　,'心理学　　,'1,'01
'3003,'12,'00,'0,'0,'201,'札幌学院大　　,'法　　　,'　　　　　　,'　,'　　　,'法学　　　,'0,'01
'3003,'12,'01,'0,'0,'201,'札幌学院大　　,'法　　　,'法律　　　　,'　,'　　　,'法学　　　,'1,'01
'3003,'21,'00,'0,'0,'151,'札幌学院大　　,'経済経営,'　　　　　　,'　,'　　　,'英米語　　,'0,'01
'3003,'21,'01,'0,'0,'221,'札幌学院大　　,'経済経営,'経済　　　　,'　,'　　　,'経済学　　,'1,'01
'3003,'21,'02,'0,'0,'151,'札幌学院大　　,'経済経営,'経営　　　　,'　,'　　　,'英米語　　,'1,'01
'3004,'02,'00,'0,'0,'105,'札幌国際大　　,'人文　　,'　　　　　　,'　,'　　　,'心理学　　,'0,'01
'3004,'02,'02,'0,'0,'105,'札幌国際大　　,'人文　　,'心理／臨床心,'　,'　　　,'心理学　　,'1,'01
'3004,'02,'04,'0,'0,'105,'札幌国際大　　,'人文　　,'心理／子ども,'　,'　　　,'心理学　　,'1,'01
'3004,'02,'05,'0,'0,'106,'札幌国際大　　,'人文　　,'国際教養　　,'　,'　　　,'文化学　　,'1,'01
'3004,'28,'00,'0,'0,'222,'札幌国際大　　,'観光　　,'　　　　　　,'　,'　　　,'経営学・商,'0,'01
'3004,'28,'02,'0,'0,'222,'札幌国際大　　,'観光　　,'観光ビジネス,'　,'　　　,'経営学・商,'1,'01
'3004,'64,'00,'0,'0,'654,'札幌国際大　　,'スポーツ,'　　　　　　,'　,'　　　,'体育・健康,'0,'01
'3004,'64,'01,'0,'0,'222,'札幌国際大　　,'スポーツ,'スポーツビジ,'　,'　　　,'経営学・商,'1,'01
'3004,'64,'02,'0,'0,'654,'札幌国際大　　,'スポーツ,'スポーツ指導,'　,'　　　,'体育・健康,'1,'01
'3005,'19,'00,'0,'0,'222,'星槎道都大　　,'経営　　,'　　　　　　,'　,'　　　,'経営学・商,'0,'01
'3005,'19,'01,'0,'0,'222,'星槎道都大　　,'経営　　,'経営　　　　,'　,'　　　,'経営学・商,'1,'01
'3005,'26,'00,'0,'0,'242,'星槎道都大　　,'社会福祉,'　　　　　　,'　,'　　　,'社会福祉学,'0,'01
'3005,'26,'01,'0,'0,'242,'星槎道都大　　,'社会福祉,'社会福祉　　,'　,'　　　,'社会福祉学,'1,'01
'3005,'83,'00,'0,'0,'451,'星槎道都大　　,'美術　　,'　　　　　　,'　,'　　　,'美術・デザ,'0,'01
'3005,'83,'01,'0,'0,'554,'星槎道都大　　,'美術　　,'建築　　　　,'　,'　　　,'建築・土木,'1,'01
'3005,'83,'02,'0,'0,'451,'星槎道都大　　,'美術　　,'デザイン　　,'　,'　　　,'美術・デザ,'1,'01
'3006,'20,'00,'0,'0,'222,'函館大　　　　,'商　　　,'　　　　　　,'　,'　　　,'経営学・商,'0,'01
'3006,'20,'01,'0,'0,'222,'函館大　　　　,'商　　　,'商　　　　　,'　,'　　　,'経営学・商,'1,'01
'3007,'01,'00,'0,'0,'106,'藤女子大　　　,'文　　　,'　　　　　　,'　,'　　　,'文化学　　,'0,'01
'3007,'01,'01,'0,'0,'102,'藤女子大　　　,'文　　　,'英語文化　　,'　,'　　　,'外国文学　,'1,'01
'3007,'01,'02,'0,'0,'101,'藤女子大　　　,'文　　　,'日本語・日本,'　,'　　　,'日本文学　,'1,'01
'3007,'01,'03,'0,'0,'104,'藤女子大　　　,'文　　　,'文化総合　　,'　,'　　　,'哲学倫理宗,'1,'01
'3007,'37,'00,'0,'0,'242,'藤女子大　　　,'ウェルビ,'　　　　　　,'　,'　　　,'社会福祉学,'0,'01
'3007,'37,'01,'0,'0,'242,'藤女子大　　　,'ウェルビ,'地域創生　　,'　,'　　　,'社会福祉学,'1,'01
'3007,'37,'02,'0,'0,'402,'藤女子大　　　,'ウェルビ,'食環境マネジ,'　,'　　　,'食物・栄養,'1,'01
'3007,'37,'03,'0,'0,'301,'藤女子大　　　,'ウェルビ,'子ども教育　,'　,'　　　,'小学校　　,'1,'01
'3008,'01,'00,'0,'0,'102,'北星学園大　　,'文　　　,'　　　　　　,'　,'　　　,'外国文学　,'0,'01
'3008,'01,'01,'0,'0,'102,'北星学園大　　,'文　　　,'英文　　　　,'　,'　　　,'外国文学　,'1,'01
'3008,'01,'04,'0,'0,'105,'北星学園大　　,'文　　　,'心理・応用コ,'　,'　　　,'心理学　　,'1,'01
'3008,'18,'00,'0,'0,'221,'北星学園大　　,'経済　　,'　　　　　　,'　,'　　　,'経済学　　,'0,'01
'3008,'18,'01,'0,'0,'223,'北星学園大　　,'経済　　,'経営情報　　,'　,'　　　,'経営情報学,'1,'01
'3008,'18,'02,'0,'0,'221,'北星学園大　　,'経済　　,'経済　　　　,'　,'　　　,'経済学　　,'1,'01
'3008,'18,'03,'0,'0,'201,'北星学園大　　,'経済　　,'経済法　　　,'　,'　　　,'法学　　　,'1,'01
'3008,'26,'00,'0,'0,'242,'北星学園大　　,'社会福祉,'　　　　　　,'　,'　　　,'社会福祉学,'0,'01
'3008,'26,'03,'0,'0,'105,'北星学園大　　,'社会福祉,'心理　　　　,'　,'　　　,'心理学　　,'1,'01
'3008,'26,'04,'0,'0,'242,'北星学園大　　,'社会福祉,'社会福祉　　,'　,'　　　,'社会福祉学,'1,'01
'3008,'33,'00,'0,'0,'261,'北星学園大　　,'国際　　,'　　　　　　,'　,'　　　,'国際関係学,'0,'01
'3008,'33,'01,'0,'0,'261,'北星学園大　　,'国際　　,'グローバルイ,'　,'　　　,'国際関係学,'1,'01
'3009,'02,'00,'0,'0,'106,'北海学園大　　,'人文　　,'　　　　　　,'　,'　　　,'文化学　　,'0,'01
'3009,'02,'01,'0,'0,'106,'北海学園大　　,'人文　　,'英米文化　　,'　,'　　　,'文化学　　,'1,'01
'3009,'02,'02,'0,'0,'101,'北海学園大　　,'人文　　,'日本文化　　,'　,'　　　,'日本文学　,'1,'01
'3009,'07,'00,'0,'0,'106,'北海学園大　　,'人文２　,'　　　　　　,'　,'　　　,'文化学　　,'0,'01
'3009,'07,'01,'0,'0,'106,'北海学園大　　,'人文２　,'英米文化　　,'　,'　　　,'文化学　　,'1,'01
'3009,'07,'02,'0,'0,'101,'北海学園大　　,'人文２　,'日本文化　　,'　,'　　　,'日本文学　,'1,'01
'3009,'12,'00,'0,'0,'201,'北海学園大　　,'法　　　,'　　　　　　,'　,'　　　,'法学　　　,'1,'01
'3009,'17,'00,'0,'0,'201,'北海学園大　　,'法２　　,'　　　　　　,'　,'　　　,'法学　　　,'1,'01
'3009,'18,'00,'0,'0,'202,'北海学園大　　,'経済　　,'　　　　　　,'　,'　　　,'政治学　　,'1,'01
'3009,'19,'00,'0,'0,'222,'北海学園大　　,'経営　　,'　　　　　　,'　,'　　　,'経営学・商,'0,'01
'3009,'19,'01,'0,'0,'222,'北海学園大　　,'経営　　,'経営　　　　,'　,'　　　,'経営学・商,'1,'01
'3009,'19,'02,'0,'0,'223,'北海学園大　　,'経営　　,'経営情報　　,'　,'　　　,'経営情報学,'1,'01
'3009,'23,'00,'0,'0,'222,'北海学園大　　,'経営２　,'　　　　　　,'　,'　　　,'経営学・商,'0,'01
'3009,'23,'01,'0,'0,'222,'北海学園大　　,'経営２　,'経営　　　　,'　,'　　　,'経営学・商,'1,'01
'3009,'24,'00,'0,'0,'202,'北海学園大　　,'経済２　,'　　　　　　,'　,'　　　,'政治学　　,'1,'01
'3009,'46,'00,'0,'0,'553,'北海学園大　　,'工　　　,'　　　　　　,'　,'　　　,'情報工学　,'0,'01
'3009,'46,'01,'0,'0,'554,'北海学園大　　,'工　　　,'建築　　　　,'　,'　　　,'建築・土木,'1,'01
'3009,'46,'02,'0,'0,'552,'北海学園大　　,'工　　　,'電子情報工　,'　,'　　　,'電気・電子,'1,'01
'3009,'46,'10,'0,'0,'554,'北海学園大　　,'工　　　,'社会／社会環,'　,'　　　,'建築・土木,'1,'01
'3009,'46,'11,'0,'0,'753,'北海学園大　　,'工　　　,'社会／環境情,'　,'　　　,'総合科学　,'1,'01
'3009,'46,'12,'0,'0,'553,'北海学園大　　,'工　　　,'生命工　　　,'　,'　　　,'情報工学　,'1,'01
'3010,'20,'00,'0,'0,'222,'北海商大　　　,'商　　　,'　　　　　　,'　,'　　　,'経営学・商,'1,'01
'3011,'03,'00,'0,'0,'105,'北海道医療大　,'心理科学,'　　　　　　,'　,'　　　,'心理学　　,'0,'01
'3011,'03,'01,'0,'0,'105,'北海道医療大　,'心理科学,'臨床心理　　,'　,'　　　,'心理学　　,'1,'01
'3011,'58,'00,'0,'0,'611,'北海道医療大　,'歯　　　,'　　　　　　,'　,'　　　,'歯　　　　,'0,'01
'3011,'58,'01,'0,'0,'611,'北海道医療大　,'歯　　　,'歯　　　　　,'　,'　　　,'歯　　　　,'1,'01
'3011,'61,'00,'0,'0,'621,'北海道医療大　,'薬　　　,'　　　　　　,'　,'　　　,'薬　　　　,'0,'01
'3011,'61,'03,'0,'0,'621,'北海道医療大　,'薬　　　,'薬　　　　　,'　,'　　　,'薬　　　　,'1,'01
'3011,'64,'00,'0,'0,'242,'北海道医療大　,'看護福祉,'　　　　　　,'　,'　　　,'社会福祉学,'0,'01
'3011,'64,'03,'0,'0,'651,'北海道医療大　,'看護福祉,'看護　　　　,'　,'　　　,'看護　　　,'1,'01
'3011,'64,'04,'0,'0,'242,'北海道医療大　,'看護福祉,'福祉マネジメ,'　,'　　　,'社会福祉学,'1,'01
'3011,'65,'00,'0,'0,'652,'北海道医療大　,'リハビリ,'　　　　　　,'　,'　　　,'医療技術　,'0,'01
'3011,'65,'01,'0,'0,'655,'北海道医療大　,'リハビリ,'理学療法　　,'　,'　　　,'理学療法　,'1,'01
'3011,'65,'02,'0,'0,'656,'北海道医療大　,'リハビリ,'作業療法　　,'　,'　　　,'作業療法　,'1,'01
'3011,'65,'03,'0,'0,'652,'北海道医療大　,'リハビリ,'言語聴覚療法,'　,'　　　,'医療技術　,'1,'01
'3011,'66,'00,'0,'0,'658,'北海道医療大　,'医療技術,'　　　　　　,'　,'　　　,'検査技術　,'0,'01
'3011,'66,'01,'0,'0,'658,'北海道医療大　,'医療技術,'臨床検査　　,'　,'　　　,'検査技術　,'1,'01
'3011,'67,'00,'0,'0,'242,'北海道医療大　,'臨床デー,'　　　　　　,'　,'　　　,'社会福祉学,'1,'01
'3012,'37,'00,'0,'0,'105,'北海道科学大　,'未来デザ,'　　　　　　,'　,'　　　,'心理学　　,'0,'01
'3012,'37,'01,'0,'0,'105,'北海道科学大　,'未来デザ,'人間社会　　,'　,'　　　,'心理学　　,'1,'01
'3012,'37,'02,'0,'0,'752,'北海道科学大　,'未来デザ,'メディアデザ,'　,'　　　,'総合情報学,'1,'01
'3012,'38,'00,'0,'0,'506,'北海道科学大　,'情報科学,'　　　　　　,'　,'　　　,'情報科学　,'0,'01
'3012,'38,'01,'0,'0,'506,'北海道科学大　,'情報科学,'情報科学　　,'　,'　　　,'情報科学　,'1,'01
'3012,'46,'00,'0,'0,'554,'北海道科学大　,'工　　　,'　　　　　　,'　,'　　　,'建築・土木,'0,'01
'3012,'46,'02,'0,'0,'551,'北海道科学大　,'工　　　,'機械工　　　,'　,'　　　,'機械工学　,'1,'01
'3012,'46,'07,'0,'0,'552,'北海道科学大　,'工　　　,'電気電子工　,'　,'　　　,'電気・電子,'1,'01
'3012,'46,'14,'0,'0,'554,'北海道科学大　,'工　　　,'建築　　　　,'　,'　　　,'建築・土木,'1,'01
'3012,'46,'22,'0,'0,'554,'北海道科学大　,'工　　　,'都市環境　　,'　,'　　　,'建築・土木,'1,'01
'3012,'61,'00,'0,'0,'621,'北海道科学大　,'薬　　　,'　　　　　　,'　,'　　　,'薬　　　　,'0,'01
'3012,'61,'01,'0,'0,'621,'北海道科学大　,'薬　　　,'薬　　　　　,'　,'　　　,'薬　　　　,'1,'01
'3012,'64,'00,'0,'0,'651,'北海道科学大　,'保健医療,'　　　　　　,'　,'　　　,'看護　　　,'0,'01
'3012,'64,'01,'0,'0,'652,'北海道科学大　,'保健医療,'臨床工　　　,'　,'　　　,'医療技術　,'1,'01
'3012,'64,'03,'0,'0,'657,'北海道科学大　,'保健医療,'診療放射線　,'　,'　　　,'放射線技術,'1,'01
'3012,'64,'04,'0,'0,'655,'北海道科学大　,'保健医療,'理学療法　　,'　,'　　　,'理学療法　,'1,'01
'3012,'64,'05,'0,'0,'651,'北海道科学大　,'保健医療,'看護　　　　,'　,'　　　,'看護　　　,'1,'01
'3013,'22,'00,'0,'0,'652,'北海道情報大　,'医療情報,'　　　　　　,'　,'　　　,'医療技術　,'0,'01
'3013,'22,'02,'0,'0,'223,'北海道情報大　,'医療情報,'医療／医療情,'　,'　　　,'経営情報学,'1,'01
'3013,'22,'03,'0,'0,'652,'北海道情報大　,'医療情報,'医療／臨床工,'　,'　　　,'医療技術　,'1,'01
'3013,'37,'00,'0,'0,'455,'北海道情報大　,'情報メデ,'　　　　　　,'　,'　　　,'映像　　　,'0,'01
'3013,'37,'01,'0,'0,'455,'北海道情報大　,'情報メデ,'情報メディア,'　,'　　　,'映像　　　,'1,'01
'3013,'38,'00,'0,'0,'223,'北海道情報大　,'総合情報,'　　　　　　,'　,'　　　,'経営情報学,'0,'01
'3013,'38,'01,'0,'0,'223,'北海道情報大　,'総合情報,'経営情報　　,'　,'　　　,'経営情報学,'1,'01
'3013,'38,'02,'0,'0,'223,'北海道情報大　,'総合情報,'システム情報,'　,'　　　,'経営情報学,'1,'01
'3016,'76,'00,'0,'0,'402,'酪農学園大　　,'農食環境,'　　　　　　,'　,'　　　,'食物・栄養,'0,'01
'3016,'76,'01,'0,'0,'701,'酪農学園大　　,'農食環境,'循環農学類　,'　,'　　　,'農学　　　,'1,'01
'3016,'76,'02,'0,'0,'402,'酪農学園大　　,'農食環境,'食と健康学類,'　,'　　　,'食物・栄養,'1,'01
'3016,'76,'03,'0,'0,'504,'酪農学園大　　,'農食環境,'環境共生学類,'　,'　　　,'生物学　　,'1,'01
'3016,'76,'11,'0,'0,'402,'酪農学園大　　,'農食環境,'食と／管理栄,'　,'　　　,'食物・栄養,'1,'01
'3016,'76,'14,'0,'0,'701,'酪農学園大　　,'農食環境,'農環境情報学,'　,'　　　,'農学　　　,'1,'01
'3016,'77,'00,'0,'0,'705,'酪農学園大　　,'獣医　　,'　　　　　　,'　,'　　　,'獣医学　　,'0,'01
'3016,'77,'01,'0,'0,'705,'酪農学園大　　,'獣医　　,'獣医学類　　,'　,'　　　,'獣医学　　,'1,'01
'3016,'77,'02,'0,'0,'705,'酪農学園大　　,'獣医　　,'獣医保健看護,'　,'　　　,'獣医学　　,'1,'01
'3017,'31,'00,'0,'0,'105,'北翔大　　　　,'教育文化,'　　　　　　,'　,'　　　,'心理学　　,'0,'01
'3017,'31,'01,'0,'0,'301,'北翔大　　　　,'教育文化,'教育　　　　,'　,'　　　,'小学校　　,'1,'01
'3017,'31,'02,'0,'0,'451,'北翔大　　　　,'教育文化,'芸術　　　　,'　,'　　　,'美術・デザ,'1,'01
'3017,'31,'03,'0,'0,'105,'北翔大　　　　,'教育文化,'心理カウンセ,'　,'　　　,'心理学　　,'1,'01
'3017,'64,'00,'0,'0,'242,'北翔大　　　　,'生涯スポ,'　　　　　　,'　,'　　　,'社会福祉学,'0,'01
'3017,'64,'03,'0,'0,'242,'北翔大　　　　,'生涯スポ,'生涯スポーツ,'　,'　　　,'社会福祉学,'1,'01
'3018,'33,'00,'0,'0,'106,'北洋大　　　　,'国際文化,'　　　　　　,'　,'　　　,'文化学　　,'0,'01
'3018,'33,'03,'0,'0,'106,'北洋大　　　　,'国際文化,'キャリア創造,'　,'　　　,'文化学　　,'1,'01
'3020,'64,'00,'0,'0,'651,'日赤北海道看大,'看護　　,'　　　　　　,'　,'　　　,'看護　　　,'0,'01
'3020,'64,'01,'0,'0,'651,'日赤北海道看大,'看護　　,'看護　　　　,'　,'　　　,'看護　　　,'1,'01
'3021,'33,'00,'0,'0,'151,'北海道文教大　,'国際　　,'　　　　　　,'　,'　　　,'英米語　　,'0,'01
'3021,'33,'01,'0,'0,'261,'北海道文教大　,'国際　　,'国際教養　　,'　,'　　　,'国際関係学,'1,'01
'3021,'33,'02,'0,'0,'151,'北海道文教大　,'国際　　,'国際コミュニ,'　,'　　　,'英米語　　,'1,'01
'3021,'37,'00,'0,'0,'301,'北海道文教大　,'人間科学,'　　　　　　,'　,'　　　,'小学校　　,'0,'01
'3021,'37,'01,'0,'0,'402,'北海道文教大　,'人間科学,'健康栄養　　,'　,'　　　,'食物・栄養,'1,'01
'3021,'37,'05,'0,'0,'301,'北海道文教大　,'人間科学,'こども発達　,'　,'　　　,'小学校　　,'1,'01
'3021,'37,'06,'0,'0,'753,'北海道文教大　,'人間科学,'地域未来　　,'　,'　　　,'総合科学　,'1,'01
'3021,'64,'00,'0,'0,'651,'北海道文教大　,'医療保健,'　　　　　　,'　,'　　　,'看護　　　,'0,'01
'3021,'64,'01,'0,'0,'651,'北海道文教大　,'医療保健,'看護　　　　,'　,'　　　,'看護　　　,'1,'01
'3021,'64,'02,'0,'0,'655,'北海道文教大　,'医療保健,'リハ／理学療,'　,'　　　,'理学療法　,'1,'01
'3021,'64,'03,'0,'0,'656,'北海道文教大　,'医療保健,'リハ／作業療,'　,'　　　,'作業療法　,'1,'01
'3022,'64,'00,'0,'0,'402,'天使大　　　　,'看護栄養,'　　　　　　,'　,'　　　,'食物・栄養,'0,'01
'3022,'64,'01,'0,'0,'651,'天使大　　　　,'看護栄養,'看護　　　　,'　,'　　　,'看護　　　,'1,'01
'3022,'64,'02,'0,'0,'402,'天使大　　　　,'看護栄養,'栄養　　　　,'　,'　　　,'食物・栄養,'1,'01
'3023,'37,'00,'0,'0,'243,'育英館大　　　,'情報メデ,'　　　　　　,'　,'　　　,'観光学　　,'0,'01
'3023,'37,'01,'0,'0,'243,'育英館大　　　,'情報メデ,'情報メディア,'　,'　　　,'観光学　　,'1,'01
'3024,'25,'00,'0,'0,'241,'札幌大谷大　　,'社会　　,'　　　　　　,'　,'　　　,'社会学　　,'0,'01
'3024,'25,'01,'0,'0,'241,'札幌大谷大　　,'社会　　,'地域社会　　,'　,'　　　,'社会学　　,'1,'01
'3024,'83,'00,'0,'0,'453,'札幌大谷大　　,'芸術　　,'　　　　　　,'　,'　　　,'音楽　　　,'0,'01
'3024,'83,'02,'0,'0,'451,'札幌大谷大　　,'芸術　　,'美術　　　　,'　,'　　　,'美術・デザ,'1,'01
'3024,'83,'03,'0,'0,'453,'札幌大谷大　　,'芸術　　,'音楽／ピアノ,'　,'　　　,'音楽　　　,'1,'01
'3024,'83,'04,'0,'0,'453,'札幌大谷大　　,'芸術　　,'音楽／声楽　,'　,'　　　,'音楽　　　,'1,'01
'3024,'83,'05,'0,'0,'453,'札幌大谷大　　,'芸術　　,'音楽／管弦打,'　,'　　　,'音楽　　　,'1,'01
'3024,'83,'06,'0,'0,'453,'札幌大谷大　　,'芸術　　,'音楽／作曲サ,'　,'　　　,'音楽　　　,'1,'01
'3024,'83,'07,'0,'0,'453,'札幌大谷大　　,'芸術　　,'音楽／電子オ,'　,'　　　,'音楽　　　,'1,'01
'3024,'83,'09,'0,'0,'453,'札幌大谷大　　,'芸術　　,'音楽／音楽総,'　,'　　　,'音楽　　　,'1,'01
'3025,'64,'00,'0,'0,'402,'札幌保健医療大,'保健医療,'　　　　　　,'　,'　　　,'食物・栄養,'0,'01
'3025,'64,'01,'0,'0,'651,'札幌保健医療大,'保健医療,'看護　　　　,'　,'　　　,'看護　　　,'1,'01
'3025,'64,'02,'0,'0,'402,'札幌保健医療大,'保健医療,'栄養　　　　,'　,'　　　,'食物・栄養,'1,'01
'3026,'37,'00,'0,'0,'105,'日本医療大　　,'ヒューマ,'　　　　　　,'　,'　　　,'心理学　　,'0,'01
'3026,'37,'01,'0,'0,'752,'日本医療大　　,'ヒューマ,'医療ＤＸマネ,'　,'　　　,'総合情報学,'1,'01
'3026,'37,'02,'0,'0,'105,'日本医療大　　,'ヒューマ,'共生社会デザ,'　,'　　　,'心理学　　,'1,'01
'3026,'64,'00,'0,'0,'651,'日本医療大　　,'保健医療,'　　　　　　,'　,'　　　,'看護　　　,'0,'01
'3026,'64,'01,'0,'0,'651,'日本医療大　　,'保健医療,'看護　　　　,'　,'　　　,'看護　　　,'1,'01
'3026,'64,'02,'0,'0,'655,'日本医療大　　,'保健医療,'リハ／理学療,'　,'　　　,'理学療法　,'1,'01
'3026,'64,'03,'0,'0,'656,'日本医療大　　,'保健医療,'リハ／作業療,'　,'　　　,'作業療法　,'1,'01
'3026,'64,'04,'0,'0,'657,'日本医療大　　,'保健医療,'診療放射線　,'　,'　　　,'放射線技術,'1,'01
'3026,'64,'05,'0,'0,'652,'日本医療大　　,'保健医療,'臨床工　　　,'　,'　　　,'医療技術　,'1,'01
'3026,'64,'06,'0,'0,'658,'日本医療大　　,'保健医療,'臨床検査　　,'　,'　　　,'検査技術　,'1,'01
'3027,'64,'00,'0,'0,'655,'千歳リハビリ大,'健康科学,'　　　　　　,'　,'　　　,'理学療法　,'0,'01
'3027,'64,'01,'0,'0,'655,'千歳リハビリ大,'健康科学,'リハ／理学療,'　,'　　　,'理学療法　,'1,'01
'3027,'64,'02,'0,'0,'656,'千歳リハビリ大,'健康科学,'リハ／作業療,'　,'　　　,'作業療法　,'1,'01
'3028,'19,'00,'0,'0,'222,'北海道武蔵女大,'経営　　,'　　　　　　,'　,'　　　,'経営学・商,'0,'01
'3028,'19,'01,'0,'0,'222,'北海道武蔵女大,'経営　　,'経営　　　　,'　,'　　　,'経営学・商,'1,'01
'3041,'21,'00,'0,'0,'222,'青森大　　　　,'総合経営,'　　　　　　,'　,'　　　,'経営学・商,'0,'02
'3041,'21,'01,'0,'0,'222,'青森大　　　　,'総合経営,'経営　　　　,'　,'　　　,'経営学・商,'1,'02
'3041,'47,'00,'0,'0,'553,'青森大　　　　,'ソフトウ,'　　　　　　,'　,'　　　,'情報工学　,'0,'02
'3041,'47,'01,'0,'0,'553,'青森大　　　　,'ソフトウ,'ソフトウェア,'　,'　　　,'情報工学　,'1,'02
'3041,'61,'00,'0,'0,'621,'青森大　　　　,'薬　　　,'　　　　　　,'　,'　　　,'薬　　　　,'0,'02
'3041,'61,'01,'0,'0,'621,'青森大　　　　,'薬　　　,'薬　　　　　,'　,'　　　,'薬　　　　,'1,'02
'3042,'79,'00,'0,'0,'402,'柴田学園大　　,'生活創生,'　　　　　　,'　,'　　　,'食物・栄養,'0,'02
'3042,'79,'01,'0,'0,'402,'柴田学園大　　,'生活創生,'健康栄養　　,'　,'　　　,'食物・栄養,'1,'02
'3042,'79,'02,'0,'0,'301,'柴田学園大　　,'生活創生,'こども発達　,'　,'　　　,'小学校　　,'1,'02
'3042,'79,'03,'0,'0,'402,'柴田学園大　　,'生活創生,'フードマネジ,'　,'　　　,'食物・栄養,'1,'02
'3043,'27,'00,'0,'0,'222,'八戸学院大　　,'地域共創,'　　　　　　,'　,'　　　,'経営学・商,'0,'02
'3043,'27,'01,'0,'0,'222,'八戸学院大　　,'地域共創,'地域共創　　,'　,'　　　,'経営学・商,'1,'02
'3043,'64,'00,'0,'0,'654,'八戸学院大　　,'人間健康,'　　　　　　,'　,'　　　,'体育・健康,'0,'02
'3043,'64,'01,'0,'0,'654,'八戸学院大　　,'人間健康,'人間健康科学,'　,'　　　,'体育・健康,'1,'02
'3043,'65,'00,'0,'0,'651,'八戸学院大　　,'看護　　,'　　　　　　,'　,'　　　,'看護　　　,'0,'02
'3043,'65,'01,'0,'0,'651,'八戸学院大　　,'看護　　,'看護　　　　,'　,'　　　,'看護　　　,'1,'02
'3044,'37,'00,'0,'0,'405,'八戸工大　　　,'感性デザ,'　　　　　　,'　,'　　　,'住居学　　,'0,'02
'3044,'37,'01,'0,'0,'405,'八戸工大　　　,'感性デザ,'感性デザイン,'　,'　　　,'住居学　　,'1,'02
'3044,'46,'00,'0,'0,'551,'八戸工大　　　,'工　　　,'　　　　　　,'　,'　　　,'機械工学　,'0,'02
'3044,'46,'09,'0,'0,'551,'八戸工大　　　,'工　　　,'工　　　　　,'　,'　　　,'機械工学　,'1,'02
'3045,'01,'00,'0,'0,'101,'弘前学院大　　,'文　　　,'　　　　　　,'　,'　　　,'日本文学　,'0,'02
'3045,'01,'01,'0,'0,'102,'弘前学院大　　,'文　　　,'英語・英米文,'　,'　　　,'外国文学　,'1,'02
'3045,'01,'02,'0,'0,'101,'弘前学院大　　,'文　　　,'日本語・日本,'　,'　　　,'日本文学　,'1,'02
'3045,'26,'00,'0,'0,'242,'弘前学院大　　,'社会福祉,'　　　　　　,'　,'　　　,'社会福祉学,'0,'02
'3045,'26,'01,'0,'0,'242,'弘前学院大　　,'社会福祉,'社会福祉　　,'　,'　　　,'社会福祉学,'1,'02
'3045,'64,'00,'0,'0,'651,'弘前学院大　　,'看護　　,'　　　　　　,'　,'　　　,'看護　　　,'0,'02
'3045,'64,'01,'0,'0,'651,'弘前学院大　　,'看護　　,'看護　　　　,'　,'　　　,'看護　　　,'1,'02
'3046,'21,'00,'0,'0,'201,'青森中央学院大,'経営法　,'　　　　　　,'　,'　　　,'法学　　　,'0,'02
'3046,'21,'01,'0,'0,'201,'青森中央学院大,'経営法　,'経営法　　　,'　,'　　　,'法学　　　,'1,'02
'3046,'64,'00,'0,'0,'651,'青森中央学院大,'看護　　,'　　　　　　,'　,'　　　,'看護　　　,'0,'02
'3046,'64,'01,'0,'0,'651,'青森中央学院大,'看護　　,'看護　　　　,'　,'　　　,'看護　　　,'1,'02
'3047,'64,'00,'0,'0,'651,'弘前医療福祉大,'保健　　,'　　　　　　,'　,'　　　,'看護　　　,'0,'02
'3047,'64,'01,'0,'0,'651,'弘前医療福祉大,'保健　　,'看護　　　　,'　,'　　　,'看護　　　,'1,'02
'3047,'64,'02,'0,'0,'656,'弘前医療福祉大,'保健　　,'医療／作業療,'　,'　　　,'作業療法　,'1,'02
'3047,'64,'03,'0,'0,'652,'弘前医療福祉大,'保健　　,'医療／言語聴,'　,'　　　,'医療技術　,'1,'02
'3056,'55,'00,'0,'0,'601,'岩手医大　　　,'医　　　,'　　　　　　,'　,'　　　,'医　　　　,'0,'03
'3056,'55,'01,'0,'0,'601,'岩手医大　　　,'医　　　,'医　　　　　,'　,'　　　,'医　　　　,'1,'03
'3056,'58,'00,'0,'0,'611,'岩手医大　　　,'歯　　　,'　　　　　　,'　,'　　　,'歯　　　　,'0,'03
'3056,'58,'01,'0,'0,'611,'岩手医大　　　,'歯　　　,'歯　　　　　,'　,'　　　,'歯　　　　,'1,'03
'3056,'61,'00,'0,'0,'621,'岩手医大　　　,'薬　　　,'　　　　　　,'　,'　　　,'薬　　　　,'0,'03
'3056,'61,'01,'0,'0,'621,'岩手医大　　　,'薬　　　,'薬　　　　　,'　,'　　　,'薬　　　　,'1,'03
'3056,'64,'00,'0,'0,'651,'岩手医大　　　,'看護　　,'　　　　　　,'　,'　　　,'看護　　　,'0,'03
'3056,'64,'01,'0,'0,'651,'岩手医大　　　,'看護　　,'看護　　　　,'　,'　　　,'看護　　　,'1,'03
'3057,'18,'00,'0,'0,'201,'富士大　　　　,'経済　　,'　　　　　　,'　,'　　　,'法学　　　,'0,'03
'3057,'18,'01,'0,'0,'221,'富士大　　　　,'経済　　,'経済　　　　,'　,'　　　,'経済学　　,'1,'03
'3057,'18,'02,'0,'0,'201,'富士大　　　　,'経済　　,'経営法　　　,'　,'　　　,'法学　　　,'1,'03
'3058,'01,'00,'0,'0,'301,'盛岡大　　　　,'文　　　,'　　　　　　,'　,'　　　,'小学校　　,'0,'03
'3058,'01,'01,'0,'0,'102,'盛岡大　　　　,'文　　　,'英語文化　　,'　,'　　　,'外国文学　,'1,'03
'3058,'01,'03,'0,'0,'101,'盛岡大　　　　,'文　　　,'日本文　　　,'　,'　　　,'日本文学　,'1,'03
'3058,'01,'04,'0,'0,'106,'盛岡大　　　　,'文　　　,'社会文化　　,'　,'　　　,'文化学　　,'1,'03
'3058,'01,'05,'0,'0,'301,'盛岡大　　　　,'文　　　,'児童／児童教,'　,'　　　,'小学校　　,'1,'03
'3058,'01,'06,'0,'0,'301,'盛岡大　　　　,'文　　　,'児童／保育幼,'　,'　　　,'小学校　　,'1,'03
'3058,'79,'00,'0,'0,'402,'盛岡大　　　　,'栄養科学,'　　　　　　,'　,'　　　,'食物・栄養,'0,'03
'3058,'79,'01,'0,'0,'402,'盛岡大　　　　,'栄養科学,'栄養科学　　,'　,'　　　,'食物・栄養,'1,'03
'3059,'64,'00,'0,'0,'651,'岩手保健医療大,'看護　　,'　　　　　　,'　,'　　　,'看護　　　,'0,'03
'3059,'64,'01,'0,'0,'651,'岩手保健医療大,'看護　　,'看護　　　　,'　,'　　　,'看護　　　,'1,'03
'3066,'19,'00,'0,'0,'222,'石巻専修大　　,'経営　　,'　　　　　　,'　,'　　　,'経営学・商,'0,'04
'3066,'19,'01,'0,'0,'222,'石巻専修大　　,'経営　　,'経営　　　　,'　,'　　　,'経営学・商,'1,'04
'3066,'19,'02,'0,'0,'223,'石巻専修大　　,'経営　　,'情報マネジメ,'　,'　　　,'経営情報学,'1,'04
'3066,'37,'00,'0,'0,'106,'石巻専修大　　,'人間　　,'　　　　　　,'　,'　　　,'文化学　　,'0,'04
'3066,'37,'01,'0,'0,'106,'石巻専修大　　,'人間　　,'人間文化　　,'　,'　　　,'文化学　　,'1,'04
'3066,'37,'02,'0,'0,'312,'石巻専修大　　,'人間　　,'人間教育　　,'　,'　　　,'幼稚園　　,'1,'04
'3066,'47,'00,'0,'0,'306,'石巻専修大　　,'理工　　,'　　　　　　,'　,'　　　,'中高－理科,'0,'04
'3066,'47,'01,'0,'0,'551,'石巻専修大　　,'理工　　,'機械工　　　,'　,'　　　,'機械工学　,'1,'04
'3066,'47,'04,'0,'0,'552,'石巻専修大　　,'理工　　,'情報電子工　,'　,'　　　,'電気・電子,'1,'04
'3066,'47,'06,'0,'0,'306,'石巻専修大　　,'理工　　,'生物科学　　,'　,'　　　,'中高－理科,'1,'04
'3067,'64,'00,'0,'0,'654,'仙台大　　　　,'体育　　,'　　　　　　,'　,'　　　,'体育・健康,'0,'04
'3067,'64,'01,'0,'0,'242,'仙台大　　　　,'体育　　,'健康福祉　　,'　,'　　　,'社会福祉学,'1,'04
'3067,'64,'02,'0,'0,'222,'仙台大　　　　,'体育　　,'体育　　　　,'　,'　　　,'経営学・商,'1,'04
'3067,'64,'03,'0,'0,'402,'仙台大　　　　,'体育　　,'スポーツ栄養,'　,'　　　,'食物・栄養,'1,'04
'3067,'64,'04,'0,'0,'244,'仙台大　　　　,'体育　　,'スポーツ情報,'　,'　　　,'マスコミ　,'1,'04
'3067,'64,'05,'0,'0,'654,'仙台大　　　　,'体育　　,'現代武道　　,'　,'　　　,'体育・健康,'1,'04
'3067,'64,'06,'0,'0,'312,'仙台大　　　　,'体育　　,'子ども運動教,'　,'　　　,'幼稚園　　,'1,'04
'3068,'01,'00,'0,'0,'102,'東北学院大　　,'文　　　,'　　　　　　,'　,'　　　,'外国文学　,'0,'04
'3068,'01,'01,'0,'0,'102,'東北学院大　　,'文　　　,'英文　　　　,'　,'　　　,'外国文学　,'1,'04
'3068,'01,'03,'0,'0,'107,'東北学院大　　,'文　　　,'歴史　　　　,'　,'　　　,'西洋史　　,'1,'04
'3068,'01,'04,'0,'0,'104,'東北学院大　　,'文　　　,'総合人文　　,'　,'　　　,'哲学倫理宗,'1,'04
'3068,'01,'05,'0,'0,'301,'東北学院大　　,'文　　　,'教育　　　　,'　,'　　　,'小学校　　,'1,'04
'3068,'12,'00,'0,'0,'201,'東北学院大　　,'法　　　,'　　　　　　,'　,'　　　,'法学　　　,'0,'04
'3068,'12,'01,'0,'0,'201,'東北学院大　　,'法　　　,'法律　　　　,'　,'　　　,'法学　　　,'1,'04
'3068,'18,'00,'0,'0,'221,'東北学院大　　,'経済　　,'　　　　　　,'　,'　　　,'経済学　　,'0,'04
'3068,'18,'01,'0,'0,'221,'東北学院大　　,'経済　　,'経済　　　　,'　,'　　　,'経済学　　,'1,'04
'3068,'19,'00,'0,'0,'222,'東北学院大　　,'経営　　,'　　　　　　,'　,'　　　,'経営学・商,'0,'04
'3068,'19,'01,'0,'0,'222,'東北学院大　　,'経営　　,'経営　　　　,'　,'　　　,'経営学・商,'1,'04
'3068,'33,'00,'0,'0,'151,'東北学院大　　,'国際　　,'　　　　　　,'　,'　　　,'英米語　　,'0,'04
'3068,'33,'01,'0,'0,'151,'東北学院大　　,'国際　　,'国際教養　　,'　,'　　　,'英米語　　,'1,'04
'3068,'38,'00,'0,'0,'202,'東北学院大　　,'地域総合,'　　　　　　,'　,'　　　,'政治学　　,'0,'04
'3068,'38,'01,'0,'0,'753,'東北学院大　　,'地域総合,'地域コミュニ,'　,'　　　,'総合科学　,'1,'04
'3068,'38,'02,'0,'0,'202,'東北学院大　　,'地域総合,'政策デザイン,'　,'　　　,'政治学　　,'1,'04
'3068,'39,'00,'0,'0,'752,'東北学院大　　,'情報　　,'　　　　　　,'　,'　　　,'総合情報学,'0,'04
'3068,'39,'01,'0,'0,'752,'東北学院大　　,'情報　　,'データサイエ,'　,'　　　,'総合情報学,'1,'04
'3068,'40,'00,'0,'0,'105,'東北学院大　　,'人間科学,'　　　　　　,'　,'　　　,'心理学　　,'0,'04
'3068,'40,'01,'0,'0,'105,'東北学院大　　,'人間科学,'心理行動科学,'　,'　　　,'心理学　　,'1,'04
'3068,'46,'00,'0,'0,'551,'東北学院大　　,'工　　　,'　　　　　　,'　,'　　　,'機械工学　,'0,'04
'3068,'46,'03,'0,'0,'552,'東北学院大　　,'工　　　,'電気電子工　,'　,'　　　,'電気・電子,'1,'04
'3068,'46,'05,'0,'0,'551,'東北学院大　　,'工　　　,'機械知能工　,'　,'　　　,'機械工学　,'1,'04
'3068,'46,'07,'0,'0,'554,'東北学院大　　,'工　　　,'環境建設工　,'　,'　　　,'建築・土木,'1,'04
'3069,'46,'00,'0,'0,'552,'東北工大　　　,'工　　　,'　　　　　　,'　,'　　　,'電気・電子,'0,'04
'3069,'46,'03,'0,'0,'552,'東北工大　　　,'工　　　,'情報通信工学,'　,'　　　,'電気・電子,'1,'04
'3069,'46,'04,'0,'0,'552,'東北工大　　　,'工　　　,'電気電子工学,'　,'　　　,'電気・電子,'1,'04
'3069,'46,'07,'0,'0,'554,'東北工大　　　,'工　　　,'都市工学　　,'　,'　　　,'建築・土木,'1,'04
'3069,'46,'09,'0,'0,'554,'東北工大　　　,'工　　　,'環境応用化学,'　,'　　　,'建築・土木,'1,'04
'3069,'47,'00,'0,'0,'554,'東北工大　　　,'建築　　,'　　　　　　,'　,'　　　,'建築・土木,'0,'04
'3069,'47,'01,'0,'0,'554,'東北工大　　　,'建築　　,'建築　　　　,'　,'　　　,'建築・土木,'1,'04
'3069,'79,'00,'0,'0,'222,'東北工大　　　,'ライフデ,'　　　　　　,'　,'　　　,'経営学・商,'0,'04
'3069,'79,'01,'0,'0,'455,'東北工大　　　,'ライフデ,'産業デザイン,'　,'　　　,'映像　　　,'1,'04
'3069,'79,'02,'0,'0,'401,'東北工大　　　,'ライフデ,'生活デザイン,'　,'　　　,'生活科学　,'1,'04
'3069,'79,'03,'0,'0,'222,'東北工大　　　,'ライフデ,'経営デザイン,'　,'　　　,'経営学・商,'1,'04
'3070,'79,'00,'0,'0,'402,'東北生活文化大,'家政　　,'　　　　　　,'　,'　　　,'食物・栄養,'0,'04
'3070,'79,'03,'0,'0,'403,'東北生活文化大,'家政　　,'家政／服飾文,'　,'　　　,'被服・服飾,'1,'04
'3070,'79,'04,'0,'0,'402,'東北生活文化大,'家政　　,'家政／健康栄,'　,'　　　,'食物・栄養,'1,'04
'3070,'83,'00,'0,'0,'451,'東北生活文化大,'美術　　,'　　　　　　,'　,'　　　,'美術・デザ,'0,'04
'3070,'83,'01,'0,'0,'451,'東北生活文化大,'美術　　,'美術表現　　,'　,'　　　,'美術・デザ,'1,'04
'3071,'27,'00,'0,'0,'105,'東北福祉大　　,'総合福祉,'　　　　　　,'　,'　　　,'心理学　　,'0,'04
'3071,'27,'03,'0,'0,'242,'東北福祉大　　,'総合福祉,'社会福祉　　,'　,'　　　,'社会福祉学,'1,'04
'3071,'27,'04,'0,'0,'105,'東北福祉大　　,'総合福祉,'福祉心理　　,'　,'　　　,'心理学　　,'1,'04
'3071,'27,'06,'0,'0,'202,'東北福祉大　　,'総合福祉,'福祉行政　　,'　,'　　　,'政治学　　,'1,'04
'3071,'28,'00,'0,'0,'222,'東北福祉大　　,'共生まち,'　　　　　　,'　,'　　　,'経営学・商,'0,'04
'3071,'28,'01,'0,'0,'222,'東北福祉大　　,'共生まち,'共生まちづく,'　,'　　　,'経営学・商,'1,'04
'3071,'30,'00,'0,'0,'313,'東北福祉大　　,'教育　　,'　　　　　　,'　,'　　　,'特別支援教,'0,'04
'3071,'30,'01,'0,'0,'301,'東北福祉大　　,'教育　　,'教育／初等教,'　,'　　　,'小学校　　,'1,'04
'3071,'30,'02,'0,'0,'304,'東北福祉大　　,'教育　　,'教育／中等教,'　,'　　　,'中高－英語,'1,'04
'3071,'64,'00,'0,'0,'222,'東北福祉大　　,'健康科学,'　　　　　　,'　,'　　　,'経営学・商,'0,'04
'3071,'64,'01,'0,'0,'651,'東北福祉大　　,'健康科学,'保健看護　　,'　,'　　　,'看護　　　,'1,'04
'3071,'64,'02,'0,'0,'656,'東北福祉大　　,'健康科学,'リハ／作業療,'　,'　　　,'作業療法　,'1,'04
'3071,'64,'03,'0,'0,'655,'東北福祉大　　,'健康科学,'リハ／理学療,'　,'　　　,'理学療法　,'1,'04
'3071,'64,'04,'0,'0,'222,'東北福祉大　　,'健康科学,'医療経営管理,'　,'　　　,'経営学・商,'1,'04
'3072,'55,'00,'0,'0,'601,'東北医薬大　　,'医　　　,'　　　　　　,'　,'　　　,'医　　　　,'0,'04
'3072,'55,'01,'0,'0,'601,'東北医薬大　　,'医　　　,'医　　　　　,'　,'　　　,'医　　　　,'1,'04
'3072,'61,'00,'0,'0,'621,'東北医薬大　　,'薬　　　,'　　　　　　,'　,'　　　,'薬　　　　,'0,'04
'3072,'61,'03,'0,'0,'621,'東北医薬大　　,'薬　　　,'薬　　　　　,'　,'　　　,'薬　　　　,'1,'04
'3072,'61,'04,'0,'0,'621,'東北医薬大　　,'薬　　　,'生命薬科学　,'　,'　　　,'薬　　　　,'1,'04
'3073,'03,'00,'0,'0,'106,'宮城学院女子大,'学芸　　,'　　　　　　,'　,'　　　,'文化学　　,'0,'04
'3073,'03,'01,'0,'0,'102,'宮城学院女子大,'学芸　　,'英語文化コミ,'　,'　　　,'外国文学　,'1,'04
'3073,'03,'02,'0,'0,'453,'宮城学院女子大,'学芸　　,'音楽　　　　,'　,'　　　,'音楽　　　,'1,'04
'3073,'03,'05,'0,'0,'101,'宮城学院女子大,'学芸　　,'日本文　　　,'　,'　　　,'日本文学　,'1,'04
'3073,'03,'06,'0,'0,'106,'宮城学院女子大,'学芸　　,'人間文化　　,'　,'　　　,'文化学　　,'1,'04
'3073,'03,'13,'0,'0,'105,'宮城学院女子大,'学芸　　,'心理行動科学,'　,'　　　,'心理学　　,'1,'04
'3073,'21,'00,'0,'0,'222,'宮城学院女子大,'現代ビジ,'　　　　　　,'　,'　　　,'経営学・商,'0,'04
'3073,'21,'01,'0,'0,'222,'宮城学院女子大,'現代ビジ,'現代ビジネス,'　,'　　　,'経営学・商,'1,'04
'3073,'30,'00,'0,'0,'316,'宮城学院女子大,'教育　　,'　　　　　　,'　,'　　　,'０免課程　,'0,'04
'3073,'30,'01,'0,'0,'312,'宮城学院女子大,'教育　　,'教育／幼児教,'　,'　　　,'幼稚園　　,'1,'04
'3073,'30,'02,'0,'0,'301,'宮城学院女子大,'教育　　,'教育／児童教,'　,'　　　,'小学校　　,'1,'04
'3073,'30,'03,'0,'0,'311,'宮城学院女子大,'教育　　,'教育／健康教,'　,'　　　,'中高－体育,'1,'04
'3073,'79,'00,'0,'0,'401,'宮城学院女子大,'生活科学,'　　　　　　,'　,'　　　,'生活科学　,'0,'04
'3073,'79,'01,'0,'0,'402,'宮城学院女子大,'生活科学,'食品栄養　　,'　,'　　　,'食物・栄養,'1,'04
'3073,'79,'02,'0,'0,'401,'宮城学院女子大,'生活科学,'生活文化デザ,'　,'　　　,'生活科学　,'1,'04
'3074,'37,'00,'0,'0,'105,'仙台白百合女大,'人間　　,'　　　　　　,'　,'　　　,'心理学　　,'0,'04
'3074,'37,'10,'0,'0,'402,'仙台白百合女大,'人間　　,'健康栄養　　,'　,'　　　,'食物・栄養,'1,'04
'3074,'37,'13,'0,'0,'106,'仙台白百合女大,'人間　　,'グローバルス,'　,'　　　,'文化学　　,'1,'04
'3074,'37,'14,'0,'0,'105,'仙台白百合女大,'人間　　,'心理福祉　　,'　,'　　　,'心理学　　,'1,'04
'3074,'37,'15,'0,'0,'301,'仙台白百合女大,'人間　　,'子ども教育　,'　,'　　　,'小学校　　,'1,'04
'3075,'21,'00,'0,'0,'201,'東北文化学園大,'経営法　,'　　　　　　,'　,'　　　,'法学　　　,'0,'04
'3075,'21,'01,'0,'0,'201,'東北文化学園大,'経営法　,'経営法　　　,'　,'　　　,'法学　　　,'1,'04
'3075,'27,'00,'0,'0,'241,'東北文化学園大,'現代社会,'　　　　　　,'　,'　　　,'社会学　　,'0,'04
'3075,'27,'01,'0,'0,'241,'東北文化学園大,'現代社会,'現代社会　　,'　,'　　　,'社会学　　,'1,'04
'3075,'46,'00,'0,'0,'405,'東北文化学園大,'工　　　,'　　　　　　,'　,'　　　,'住居学　　,'0,'04
'3075,'46,'01,'0,'0,'551,'東北文化学園大,'工　　　,'知能情報シス,'　,'　　　,'機械工学　,'1,'04
'3075,'46,'02,'0,'0,'405,'東北文化学園大,'工　　　,'建築環境　　,'　,'　　　,'住居学　　,'1,'04
'3075,'46,'03,'0,'0,'652,'東北文化学園大,'工　　　,'臨床工　　　,'　,'　　　,'医療技術　,'1,'04
'3075,'64,'00,'0,'0,'652,'東北文化学園大,'医療福祉,'　　　　　　,'　,'　　　,'医療技術　,'0,'04
'3075,'64,'01,'0,'0,'655,'東北文化学園大,'医療福祉,'リハ／理学療,'　,'　　　,'理学療法　,'1,'04
'3075,'64,'02,'0,'0,'656,'東北文化学園大,'医療福祉,'リハ／作業療,'　,'　　　,'作業療法　,'1,'04
'3075,'64,'06,'0,'0,'652,'東北文化学園大,'医療福祉,'リハ／視覚機,'　,'　　　,'医療技術　,'1,'04
'3075,'64,'07,'0,'0,'652,'東北文化学園大,'医療福祉,'リハ／言語聴,'　,'　　　,'医療技術　,'1,'04
'3075,'64,'08,'0,'0,'651,'東北文化学園大,'医療福祉,'看護　　　　,'　,'　　　,'看護　　　,'1,'04
'3076,'03,'00,'0,'0,'105,'尚絅学院大　　,'心理教育,'　　　　　　,'　,'　　　,'心理学　　,'0,'04
'3076,'03,'01,'0,'0,'105,'尚絅学院大　　,'心理教育,'心理学類　　,'　,'　　　,'心理学　　,'1,'04
'3076,'03,'02,'0,'0,'312,'尚絅学院大　　,'心理教育,'子ども学類　,'　,'　　　,'幼稚園　　,'1,'04
'3076,'03,'03,'0,'0,'301,'尚絅学院大　　,'心理教育,'学校教育学類,'　,'　　　,'小学校　　,'1,'04
'3076,'27,'00,'0,'0,'106,'尚絅学院大　　,'人文社会,'　　　　　　,'　,'　　　,'文化学　　,'0,'04
'3076,'27,'01,'0,'0,'106,'尚絅学院大　　,'人文社会,'人文社会学類,'　,'　　　,'文化学　　,'1,'04
'3076,'64,'00,'0,'0,'402,'尚絅学院大　　,'健康栄養,'　　　　　　,'　,'　　　,'食物・栄養,'0,'04
'3076,'64,'01,'0,'0,'402,'尚絅学院大　　,'健康栄養,'健康栄養学類,'　,'　　　,'食物・栄養,'1,'04
'3077,'64,'00,'0,'0,'651,'仙台青葉学院大,'看護　　,'　　　　　　,'　,'　　　,'看護　　　,'0,'04
'3077,'64,'01,'0,'0,'651,'仙台青葉学院大,'看護　　,'看護　　　　,'　,'　　　,'看護　　　,'1,'04
'3077,'65,'00,'0,'0,'655,'仙台青葉学院大,'リハビリ,'　　　　　　,'　,'　　　,'理学療法　,'0,'04
'3077,'65,'01,'0,'0,'655,'仙台青葉学院大,'リハビリ,'リハ／理学療,'　,'　　　,'理学療法　,'1,'04
'3077,'65,'02,'0,'0,'656,'仙台青葉学院大,'リハビリ,'リハ／作業療,'　,'　　　,'作業療法　,'1,'04
'3081,'13,'00,'0,'0,'105,'ノースアジア大,'総合政策,'　　　　　　,'　,'　　　,'心理学　　,'1,'05
'3081,'18,'00,'0,'0,'202,'ノースアジア大,'経済　　,'　　　　　　,'　,'　　　,'政治学　　,'0,'05
'3081,'18,'03,'0,'0,'202,'ノースアジア大,'経済　　,'経済　　　　,'　,'　　　,'政治学　　,'1,'05
'3082,'64,'00,'0,'0,'242,'秋田看護福祉大,'看護福祉,'　　　　　　,'　,'　　　,'社会福祉学,'0,'05
'3082,'64,'01,'0,'0,'651,'秋田看護福祉大,'看護福祉,'看護　　　　,'　,'　　　,'看護　　　,'1,'05
'3082,'64,'02,'0,'0,'242,'秋田看護福祉大,'看護福祉,'医療福祉　　,'　,'　　　,'社会福祉学,'1,'05
'3083,'64,'00,'0,'0,'651,'日赤東北看護大,'看護　　,'　　　　　　,'　,'　　　,'看護　　　,'0,'05
'3083,'64,'01,'0,'0,'651,'日赤東北看護大,'看護　　,'看護　　　　,'　,'　　　,'看護　　　,'1,'05
'3090,'47,'00,'0,'0,'451,'東北芸術工大　,'デザイン,'　　　　　　,'　,'　　　,'美術・デザ,'0,'06
'3090,'47,'01,'0,'0,'405,'東北芸術工大　,'デザイン,'建築・環境デ,'　,'　　　,'住居学　　,'1,'06
'3090,'47,'03,'0,'0,'451,'東北芸術工大　,'デザイン,'プロダクトデ,'　,'　　　,'美術・デザ,'1,'06
'3090,'47,'13,'0,'0,'451,'東北芸術工大　,'デザイン,'グラ／グラフ,'　,'　　　,'美術・デザ,'1,'06
'3090,'47,'14,'0,'0,'451,'東北芸術工大　,'デザイン,'グラ／イラス,'　,'　　　,'美術・デザ,'1,'06
'3090,'47,'15,'0,'0,'752,'東北芸術工大　,'デザイン,'映像／キャラ,'　,'　　　,'総合情報学,'1,'06
'3090,'47,'16,'0,'0,'455,'東北芸術工大　,'デザイン,'映像／ＣＧア,'　,'　　　,'映像　　　,'1,'06
'3090,'47,'17,'0,'0,'455,'東北芸術工大　,'デザイン,'映像／映像ク,'　,'　　　,'映像　　　,'1,'06
'3090,'47,'18,'0,'0,'458,'東北芸術工大　,'デザイン,'企画／企画構,'　,'　　　,'その他芸術,'1,'06
'3090,'47,'19,'0,'0,'753,'東北芸術工大　,'デザイン,'企画／地域デ,'　,'　　　,'総合科学　,'1,'06
'3090,'47,'20,'0,'0,'402,'東北芸術工大　,'デザイン,'企画／食文化,'　,'　　　,'食物・栄養,'1,'06
'3090,'83,'00,'0,'0,'451,'東北芸術工大　,'芸術　　,'　　　　　　,'　,'　　　,'美術・デザ,'0,'06
'3090,'83,'07,'0,'0,'451,'東北芸術工大　,'芸術　　,'美術／彫刻キ,'　,'　　　,'美術・デザ,'1,'06
'3090,'83,'09,'0,'0,'451,'東北芸術工大　,'芸術　　,'美術／日本画,'　,'　　　,'美術・デザ,'1,'06
'3090,'83,'10,'0,'0,'451,'東北芸術工大　,'芸術　　,'美術／洋画　,'　,'　　　,'美術・デザ,'1,'06
'3090,'83,'11,'0,'0,'451,'東北芸術工大　,'芸術　　,'美術／総合美,'　,'　　　,'美術・デザ,'1,'06
'3090,'83,'12,'0,'0,'451,'東北芸術工大　,'芸術　　,'美術／グラフ,'　,'　　　,'美術・デザ,'1,'06
'3090,'83,'14,'0,'0,'458,'東北芸術工大　,'芸術　　,'文芸　　　　,'　,'　　　,'その他芸術,'1,'06
'3090,'83,'15,'0,'0,'405,'東北芸術工大　,'芸術　　,'工芸デザイン,'　,'　　　,'住居学　　,'1,'06
'3090,'83,'16,'0,'0,'111,'東北芸術工大　,'芸術　　,'歴史／歴史遺,'　,'　　　,'考古学・文,'1,'06
'3090,'83,'17,'0,'0,'111,'東北芸術工大　,'芸術　　,'歴史／文化財,'　,'　　　,'考古学・文,'1,'06
'3091,'21,'00,'0,'0,'221,'東北公益文科大,'公益　　,'　　　　　　,'　,'　　　,'経済学　　,'0,'06
'3091,'21,'01,'0,'0,'221,'東北公益文科大,'公益　　,'公益　　　　,'　,'　　　,'経済学　　,'1,'06
'3091,'33,'00,'0,'0,'106,'東北公益文科大,'国際　　,'　　　　　　,'　,'　　　,'文化学　　,'0,'06
'3091,'33,'01,'0,'0,'106,'東北公益文科大,'国際　　,'国際コミュニ,'　,'　　　,'文化学　　,'1,'06
'3092,'37,'00,'0,'0,'105,'東北文教大　　,'人間科学,'　　　　　　,'　,'　　　,'心理学　　,'0,'06
'3092,'37,'01,'0,'0,'301,'東北文教大　　,'人間科学,'子ども教育　,'　,'　　　,'小学校　　,'1,'06
'3092,'37,'02,'0,'0,'105,'東北文教大　　,'人間科学,'人間関係　　,'　,'　　　,'心理学　　,'1,'06
'3098,'66,'00,'0,'0,'651,'医療創生大　　,'国際看護,'　　　　　　,'　,'　　　,'看護　　　,'0,'07
'3098,'66,'01,'0,'0,'651,'医療創生大　　,'国際看護,'看護　　　　,'　,'　　　,'看護　　　,'1,'07
'3098,'67,'00,'0,'0,'105,'医療創生大　　,'総合医療,'　　　　　　,'　,'　　　,'心理学　　,'0,'07
'3098,'67,'01,'0,'0,'655,'医療創生大　　,'総合医療,'理学療法　　,'　,'　　　,'理学療法　,'1,'07
'3098,'67,'02,'0,'0,'651,'医療創生大　　,'総合医療,'看護　　　　,'　,'　　　,'看護　　　,'1,'07
'3098,'67,'03,'0,'0,'105,'医療創生大　　,'総合医療,'心理　　　　,'　,'　　　,'心理学　　,'1,'07
'3098,'67,'04,'0,'0,'656,'医療創生大　　,'総合医療,'作業療法　　,'　,'　　　,'作業療法　,'1,'07
'3099,'58,'00,'0,'0,'611,'奥羽大　　　　,'歯　　　,'　　　　　　,'　,'　　　,'歯　　　　,'0,'07
'3099,'58,'01,'0,'0,'611,'奥羽大　　　　,'歯　　　,'歯　　　　　,'　,'　　　,'歯　　　　,'1,'07
'3099,'61,'00,'0,'0,'621,'奥羽大　　　　,'薬　　　,'　　　　　　,'　,'　　　,'薬　　　　,'0,'07
'3099,'61,'01,'0,'0,'621,'奥羽大　　　　,'薬　　　,'薬　　　　　,'　,'　　　,'薬　　　　,'1,'07
'3100,'79,'00,'0,'0,'242,'郡山女子大　　,'生活科学,'　　　　　　,'　,'　　　,'社会福祉学,'0,'07
'3100,'79,'01,'0,'0,'402,'郡山女子大　　,'生活科学,'食物栄養　　,'　,'　　　,'食物・栄養,'1,'07
'3100,'79,'06,'0,'0,'405,'郡山女子大　　,'生活科学,'生活／建築デ,'　,'　　　,'住居学　　,'1,'07
'3100,'79,'07,'0,'0,'242,'郡山女子大　　,'生活科学,'生活／社会福,'　,'　　　,'社会福祉学,'1,'07
'3101,'21,'00,'0,'0,'221,'東日本国際大　,'経済経営,'　　　　　　,'　,'　　　,'経済学　　,'0,'07
'3101,'21,'01,'0,'0,'221,'東日本国際大　,'経済経営,'経済経営　　,'　,'　　　,'経済学　　,'1,'07
'3101,'64,'00,'0,'0,'105,'東日本国際大　,'健康福祉,'　　　　　　,'　,'　　　,'心理学　　,'0,'07
'3101,'64,'01,'0,'0,'105,'東日本国際大　,'健康福祉,'社会福祉　　,'　,'　　　,'心理学　　,'1,'07
'3102,'21,'00,'0,'0,'202,'福島学院大　　,'マネジメ,'　　　　　　,'　,'　　　,'政治学　　,'0,'07
'3102,'21,'01,'0,'0,'202,'福島学院大　　,'マネジメ,'地域マネジメ,'　,'　　　,'政治学　　,'1,'07
'3102,'27,'00,'0,'0,'105,'福島学院大　　,'福祉　　,'　　　　　　,'　,'　　　,'心理学　　,'0,'07
'3102,'27,'01,'0,'0,'105,'福島学院大　　,'福祉　　,'福祉心理　　,'　,'　　　,'心理学　　,'1,'07
'3102,'27,'05,'0,'0,'312,'福島学院大　　,'福祉　　,'こども　　　,'　,'　　　,'幼稚園　　,'1,'07
'3106,'01,'00,'0,'0,'404,'茨城キリスト大,'文　　　,'　　　　　　,'　,'　　　,'児童学　　,'0,'08
'3106,'01,'01,'0,'0,'151,'茨城キリスト大,'文　　　,'現代英語　　,'　,'　　　,'英米語　　,'1,'08
'3106,'01,'04,'0,'0,'106,'茨城キリスト大,'文　　　,'文化交流　　,'　,'　　　,'文化学　　,'1,'08
'3106,'01,'05,'0,'0,'301,'茨城キリスト大,'文　　　,'児童／児童教,'　,'　　　,'小学校　　,'1,'08
'3106,'01,'06,'0,'0,'312,'茨城キリスト大,'文　　　,'児童／幼児保,'　,'　　　,'幼稚園　　,'1,'08
'3106,'19,'00,'0,'0,'222,'茨城キリスト大,'経営　　,'　　　　　　,'　,'　　　,'経営学・商,'0,'08
'3106,'19,'01,'0,'0,'222,'茨城キリスト大,'経営　　,'経営　　　　,'　,'　　　,'経営学・商,'1,'08
'3106,'64,'00,'0,'0,'651,'茨城キリスト大,'看護　　,'　　　　　　,'　,'　　　,'看護　　　,'0,'08
'3106,'64,'01,'0,'0,'651,'茨城キリスト大,'看護　　,'看護　　　　,'　,'　　　,'看護　　　,'1,'08
'3106,'79,'00,'0,'0,'105,'茨城キリスト大,'生活科学,'　　　　　　,'　,'　　　,'心理学　　,'0,'08
'3106,'79,'01,'0,'0,'105,'茨城キリスト大,'生活科学,'心理福祉　　,'　,'　　　,'心理学　　,'1,'08
'3106,'79,'02,'0,'0,'402,'茨城キリスト大,'生活科学,'食物健康科学,'　,'　　　,'食物・栄養,'1,'08
'3106,'88,'00,'0,'0,'753,'茨城キリスト大,'未来教養,'　　　　　　,'　,'　　　,'総合科学　,'1,'08
'3107,'64,'00,'0,'0,'402,'つくば国際大　,'医療保健,'　　　　　　,'　,'　　　,'食物・栄養,'0,'08
'3107,'64,'01,'0,'0,'655,'つくば国際大　,'医療保健,'理学療法　　,'　,'　　　,'理学療法　,'1,'08
'3107,'64,'02,'0,'0,'651,'つくば国際大　,'医療保健,'看護　　　　,'　,'　　　,'看護　　　,'1,'08
'3107,'64,'03,'0,'0,'402,'つくば国際大　,'医療保健,'保健栄養　　,'　,'　　　,'食物・栄養,'1,'08
'3107,'64,'04,'0,'0,'657,'つくば国際大　,'医療保健,'診療放射線　,'　,'　　　,'放射線技術,'1,'08
'3107,'64,'05,'0,'0,'658,'つくば国際大　,'医療保健,'臨床検査　　,'　,'　　　,'検査技術　,'1,'08
'3107,'64,'06,'0,'0,'652,'つくば国際大　,'医療保健,'医療技術　　,'　,'　　　,'医療技術　,'1,'08
'3108,'13,'00,'0,'0,'202,'常磐大　　　　,'総合政策,'　　　　　　,'　,'　　　,'政治学　　,'0,'08
'3108,'13,'01,'0,'0,'222,'常磐大　　　　,'総合政策,'経営　　　　,'　,'　　　,'経営学・商,'1,'08
'3108,'13,'02,'0,'0,'201,'常磐大　　　　,'総合政策,'法律行政　　,'　,'　　　,'法学　　　,'1,'08
'3108,'13,'03,'0,'0,'202,'常磐大　　　　,'総合政策,'総合政策　　,'　,'　　　,'政治学　　,'1,'08
'3108,'37,'00,'0,'0,'241,'常磐大　　　　,'人間科学,'　　　　　　,'　,'　　　,'社会学　　,'0,'08
'3108,'37,'01,'0,'0,'151,'常磐大　　　　,'人間科学,'コミュニケー,'　,'　　　,'英米語　　,'1,'08
'3108,'37,'06,'0,'0,'241,'常磐大　　　　,'人間科学,'現代社会　　,'　,'　　　,'社会学　　,'1,'08
'3108,'37,'08,'0,'0,'105,'常磐大　　　　,'人間科学,'心理　　　　,'　,'　　　,'心理学　　,'1,'08
'3108,'37,'10,'0,'0,'402,'常磐大　　　　,'人間科学,'健康栄養　　,'　,'　　　,'食物・栄養,'1,'08
'3108,'37,'11,'0,'0,'301,'常磐大　　　　,'人間科学,'教育／初等教,'　,'　　　,'小学校　　,'1,'08
'3108,'37,'12,'0,'0,'305,'常磐大　　　　,'人間科学,'教育／中等教,'　,'　　　,'中高－社会,'1,'08
'3108,'64,'00,'0,'0,'651,'常磐大　　　　,'看護　　,'　　　　　　,'　,'　　　,'看護　　　,'0,'08
'3108,'64,'01,'0,'0,'651,'常磐大　　　　,'看護　　,'看護　　　　,'　,'　　　,'看護　　　,'1,'08
'3109,'12,'00,'0,'0,'201,'流通経済大　　,'法　　　,'　　　　　　,'　,'　　　,'法学　　　,'0,'08
'3109,'12,'01,'0,'0,'201,'流通経済大　　,'法　　　,'法律　　　　,'　,'　　　,'法学　　　,'1,'08
'3109,'12,'02,'0,'0,'202,'流通経済大　　,'法　　　,'自治行政　　,'　,'　　　,'政治学　　,'1,'08
'3109,'18,'00,'0,'0,'221,'流通経済大　　,'経済　　,'　　　　　　,'　,'　　　,'経済学　　,'0,'08
'3109,'18,'01,'0,'0,'222,'流通経済大　　,'経済　　,'経営　　　　,'　,'　　　,'経営学・商,'1,'08
'3109,'18,'02,'0,'0,'221,'流通経済大　　,'経済　　,'経済　　　　,'　,'　　　,'経済学　　,'1,'08
'3109,'21,'00,'0,'0,'223,'流通経済大　　,'流通情報,'　　　　　　,'　,'　　　,'経営情報学,'0,'08
'3109,'21,'01,'0,'0,'223,'流通経済大　　,'流通情報,'流通情報　　,'　,'　　　,'経営情報学,'1,'08
'3109,'27,'00,'0,'0,'241,'流通経済大　　,'共創社会,'　　　　　　,'　,'　　　,'社会学　　,'0,'08
'3109,'27,'01,'0,'0,'243,'流通経済大　　,'共創社会,'国際文化ツー,'　,'　　　,'観光学　　,'1,'08
'3109,'27,'02,'0,'0,'241,'流通経済大　　,'共創社会,'地域人間科学,'　,'　　　,'社会学　　,'1,'08
'3109,'64,'00,'0,'0,'654,'流通経済大　　,'スポーツ,'　　　　　　,'　,'　　　,'体育・健康,'0,'08
'3109,'64,'01,'0,'0,'654,'流通経済大　　,'スポーツ,'スポーツ健康,'　,'　　　,'体育・健康,'1,'08
'3109,'64,'02,'0,'0,'654,'流通経済大　　,'スポーツ,'スポーツコミ,'　,'　　　,'体育・健康,'1,'08
'3110,'21,'00,'0,'0,'151,'日本国際学園大,'経営情報,'　　　　　　,'　,'　　　,'英米語　　,'0,'08
'3110,'21,'01,'0,'0,'151,'日本国際学園大,'経営情報,'ビジネスデザ,'　,'　　　,'英米語　　,'1,'08
'3112,'64,'00,'0,'0,'654,'ウェルネス大　,'スポーツ,'　　　　　　,'　,'　　　,'体育・健康,'0,'08
'3112,'64,'01,'0,'0,'654,'ウェルネス大　,'スポーツ,'スポーツプロ,'　,'　　　,'体育・健康,'1,'08
'3113,'64,'00,'0,'0,'655,'アール医療職大,'リハビリ,'　　　　　　,'　,'　　　,'理学療法　,'0,'08
'3113,'64,'01,'0,'0,'655,'アール医療職大,'リハビリ,'理学療法　　,'　,'　　　,'理学療法　,'1,'08
'3113,'64,'02,'0,'0,'656,'アール医療職大,'リハビリ,'作業療法　　,'　,'　　　,'作業療法　,'1,'08
'3119,'46,'00,'0,'0,'551,'足利大　　　　,'工　　　,'　　　　　　,'　,'　　　,'機械工学　,'0,'09
'3119,'46,'12,'0,'0,'551,'足利大　　　　,'工　　　,'創生／機械　,'　,'　　　,'機械工学　,'1,'09
'3119,'46,'13,'0,'0,'552,'足利大　　　　,'工　　　,'創生／電気電,'　,'　　　,'電気・電子,'1,'09
'3119,'46,'14,'0,'0,'551,'足利大　　　　,'工　　　,'創生／システ,'　,'　　　,'機械工学　,'1,'09
'3119,'46,'15,'0,'0,'554,'足利大　　　　,'工　　　,'創生／建築土,'　,'　　　,'建築・土木,'1,'09
'3119,'46,'16,'0,'0,'753,'足利大　　　　,'工　　　,'創生／ライフ,'　,'　　　,'総合科学　,'1,'09
'3119,'64,'00,'0,'0,'651,'足利大　　　　,'看護　　,'　　　　　　,'　,'　　　,'看護　　　,'0,'09
'3119,'64,'01,'0,'0,'651,'足利大　　　　,'看護　　,'看護　　　　,'　,'　　　,'看護　　　,'1,'09
'3120,'55,'00,'0,'0,'601,'国際医療福祉大,'医　　　,'　　　　　　,'　,'　　　,'医　　　　,'0,'09
'3120,'55,'01,'0,'0,'601,'国際医療福祉大,'医　　　,'医　　　　　,'　,'　　　,'医　　　　,'1,'09
'3120,'61,'00,'0,'0,'621,'国際医療福祉大,'薬　　　,'　　　　　　,'　,'　　　,'薬　　　　,'0,'09
'3120,'61,'01,'0,'0,'621,'国際医療福祉大,'薬　　　,'薬　　　　　,'　,'　　　,'薬　　　　,'1,'09
'3120,'62,'00,'0,'0,'621,'国際医療福祉大,'福岡薬　,'　　　　　　,'　,'　　　,'薬　　　　,'0,'09
'3120,'62,'01,'0,'0,'621,'国際医療福祉大,'福岡薬　,'薬　　　　　,'　,'　　　,'薬　　　　,'1,'09
'3120,'63,'00,'0,'0,'621,'国際医療福祉大,'成田薬　,'　　　　　　,'　,'　　　,'薬　　　　,'0,'09
'3120,'63,'01,'0,'0,'621,'国際医療福祉大,'成田薬　,'薬　　　　　,'　,'　　　,'薬　　　　,'1,'09
'3120,'64,'00,'0,'0,'652,'国際医療福祉大,'保健医療,'　　　　　　,'　,'　　　,'医療技術　,'0,'09
'3120,'64,'01,'0,'0,'651,'国際医療福祉大,'保健医療,'看護　　　　,'　,'　　　,'看護　　　,'1,'09
'3120,'64,'02,'0,'0,'652,'国際医療福祉大,'保健医療,'言語聴覚　　,'　,'　　　,'医療技術　,'1,'09
'3120,'64,'03,'0,'0,'656,'国際医療福祉大,'保健医療,'作業療法　　,'　,'　　　,'作業療法　,'1,'09
'3120,'64,'04,'0,'0,'657,'国際医療福祉大,'保健医療,'放射線・情報,'　,'　　　,'放射線技術,'1,'09
'3120,'64,'05,'0,'0,'655,'国際医療福祉大,'保健医療,'理学療法　　,'　,'　　　,'理学療法　,'1,'09
'3120,'64,'06,'0,'0,'652,'国際医療福祉大,'保健医療,'視機能療法　,'　,'　　　,'医療技術　,'1,'09
'3120,'64,'07,'0,'0,'658,'国際医療福祉大,'保健医療,'医学検査　　,'　,'　　　,'検査技術　,'1,'09
'3120,'65,'00,'0,'0,'222,'国際医療福祉大,'医療福祉,'　　　　　　,'　,'　　　,'経営学・商,'0,'09
'3120,'65,'03,'0,'0,'222,'国際医療福祉大,'医療福祉,'医療福祉・マ,'　,'　　　,'経営学・商,'1,'09
'3120,'66,'00,'0,'0,'651,'国際医療福祉大,'福岡保健,'　　　　　　,'　,'　　　,'看護　　　,'0,'09
'3120,'66,'01,'0,'0,'655,'国際医療福祉大,'福岡保健,'理学療法　　,'　,'　　　,'理学療法　,'1,'09
'3120,'66,'02,'0,'0,'656,'国際医療福祉大,'福岡保健,'作業療法　　,'　,'　　　,'作業療法　,'1,'09
'3120,'66,'04,'0,'0,'658,'国際医療福祉大,'福岡保健,'医学検査　　,'　,'　　　,'検査技術　,'1,'09
'3120,'66,'05,'0,'0,'651,'国際医療福祉大,'福岡保健,'看護　　　　,'　,'　　　,'看護　　　,'1,'09
'3120,'67,'00,'0,'0,'651,'国際医療福祉大,'小田原保,'　　　　　　,'　,'　　　,'看護　　　,'0,'09
'3120,'67,'01,'0,'0,'651,'国際医療福祉大,'小田原保,'看護　　　　,'　,'　　　,'看護　　　,'1,'09
'3120,'67,'02,'0,'0,'655,'国際医療福祉大,'小田原保,'理学療法　　,'　,'　　　,'理学療法　,'1,'09
'3120,'67,'03,'0,'0,'656,'国際医療福祉大,'小田原保,'作業療法　　,'　,'　　　,'作業療法　,'1,'09
'3120,'69,'00,'0,'0,'651,'国際医療福祉大,'成田看護,'　　　　　　,'　,'　　　,'看護　　　,'0,'09
'3120,'69,'01,'0,'0,'651,'国際医療福祉大,'成田看護,'看護　　　　,'　,'　　　,'看護　　　,'1,'09
'3120,'70,'00,'0,'0,'652,'国際医療福祉大,'成田保健,'　　　　　　,'　,'　　　,'医療技術　,'0,'09
'3120,'70,'01,'0,'0,'655,'国際医療福祉大,'成田保健,'理学療法　　,'　,'　　　,'理学療法　,'1,'09
'3120,'70,'02,'0,'0,'656,'国際医療福祉大,'成田保健,'作業療法　　,'　,'　　　,'作業療法　,'1,'09
'3120,'70,'03,'0,'0,'652,'国際医療福祉大,'成田保健,'言語聴覚　　,'　,'　　　,'医療技術　,'1,'09
'3120,'70,'04,'0,'0,'658,'国際医療福祉大,'成田保健,'医学検査　　,'　,'　　　,'検査技術　,'1,'09
'3120,'70,'05,'0,'0,'657,'国際医療福祉大,'成田保健,'放射線・情報,'　,'　　　,'放射線技術,'1,'09
'3120,'71,'00,'0,'0,'105,'国際医療福祉大,'赤坂心理,'　　　　　　,'　,'　　　,'心理学　　,'0,'09
'3120,'71,'01,'0,'0,'105,'国際医療福祉大,'赤坂心理,'心理　　　　,'　,'　　　,'心理学　　,'1,'09
'3120,'71,'02,'0,'0,'222,'国際医療福祉大,'赤坂心理,'医療マネジメ,'　,'　　　,'経営学・商,'1,'09
'3121,'19,'00,'0,'0,'222,'作新学院大　　,'経営　　,'　　　　　　,'　,'　　　,'経営学・商,'0,'09
'3121,'19,'01,'0,'0,'222,'作新学院大　　,'経営　　,'経営　　　　,'　,'　　　,'経営学・商,'1,'09
'3121,'19,'02,'0,'0,'222,'作新学院大　　,'経営　　,'スポーツマネ,'　,'　　　,'経営学・商,'1,'09
'3121,'37,'00,'0,'0,'105,'作新学院大　　,'人間文化,'　　　　　　,'　,'　　　,'心理学　　,'0,'09
'3121,'37,'02,'0,'0,'301,'作新学院大　　,'人間文化,'発達教育　　,'　,'　　　,'小学校　　,'1,'09
'3121,'37,'03,'0,'0,'105,'作新学院大　　,'人間文化,'心理コミュニ,'　,'　　　,'心理学　　,'1,'09
'3122,'55,'00,'0,'0,'601,'自治医大　　　,'医　　　,'　　　　　　,'　,'　　　,'医　　　　,'0,'09
'3122,'55,'01,'0,'0,'601,'自治医大　　　,'医　　　,'医　　　　　,'　,'　　　,'医　　　　,'1,'09
'3122,'64,'00,'0,'0,'651,'自治医大　　　,'看護　　,'　　　　　　,'　,'　　　,'看護　　　,'1,'09
'3123,'55,'00,'0,'0,'601,'獨協医大　　　,'医　　　,'　　　　　　,'　,'　　　,'医　　　　,'0,'09
'3123,'55,'01,'0,'0,'601,'獨協医大　　　,'医　　　,'医　　　　　,'　,'　　　,'医　　　　,'1,'09
'3123,'64,'00,'0,'0,'651,'獨協医大　　　,'看護　　,'　　　　　　,'　,'　　　,'看護　　　,'0,'09
'3123,'64,'01,'0,'0,'651,'獨協医大　　　,'看護　　,'看護　　　　,'　,'　　　,'看護　　　,'1,'09
'3124,'12,'00,'0,'0,'201,'白鴎大　　　　,'法　　　,'　　　　　　,'　,'　　　,'法学　　　,'0,'09
'3124,'12,'01,'0,'0,'201,'白鴎大　　　　,'法　　　,'法律　　　　,'　,'　　　,'法学　　　,'1,'09
'3124,'19,'00,'0,'0,'151,'白鴎大　　　　,'経営　　,'　　　　　　,'　,'　　　,'英米語　　,'0,'09
'3124,'19,'01,'0,'0,'151,'白鴎大　　　　,'経営　　,'経営　　　　,'　,'　　　,'英米語　　,'1,'09
'3124,'30,'00,'0,'0,'316,'白鴎大　　　　,'教育　　,'　　　　　　,'　,'　　　,'０免課程　,'0,'09
'3124,'30,'01,'0,'0,'301,'白鴎大　　　　,'教育　　,'発達／児童教,'　,'　　　,'小学校　　,'1,'09
'3124,'30,'02,'0,'0,'311,'白鴎大　　　　,'教育　　,'発達／スポー,'　,'　　　,'中高－体育,'1,'09
'3124,'30,'03,'0,'0,'304,'白鴎大　　　　,'教育　　,'発達／英語教,'　,'　　　,'中高－英語,'1,'09
'3124,'30,'04,'0,'0,'105,'白鴎大　　　　,'教育　　,'発達／心理学,'　,'　　　,'心理学　　,'1,'09
'3125,'37,'00,'0,'0,'221,'宇都宮共和大　,'シティラ,'　　　　　　,'　,'　　　,'経済学　　,'0,'09
'3125,'37,'01,'0,'0,'221,'宇都宮共和大　,'シティラ,'シティライフ,'　,'　　　,'経済学　　,'1,'09
'3125,'79,'00,'0,'0,'312,'宇都宮共和大　,'子ども生,'　　　　　　,'　,'　　　,'幼稚園　　,'0,'09
'3125,'79,'01,'0,'0,'312,'宇都宮共和大　,'子ども生,'子ども生活　,'　,'　　　,'幼稚園　　,'1,'09
'3126,'83,'00,'0,'0,'104,'文星芸大　　　,'美術　　,'　　　　　　,'　,'　　　,'哲学倫理宗,'0,'09
'3126,'83,'01,'0,'0,'104,'文星芸大　　　,'美術　　,'美術　　　　,'　,'　　　,'哲学倫理宗,'1,'09
'3132,'18,'00,'0,'0,'261,'関東学園大　　,'経済　　,'　　　　　　,'　,'　　　,'国際関係学,'0,'10
'3132,'18,'01,'0,'0,'222,'関東学園大　　,'経済　　,'経営　　　　,'　,'　　　,'経営学・商,'1,'10
'3132,'18,'02,'0,'0,'202,'関東学園大　　,'経済　　,'経済　　　　,'　,'　　　,'政治学　　,'1,'10
'3133,'22,'00,'0,'0,'222,'上武大　　　　,'ビジネス,'　　　　　　,'　,'　　　,'経営学・商,'0,'10
'3133,'22,'06,'0,'0,'652,'上武大　　　　,'ビジネス,'スポ／柔道整,'　,'　　　,'医療技術　,'1,'10
'3133,'22,'07,'0,'0,'222,'上武大　　　　,'ビジネス,'国際ビジネス,'　,'　　　,'経営学・商,'1,'10
'3133,'22,'10,'0,'0,'652,'上武大　　　　,'ビジネス,'スポ／救急救,'　,'　　　,'医療技術　,'1,'10
'3133,'22,'11,'0,'0,'222,'上武大　　　　,'ビジネス,'スポ／マネト,'　,'　　　,'経営学・商,'1,'10
'3133,'64,'00,'0,'0,'651,'上武大　　　　,'看護　　,'　　　　　　,'　,'　　　,'看護　　　,'0,'10
'3133,'64,'01,'0,'0,'651,'上武大　　　　,'看護　　,'看護　　　　,'　,'　　　,'看護　　　,'1,'10
'3134,'27,'00,'0,'0,'151,'共愛前橋国際大,'国際社会,'　　　　　　,'　,'　　　,'英米語　　,'0,'10
'3134,'27,'02,'0,'0,'301,'共愛前橋国際大,'国際社会,'国際／地域児,'　,'　　　,'小学校　　,'1,'10
'3134,'27,'03,'0,'0,'151,'共愛前橋国際大,'国際社会,'国際／国際社,'　,'　　　,'英米語　　,'1,'10
'3134,'37,'00,'0,'0,'752,'共愛前橋国際大,'デジタル,'　　　　　　,'　,'　　　,'総合情報学,'0,'10
'3134,'37,'01,'0,'0,'752,'共愛前橋国際大,'デジタル,'デジタル共創,'　,'　　　,'総合情報学,'1,'10
'3135,'03,'00,'0,'0,'105,'東京福祉大　　,'心理　　,'　　　　　　,'　,'　　　,'心理学　　,'0,'13
'3135,'03,'01,'0,'0,'105,'東京福祉大　　,'心理　　,'心理　　　　,'　,'　　　,'心理学　　,'1,'13
'3135,'26,'00,'0,'0,'222,'東京福祉大　　,'社会福祉,'　　　　　　,'　,'　　　,'経営学・商,'0,'13
'3135,'26,'04,'0,'0,'222,'東京福祉大　　,'社会福祉,'社会福祉　　,'　,'　　　,'経営学・商,'1,'13
'3135,'30,'00,'0,'0,'105,'東京福祉大　　,'教育　　,'　　　　　　,'　,'　　　,'心理学　　,'0,'13
'3135,'30,'01,'0,'0,'105,'東京福祉大　　,'教育　　,'教育　　　　,'　,'　　　,'心理学　　,'1,'13
'3135,'79,'00,'0,'0,'312,'東京福祉大　　,'保育児童,'　　　　　　,'　,'　　　,'幼稚園　　,'0,'13
'3135,'79,'01,'0,'0,'312,'東京福祉大　　,'保育児童,'保育児童　　,'　,'　　　,'幼稚園　　,'1,'13
'3136,'61,'00,'0,'0,'621,'高崎健康福祉大,'薬　　　,'　　　　　　,'　,'　　　,'薬　　　　,'0,'10
'3136,'61,'01,'0,'0,'621,'高崎健康福祉大,'薬　　　,'薬　　　　　,'　,'　　　,'薬　　　　,'1,'10
'3136,'64,'00,'0,'0,'242,'高崎健康福祉大,'健康福祉,'　　　　　　,'　,'　　　,'社会福祉学,'0,'10
'3136,'64,'01,'0,'0,'752,'高崎健康福祉大,'健康福祉,'医療情報　　,'　,'　　　,'総合情報学,'1,'10
'3136,'64,'02,'0,'0,'242,'高崎健康福祉大,'健康福祉,'社会福祉　　,'　,'　　　,'社会福祉学,'1,'10
'3136,'64,'03,'0,'0,'402,'高崎健康福祉大,'健康福祉,'健康栄養　　,'　,'　　　,'食物・栄養,'1,'10
'3136,'66,'00,'0,'0,'651,'高崎健康福祉大,'保健医療,'　　　　　　,'　,'　　　,'看護　　　,'0,'10
'3136,'66,'01,'0,'0,'651,'高崎健康福祉大,'保健医療,'看護　　　　,'　,'　　　,'看護　　　,'1,'10
'3136,'66,'02,'0,'0,'655,'高崎健康福祉大,'保健医療,'理学療法　　,'　,'　　　,'理学療法　,'1,'10
'3136,'72,'00,'0,'0,'564,'高崎健康福祉大,'農　　　,'　　　　　　,'　,'　　　,'生物工学　,'0,'10
'3136,'72,'01,'0,'0,'564,'高崎健康福祉大,'農　　　,'生物生産　　,'　,'　　　,'生物工学　,'1,'10
'3136,'79,'00,'0,'0,'105,'高崎健康福祉大,'人間発達,'　　　　　　,'　,'　　　,'心理学　　,'0,'10
'3136,'79,'01,'0,'0,'301,'高崎健康福祉大,'人間発達,'子ども教育　,'　,'　　　,'小学校　　,'1,'10
'3136,'79,'02,'0,'0,'105,'高崎健康福祉大,'人間発達,'心理　　　　,'　,'　　　,'心理学　　,'1,'10
'3137,'20,'00,'0,'0,'222,'高崎商大　　　,'商　　　,'　　　　　　,'　,'　　　,'経営学・商,'0,'10
'3137,'20,'02,'0,'0,'222,'高崎商大　　　,'商　　　,'経営　　　　,'　,'　　　,'経営学・商,'1,'10
'3137,'20,'03,'0,'0,'222,'高崎商大　　　,'商　　　,'会計　　　　,'　,'　　　,'経営学・商,'1,'10
'3138,'26,'00,'0,'0,'242,'群馬医療福祉大,'社会福祉,'　　　　　　,'　,'　　　,'社会福祉学,'0,'10
'3138,'26,'01,'0,'0,'105,'群馬医療福祉大,'社会福祉,'社会／社会福,'　,'　　　,'心理学　　,'1,'10
'3138,'26,'02,'0,'0,'242,'群馬医療福祉大,'社会福祉,'社会／子ども,'　,'　　　,'社会福祉学,'1,'10
'3138,'64,'00,'0,'0,'651,'群馬医療福祉大,'看護　　,'　　　　　　,'　,'　　　,'看護　　　,'0,'10
'3138,'64,'01,'0,'0,'651,'群馬医療福祉大,'看護　　,'看護　　　　,'　,'　　　,'看護　　　,'1,'10
'3138,'65,'00,'0,'0,'655,'群馬医療福祉大,'リハビリ,'　　　　　　,'　,'　　　,'理学療法　,'0,'10
'3138,'65,'01,'0,'0,'655,'群馬医療福祉大,'リハビリ,'リハ／理学療,'　,'　　　,'理学療法　,'1,'10
'3138,'65,'02,'0,'0,'656,'群馬医療福祉大,'リハビリ,'リハ／作業療,'　,'　　　,'作業療法　,'1,'10
'3138,'66,'00,'0,'0,'652,'群馬医療福祉大,'医療技術,'　　　　　　,'　,'　　　,'医療技術　,'0,'10
'3138,'66,'01,'0,'0,'658,'群馬医療福祉大,'医療技術,'医療／臨床検,'　,'　　　,'検査技術　,'1,'10
'3138,'66,'02,'0,'0,'652,'群馬医療福祉大,'医療技術,'医療／臨床工,'　,'　　　,'医療技術　,'1,'10
'3140,'64,'00,'0,'0,'652,'群馬パース大　,'医療技術,'　　　　　　,'　,'　　　,'医療技術　,'0,'10
'3140,'64,'03,'0,'0,'658,'群馬パース大　,'医療技術,'検査技術　　,'　,'　　　,'検査技術　,'1,'10
'3140,'64,'04,'0,'0,'657,'群馬パース大　,'医療技術,'放射線　　　,'　,'　　　,'放射線技術,'1,'10
'3140,'64,'05,'0,'0,'652,'群馬パース大　,'医療技術,'臨床工　　　,'　,'　　　,'医療技術　,'1,'10
'3140,'65,'00,'0,'0,'652,'群馬パース大　,'リハビリ,'　　　　　　,'　,'　　　,'医療技術　,'0,'10
'3140,'65,'01,'0,'0,'655,'群馬パース大　,'リハビリ,'理学療法　　,'　,'　　　,'理学療法　,'1,'10
'3140,'65,'02,'0,'0,'656,'群馬パース大　,'リハビリ,'作業療法　　,'　,'　　　,'作業療法　,'1,'10
'3140,'65,'03,'0,'0,'652,'群馬パース大　,'リハビリ,'言語聴覚　　,'　,'　　　,'医療技術　,'1,'10
'3140,'66,'00,'0,'0,'651,'群馬パース大　,'看護　　,'　　　　　　,'　,'　　　,'看護　　　,'0,'10
'3140,'66,'01,'0,'0,'651,'群馬パース大　,'看護　　,'看護　　　　,'　,'　　　,'看護　　　,'1,'10
'3141,'64,'00,'0,'0,'402,'ぐんま未来大　,'医療保健,'　　　　　　,'　,'　　　,'食物・栄養,'0,'10
'3141,'64,'01,'0,'0,'651,'ぐんま未来大　,'医療保健,'看護　　　　,'　,'　　　,'看護　　　,'1,'10
'3141,'64,'02,'0,'0,'402,'ぐんま未来大　,'医療保健,'栄養　　　　,'　,'　　　,'食物・栄養,'1,'10
'3142,'30,'00,'0,'0,'301,'育英大　　　　,'教育　　,'　　　　　　,'　,'　　　,'小学校　　,'0,'10
'3142,'30,'01,'0,'0,'301,'育英大　　　　,'教育　　,'教育／児童教,'　,'　　　,'小学校　　,'1,'10
'3142,'30,'02,'0,'0,'311,'育英大　　　　,'教育　　,'教育／スポー,'　,'　　　,'中高－体育,'1,'10
'3142,'30,'03,'0,'0,'304,'育英大　　　　,'教育　　,'教育／英語　,'　,'　　　,'中高－英語,'1,'10
'3147,'01,'00,'0,'0,'106,'跡見学園女子大,'文　　　,'　　　　　　,'　,'　　　,'文化学　　,'0,'13
'3147,'01,'06,'0,'0,'101,'跡見学園女子大,'文　　　,'人文　　　　,'　,'　　　,'日本文学　,'1,'13
'3147,'01,'08,'0,'0,'106,'跡見学園女子大,'文　　　,'現代文化表現,'　,'　　　,'文化学　　,'1,'13
'3147,'03,'00,'0,'0,'105,'跡見学園女子大,'心理　　,'　　　　　　,'　,'　　　,'心理学　　,'0,'13
'3147,'03,'01,'0,'0,'105,'跡見学園女子大,'心理　　,'臨床心理　　,'　,'　　　,'心理学　　,'1,'13
'3147,'21,'00,'0,'0,'222,'跡見学園女子大,'マネジメ,'　　　　　　,'　,'　　　,'経営学・商,'0,'13
'3147,'21,'01,'0,'0,'222,'跡見学園女子大,'マネジメ,'マネジメント,'　,'　　　,'経営学・商,'1,'13
'3147,'27,'00,'0,'0,'243,'跡見学園女子大,'観光コミ,'　　　　　　,'　,'　　　,'観光学　　,'0,'13
'3147,'27,'01,'0,'0,'243,'跡見学園女子大,'観光コミ,'観光デザイン,'　,'　　　,'観光学　　,'1,'13
'3148,'55,'00,'0,'0,'601,'埼玉医大　　　,'医　　　,'　　　　　　,'　,'　　　,'医　　　　,'0,'11
'3148,'55,'01,'0,'0,'601,'埼玉医大　　　,'医　　　,'医　　　　　,'　,'　　　,'医　　　　,'1,'11
'3148,'64,'00,'0,'0,'651,'埼玉医大　　　,'保健医療,'　　　　　　,'　,'　　　,'看護　　　,'0,'11
'3148,'64,'01,'0,'0,'651,'埼玉医大　　　,'保健医療,'看護　　　　,'　,'　　　,'看護　　　,'1,'11
'3148,'64,'02,'0,'0,'658,'埼玉医大　　　,'保健医療,'臨床検査　　,'　,'　　　,'検査技術　,'1,'11
'3148,'64,'03,'0,'0,'652,'埼玉医大　　　,'保健医療,'臨床工　　　,'　,'　　　,'医療技術　,'1,'11
'3148,'64,'04,'0,'0,'655,'埼玉医大　　　,'保健医療,'理学療法　　,'　,'　　　,'理学療法　,'1,'11
'3149,'27,'00,'0,'0,'105,'埼玉工大　　　,'人間社会,'　　　　　　,'　,'　　　,'心理学　　,'0,'11
'3149,'27,'03,'0,'0,'223,'埼玉工大　　　,'人間社会,'情報／ＩＴ経,'　,'　　　,'経営情報学,'1,'11
'3149,'27,'04,'0,'0,'752,'埼玉工大　　　,'人間社会,'情報／メディ,'　,'　　　,'総合情報学,'1,'11
'3149,'27,'05,'0,'0,'105,'埼玉工大　　　,'人間社会,'心理／ビジネ,'　,'　　　,'心理学　　,'1,'11
'3149,'27,'06,'0,'0,'105,'埼玉工大　　　,'人間社会,'心理／臨床心,'　,'　　　,'心理学　　,'1,'11
'3149,'46,'00,'0,'0,'551,'埼玉工大　　　,'工　　　,'　　　　　　,'　,'　　　,'機械工学　,'0,'11
'3149,'46,'08,'0,'0,'551,'埼玉工大　　　,'工　　　,'機械／機械工,'　,'　　　,'機械工学　,'1,'11
'3149,'46,'11,'0,'0,'555,'埼玉工大　　　,'工　　　,'生命／応用化,'　,'　　　,'応用化学　,'1,'11
'3149,'46,'12,'0,'0,'553,'埼玉工大　　　,'工　　　,'情報／ＩＴ　,'　,'　　　,'情報工学　,'1,'11
'3149,'46,'13,'0,'0,'552,'埼玉工大　　　,'工　　　,'情報／電気電,'　,'　　　,'電気・電子,'1,'11
'3149,'46,'14,'0,'0,'553,'埼玉工大　　　,'工　　　,'情報／ＡＩ　,'　,'　　　,'情報工学　,'1,'11
'3149,'46,'15,'0,'0,'551,'埼玉工大　　　,'工　　　,'総合工学系　,'　,'　　　,'機械工学　,'1,'11
'3149,'46,'16,'0,'0,'551,'埼玉工大　　　,'工　　　,'機械／ＩＴ応,'　,'　　　,'機械工学　,'1,'11
'3149,'46,'17,'0,'0,'551,'埼玉工大　　　,'工　　　,'機械／ＡＩロ,'　,'　　　,'機械工学　,'1,'11
'3149,'46,'18,'0,'0,'564,'埼玉工大　　　,'工　　　,'生命／バイオ,'　,'　　　,'生物工学　,'1,'11
'3149,'46,'19,'0,'0,'562,'埼玉工大　　　,'工　　　,'生命／環境ク,'　,'　　　,'原子力・エ,'1,'11
'3149,'46,'20,'0,'0,'752,'埼玉工大　　　,'工　　　,'情報／自動運,'　,'　　　,'総合情報学,'1,'11
'3150,'13,'00,'0,'0,'201,'城西大　　　　,'総合政策,'　　　　　　,'　,'　　　,'法学　　　,'0,'11
'3150,'13,'01,'0,'0,'201,'城西大　　　　,'総合政策,'総合政策　　,'　,'　　　,'法学　　　,'1,'11
'3150,'18,'00,'0,'0,'221,'城西大　　　　,'経済　　,'　　　　　　,'　,'　　　,'経済学　　,'0,'11
'3150,'18,'02,'0,'0,'221,'城西大　　　　,'経済　　,'経済　　　　,'　,'　　　,'経済学　　,'1,'11
'3150,'19,'00,'0,'0,'202,'城西大　　　　,'経営　　,'　　　　　　,'　,'　　　,'政治学　　,'0,'11
'3150,'19,'01,'0,'0,'202,'城西大　　　　,'経営　　,'マネジメント,'　,'　　　,'政治学　　,'1,'11
'3150,'42,'00,'0,'0,'501,'城西大　　　　,'理　　　,'　　　　　　,'　,'　　　,'数学　　　,'0,'11
'3150,'42,'01,'0,'0,'503,'城西大　　　　,'理　　　,'化学・生命科,'　,'　　　,'化学　　　,'1,'11
'3150,'42,'03,'0,'0,'501,'城西大　　　　,'理　　　,'数学　　　　,'　,'　　　,'数学　　　,'1,'11
'3150,'42,'05,'0,'0,'506,'城西大　　　　,'理　　　,'情報数理　　,'　,'　　　,'情報科学　,'1,'11
'3150,'61,'00,'0,'0,'621,'城西大　　　　,'薬　　　,'　　　　　　,'　,'　　　,'薬　　　　,'0,'11
'3150,'61,'02,'0,'0,'621,'城西大　　　　,'薬　　　,'薬　　　　　,'　,'　　　,'薬　　　　,'1,'11
'3150,'61,'03,'0,'0,'402,'城西大　　　　,'薬　　　,'医療栄養　　,'　,'　　　,'食物・栄養,'1,'11
'3150,'61,'04,'0,'0,'621,'城西大　　　　,'薬　　　,'薬科学　　　,'　,'　　　,'薬　　　　,'1,'11
'3151,'05,'00,'0,'0,'105,'駿河台大　　　,'心理　　,'　　　　　　,'　,'　　　,'心理学　　,'0,'11
'3151,'05,'01,'0,'0,'105,'駿河台大　　　,'心理　　,'心理　　　　,'　,'　　　,'心理学　　,'1,'11
'3151,'12,'00,'0,'0,'201,'駿河台大　　　,'法　　　,'　　　　　　,'　,'　　　,'法学　　　,'0,'11
'3151,'12,'01,'0,'0,'201,'駿河台大　　　,'法　　　,'法律　　　　,'　,'　　　,'法学　　　,'1,'11
'3151,'21,'00,'0,'0,'221,'駿河台大　　　,'経済経営,'　　　　　　,'　,'　　　,'経済学　　,'0,'11
'3151,'21,'01,'0,'0,'221,'駿河台大　　　,'経済経営,'経済経営　　,'　,'　　　,'経済学　　,'1,'11
'3151,'37,'00,'0,'0,'455,'駿河台大　　　,'メディア,'　　　　　　,'　,'　　　,'映像　　　,'0,'11
'3151,'37,'01,'0,'0,'455,'駿河台大　　　,'メディア,'メディア情報,'　,'　　　,'映像　　　,'1,'11
'3151,'65,'00,'0,'0,'654,'駿河台大　　　,'スポーツ,'　　　　　　,'　,'　　　,'体育・健康,'0,'11
'3151,'65,'01,'0,'0,'654,'駿河台大　　　,'スポーツ,'スポーツ科学,'　,'　　　,'体育・健康,'1,'11
'3152,'02,'00,'0,'0,'106,'聖学院大　　　,'人文　　,'　　　　　　,'　,'　　　,'文化学　　,'0,'11
'3152,'02,'01,'0,'0,'106,'聖学院大　　　,'人文　　,'国際文化　　,'　,'　　　,'文化学　　,'1,'11
'3152,'02,'02,'0,'0,'301,'聖学院大　　　,'人文　　,'子ども教育　,'　,'　　　,'小学校　　,'1,'11
'3152,'02,'03,'0,'0,'106,'聖学院大　　　,'人文　　,'日本文化　　,'　,'　　　,'文化学　　,'1,'11
'3152,'03,'00,'0,'0,'105,'聖学院大　　　,'心理福祉,'　　　　　　,'　,'　　　,'心理学　　,'0,'11
'3152,'03,'01,'0,'0,'105,'聖学院大　　　,'心理福祉,'心理福祉　　,'　,'　　　,'心理学　　,'1,'11
'3152,'13,'00,'0,'0,'202,'聖学院大　　　,'政治経済,'　　　　　　,'　,'　　　,'政治学　　,'0,'11
'3152,'13,'01,'0,'0,'202,'聖学院大　　　,'政治経済,'政治経済　　,'　,'　　　,'政治学　　,'1,'11
'3153,'18,'00,'0,'0,'151,'東京国際大　　,'経済　　,'　　　　　　,'　,'　　　,'英米語　　,'0,'11
'3153,'18,'03,'0,'0,'221,'東京国際大　　,'経済　　,'経済／現代経,'　,'　　　,'経済学　　,'1,'11
'3153,'18,'04,'0,'0,'221,'東京国際大　　,'経済　　,'経済／ビジネ,'　,'　　　,'経済学　　,'1,'11
'3153,'20,'00,'0,'0,'151,'東京国際大　　,'商　　　,'　　　　　　,'　,'　　　,'英米語　　,'0,'11
'3153,'20,'02,'0,'0,'222,'東京国際大　　,'商　　　,'マーケティン,'　,'　　　,'経営学・商,'1,'11
'3153,'20,'05,'0,'0,'222,'東京国際大　　,'商　　　,'経営　　　　,'　,'　　　,'経営学・商,'1,'11
'3153,'27,'00,'0,'0,'151,'東京国際大　　,'人間社会,'　　　　　　,'　,'　　　,'英米語　　,'0,'11
'3153,'27,'02,'0,'0,'105,'東京国際大　　,'人間社会,'福祉心理　　,'　,'　　　,'心理学　　,'1,'11
'3153,'27,'03,'0,'0,'654,'東京国際大　　,'人間社会,'人間スポーツ,'　,'　　　,'体育・健康,'1,'11
'3153,'27,'04,'0,'0,'654,'東京国際大　　,'人間社会,'スポーツ科学,'　,'　　　,'体育・健康,'1,'11
'3153,'33,'00,'0,'0,'151,'東京国際大　　,'国際関係,'　　　　　　,'　,'　　　,'英米語　　,'0,'11
'3153,'33,'01,'0,'0,'243,'東京国際大　　,'国際関係,'国際関係　　,'　,'　　　,'観光学　　,'1,'11
'3153,'33,'02,'0,'0,'243,'東京国際大　　,'国際関係,'国際メディア,'　,'　　　,'観光学　　,'1,'11
'3153,'38,'00,'0,'0,'151,'東京国際大　　,'言語コミ,'　　　　　　,'　,'　　　,'英米語　　,'0,'11
'3153,'38,'01,'0,'0,'151,'東京国際大　　,'言語コミ,'英語コミュニ,'　,'　　　,'英米語　　,'1,'11
'3153,'64,'00,'0,'0,'655,'東京国際大　　,'医療健康,'　　　　　　,'　,'　　　,'理学療法　,'0,'11
'3153,'64,'01,'0,'0,'655,'東京国際大　　,'医療健康,'理学療法　　,'　,'　　　,'理学療法　,'1,'11
'3154,'83,'00,'0,'0,'309,'東邦音大　　　,'音楽　　,'　　　　　　,'　,'　　　,'中高－音楽,'0,'11
'3154,'83,'01,'0,'0,'309,'東邦音大　　　,'音楽　　,'音楽　　　　,'　,'　　　,'中高－音楽,'1,'11
'3155,'08,'00,'0,'0,'106,'獨協大　　　　,'外国語　,'　　　　　　,'　,'　　　,'文化学　　,'0,'11
'3155,'08,'01,'0,'0,'102,'獨協大　　　　,'外国語　,'英語　　　　,'　,'　　　,'外国文学　,'1,'11
'3155,'08,'02,'0,'0,'106,'獨協大　　　　,'外国語　,'ドイツ語　　,'　,'　　　,'文化学　　,'1,'11
'3155,'08,'03,'0,'0,'106,'獨協大　　　　,'外国語　,'フランス語　,'　,'　　　,'文化学　　,'1,'11
'3155,'08,'05,'0,'0,'106,'獨協大　　　　,'外国語　,'交流文化　　,'　,'　　　,'文化学　　,'1,'11
'3155,'12,'00,'0,'0,'201,'獨協大　　　　,'法　　　,'　　　　　　,'　,'　　　,'法学　　　,'0,'11
'3155,'12,'01,'0,'0,'201,'獨協大　　　　,'法　　　,'法律　　　　,'　,'　　　,'法学　　　,'1,'11
'3155,'12,'02,'0,'0,'201,'獨協大　　　　,'法　　　,'国際関係法　,'　,'　　　,'法学　　　,'1,'11
'3155,'12,'03,'0,'0,'201,'獨協大　　　　,'法　　　,'総合政策　　,'　,'　　　,'法学　　　,'1,'11
'3155,'18,'00,'0,'0,'221,'獨協大　　　　,'経済　　,'　　　　　　,'　,'　　　,'経済学　　,'0,'11
'3155,'18,'01,'0,'0,'222,'獨協大　　　　,'経済　　,'経営　　　　,'　,'　　　,'経営学・商,'1,'11
'3155,'18,'02,'0,'0,'221,'獨協大　　　　,'経済　　,'経済　　　　,'　,'　　　,'経済学　　,'1,'11
'3155,'18,'03,'0,'0,'221,'獨協大　　　　,'経済　　,'国際環境経済,'　,'　　　,'経済学　　,'1,'11
'3155,'37,'00,'0,'0,'106,'獨協大　　　　,'国際教養,'　　　　　　,'　,'　　　,'文化学　　,'0,'11
'3155,'37,'01,'0,'0,'106,'獨協大　　　　,'国際教養,'言語文化　　,'　,'　　　,'文化学　　,'1,'11
'3156,'47,'00,'0,'0,'551,'日本工大　　　,'基幹工　,'　　　　　　,'　,'　　　,'機械工学　,'0,'11
'3156,'47,'01,'0,'0,'551,'日本工大　　　,'基幹工　,'機械工　　　,'　,'　　　,'機械工学　,'1,'11
'3156,'47,'02,'0,'0,'552,'日本工大　　　,'基幹工　,'電気情報工　,'　,'　　　,'電気・電子,'1,'11
'3156,'47,'03,'0,'0,'555,'日本工大　　　,'基幹工　,'環境生命化　,'　,'　　　,'応用化学　,'1,'11
'3156,'48,'00,'0,'0,'553,'日本工大　　　,'先進工　,'　　　　　　,'　,'　　　,'情報工学　,'0,'11
'3156,'48,'01,'0,'0,'551,'日本工大　　　,'先進工　,'ロボティクス,'　,'　　　,'機械工学　,'1,'11
'3156,'48,'02,'0,'0,'553,'日本工大　　　,'先進工　,'情報メディア,'　,'　　　,'情報工学　,'1,'11
'3156,'48,'03,'0,'0,'553,'日本工大　　　,'先進工　,'データサイエ,'　,'　　　,'情報工学　,'1,'11
'3156,'49,'00,'0,'0,'554,'日本工大　　　,'建築　　,'　　　　　　,'　,'　　　,'建築・土木,'0,'11
'3156,'49,'01,'0,'0,'554,'日本工大　　　,'建築　　,'建築／建築　,'　,'　　　,'建築・土木,'1,'11
'3156,'49,'02,'0,'0,'405,'日本工大　　　,'建築　　,'建築／生活環,'　,'　　　,'住居学　　,'1,'11
'3157,'01,'00,'0,'0,'106,'文教大　　　　,'文　　　,'　　　　　　,'　,'　　　,'文化学　　,'0,'11
'3157,'01,'01,'0,'0,'102,'文教大　　　　,'文　　　,'英米語英米文,'　,'　　　,'外国文学　,'1,'11
'3157,'01,'02,'0,'0,'102,'文教大　　　　,'文　　　,'中国語中国文,'　,'　　　,'外国文学　,'1,'11
'3157,'01,'03,'0,'0,'101,'文教大　　　　,'文　　　,'日本語日本文,'　,'　　　,'日本文学　,'1,'11
'3157,'01,'04,'0,'0,'151,'文教大　　　　,'文　　　,'外国語　　　,'　,'　　　,'英米語　　,'1,'11
'3157,'19,'00,'0,'0,'222,'文教大　　　　,'経営　　,'　　　　　　,'　,'　　　,'経営学・商,'0,'11
'3157,'19,'01,'0,'0,'222,'文教大　　　　,'経営　　,'経営　　　　,'　,'　　　,'経営学・商,'1,'11
'3157,'30,'00,'0,'0,'301,'文教大　　　　,'教育　　,'　　　　　　,'　,'　　　,'小学校　　,'0,'11
'3157,'30,'01,'0,'0,'301,'文教大　　　　,'教育　　,'学校／音楽　,'　,'　　　,'小学校　　,'1,'11
'3157,'30,'02,'0,'0,'301,'文教大　　　　,'教育　　,'学校／家庭　,'　,'　　　,'小学校　　,'1,'11
'3157,'30,'03,'0,'0,'301,'文教大　　　　,'教育　　,'学校／国語　,'　,'　　　,'小学校　　,'1,'11
'3157,'30,'04,'0,'0,'301,'文教大　　　　,'教育　　,'学校／社会　,'　,'　　　,'小学校　　,'1,'11
'3157,'30,'05,'0,'0,'301,'文教大　　　　,'教育　　,'学校／数学　,'　,'　　　,'小学校　　,'1,'11
'3157,'30,'06,'0,'0,'301,'文教大　　　　,'教育　　,'学校／体育　,'　,'　　　,'小学校　　,'1,'11
'3157,'30,'08,'0,'0,'301,'文教大　　　　,'教育　　,'学校／美術　,'　,'　　　,'小学校　　,'1,'11
'3157,'30,'09,'0,'0,'301,'文教大　　　　,'教育　　,'学校／理科　,'　,'　　　,'小学校　　,'1,'11
'3157,'30,'16,'0,'0,'301,'文教大　　　　,'教育　　,'学校／英語　,'　,'　　　,'小学校　　,'1,'11
'3157,'30,'17,'0,'0,'301,'文教大　　　　,'教育　　,'発達／特別支,'　,'　　　,'小学校　　,'1,'11
'3157,'30,'18,'0,'0,'301,'文教大　　　　,'教育　　,'発達／初等連,'　,'　　　,'小学校　　,'1,'11
'3157,'30,'19,'0,'0,'105,'文教大　　　　,'教育　　,'発達／児童心,'　,'　　　,'心理学　　,'1,'11
'3157,'30,'20,'0,'0,'312,'文教大　　　　,'教育　　,'発達／幼児心,'　,'　　　,'幼稚園　　,'1,'11
'3157,'33,'00,'0,'0,'151,'文教大　　　　,'国際　　,'　　　　　　,'　,'　　　,'英米語　　,'0,'11
'3157,'33,'02,'0,'0,'151,'文教大　　　　,'国際　　,'国際理解　　,'　,'　　　,'英米語　　,'1,'11
'3157,'33,'03,'0,'0,'243,'文教大　　　　,'国際　　,'国際観光　　,'　,'　　　,'観光学　　,'1,'11
'3157,'37,'00,'0,'0,'105,'文教大　　　　,'人間科学,'　　　　　　,'　,'　　　,'心理学　　,'0,'11
'3157,'37,'01,'0,'0,'241,'文教大　　　　,'人間科学,'人間科学　　,'　,'　　　,'社会学　　,'1,'11
'3157,'37,'02,'0,'0,'105,'文教大　　　　,'人間科学,'臨床心理　　,'　,'　　　,'心理学　　,'1,'11
'3157,'37,'03,'0,'0,'105,'文教大　　　　,'人間科学,'心理　　　　,'　,'　　　,'心理学　　,'1,'11
'3157,'47,'00,'0,'0,'244,'文教大　　　　,'情報　　,'　　　　　　,'　,'　　　,'マスコミ　,'0,'11
'3157,'47,'02,'0,'0,'244,'文教大　　　　,'情報　　,'メディア表現,'　,'　　　,'マスコミ　,'1,'11
'3157,'47,'03,'0,'0,'455,'文教大　　　　,'情報　　,'情報システム,'　,'　　　,'映像　　　,'1,'11
'3157,'47,'04,'0,'0,'752,'文教大　　　　,'情報　　,'データサイエ,'　,'　　　,'総合情報学,'1,'11
'3157,'64,'00,'0,'0,'402,'文教大　　　　,'健康栄養,'　　　　　　,'　,'　　　,'食物・栄養,'0,'11
'3157,'64,'01,'0,'0,'402,'文教大　　　　,'健康栄養,'管理栄養　　,'　,'　　　,'食物・栄養,'1,'11
'3158,'08,'00,'0,'0,'151,'文京学院大　　,'外国語　,'　　　　　　,'　,'　　　,'英米語　　,'0,'13
'3158,'08,'02,'0,'0,'151,'文京学院大　　,'外国語　,'英語／国際ビ,'　,'　　　,'英米語　　,'1,'13
'3158,'08,'03,'0,'0,'106,'文京学院大　　,'外国語　,'英語／国際教,'　,'　　　,'文化学　　,'1,'13
'3158,'19,'00,'0,'0,'222,'文京学院大　　,'経営　　,'　　　　　　,'　,'　　　,'経営学・商,'0,'13
'3158,'19,'01,'0,'0,'222,'文京学院大　　,'経営　　,'経営コミュニ,'　,'　　　,'経営学・商,'1,'13
'3158,'19,'04,'0,'0,'222,'文京学院大　　,'経営　　,'マーケティン,'　,'　　　,'経営学・商,'1,'13
'3158,'37,'00,'0,'0,'105,'文京学院大　　,'人間　　,'　　　　　　,'　,'　　　,'心理学　　,'0,'13
'3158,'37,'05,'0,'0,'301,'文京学院大　　,'人間　　,'児童発達　　,'　,'　　　,'小学校　　,'1,'13
'3158,'37,'06,'0,'0,'242,'文京学院大　　,'人間　　,'人間福祉　　,'　,'　　　,'社会福祉学,'1,'13
'3158,'37,'07,'0,'0,'105,'文京学院大　　,'人間　　,'心理　　　　,'　,'　　　,'心理学　　,'1,'13
'3158,'38,'00,'0,'0,'752,'文京学院大　　,'ヒューマ,'　　　　　　,'　,'　　　,'総合情報学,'0,'13
'3158,'38,'01,'0,'0,'752,'文京学院大　　,'ヒューマ,'ヒューマンデ,'　,'　　　,'総合情報学,'1,'13
'3158,'64,'00,'0,'0,'651,'文京学院大　　,'保健医療,'　　　　　　,'　,'　　　,'看護　　　,'0,'13
'3158,'64,'01,'0,'0,'655,'文京学院大　　,'保健医療,'理学療法　　,'　,'　　　,'理学療法　,'1,'13
'3158,'64,'02,'0,'0,'656,'文京学院大　　,'保健医療,'作業療法　　,'　,'　　　,'作業療法　,'1,'13
'3158,'64,'03,'0,'0,'658,'文京学院大　　,'保健医療,'臨床検査　　,'　,'　　　,'検査技術　,'1,'13
'3158,'64,'04,'0,'0,'651,'文京学院大　　,'保健医療,'看護　　　　,'　,'　　　,'看護　　　,'1,'13
'3159,'08,'00,'0,'0,'151,'明海大　　　　,'外国語　,'　　　　　　,'　,'　　　,'英米語　　,'0,'12
'3159,'08,'01,'0,'0,'151,'明海大　　　　,'外国語　,'英米語　　　,'　,'　　　,'英米語　　,'1,'12
'3159,'08,'02,'0,'0,'152,'明海大　　　　,'外国語　,'中国語　　　,'　,'　　　,'中国語　　,'1,'12
'3159,'08,'03,'0,'0,'160,'明海大　　　　,'外国語　,'日本語　　　,'　,'　　　,'日本語　　,'1,'12
'3159,'18,'00,'0,'0,'221,'明海大　　　　,'経済　　,'　　　　　　,'　,'　　　,'経済学　　,'0,'12
'3159,'18,'01,'0,'0,'221,'明海大　　　　,'経済　　,'経済　　　　,'　,'　　　,'経済学　　,'1,'12
'3159,'21,'00,'0,'0,'222,'明海大　　　　,'不動産　,'　　　　　　,'　,'　　　,'経営学・商,'0,'12
'3159,'21,'01,'0,'0,'222,'明海大　　　　,'不動産　,'不動産　　　,'　,'　　　,'経営学・商,'1,'12
'3159,'27,'00,'0,'0,'151,'明海大　　　　,'ホスピタ,'　　　　　　,'　,'　　　,'英米語　　,'0,'12
'3159,'27,'02,'0,'0,'151,'明海大　　　　,'ホスピタ,'ホス／観光　,'　,'　　　,'英米語　　,'1,'12
'3159,'27,'03,'0,'0,'151,'明海大　　　　,'ホスピタ,'ホス／グロー,'　,'　　　,'英米語　　,'1,'12
'3159,'27,'04,'0,'0,'151,'明海大　　　　,'ホスピタ,'ホス／経営情,'　,'　　　,'英米語　　,'1,'12
'3159,'58,'00,'0,'0,'611,'明海大　　　　,'歯・埼玉,'　　　　　　,'　,'　　　,'歯　　　　,'0,'12
'3159,'58,'01,'0,'0,'611,'明海大　　　　,'歯・埼玉,'歯　　　　　,'　,'　　　,'歯　　　　,'1,'12
'3159,'64,'00,'0,'0,'652,'明海大　　　　,'保健医療,'　　　　　　,'　,'　　　,'医療技術　,'0,'12
'3159,'64,'01,'0,'0,'652,'明海大　　　　,'保健医療,'口腔保健　　,'　,'　　　,'医療技術　,'1,'12
'3160,'03,'00,'0,'0,'105,'目白大　　　　,'心理　　,'　　　　　　,'　,'　　　,'心理学　　,'0,'13
'3160,'03,'01,'0,'0,'105,'目白大　　　　,'心理　　,'心理カウンセ,'　,'　　　,'心理学　　,'1,'13
'3160,'08,'00,'0,'0,'151,'目白大　　　　,'外国語　,'　　　　　　,'　,'　　　,'英米語　　,'0,'13
'3160,'08,'01,'0,'0,'151,'目白大　　　　,'外国語　,'英米語　　　,'　,'　　　,'英米語　　,'1,'13
'3160,'08,'05,'0,'0,'152,'目白大　　　　,'外国語　,'中国語　　　,'　,'　　　,'中国語　　,'1,'13
'3160,'08,'06,'0,'0,'158,'目白大　　　　,'外国語　,'韓国語　　　,'　,'　　　,'韓国語（朝,'1,'13
'3160,'08,'07,'0,'0,'160,'目白大　　　　,'外国語　,'日本語・日本,'　,'　　　,'日本語　　,'1,'13
'3160,'19,'00,'0,'0,'222,'目白大　　　　,'経営　　,'　　　　　　,'　,'　　　,'経営学・商,'0,'13
'3160,'19,'01,'0,'0,'222,'目白大　　　　,'経営　　,'経営　　　　,'　,'　　　,'経営学・商,'1,'13
'3160,'25,'00,'0,'0,'241,'目白大　　　　,'社会　　,'　　　　　　,'　,'　　　,'社会学　　,'0,'13
'3160,'25,'01,'0,'0,'752,'目白大　　　　,'社会　　,'社会情報　　,'　,'　　　,'総合情報学,'1,'13
'3160,'25,'03,'0,'0,'241,'目白大　　　　,'社会　　,'地域社会　　,'　,'　　　,'社会学　　,'1,'13
'3160,'37,'00,'0,'0,'404,'目白大　　　　,'人間　　,'　　　　　　,'　,'　　　,'児童学　　,'0,'13
'3160,'37,'02,'0,'0,'242,'目白大　　　　,'人間　　,'人間福祉　　,'　,'　　　,'社会福祉学,'1,'13
'3160,'37,'03,'0,'0,'312,'目白大　　　　,'人間　　,'子ども　　　,'　,'　　　,'幼稚園　　,'1,'13
'3160,'37,'04,'0,'0,'301,'目白大　　　　,'人間　　,'児童教育　　,'　,'　　　,'小学校　　,'1,'13
'3160,'47,'00,'0,'0,'244,'目白大　　　　,'メディア,'　　　　　　,'　,'　　　,'マスコミ　,'0,'13
'3160,'47,'01,'0,'0,'244,'目白大　　　　,'メディア,'メディア　　,'　,'　　　,'マスコミ　,'1,'13
'3160,'64,'00,'0,'0,'652,'目白大　　　　,'保健医療,'　　　　　　,'　,'　　　,'医療技術　,'0,'13
'3160,'64,'01,'0,'0,'655,'目白大　　　　,'保健医療,'理学療法　　,'　,'　　　,'理学療法　,'1,'13
'3160,'64,'02,'0,'0,'656,'目白大　　　　,'保健医療,'作業療法　　,'　,'　　　,'作業療法　,'1,'13
'3160,'64,'03,'0,'0,'652,'目白大　　　　,'保健医療,'言語聴覚　　,'　,'　　　,'医療技術　,'1,'13
'3160,'65,'00,'0,'0,'651,'目白大　　　　,'看護　　,'　　　　　　,'　,'　　　,'看護　　　,'0,'13
'3160,'65,'01,'0,'0,'651,'目白大　　　　,'看護　　,'看護　　　　,'　,'　　　,'看護　　　,'1,'13
'3161,'12,'00,'0,'0,'201,'平成国際大　　,'法　　　,'　　　　　　,'　,'　　　,'法学　　　,'0,'11
'3161,'12,'03,'0,'0,'201,'平成国際大　　,'法　　　,'法　　　　　,'　,'　　　,'法学　　　,'1,'11
'3161,'37,'00,'0,'0,'752,'平成国際大　　,'情報デザ,'　　　　　　,'　,'　　　,'総合情報学,'0,'11
'3161,'37,'01,'0,'0,'752,'平成国際大　　,'情報デザ,'情報デザイン,'　,'　　　,'総合情報学,'1,'11
'3161,'64,'00,'0,'0,'654,'平成国際大　　,'スポーツ,'　　　　　　,'　,'　　　,'体育・健康,'0,'11
'3161,'64,'01,'0,'0,'654,'平成国際大　　,'スポーツ,'スポーツ健康,'　,'　　　,'体育・健康,'1,'11
'3162,'28,'00,'0,'0,'753,'十文字学園女大,'社会情報,'　　　　　　,'　,'　　　,'総合科学　,'0,'11
'3162,'28,'01,'0,'0,'753,'十文字学園女大,'社会情報,'社会情報デザ,'　,'　　　,'総合科学　,'1,'11
'3162,'31,'00,'0,'0,'101,'十文字学園女大,'教育人文,'　　　　　　,'　,'　　　,'日本文学　,'0,'11
'3162,'31,'01,'0,'0,'312,'十文字学園女大,'教育人文,'幼児教育　　,'　,'　　　,'幼稚園　　,'1,'11
'3162,'31,'02,'0,'0,'301,'十文字学園女大,'教育人文,'児童教育　　,'　,'　　　,'小学校　　,'1,'11
'3162,'31,'03,'0,'0,'105,'十文字学園女大,'教育人文,'心理　　　　,'　,'　　　,'心理学　　,'1,'11
'3162,'31,'04,'0,'0,'101,'十文字学園女大,'教育人文,'文芸文化　　,'　,'　　　,'日本文学　,'1,'11
'3162,'79,'00,'0,'0,'402,'十文字学園女大,'人間生活,'　　　　　　,'　,'　　　,'食物・栄養,'0,'11
'3162,'79,'02,'0,'0,'402,'十文字学園女大,'人間生活,'食物栄養　　,'　,'　　　,'食物・栄養,'1,'11
'3162,'79,'12,'0,'0,'402,'十文字学園女大,'人間生活,'健康栄養　　,'　,'　　　,'食物・栄養,'1,'11
'3162,'79,'13,'0,'0,'242,'十文字学園女大,'人間生活,'人間／社福保,'　,'　　　,'社会福祉学,'1,'11
'3162,'79,'14,'0,'0,'242,'十文字学園女大,'人間生活,'人間／社福介,'　,'　　　,'社会福祉学,'1,'11
'3162,'79,'15,'0,'0,'402,'十文字学園女大,'人間生活,'食品開発　　,'　,'　　　,'食物・栄養,'1,'11
'3163,'21,'00,'0,'0,'222,'西武文理大　　,'サービス,'　　　　　　,'　,'　　　,'経営学・商,'0,'11
'3163,'21,'01,'0,'0,'222,'西武文理大　　,'サービス,'サービス経営,'　,'　　　,'経営学・商,'1,'11
'3163,'64,'00,'0,'0,'651,'西武文理大　　,'看護　　,'　　　　　　,'　,'　　　,'看護　　　,'0,'11
'3163,'64,'01,'0,'0,'651,'西武文理大　　,'看護　　,'看護　　　　,'　,'　　　,'看護　　　,'1,'11
'3164,'21,'00,'0,'0,'221,'埼玉学園大　　,'経済経営,'　　　　　　,'　,'　　　,'経済学　　,'0,'11
'3164,'21,'01,'0,'0,'221,'埼玉学園大　　,'経済経営,'経済経営　　,'　,'　　　,'経済学　　,'1,'11
'3164,'37,'00,'0,'0,'105,'埼玉学園大　　,'人間　　,'　　　　　　,'　,'　　　,'心理学　　,'0,'11
'3164,'37,'01,'0,'0,'751,'埼玉学園大　　,'人間　　,'人間文化　　,'　,'　　　,'人間科学　,'1,'11
'3164,'37,'02,'0,'0,'301,'埼玉学園大　　,'人間　　,'子ども発達　,'　,'　　　,'小学校　　,'1,'11
'3164,'37,'03,'0,'0,'105,'埼玉学園大　　,'人間　　,'心理　　　　,'　,'　　　,'心理学　　,'1,'11
'3165,'13,'00,'0,'0,'201,'尚美学園大　　,'総合政策,'　　　　　　,'　,'　　　,'法学　　　,'0,'11
'3165,'13,'01,'0,'0,'201,'尚美学園大　　,'総合政策,'総合政策　　,'　,'　　　,'法学　　　,'1,'11
'3165,'64,'00,'0,'0,'222,'尚美学園大　　,'スポーツ,'　　　　　　,'　,'　　　,'経営学・商,'0,'11
'3165,'64,'01,'0,'0,'222,'尚美学園大　　,'スポーツ,'スポーツマネ,'　,'　　　,'経営学・商,'1,'11
'3165,'83,'00,'0,'0,'451,'尚美学園大　　,'芸術情報,'　　　　　　,'　,'　　　,'美術・デザ,'0,'11
'3165,'83,'01,'0,'0,'451,'尚美学園大　　,'芸術情報,'情報表現　　,'　,'　　　,'美術・デザ,'1,'11
'3165,'83,'21,'0,'0,'453,'尚美学園大　　,'芸術情報,'芸術表現　　,'　,'　　　,'音楽　　　,'1,'11
'3166,'21,'00,'0,'0,'222,'共栄大　　　　,'国際経営,'　　　　　　,'　,'　　　,'経営学・商,'0,'11
'3166,'21,'01,'0,'0,'222,'共栄大　　　　,'国際経営,'国際経営　　,'　,'　　　,'経営学・商,'1,'11
'3166,'30,'00,'0,'0,'301,'共栄大　　　　,'教育　　,'　　　　　　,'　,'　　　,'小学校　　,'0,'11
'3166,'30,'01,'0,'0,'301,'共栄大　　　　,'教育　　,'教育　　　　,'　,'　　　,'小学校　　,'1,'11
'3167,'83,'00,'0,'0,'551,'ものつくり大　,'技能工芸,'　　　　　　,'　,'　　　,'機械工学　,'0,'11
'3167,'83,'01,'0,'0,'551,'ものつくり大　,'技能工芸,'情報メカトロ,'　,'　　　,'機械工学　,'1,'11
'3167,'83,'02,'0,'0,'554,'ものつくり大　,'技能工芸,'建設　　　　,'　,'　　　,'建築・土木,'1,'11
'3168,'25,'00,'0,'0,'241,'浦和大　　　　,'社会　　,'　　　　　　,'　,'　　　,'社会学　　,'0,'11
'3168,'25,'01,'0,'0,'242,'浦和大　　　　,'社会　　,'総合福祉　　,'　,'　　　,'社会福祉学,'1,'11
'3168,'25,'02,'0,'0,'241,'浦和大　　　　,'社会　　,'現代社会　　,'　,'　　　,'社会学　　,'1,'11
'3168,'79,'00,'0,'0,'301,'浦和大　　　　,'こども　,'　　　　　　,'　,'　　　,'小学校　　,'0,'11
'3168,'79,'01,'0,'0,'312,'浦和大　　　　,'こども　,'こども　　　,'　,'　　　,'幼稚園　　,'1,'11
'3168,'79,'02,'0,'0,'301,'浦和大　　　　,'こども　,'学校教育　　,'　,'　　　,'小学校　　,'1,'11
'3169,'61,'00,'0,'0,'621,'日本薬大　　　,'薬　　　,'　　　　　　,'　,'　　　,'薬　　　　,'0,'11
'3169,'61,'04,'0,'0,'621,'日本薬大　　　,'薬　　　,'薬　　　　　,'　,'　　　,'薬　　　　,'1,'11
'3169,'62,'00,'0,'0,'222,'日本薬大　　　,'薬科学　,'　　　　　　,'　,'　　　,'経営学・商,'0,'11
'3169,'62,'01,'0,'0,'222,'日本薬大　　　,'薬科学　,'医療／お茶の,'　,'　　　,'経営学・商,'1,'11
'3169,'62,'02,'0,'0,'653,'日本薬大　　　,'薬科学　,'医療／さいた,'　,'　　　,'保健　　　,'1,'11
'3170,'37,'00,'0,'0,'261,'武蔵野学院大　,'国際コミ,'　　　　　　,'　,'　　　,'国際関係学,'0,'11
'3170,'37,'01,'0,'0,'261,'武蔵野学院大　,'国際コミ,'国際コミュニ,'　,'　　　,'国際関係学,'1,'11
'3171,'37,'00,'0,'0,'402,'人間総合科学大,'人間科学,'　　　　　　,'　,'　　　,'食物・栄養,'0,'11
'3171,'37,'01,'0,'0,'402,'人間総合科学大,'人間科学,'健康栄養　　,'　,'　　　,'食物・栄養,'1,'11
'3171,'37,'02,'0,'0,'402,'人間総合科学大,'人間科学,'ヘルスフード,'　,'　　　,'食物・栄養,'1,'11
'3171,'37,'03,'0,'0,'751,'人間総合科学大,'人間科学,'心身健康科学,'　,'　　　,'人間科学　,'1,'11
'3171,'64,'00,'0,'0,'651,'人間総合科学大,'保健医療,'　　　　　　,'　,'　　　,'看護　　　,'0,'11
'3171,'64,'01,'0,'0,'651,'人間総合科学大,'保健医療,'看護　　　　,'　,'　　　,'看護　　　,'1,'11
'3171,'64,'02,'0,'0,'655,'人間総合科学大,'保健医療,'リハ／理学療,'　,'　　　,'理学療法　,'1,'11
'3171,'64,'03,'0,'0,'652,'人間総合科学大,'保健医療,'リハ／義肢装,'　,'　　　,'医療技術　,'1,'11
'3172,'64,'00,'0,'0,'651,'日本医療科学大,'保健医療,'　　　　　　,'　,'　　　,'看護　　　,'0,'11
'3172,'64,'01,'0,'0,'657,'日本医療科学大,'保健医療,'診療放射線　,'　,'　　　,'放射線技術,'1,'11
'3172,'64,'02,'0,'0,'655,'日本医療科学大,'保健医療,'リハ／理学療,'　,'　　　,'理学療法　,'1,'11
'3172,'64,'03,'0,'0,'656,'日本医療科学大,'保健医療,'リハ／作業療,'　,'　　　,'作業療法　,'1,'11
'3172,'64,'04,'0,'0,'651,'日本医療科学大,'保健医療,'看護　　　　,'　,'　　　,'看護　　　,'1,'11
'3172,'64,'05,'0,'0,'652,'日本医療科学大,'保健医療,'臨床工　　　,'　,'　　　,'医療技術　,'1,'11
'3172,'64,'06,'0,'0,'658,'日本医療科学大,'保健医療,'臨床検査　　,'　,'　　　,'検査技術　,'1,'11
'3173,'64,'00,'0,'0,'651,'東都大　　　　,'ヒューマ,'　　　　　　,'　,'　　　,'看護　　　,'0,'11
'3173,'64,'01,'0,'0,'651,'東都大　　　　,'ヒューマ,'看護　　　　,'　,'　　　,'看護　　　,'1,'11
'3173,'65,'00,'0,'0,'651,'東都大　　　　,'幕張ヒュ,'　　　　　　,'　,'　　　,'看護　　　,'0,'11
'3173,'65,'01,'0,'0,'651,'東都大　　　　,'幕張ヒュ,'看護　　　　,'　,'　　　,'看護　　　,'1,'11
'3173,'65,'02,'0,'0,'655,'東都大　　　　,'幕張ヒュ,'理学療法　　,'　,'　　　,'理学療法　,'1,'11
'3173,'65,'03,'0,'0,'652,'東都大　　　　,'幕張ヒュ,'臨床工　　　,'　,'　　　,'医療技術　,'1,'11
'3173,'65,'04,'0,'0,'654,'東都大　　　　,'幕張ヒュ,'健康科学　　,'　,'　　　,'体育・健康,'1,'11
'3173,'66,'00,'0,'0,'651,'東都大　　　　,'沼津ヒュ,'　　　　　　,'　,'　　　,'看護　　　,'0,'11
'3173,'66,'01,'0,'0,'651,'東都大　　　　,'沼津ヒュ,'看護　　　　,'　,'　　　,'看護　　　,'1,'11
'3174,'64,'00,'0,'0,'651,'日本保健医療大,'保健医療,'　　　　　　,'　,'　　　,'看護　　　,'0,'11
'3174,'64,'01,'0,'0,'651,'日本保健医療大,'保健医療,'看護　　　　,'　,'　　　,'看護　　　,'1,'11
'3174,'64,'02,'0,'0,'655,'日本保健医療大,'保健医療,'理学療法　　,'　,'　　　,'理学療法　,'1,'11
'3191,'25,'00,'0,'0,'105,'江戸川大　　　,'社会　　,'　　　　　　,'　,'　　　,'心理学　　,'0,'12
'3191,'25,'04,'0,'0,'222,'江戸川大　　　,'社会　　,'経営社会　　,'　,'　　　,'経営学・商,'1,'12
'3191,'25,'05,'0,'0,'105,'江戸川大　　　,'社会　　,'人間心理　　,'　,'　　　,'心理学　　,'1,'12
'3191,'25,'06,'0,'0,'106,'江戸川大　　　,'社会　　,'現代社会　　,'　,'　　　,'文化学　　,'1,'12
'3191,'37,'00,'0,'0,'151,'江戸川大　　　,'メディア,'　　　　　　,'　,'　　　,'英米語　　,'0,'12
'3191,'37,'01,'0,'0,'244,'江戸川大　　　,'メディア,'マス・コミュ,'　,'　　　,'マスコミ　,'1,'12
'3191,'37,'02,'0,'0,'151,'江戸川大　　　,'メディア,'情報文化　　,'　,'　　　,'英米語　　,'1,'12
'3191,'37,'03,'0,'0,'312,'江戸川大　　　,'メディア,'こどもコミュ,'　,'　　　,'幼稚園　　,'1,'12
'3192,'01,'00,'0,'0,'103,'川村学園女子大,'文　　　,'　　　　　　,'　,'　　　,'地理学　　,'0,'12
'3192,'01,'02,'0,'0,'103,'川村学園女子大,'文　　　,'史学　　　　,'　,'　　　,'地理学　　,'1,'12
'3192,'01,'03,'0,'0,'105,'川村学園女子大,'文　　　,'心理　　　　,'　,'　　　,'心理学　　,'1,'12
'3192,'01,'06,'0,'0,'106,'川村学園女子大,'文　　　,'日本文化　　,'　,'　　　,'文化学　　,'1,'12
'3193,'08,'00,'0,'0,'151,'神田外語大　　,'外国語　,'　　　　　　,'　,'　　　,'英米語　　,'0,'12
'3193,'08,'01,'0,'0,'151,'神田外語大　　,'外国語　,'英米語　　　,'　,'　　　,'英米語　　,'1,'12
'3193,'08,'11,'0,'0,'151,'神田外語大　　,'外国語　,'国際／国際コ,'　,'　　　,'英米語　　,'1,'12
'3193,'08,'12,'0,'0,'151,'神田外語大　　,'外国語　,'国際／国際ビ,'　,'　　　,'英米語　　,'1,'12
'3193,'08,'13,'0,'0,'152,'神田外語大　　,'外国語　,'アジ／中国語,'　,'　　　,'中国語　　,'1,'12
'3193,'08,'14,'0,'0,'158,'神田外語大　　,'外国語　,'アジ／韓国語,'　,'　　　,'韓国語（朝,'1,'12
'3193,'08,'15,'0,'0,'161,'神田外語大　　,'外国語　,'アジ／インド,'　,'　　　,'東南アジア,'1,'12
'3193,'08,'16,'0,'0,'161,'神田外語大　　,'外国語　,'アジ／ベトナ,'　,'　　　,'東南アジア,'1,'12
'3193,'08,'17,'0,'0,'161,'神田外語大　　,'外国語　,'アジ／タイ語,'　,'　　　,'東南アジア,'1,'12
'3193,'08,'18,'0,'0,'155,'神田外語大　　,'外国語　,'イベ／スペイ,'　,'　　　,'スペイン語,'1,'12
'3193,'08,'19,'0,'0,'159,'神田外語大　　,'外国語　,'イベ／ブラジ,'　,'　　　,'ポルトガル,'1,'12
'3193,'33,'00,'0,'0,'106,'神田外語大　　,'グローバ,'　　　　　　,'　,'　　　,'文化学　　,'0,'12
'3193,'33,'01,'0,'0,'106,'神田外語大　　,'グローバ,'グローバルリ,'　,'　　　,'文化学　　,'1,'12
'3194,'18,'00,'0,'0,'221,'敬愛大　　　　,'経済　　,'　　　　　　,'　,'　　　,'経済学　　,'1,'12
'3194,'21,'00,'0,'0,'223,'敬愛大　　　　,'情報マネ,'　　　　　　,'　,'　　　,'経営情報学,'0,'12
'3194,'21,'01,'0,'0,'223,'敬愛大　　　　,'情報マネ,'情報マネジメ,'　,'　　　,'経営情報学,'1,'12
'3194,'30,'00,'0,'0,'301,'敬愛大　　　　,'教育　　,'　　　　　　,'　,'　　　,'小学校　　,'0,'12
'3194,'30,'01,'0,'0,'301,'敬愛大　　　　,'教育　　,'こども教育　,'　,'　　　,'小学校　　,'1,'12
'3194,'33,'00,'0,'0,'151,'敬愛大　　　　,'国際　　,'　　　　　　,'　,'　　　,'英米語　　,'0,'12
'3194,'33,'02,'0,'0,'151,'敬愛大　　　　,'国際　　,'国際　　　　,'　,'　　　,'英米語　　,'1,'12
'3195,'64,'00,'0,'0,'654,'国際武道大　　,'体育　　,'　　　　　　,'　,'　　　,'体育・健康,'0,'12
'3195,'64,'01,'0,'0,'654,'国際武道大　　,'体育　　,'体育　　　　,'　,'　　　,'体育・健康,'1,'12
'3195,'64,'02,'0,'0,'654,'国際武道大　　,'体育　　,'武道　　　　,'　,'　　　,'体育・健康,'1,'12
'3196,'02,'00,'0,'0,'108,'淑徳大　　　　,'人文　　,'　　　　　　,'　,'　　　,'東洋史　　,'0,'12
'3196,'02,'01,'0,'0,'457,'淑徳大　　　　,'人文　　,'表現　　　　,'　,'　　　,'放送　　　,'1,'12
'3196,'02,'02,'0,'0,'108,'淑徳大　　　　,'人文　　,'歴史　　　　,'　,'　　　,'東洋史　　,'1,'12
'3196,'02,'03,'0,'0,'751,'淑徳大　　　　,'人文　　,'人間科学　　,'　,'　　　,'人間科学　,'1,'12
'3196,'19,'00,'0,'0,'222,'淑徳大　　　　,'経営　　,'　　　　　　,'　,'　　　,'経営学・商,'0,'12
'3196,'19,'01,'0,'0,'222,'淑徳大　　　　,'経営　　,'経営　　　　,'　,'　　　,'経営学・商,'1,'12
'3196,'19,'02,'0,'0,'222,'淑徳大　　　　,'経営　　,'観光経営　　,'　,'　　　,'経営学・商,'1,'12
'3196,'27,'00,'0,'0,'242,'淑徳大　　　　,'総合福祉,'　　　　　　,'　,'　　　,'社会福祉学,'0,'12
'3196,'27,'02,'0,'0,'105,'淑徳大　　　　,'総合福祉,'実践心理　　,'　,'　　　,'心理学　　,'1,'12
'3196,'27,'07,'0,'0,'301,'淑徳大　　　　,'総合福祉,'教育／学校教,'　,'　　　,'小学校　　,'1,'12
'3196,'27,'08,'0,'0,'654,'淑徳大　　　　,'総合福祉,'教育／健康教,'　,'　　　,'体育・健康,'1,'12
'3196,'27,'09,'0,'0,'242,'淑徳大　　　　,'総合福祉,'社会／社会福,'　,'　　　,'社会福祉学,'1,'12
'3196,'27,'10,'0,'0,'242,'淑徳大　　　　,'総合福祉,'社会／福祉教,'　,'　　　,'社会福祉学,'1,'12
'3196,'28,'00,'0,'0,'202,'淑徳大　　　　,'コミュニ,'　　　　　　,'　,'　　　,'政治学　　,'0,'12
'3196,'28,'01,'0,'0,'202,'淑徳大　　　　,'コミュニ,'コミュニティ,'　,'　　　,'政治学　　,'1,'12
'3196,'30,'00,'0,'0,'301,'淑徳大　　　　,'教育　　,'　　　　　　,'　,'　　　,'小学校　　,'0,'12
'3196,'30,'01,'0,'0,'301,'淑徳大　　　　,'教育　　,'こども教育　,'　,'　　　,'小学校　　,'1,'12
'3196,'38,'00,'0,'0,'753,'淑徳大　　　　,'地域創生,'　　　　　　,'　,'　　　,'総合科学　,'0,'12
'3196,'38,'01,'0,'0,'753,'淑徳大　　　　,'地域創生,'地域創生　　,'　,'　　　,'総合科学　,'1,'12
'3196,'64,'00,'0,'0,'402,'淑徳大　　　　,'看護栄養,'　　　　　　,'　,'　　　,'食物・栄養,'0,'12
'3196,'64,'01,'0,'0,'651,'淑徳大　　　　,'看護栄養,'看護　　　　,'　,'　　　,'看護　　　,'1,'12
'3196,'64,'02,'0,'0,'402,'淑徳大　　　　,'看護栄養,'栄養　　　　,'　,'　　　,'食物・栄養,'1,'12
'3197,'21,'00,'0,'0,'222,'城西国際大　　,'経営情報,'　　　　　　,'　,'　　　,'経営学・商,'0,'12
'3197,'21,'07,'0,'0,'222,'城西国際大　　,'経営情報,'総合／東京紀,'　,'　　　,'経営学・商,'1,'12
'3197,'21,'08,'0,'0,'202,'城西国際大　　,'経営情報,'総合／千葉東,'　,'　　　,'政治学　　,'1,'12
'3197,'28,'00,'0,'0,'222,'城西国際大　　,'観光　　,'　　　　　　,'　,'　　　,'経営学・商,'0,'12
'3197,'28,'01,'0,'0,'222,'城西国際大　　,'観光　　,'観光　　　　,'　,'　　　,'経営学・商,'1,'12
'3197,'33,'00,'0,'0,'106,'城西国際大　　,'国際人文,'　　　　　　,'　,'　　　,'文化学　　,'0,'12
'3197,'33,'01,'0,'0,'106,'城西国際大　　,'国際人文,'国際文化　　,'　,'　　　,'文化学　　,'1,'12
'3197,'33,'02,'0,'0,'151,'城西国際大　　,'国際人文,'国際交流　　,'　,'　　　,'英米語　　,'1,'12
'3197,'61,'00,'0,'0,'621,'城西国際大　　,'薬　　　,'　　　　　　,'　,'　　　,'薬　　　　,'0,'12
'3197,'61,'01,'0,'0,'621,'城西国際大　　,'薬　　　,'医療薬　　　,'　,'　　　,'薬　　　　,'1,'12
'3197,'65,'00,'0,'0,'242,'城西国際大　　,'健康科学,'　　　　　　,'　,'　　　,'社会福祉学,'0,'12
'3197,'65,'01,'0,'0,'651,'城西国際大　　,'健康科学,'看護　　　　,'　,'　　　,'看護　　　,'1,'12
'3197,'65,'02,'0,'0,'655,'城西国際大　　,'健康科学,'理学療法　　,'　,'　　　,'理学療法　,'1,'12
'3197,'65,'04,'0,'0,'242,'城西国際大　　,'健康科学,'福祉総合　　,'　,'　　　,'社会福祉学,'1,'12
'3197,'83,'00,'0,'0,'453,'城西国際大　　,'メディア,'　　　　　　,'　,'　　　,'音楽　　　,'0,'12
'3197,'83,'02,'0,'0,'453,'城西国際大　　,'メディア,'メデ／ニュー,'　,'　　　,'音楽　　　,'1,'12
'3197,'83,'03,'0,'0,'453,'城西国際大　　,'メディア,'メデ／映像芸,'　,'　　　,'音楽　　　,'1,'12
'3198,'01,'00,'0,'0,'106,'聖徳大　　　　,'文　　　,'　　　　　　,'　,'　　　,'文化学　　,'0,'12
'3198,'01,'02,'0,'0,'106,'聖徳大　　　　,'文　　　,'文学／国際文,'　,'　　　,'文化学　　,'1,'12
'3198,'01,'03,'0,'0,'101,'聖徳大　　　　,'文　　　,'文学／日本語,'　,'　　　,'日本文学　,'1,'12
'3198,'01,'04,'0,'0,'109,'聖徳大　　　　,'文　　　,'文学／歴史文,'　,'　　　,'日本史　　,'1,'12
'3198,'01,'05,'0,'0,'454,'聖徳大　　　　,'文　　　,'文学／書道文,'　,'　　　,'書道　　　,'1,'12
'3198,'01,'07,'0,'0,'752,'聖徳大　　　　,'文　　　,'文学／図書館,'　,'　　　,'総合情報学,'1,'12
'3198,'01,'08,'0,'0,'106,'聖徳大　　　　,'文　　　,'文学／教養デ,'　,'　　　,'文化学　　,'1,'12
'3198,'03,'00,'0,'0,'105,'聖徳大　　　　,'心理福祉,'　　　　　　,'　,'　　　,'心理学　　,'0,'12
'3198,'03,'01,'0,'0,'105,'聖徳大　　　　,'心理福祉,'心理　　　　,'　,'　　　,'心理学　　,'1,'12
'3198,'03,'02,'0,'0,'242,'聖徳大　　　　,'心理福祉,'社会福祉　　,'　,'　　　,'社会福祉学,'1,'12
'3198,'30,'00,'0,'0,'316,'聖徳大　　　　,'教育　　,'　　　　　　,'　,'　　　,'０免課程　,'0,'12
'3198,'30,'05,'0,'0,'301,'聖徳大　　　　,'教育　　,'教育／小学校,'　,'　　　,'小学校　　,'1,'12
'3198,'30,'06,'0,'0,'301,'聖徳大　　　　,'教育　　,'教育／特別支,'　,'　　　,'小学校　　,'1,'12
'3198,'30,'07,'0,'0,'316,'聖徳大　　　　,'教育　　,'教育／スポー,'　,'　　　,'０免課程　,'1,'12
'3198,'30,'08,'0,'0,'105,'聖徳大　　　　,'教育　　,'児童　　　　,'　,'　　　,'心理学　　,'1,'12
'3198,'32,'00,'0,'0,'316,'聖徳大　　　　,'教育夜　,'　　　　　　,'　,'　　　,'０免課程　,'0,'12
'3198,'32,'01,'0,'0,'105,'聖徳大　　　　,'教育夜　,'児童　　　　,'　,'　　　,'心理学　　,'1,'12
'3198,'32,'03,'0,'0,'301,'聖徳大　　　　,'教育夜　,'教育／小学校,'　,'　　　,'小学校　　,'1,'12
'3198,'32,'04,'0,'0,'301,'聖徳大　　　　,'教育夜　,'教育／特別支,'　,'　　　,'小学校　　,'1,'12
'3198,'64,'00,'0,'0,'651,'聖徳大　　　　,'看護　　,'　　　　　　,'　,'　　　,'看護　　　,'0,'12
'3198,'64,'01,'0,'0,'651,'聖徳大　　　　,'看護　　,'看護　　　　,'　,'　　　,'看護　　　,'1,'12
'3198,'80,'00,'0,'0,'402,'聖徳大　　　　,'人間栄養,'　　　　　　,'　,'　　　,'食物・栄養,'0,'12
'3198,'80,'01,'0,'0,'402,'聖徳大　　　　,'人間栄養,'人間栄養　　,'　,'　　　,'食物・栄養,'1,'12
'3198,'83,'00,'0,'0,'309,'聖徳大　　　　,'音楽　　,'　　　　　　,'　,'　　　,'中高－音楽,'0,'12
'3198,'83,'03,'0,'0,'309,'聖徳大　　　　,'音楽　　,'音楽　　　　,'　,'　　　,'中高－音楽,'1,'12
'3199,'12,'00,'0,'0,'201,'清和大　　　　,'法　　　,'　　　　　　,'　,'　　　,'法学　　　,'0,'12
'3199,'12,'02,'0,'0,'201,'清和大　　　　,'法　　　,'法律／法学　,'　,'　　　,'法学　　　,'1,'12
'3199,'12,'03,'0,'0,'201,'清和大　　　　,'法　　　,'法律／情報法,'　,'　　　,'法学　　　,'1,'12
'3200,'18,'00,'0,'0,'221,'千葉経大　　　,'経済　　,'　　　　　　,'　,'　　　,'経済学　　,'1,'12
'3201,'38,'00,'0,'0,'223,'千葉工大　　　,'未来変革,'　　　　　　,'　,'　　　,'経営情報学,'0,'12
'3201,'38,'01,'0,'0,'223,'千葉工大　　　,'未来変革,'デジタル変革,'　,'　　　,'経営情報学,'1,'12
'3201,'38,'02,'0,'0,'752,'千葉工大　　　,'未来変革,'経営デザイン,'　,'　　　,'総合情報学,'1,'12
'3201,'46,'00,'0,'0,'552,'千葉工大　　　,'工　　　,'　　　　　　,'　,'　　　,'電気・電子,'0,'12
'3201,'46,'01,'0,'0,'551,'千葉工大　　　,'工　　　,'機械工　　　,'　,'　　　,'機械工学　,'1,'12
'3201,'46,'20,'0,'0,'551,'千葉工大　　　,'工　　　,'宇宙・半導体,'　,'　　　,'機械工学　,'1,'12
'3201,'46,'21,'0,'0,'558,'千葉工大　　　,'工　　　,'先端材料工　,'　,'　　　,'金属・材料,'1,'12
'3201,'46,'22,'0,'0,'552,'千葉工大　　　,'工　　　,'電気電子工　,'　,'　　　,'電気・電子,'1,'12
'3201,'46,'23,'0,'0,'552,'千葉工大　　　,'工　　　,'情報通信シス,'　,'　　　,'電気・電子,'1,'12
'3201,'46,'24,'0,'0,'555,'千葉工大　　　,'工　　　,'応用化　　　,'　,'　　　,'応用化学　,'1,'12
'3201,'47,'00,'0,'0,'554,'千葉工大　　　,'創造工　,'　　　　　　,'　,'　　　,'建築・土木,'0,'12
'3201,'47,'01,'0,'0,'554,'千葉工大　　　,'創造工　,'建築　　　　,'　,'　　　,'建築・土木,'1,'12
'3201,'47,'02,'0,'0,'554,'千葉工大　　　,'創造工　,'都市環境工　,'　,'　　　,'建築・土木,'1,'12
'3201,'47,'03,'0,'0,'566,'千葉工大　　　,'創造工　,'デザイン科学,'　,'　　　,'デザイン工,'1,'12
'3201,'48,'00,'0,'0,'551,'千葉工大　　　,'先進工　,'　　　　　　,'　,'　　　,'機械工学　,'0,'12
'3201,'48,'01,'0,'0,'551,'千葉工大　　　,'先進工　,'未来ロボティ,'　,'　　　,'機械工学　,'1,'12
'3201,'48,'02,'0,'0,'564,'千葉工大　　　,'先進工　,'生命科学　　,'　,'　　　,'生物工学　,'1,'12
'3201,'48,'03,'0,'0,'553,'千葉工大　　　,'先進工　,'知能メディア,'　,'　　　,'情報工学　,'1,'12
'3201,'49,'00,'0,'0,'506,'千葉工大　　　,'情報変革,'　　　　　　,'　,'　　　,'情報科学　,'0,'12
'3201,'49,'01,'0,'0,'553,'千葉工大　　　,'情報変革,'情報工　　　,'　,'　　　,'情報工学　,'1,'12
'3201,'49,'02,'0,'0,'105,'千葉工大　　　,'情報変革,'認知情報科学,'　,'　　　,'心理学　　,'1,'12
'3201,'49,'03,'0,'0,'506,'千葉工大　　　,'情報変革,'高度応用情報,'　,'　　　,'情報科学　,'1,'12
'3202,'13,'00,'0,'0,'221,'千葉商大　　　,'総合政策,'　　　　　　,'　,'　　　,'経済学　　,'0,'12
'3202,'13,'01,'0,'0,'753,'千葉商大　　　,'総合政策,'政策情報　　,'　,'　　　,'総合科学　,'1,'12
'3202,'13,'02,'0,'0,'221,'千葉商大　　　,'総合政策,'経済　　　　,'　,'　　　,'経済学　　,'1,'12
'3202,'21,'00,'0,'0,'222,'千葉商大　　　,'商経　　,'　　　　　　,'　,'　　　,'経営学・商,'0,'12
'3202,'21,'01,'0,'0,'222,'千葉商大　　　,'商経　　,'経営　　　　,'　,'　　　,'経営学・商,'1,'12
'3202,'21,'03,'0,'0,'222,'千葉商大　　　,'商経　　,'商　　　　　,'　,'　　　,'経営学・商,'1,'12
'3202,'22,'00,'0,'0,'222,'千葉商大　　　,'サービス,'　　　　　　,'　,'　　　,'経営学・商,'0,'12
'3202,'22,'01,'0,'0,'222,'千葉商大　　　,'サービス,'サービス創造,'　,'　　　,'経営学・商,'1,'12
'3202,'27,'00,'0,'0,'221,'千葉商大　　　,'人間社会,'　　　　　　,'　,'　　　,'経済学　　,'0,'12
'3202,'27,'01,'0,'0,'221,'千葉商大　　　,'人間社会,'人間社会　　,'　,'　　　,'経済学　　,'1,'12
'3203,'12,'00,'0,'0,'201,'中央学院大　　,'法　　　,'　　　　　　,'　,'　　　,'法学　　　,'0,'12
'3203,'12,'01,'0,'0,'201,'中央学院大　　,'法　　　,'法　　　　　,'　,'　　　,'法学　　　,'1,'12
'3203,'20,'00,'0,'0,'221,'中央学院大　　,'商　　　,'　　　　　　,'　,'　　　,'経済学　　,'0,'12
'3203,'20,'01,'0,'0,'221,'中央学院大　　,'商　　　,'商　　　　　,'　,'　　　,'経済学　　,'1,'12
'3203,'37,'00,'0,'0,'241,'中央学院大　　,'現代教養,'　　　　　　,'　,'　　　,'社会学　　,'0,'12
'3203,'37,'01,'0,'0,'241,'中央学院大　　,'現代教養,'現代教養　　,'　,'　　　,'社会学　　,'1,'12
'3204,'27,'00,'0,'0,'222,'帝京平成大　　,'人文社会,'　　　　　　,'　,'　　　,'経営学・商,'0,'13
'3204,'27,'01,'0,'0,'301,'帝京平成大　　,'人文社会,'教育／小学校,'　,'　　　,'小学校　　,'1,'13
'3204,'27,'02,'0,'0,'312,'帝京平成大　　,'人文社会,'教育／保育幼,'　,'　　　,'幼稚園　　,'1,'13
'3204,'27,'03,'0,'0,'242,'帝京平成大　　,'人文社会,'人間／福祉　,'　,'　　　,'社会福祉学,'1,'13
'3204,'27,'04,'0,'0,'451,'帝京平成大　　,'人文社会,'人間／メディ,'　,'　　　,'美術・デザ,'1,'13
'3204,'27,'05,'0,'0,'151,'帝京平成大　　,'人文社会,'人間／グロー,'　,'　　　,'英米語　　,'1,'13
'3204,'27,'06,'0,'0,'222,'帝京平成大　　,'人文社会,'経営／経営　,'　,'　　　,'経営学・商,'1,'13
'3204,'27,'07,'0,'0,'222,'帝京平成大　　,'人文社会,'経営／トレー,'　,'　　　,'経営学・商,'1,'13
'3204,'27,'09,'0,'0,'151,'帝京平成大　　,'人文社会,'観光経営　　,'　,'　　　,'英米語　　,'1,'13
'3204,'39,'00,'0,'0,'752,'帝京平成大　　,'共創　　,'　　　　　　,'　,'　　　,'総合情報学,'0,'13
'3204,'39,'01,'0,'0,'752,'帝京平成大　　,'共創　　,'デジタル共創,'　,'　　　,'総合情報学,'1,'13
'3204,'61,'00,'0,'0,'621,'帝京平成大　　,'薬　　　,'　　　　　　,'　,'　　　,'薬　　　　,'0,'13
'3204,'61,'01,'0,'0,'621,'帝京平成大　　,'薬　　　,'薬　　　　　,'　,'　　　,'薬　　　　,'1,'13
'3204,'64,'00,'0,'0,'652,'帝京平成大　　,'健康メデ,'　　　　　　,'　,'　　　,'医療技術　,'0,'13
'3204,'64,'01,'0,'0,'655,'帝京平成大　　,'健康メデ,'理学療法　　,'　,'　　　,'理学療法　,'1,'13
'3204,'64,'02,'0,'0,'656,'帝京平成大　　,'健康メデ,'作業療法　　,'　,'　　　,'作業療法　,'1,'13
'3204,'64,'03,'0,'0,'652,'帝京平成大　　,'健康メデ,'言語聴覚　　,'　,'　　　,'医療技術　,'1,'13
'3204,'64,'04,'0,'0,'105,'帝京平成大　　,'健康メデ,'心理　　　　,'　,'　　　,'心理学　　,'1,'13
'3204,'64,'07,'0,'0,'402,'帝京平成大　　,'健康メデ,'健康栄養　　,'　,'　　　,'食物・栄養,'1,'13
'3204,'64,'09,'0,'0,'652,'帝京平成大　　,'健康メデ,'医療／救急救,'　,'　　　,'医療技術　,'1,'13
'3204,'64,'10,'0,'0,'652,'帝京平成大　　,'健康メデ,'医療／臨床工,'　,'　　　,'医療技術　,'1,'13
'3204,'64,'11,'0,'0,'654,'帝京平成大　　,'健康メデ,'医療／スポー,'　,'　　　,'体育・健康,'1,'13
'3204,'65,'00,'0,'0,'652,'帝京平成大　　,'ヒューマ,'　　　　　　,'　,'　　　,'医療技術　,'0,'13
'3204,'65,'01,'0,'0,'651,'帝京平成大　　,'ヒューマ,'看護　　　　,'　,'　　　,'看護　　　,'1,'13
'3204,'65,'05,'0,'0,'652,'帝京平成大　　,'ヒューマ,'柔道整復　　,'　,'　　　,'医療技術　,'1,'13
'3204,'65,'06,'0,'0,'652,'帝京平成大　　,'ヒューマ,'鍼灸　　　　,'　,'　　　,'医療技術　,'1,'13
'3204,'66,'00,'0,'0,'652,'帝京平成大　　,'健康医療,'　　　　　　,'　,'　　　,'医療技術　,'0,'13
'3204,'66,'01,'0,'0,'652,'帝京平成大　　,'健康医療,'柔道整復　　,'　,'　　　,'医療技術　,'1,'13
'3204,'66,'05,'0,'0,'652,'帝京平成大　　,'健康医療,'医療／救急救,'　,'　　　,'医療技術　,'1,'13
'3204,'66,'06,'0,'0,'654,'帝京平成大　　,'健康医療,'医療／トレー,'　,'　　　,'体育・健康,'1,'13
'3204,'66,'07,'0,'0,'654,'帝京平成大　　,'健康医療,'医療／アスリ,'　,'　　　,'体育・健康,'1,'13
'3204,'66,'08,'0,'0,'651,'帝京平成大　　,'健康医療,'看護　　　　,'　,'　　　,'看護　　　,'1,'13
'3204,'66,'09,'0,'0,'656,'帝京平成大　　,'健康医療,'リハ／作業療,'　,'　　　,'作業療法　,'1,'13
'3204,'66,'10,'0,'0,'655,'帝京平成大　　,'健康医療,'リハ／理学療,'　,'　　　,'理学療法　,'1,'13
'3204,'66,'11,'0,'0,'705,'帝京平成大　　,'健康医療,'医療／動物医,'　,'　　　,'獣医学　　,'1,'13
'3205,'03,'00,'0,'0,'104,'東京基督教大　,'神　　　,'　　　　　　,'　,'　　　,'哲学倫理宗,'0,'12
'3205,'03,'05,'0,'0,'104,'東京基督教大　,'神　　　,'神学・国際教,'　,'　　　,'哲学倫理宗,'1,'12
'3206,'58,'00,'0,'0,'611,'東京歯大　　　,'歯　　　,'　　　　　　,'　,'　　　,'歯　　　　,'0,'13
'3206,'58,'01,'0,'0,'611,'東京歯大　　　,'歯　　　,'歯　　　　　,'　,'　　　,'歯　　　　,'1,'13
'3207,'37,'00,'0,'0,'506,'東京情報大　　,'総合情報,'　　　　　　,'　,'　　　,'情報科学　,'0,'12
'3207,'37,'06,'0,'0,'506,'東京情報大　　,'総合情報,'総合情報　　,'　,'　　　,'情報科学　,'1,'12
'3207,'64,'00,'0,'0,'651,'東京情報大　　,'看護　　,'　　　　　　,'　,'　　　,'看護　　　,'0,'12
'3207,'64,'01,'0,'0,'651,'東京情報大　　,'看護　　,'看護　　　　,'　,'　　　,'看護　　　,'1,'12
'3208,'03,'00,'0,'0,'105,'東京成徳大　　,'応用心理,'　　　　　　,'　,'　　　,'心理学　　,'0,'13
'3208,'03,'02,'0,'0,'105,'東京成徳大　　,'応用心理,'臨床心理　　,'　,'　　　,'心理学　　,'1,'13
'3208,'03,'03,'0,'0,'105,'東京成徳大　　,'応用心理,'健康・スポー,'　,'　　　,'心理学　　,'1,'13
'3208,'19,'00,'0,'0,'222,'東京成徳大　　,'経営　　,'　　　　　　,'　,'　　　,'経営学・商,'0,'13
'3208,'19,'01,'0,'0,'222,'東京成徳大　　,'経営　　,'経営　　　　,'　,'　　　,'経営学・商,'1,'13
'3208,'33,'00,'0,'0,'106,'東京成徳大　　,'国際　　,'　　　　　　,'　,'　　　,'文化学　　,'0,'13
'3208,'33,'01,'0,'0,'106,'東京成徳大　　,'国際　　,'国際　　　　,'　,'　　　,'文化学　　,'1,'13
'3208,'79,'00,'0,'0,'301,'東京成徳大　　,'子ども　,'　　　　　　,'　,'　　　,'小学校　　,'0,'13
'3208,'79,'01,'0,'0,'301,'東京成徳大　　,'子ども　,'子ども　　　,'　,'　　　,'小学校　　,'1,'13
'3209,'21,'00,'0,'0,'221,'東洋学園大　　,'現代経営,'　　　　　　,'　,'　　　,'経済学　　,'0,'13
'3209,'21,'01,'0,'0,'221,'東洋学園大　　,'現代経営,'現代経営　　,'　,'　　　,'経済学　　,'1,'13
'3209,'33,'00,'0,'0,'106,'東洋学園大　　,'グローバ,'　　　　　　,'　,'　　　,'文化学　　,'0,'13
'3209,'33,'01,'0,'0,'106,'東洋学園大　　,'グローバ,'グローバルコ,'　,'　　　,'文化学　　,'1,'13
'3209,'37,'00,'0,'0,'105,'東洋学園大　　,'人間科学,'　　　　　　,'　,'　　　,'心理学　　,'0,'13
'3209,'37,'01,'0,'0,'105,'東洋学園大　　,'人間科学,'人間科学　　,'　,'　　　,'心理学　　,'1,'13
'3210,'21,'00,'0,'0,'222,'秀明大　　　　,'総合経営,'　　　　　　,'　,'　　　,'経営学・商,'0,'12
'3210,'21,'01,'0,'0,'222,'秀明大　　　　,'総合経営,'企業経営　　,'　,'　　　,'経営学・商,'1,'12
'3210,'22,'00,'0,'0,'151,'秀明大　　　　,'グローバ,'　　　　　　,'　,'　　　,'英米語　　,'0,'12
'3210,'22,'01,'0,'0,'151,'秀明大　　　　,'グローバ,'グローバルマ,'　,'　　　,'英米語　　,'1,'12
'3210,'27,'00,'0,'0,'151,'秀明大　　　　,'観光ビジ,'　　　　　　,'　,'　　　,'英米語　　,'0,'12
'3210,'27,'01,'0,'0,'151,'秀明大　　　　,'観光ビジ,'観光ビジネス,'　,'　　　,'英米語　　,'1,'12
'3210,'31,'00,'0,'0,'302,'秀明大　　　　,'学校教師,'　　　　　　,'　,'　　　,'中高－国語,'0,'12
'3210,'31,'01,'0,'0,'302,'秀明大　　　　,'学校教師,'中等／国語　,'　,'　　　,'中高－国語,'1,'12
'3210,'31,'02,'0,'0,'305,'秀明大　　　　,'学校教師,'中等／社会　,'　,'　　　,'中高－社会,'1,'12
'3210,'31,'03,'0,'0,'303,'秀明大　　　　,'学校教師,'中等／数学　,'　,'　　　,'中高－数学,'1,'12
'3210,'31,'04,'0,'0,'306,'秀明大　　　　,'学校教師,'中等／理科　,'　,'　　　,'中高－理科,'1,'12
'3210,'31,'05,'0,'0,'304,'秀明大　　　　,'学校教師,'中等／英語　,'　,'　　　,'中高－英語,'1,'12
'3210,'31,'07,'0,'0,'301,'秀明大　　　　,'学校教師,'中等／初等教,'　,'　　　,'小学校　　,'1,'12
'3210,'31,'08,'0,'0,'311,'秀明大　　　　,'学校教師,'中等／保健体,'　,'　　　,'中高－体育,'1,'12
'3210,'64,'00,'0,'0,'651,'秀明大　　　　,'看護　　,'　　　　　　,'　,'　　　,'看護　　　,'0,'12
'3210,'64,'01,'0,'0,'651,'秀明大　　　　,'看護　　,'看護　　　　,'　,'　　　,'看護　　　,'1,'12
'3211,'08,'00,'0,'0,'151,'麗澤大　　　　,'外国語　,'　　　　　　,'　,'　　　,'英米語　　,'0,'12
'3211,'08,'05,'0,'0,'151,'麗澤大　　　　,'外国語　,'外国／英語コ,'　,'　　　,'英米語　　,'1,'12
'3211,'08,'06,'0,'0,'106,'麗澤大　　　　,'外国語　,'外国／英語リ,'　,'　　　,'文化学　　,'1,'12
'3211,'08,'08,'0,'0,'106,'麗澤大　　　　,'外国語　,'外国／ドイツ,'　,'　　　,'文化学　　,'1,'12
'3211,'08,'09,'0,'0,'151,'麗澤大　　　　,'外国語　,'外国／中国語,'　,'　　　,'英米語　　,'1,'12
'3211,'18,'00,'0,'0,'221,'麗澤大　　　　,'経済　　,'　　　　　　,'　,'　　　,'経済学　　,'0,'12
'3211,'18,'01,'0,'0,'221,'麗澤大　　　　,'経済　　,'経済　　　　,'　,'　　　,'経済学　　,'1,'12
'3211,'19,'00,'0,'0,'222,'麗澤大　　　　,'経営　　,'　　　　　　,'　,'　　　,'経営学・商,'0,'12
'3211,'19,'01,'0,'0,'222,'麗澤大　　　　,'経営　　,'経営／ビジネ,'　,'　　　,'経営学・商,'1,'12
'3211,'19,'02,'0,'0,'223,'麗澤大　　　　,'経営　　,'経営／ＡＩビ,'　,'　　　,'経営情報学,'1,'12
'3211,'19,'03,'0,'0,'222,'麗澤大　　　　,'経営　　,'経営／スポー,'　,'　　　,'経営学・商,'1,'12
'3211,'19,'04,'0,'0,'222,'麗澤大　　　　,'経営　　,'経営／ファミ,'　,'　　　,'経営学・商,'1,'12
'3211,'33,'00,'0,'0,'261,'麗澤大　　　　,'国際　　,'　　　　　　,'　,'　　　,'国際関係学,'0,'12
'3211,'33,'01,'0,'0,'106,'麗澤大　　　　,'国際　　,'国際／日本学,'　,'　　　,'文化学　　,'1,'12
'3211,'33,'02,'0,'0,'261,'麗澤大　　　　,'国際　　,'国際／国際交,'　,'　　　,'国際関係学,'1,'12
'3211,'33,'07,'0,'0,'261,'麗澤大　　　　,'国際　　,'国際／国際社,'　,'　　　,'国際関係学,'1,'12
'3211,'46,'00,'0,'0,'551,'麗澤大　　　　,'工　　　,'　　　　　　,'　,'　　　,'機械工学　,'0,'12
'3211,'46,'01,'0,'0,'553,'麗澤大　　　　,'工　　　,'工／情報シス,'　,'　　　,'情報工学　,'1,'12
'3211,'46,'02,'0,'0,'551,'麗澤大　　　　,'工　　　,'工／ロボティ,'　,'　　　,'機械工学　,'1,'12
'3212,'02,'00,'0,'0,'101,'和洋女子大　　,'人文　　,'　　　　　　,'　,'　　　,'日本文学　,'0,'12
'3212,'02,'06,'0,'0,'101,'和洋女子大　　,'人文　　,'日本文学文化,'　,'　　　,'日本文学　,'1,'12
'3212,'02,'07,'0,'0,'105,'和洋女子大　　,'人文　　,'心理　　　　,'　,'　　　,'心理学　　,'1,'12
'3212,'02,'08,'0,'0,'312,'和洋女子大　　,'人文　　,'こども発達　,'　,'　　　,'幼稚園　　,'1,'12
'3212,'33,'00,'0,'0,'151,'和洋女子大　　,'国際　　,'　　　　　　,'　,'　　　,'英米語　　,'0,'12
'3212,'33,'01,'0,'0,'151,'和洋女子大　　,'国際　　,'英語コミュニ,'　,'　　　,'英米語　　,'1,'12
'3212,'33,'02,'0,'0,'151,'和洋女子大　　,'国際　　,'国際　　　　,'　,'　　　,'英米語　　,'1,'12
'3212,'64,'00,'0,'0,'651,'和洋女子大　　,'看護　　,'　　　　　　,'　,'　　　,'看護　　　,'0,'12
'3212,'64,'01,'0,'0,'651,'和洋女子大　　,'看護　　,'看護　　　　,'　,'　　　,'看護　　　,'1,'12
'3212,'79,'00,'0,'0,'242,'和洋女子大　　,'家政　　,'　　　　　　,'　,'　　　,'社会福祉学,'0,'12
'3212,'79,'01,'0,'0,'402,'和洋女子大　　,'家政　　,'健康栄養　　,'　,'　　　,'食物・栄養,'1,'12
'3212,'79,'02,'0,'0,'242,'和洋女子大　　,'家政　　,'生活環境　　,'　,'　　　,'社会福祉学,'1,'12
'3212,'81,'00,'0,'0,'401,'和洋女子大　　,'ＡＩライ,'　　　　　　,'　,'　　　,'生活科学　,'0,'12
'3212,'81,'01,'0,'0,'401,'和洋女子大　　,'ＡＩライ,'ＡＩライフデ,'　,'　　　,'生活科学　,'1,'12
'3213,'37,'00,'0,'0,'106,'愛国学園大　　,'人間文化,'　　　　　　,'　,'　　　,'文化学　　,'0,'12
'3213,'37,'01,'0,'0,'106,'愛国学園大　　,'人間文化,'人間文化　　,'　,'　　　,'文化学　　,'1,'12
'3214,'30,'00,'0,'0,'316,'開智国際大　　,'教育　　,'　　　　　　,'　,'　　　,'０免課程　,'0,'12
'3214,'30,'01,'0,'0,'301,'開智国際大　　,'教育　　,'教育／初等教,'　,'　　　,'小学校　　,'1,'12
'3214,'30,'02,'0,'0,'302,'開智国際大　　,'教育　　,'教育／中等教,'　,'　　　,'中高－国語,'1,'12
'3214,'38,'00,'0,'0,'261,'開智国際大　　,'国際教養,'　　　　　　,'　,'　　　,'国際関係学,'0,'12
'3214,'38,'01,'0,'0,'261,'開智国際大　　,'国際教養,'国際教養　　,'　,'　　　,'国際関係学,'1,'12
'3215,'37,'00,'0,'0,'561,'千葉科学大　　,'危機管理,'　　　　　　,'　,'　　　,'航空・宇宙,'0,'12
'3215,'37,'03,'0,'0,'201,'千葉科学大　　,'危機管理,'危機管理　　,'　,'　　　,'法学　　　,'1,'12
'3215,'37,'05,'0,'0,'652,'千葉科学大　　,'危機管理,'保健医療　　,'　,'　　　,'医療技術　,'1,'12
'3215,'37,'08,'0,'0,'504,'千葉科学大　　,'危機管理,'動物危機管理,'　,'　　　,'生物学　　,'1,'12
'3215,'37,'09,'0,'0,'561,'千葉科学大　　,'危機管理,'航空／パイロ,'　,'　　　,'航空・宇宙,'1,'12
'3215,'37,'10,'0,'0,'222,'千葉科学大　　,'危機管理,'航空／航空マ,'　,'　　　,'経営学・商,'1,'12
'3215,'37,'11,'0,'0,'561,'千葉科学大　　,'危機管理,'航空／航空工,'　,'　　　,'航空・宇宙,'1,'12
'3215,'61,'00,'0,'0,'621,'千葉科学大　　,'薬　　　,'　　　　　　,'　,'　　　,'薬　　　　,'0,'12
'3215,'61,'01,'0,'0,'621,'千葉科学大　　,'薬　　　,'薬　　　　　,'　,'　　　,'薬　　　　,'1,'12
'3215,'64,'00,'0,'0,'651,'千葉科学大　　,'看護　　,'　　　　　　,'　,'　　　,'看護　　　,'0,'12
'3215,'64,'01,'0,'0,'651,'千葉科学大　　,'看護　　,'看護　　　　,'　,'　　　,'看護　　　,'1,'12
'3216,'64,'00,'0,'0,'651,'ＳＢＣ医療大　,'健康科学,'　　　　　　,'　,'　　　,'看護　　　,'0,'12
'3216,'64,'01,'0,'0,'655,'ＳＢＣ医療大　,'健康科学,'理学療法　　,'　,'　　　,'理学療法　,'1,'12
'3216,'64,'02,'0,'0,'652,'ＳＢＣ医療大　,'健康科学,'整復医療・ト,'　,'　　　,'医療技術　,'1,'12
'3216,'64,'03,'0,'0,'651,'ＳＢＣ医療大　,'健康科学,'看護　　　　,'　,'　　　,'看護　　　,'1,'12
'3217,'31,'00,'0,'0,'301,'植草学園大　　,'発達教育,'　　　　　　,'　,'　　　,'小学校　　,'0,'12
'3217,'31,'01,'0,'0,'301,'植草学園大　　,'発達教育,'発達支援教育,'　,'　　　,'小学校　　,'1,'12
'3217,'64,'00,'0,'0,'655,'植草学園大　　,'保健医療,'　　　　　　,'　,'　　　,'理学療法　,'0,'12
'3217,'64,'02,'0,'0,'655,'植草学園大　　,'保健医療,'リハ／理学療,'　,'　　　,'理学療法　,'1,'12
'3217,'64,'03,'0,'0,'656,'植草学園大　　,'保健医療,'リハ／作業療,'　,'　　　,'作業療法　,'1,'12
'3217,'65,'00,'0,'0,'651,'植草学園大　　,'看護　　,'　　　　　　,'　,'　　　,'看護　　　,'0,'12
'3217,'65,'01,'0,'0,'651,'植草学園大　　,'看護　　,'看護　　　　,'　,'　　　,'看護　　　,'1,'12
'3218,'64,'00,'0,'0,'651,'三育学院大　　,'看護　　,'　　　　　　,'　,'　　　,'看護　　　,'0,'12
'3218,'64,'01,'0,'0,'651,'三育学院大　　,'看護　　,'看護　　　　,'　,'　　　,'看護　　　,'1,'12
'3219,'64,'00,'0,'0,'651,'亀田医療大　　,'看護　　,'　　　　　　,'　,'　　　,'看護　　　,'0,'12
'3219,'64,'01,'0,'0,'651,'亀田医療大　　,'看護　　,'看護　　　　,'　,'　　　,'看護　　　,'1,'12
'3231,'01,'00,'0,'0,'102,'青山学院大　　,'文　　　,'　　　　　　,'　,'　　　,'外国文学　,'0,'13
'3231,'01,'01,'0,'0,'102,'青山学院大　　,'文　　　,'英米文　　　,'　,'　　　,'外国文学　,'1,'13
'3231,'01,'03,'0,'0,'107,'青山学院大　　,'文　　　,'史学　　　　,'　,'　　　,'西洋史　　,'1,'13
'3231,'01,'04,'0,'0,'101,'青山学院大　　,'文　　　,'日本文　　　,'　,'　　　,'日本文学　,'1,'13
'3231,'01,'05,'0,'0,'102,'青山学院大　　,'文　　　,'フランス文　,'　,'　　　,'外国文学　,'1,'13
'3231,'01,'07,'0,'0,'452,'青山学院大　　,'文　　　,'比較芸術　　,'　,'　　　,'芸術理論　,'1,'13
'3231,'03,'00,'0,'0,'106,'青山学院大　　,'総合文化,'　　　　　　,'　,'　　　,'文化学　　,'0,'13
'3231,'03,'01,'0,'0,'106,'青山学院大　　,'総合文化,'総合文化政策,'　,'　　　,'文化学　　,'1,'13
'3231,'12,'00,'0,'0,'201,'青山学院大　　,'法　　　,'　　　　　　,'　,'　　　,'法学　　　,'0,'13
'3231,'12,'03,'0,'0,'201,'青山学院大　　,'法　　　,'法　　　　　,'　,'　　　,'法学　　　,'1,'13
'3231,'12,'04,'0,'0,'201,'青山学院大　　,'法　　　,'ヒューマンラ,'　,'　　　,'法学　　　,'1,'13
'3231,'13,'00,'0,'0,'261,'青山学院大　　,'国際政経,'　　　　　　,'　,'　　　,'国際関係学,'0,'13
'3231,'13,'02,'0,'0,'221,'青山学院大　　,'国際政経,'国際経済　　,'　,'　　　,'経済学　　,'1,'13
'3231,'13,'03,'0,'0,'202,'青山学院大　　,'国際政経,'国際政治　　,'　,'　　　,'政治学　　,'1,'13
'3231,'13,'04,'0,'0,'261,'青山学院大　　,'国際政経,'国際コミュニ,'　,'　　　,'国際関係学,'1,'13
'3231,'18,'00,'0,'0,'221,'青山学院大　　,'経済　　,'　　　　　　,'　,'　　　,'経済学　　,'0,'13
'3231,'18,'01,'0,'0,'221,'青山学院大　　,'経済　　,'経済　　　　,'　,'　　　,'経済学　　,'1,'13
'3231,'18,'02,'0,'0,'202,'青山学院大　　,'経済　　,'現代経済デザ,'　,'　　　,'政治学　　,'1,'13
'3231,'19,'00,'0,'0,'222,'青山学院大　　,'経営　　,'　　　　　　,'　,'　　　,'経営学・商,'0,'13
'3231,'19,'01,'0,'0,'222,'青山学院大　　,'経営　　,'経営　　　　,'　,'　　　,'経営学・商,'1,'13
'3231,'19,'02,'0,'0,'222,'青山学院大　　,'経営　　,'マーケティン,'　,'　　　,'経営学・商,'1,'13
'3231,'27,'00,'0,'0,'752,'青山学院大　　,'社会情報,'　　　　　　,'　,'　　　,'総合情報学,'0,'13
'3231,'27,'01,'0,'0,'752,'青山学院大　　,'社会情報,'社会情報　　,'　,'　　　,'総合情報学,'1,'13
'3231,'28,'00,'0,'0,'241,'青山学院大　　,'コミュニ,'　　　　　　,'　,'　　　,'社会学　　,'0,'13
'3231,'28,'01,'0,'0,'241,'青山学院大　　,'コミュニ,'コミュニティ,'　,'　　　,'社会学　　,'1,'13
'3231,'31,'00,'0,'0,'105,'青山学院大　　,'教育人間,'　　　　　　,'　,'　　　,'心理学　　,'0,'13
'3231,'31,'01,'0,'0,'301,'青山学院大　　,'教育人間,'教育　　　　,'　,'　　　,'小学校　　,'1,'13
'3231,'31,'02,'0,'0,'105,'青山学院大　　,'教育人間,'心理　　　　,'　,'　　　,'心理学　　,'1,'13
'3231,'33,'00,'0,'0,'261,'青山学院大　　,'地球社会,'　　　　　　,'　,'　　　,'国際関係学,'0,'13
'3231,'33,'01,'0,'0,'261,'青山学院大　　,'地球社会,'地球社会共生,'　,'　　　,'国際関係学,'1,'13
'3231,'47,'00,'0,'0,'501,'青山学院大　　,'理工　　,'　　　　　　,'　,'　　　,'数学　　　,'0,'13
'3231,'47,'04,'0,'0,'552,'青山学院大　　,'理工　　,'電気電子工　,'　,'　　　,'電気・電子,'1,'13
'3231,'47,'06,'0,'0,'551,'青山学院大　　,'理工　　,'機械創造工　,'　,'　　　,'機械工学　,'1,'13
'3231,'47,'07,'0,'0,'563,'青山学院大　　,'理工　　,'経営シス工　,'　,'　　　,'経営工学　,'1,'13
'3231,'47,'08,'0,'0,'553,'青山学院大　　,'理工　　,'情報テクノロ,'　,'　　　,'情報工学　,'1,'13
'3231,'47,'09,'0,'0,'503,'青山学院大　　,'理工　　,'化学・生命科,'　,'　　　,'化学　　　,'1,'13
'3231,'47,'11,'0,'0,'502,'青山学院大　　,'理工　　,'物理科学　　,'　,'　　　,'物理学　　,'1,'13
'3231,'47,'12,'0,'0,'501,'青山学院大　　,'理工　　,'数理サイエン,'　,'　　　,'数学　　　,'1,'13
'3232,'12,'00,'0,'0,'201,'亜細亜大　　　,'法　　　,'　　　　　　,'　,'　　　,'法学　　　,'0,'13
'3232,'12,'01,'0,'0,'201,'亜細亜大　　　,'法　　　,'法律　　　　,'　,'　　　,'法学　　　,'1,'13
'3232,'18,'00,'0,'0,'221,'亜細亜大　　　,'経済　　,'　　　　　　,'　,'　　　,'経済学　　,'0,'13
'3232,'18,'01,'0,'0,'221,'亜細亜大　　　,'経済　　,'経済　　　　,'　,'　　　,'経済学　　,'1,'13
'3232,'19,'00,'0,'0,'222,'亜細亜大　　　,'経営　　,'　　　　　　,'　,'　　　,'経営学・商,'0,'13
'3232,'19,'01,'0,'0,'222,'亜細亜大　　　,'経営　　,'経営　　　　,'　,'　　　,'経営学・商,'1,'13
'3232,'19,'04,'0,'0,'222,'亜細亜大　　　,'経営　　,'ホスピタリテ,'　,'　　　,'経営学・商,'1,'13
'3232,'19,'06,'0,'0,'223,'亜細亜大　　　,'経営　　,'データサイエ,'　,'　　　,'経営情報学,'1,'13
'3232,'25,'00,'0,'0,'241,'亜細亜大　　　,'社会　　,'　　　　　　,'　,'　　　,'社会学　　,'0,'13
'3232,'25,'01,'0,'0,'241,'亜細亜大　　　,'社会　　,'現代社会　　,'　,'　　　,'社会学　　,'1,'13
'3232,'33,'00,'0,'0,'106,'亜細亜大　　　,'国際関係,'　　　　　　,'　,'　　　,'文化学　　,'0,'13
'3232,'33,'01,'0,'0,'261,'亜細亜大　　　,'国際関係,'国際関係　　,'　,'　　　,'国際関係学,'1,'13
'3232,'33,'02,'0,'0,'106,'亜細亜大　　　,'国際関係,'多文化コミュ,'　,'　　　,'文化学　　,'1,'13
'3232,'64,'00,'0,'0,'654,'亜細亜大　　　,'健康スポ,'　　　　　　,'　,'　　　,'体育・健康,'0,'13
'3232,'64,'01,'0,'0,'654,'亜細亜大　　　,'健康スポ,'健康スポーツ,'　,'　　　,'体育・健康,'1,'13
'3234,'22,'00,'0,'0,'221,'桜美林大　　　,'ビジネス,'　　　　　　,'　,'　　　,'経済学　　,'1,'13
'3234,'31,'00,'0,'0,'316,'桜美林大　　　,'教育探究,'　　　　　　,'　,'　　　,'０免課程　,'0,'13
'3234,'31,'01,'0,'0,'316,'桜美林大　　　,'教育探究,'教育探究科学,'　,'　　　,'０免課程　,'1,'13
'3234,'34,'00,'0,'0,'106,'桜美林大　　　,'グローバ,'　　　　　　,'　,'　　　,'文化学　　,'0,'13
'3234,'34,'02,'0,'0,'106,'桜美林大　　　,'グローバ,'英語　　　　,'　,'　　　,'文化学　　,'1,'13
'3234,'34,'03,'0,'0,'106,'桜美林大　　　,'グローバ,'中国語　　　,'　,'　　　,'文化学　　,'1,'13
'3234,'34,'04,'0,'0,'106,'桜美林大　　　,'グローバ,'トリ／韓・英,'　,'　　　,'文化学　　,'1,'13
'3234,'34,'05,'0,'0,'106,'桜美林大　　　,'グローバ,'トリ／韓・中,'　,'　　　,'文化学　　,'1,'13
'3234,'37,'00,'0,'0,'106,'桜美林大　　　,'リベラル,'　　　　　　,'　,'　　　,'文化学　　,'0,'13
'3234,'37,'01,'0,'0,'101,'桜美林大　　　,'リベラル,'人文　　　　,'　,'　　　,'日本文学　,'1,'13
'3234,'37,'02,'0,'0,'106,'桜美林大　　　,'リベラル,'社会　　　　,'　,'　　　,'文化学　　,'1,'13
'3234,'37,'03,'0,'0,'106,'桜美林大　　　,'リベラル,'自然　　　　,'　,'　　　,'文化学　　,'1,'13
'3234,'47,'00,'0,'0,'561,'桜美林大　　　,'航空　　,'　　　　　　,'　,'　　　,'航空・宇宙,'0,'13
'3234,'47,'06,'0,'0,'561,'桜美林大　　　,'航空　　,'フライト・オ,'　,'　　　,'航空・宇宙,'1,'13
'3234,'47,'07,'0,'0,'222,'桜美林大　　　,'航空　　,'航空３　　　,'　,'　　　,'経営学・商,'1,'13
'3234,'64,'00,'0,'0,'105,'桜美林大　　　,'健康福祉,'　　　　　　,'　,'　　　,'心理学　　,'0,'13
'3234,'64,'08,'0,'0,'654,'桜美林大　　　,'健康福祉,'健康科学　　,'　,'　　　,'体育・健康,'1,'13
'3234,'64,'09,'0,'0,'654,'桜美林大　　　,'健康福祉,'スポーツ科学,'　,'　　　,'体育・健康,'1,'13
'3234,'64,'10,'0,'0,'242,'桜美林大　　　,'健康福祉,'社会福祉学　,'　,'　　　,'社会福祉学,'1,'13
'3234,'64,'11,'0,'0,'105,'桜美林大　　　,'健康福祉,'精神保健福祉,'　,'　　　,'心理学　　,'1,'13
'3234,'64,'12,'0,'0,'105,'桜美林大　　　,'健康福祉,'実践心理学　,'　,'　　　,'心理学　　,'1,'13
'3234,'64,'13,'0,'0,'312,'桜美林大　　　,'健康福祉,'保育学　　　,'　,'　　　,'幼稚園　　,'1,'13
'3234,'83,'00,'0,'0,'451,'桜美林大　　　,'芸術文化,'　　　　　　,'　,'　　　,'美術・デザ,'0,'13
'3234,'83,'02,'0,'0,'453,'桜美林大　　　,'芸術文化,'音楽　　　　,'　,'　　　,'音楽　　　,'1,'13
'3234,'83,'05,'0,'0,'456,'桜美林大　　　,'芸術文化,'演劇・ダンス,'　,'　　　,'演劇　　　,'1,'13
'3234,'83,'06,'0,'0,'451,'桜美林大　　　,'芸術文化,'ビジュアルア,'　,'　　　,'美術・デザ,'1,'13
'3235,'01,'00,'0,'0,'101,'大妻女子大　　,'文　　　,'　　　　　　,'　,'　　　,'日本文学　,'0,'13
'3235,'01,'01,'0,'0,'102,'大妻女子大　　,'文　　　,'英語英文　　,'　,'　　　,'外国文学　,'1,'13
'3235,'01,'02,'0,'0,'101,'大妻女子大　　,'文　　　,'日本文　　　,'　,'　　　,'日本文学　,'1,'13
'3235,'01,'03,'0,'0,'106,'大妻女子大　　,'文　　　,'コミュニケー,'　,'　　　,'文化学　　,'1,'13
'3235,'03,'00,'0,'0,'106,'大妻女子大　　,'比較文化,'　　　　　　,'　,'　　　,'文化学　　,'0,'13
'3235,'03,'01,'0,'0,'106,'大妻女子大　　,'比較文化,'比較文化　　,'　,'　　　,'文化学　　,'1,'13
'3235,'27,'00,'0,'0,'752,'大妻女子大　　,'社会情報,'　　　　　　,'　,'　　　,'総合情報学,'0,'13
'3235,'27,'01,'0,'0,'753,'大妻女子大　　,'社会情報,'社会／環境情,'　,'　　　,'総合科学　,'1,'13
'3235,'27,'02,'0,'0,'752,'大妻女子大　　,'社会情報,'社会／情報デ,'　,'　　　,'総合情報学,'1,'13
'3235,'27,'03,'0,'0,'752,'大妻女子大　　,'社会情報,'社会／社会生,'　,'　　　,'総合情報学,'1,'13
'3235,'37,'00,'0,'0,'241,'大妻女子大　　,'人間共生,'　　　　　　,'　,'　　　,'社会学　　,'0,'13
'3235,'37,'05,'0,'0,'242,'大妻女子大　　,'人間共生,'福祉　　　　,'　,'　　　,'社会福祉学,'1,'13
'3235,'37,'06,'0,'0,'241,'大妻女子大　　,'人間共生,'社会　　　　,'　,'　　　,'社会学　　,'1,'13
'3235,'37,'07,'0,'0,'105,'大妻女子大　　,'人間共生,'心理　　　　,'　,'　　　,'心理学　　,'1,'13
'3235,'37,'08,'0,'0,'241,'大妻女子大　　,'人間共生,'共生デザイン,'　,'　　　,'社会学　　,'1,'13
'3235,'38,'00,'0,'0,'223,'大妻女子大　　,'データサ,'　　　　　　,'　,'　　　,'経営情報学,'0,'13
'3235,'38,'01,'0,'0,'223,'大妻女子大　　,'データサ,'データサイエ,'　,'　　　,'経営情報学,'1,'13
'3235,'79,'00,'0,'0,'312,'大妻女子大　　,'家政　　,'　　　　　　,'　,'　　　,'幼稚園　　,'0,'13
'3235,'79,'01,'0,'0,'402,'大妻女子大　　,'家政　　,'食物／管理栄,'　,'　　　,'食物・栄養,'1,'13
'3235,'79,'02,'0,'0,'402,'大妻女子大　　,'家政　　,'食物／食物学,'　,'　　　,'食物・栄養,'1,'13
'3235,'79,'03,'0,'0,'312,'大妻女子大　　,'家政　　,'児童／児童学,'　,'　　　,'幼稚園　　,'1,'13
'3235,'79,'04,'0,'0,'301,'大妻女子大　　,'家政　　,'児童／児童教,'　,'　　　,'小学校　　,'1,'13
'3235,'79,'05,'0,'0,'403,'大妻女子大　　,'家政　　,'被服　　　　,'　,'　　　,'被服・服飾,'1,'13
'3235,'79,'06,'0,'0,'401,'大妻女子大　　,'家政　　,'ライフデザイ,'　,'　　　,'生活科学　,'1,'13
'3236,'01,'00,'0,'0,'102,'学習院大　　　,'文　　　,'　　　　　　,'　,'　　　,'外国文学　,'0,'13
'3236,'01,'01,'0,'0,'102,'学習院大　　　,'文　　　,'英語英米文化,'　,'　　　,'外国文学　,'1,'13
'3236,'01,'02,'0,'0,'107,'学習院大　　　,'文　　　,'史学　　　　,'　,'　　　,'西洋史　　,'1,'13
'3236,'01,'03,'0,'0,'105,'学習院大　　　,'文　　　,'心理　　　　,'　,'　　　,'心理学　　,'1,'13
'3236,'01,'04,'0,'0,'104,'学習院大　　　,'文　　　,'哲学　　　　,'　,'　　　,'哲学倫理宗,'1,'13
'3236,'01,'06,'0,'0,'101,'学習院大　　　,'文　　　,'日本語日本文,'　,'　　　,'日本文学　,'1,'13
'3236,'01,'08,'0,'0,'102,'学習院大　　　,'文　　　,'ドイツ語圏文,'　,'　　　,'外国文学　,'1,'13
'3236,'01,'09,'0,'0,'102,'学習院大　　　,'文　　　,'フランス語圏,'　,'　　　,'外国文学　,'1,'13
'3236,'01,'10,'0,'0,'301,'学習院大　　　,'文　　　,'教育　　　　,'　,'　　　,'小学校　　,'1,'13
'3236,'12,'00,'0,'0,'201,'学習院大　　　,'法　　　,'　　　　　　,'　,'　　　,'法学　　　,'0,'13
'3236,'12,'01,'0,'0,'202,'学習院大　　　,'法　　　,'政治　　　　,'　,'　　　,'政治学　　,'1,'13
'3236,'12,'02,'0,'0,'201,'学習院大　　　,'法　　　,'法　　　　　,'　,'　　　,'法学　　　,'1,'13
'3236,'18,'00,'0,'0,'221,'学習院大　　　,'経済　　,'　　　　　　,'　,'　　　,'経済学　　,'0,'13
'3236,'18,'01,'0,'0,'222,'学習院大　　　,'経済　　,'経営　　　　,'　,'　　　,'経営学・商,'1,'13
'3236,'18,'02,'0,'0,'221,'学習院大　　　,'経済　　,'経済　　　　,'　,'　　　,'経済学　　,'1,'13
'3236,'27,'00,'0,'0,'151,'学習院大　　　,'国際社会,'　　　　　　,'　,'　　　,'英米語　　,'0,'13
'3236,'27,'01,'0,'0,'151,'学習院大　　　,'国際社会,'国際社会科学,'　,'　　　,'英米語　　,'1,'13
'3236,'33,'00,'0,'0,'261,'学習院大　　　,'国際文化,'　　　　　　,'　,'　　　,'国際関係学,'0,'13
'3236,'33,'01,'0,'0,'106,'学習院大　　　,'国際文化,'日本文化　　,'　,'　　　,'文化学　　,'1,'13
'3236,'33,'02,'0,'0,'261,'学習院大　　　,'国際文化,'国際コミュニ,'　,'　　　,'国際関係学,'1,'13
'3236,'33,'03,'0,'0,'151,'学習院大　　　,'国際文化,'英語コミュニ,'　,'　　　,'英米語　　,'1,'13
'3236,'42,'00,'0,'0,'501,'学習院大　　　,'理　　　,'　　　　　　,'　,'　　　,'数学　　　,'0,'13
'3236,'42,'01,'0,'0,'503,'学習院大　　　,'理　　　,'化学　　　　,'　,'　　　,'化学　　　,'1,'13
'3236,'42,'02,'0,'0,'501,'学習院大　　　,'理　　　,'数学　　　　,'　,'　　　,'数学　　　,'1,'13
'3236,'42,'03,'0,'0,'502,'学習院大　　　,'理　　　,'物理　　　　,'　,'　　　,'物理学　　,'1,'13
'3236,'42,'04,'0,'0,'564,'学習院大　　　,'理　　　,'生命科学　　,'　,'　　　,'生物工学　,'1,'13
'3237,'42,'00,'0,'0,'502,'北里大　　　　,'理　　　,'　　　　　　,'　,'　　　,'物理学　　,'0,'13
'3237,'42,'01,'0,'0,'503,'北里大　　　　,'理　　　,'化学　　　　,'　,'　　　,'化学　　　,'1,'13
'3237,'42,'02,'0,'0,'504,'北里大　　　　,'理　　　,'生物科学　　,'　,'　　　,'生物学　　,'1,'13
'3237,'42,'03,'0,'0,'502,'北里大　　　　,'理　　　,'物理　　　　,'　,'　　　,'物理学　　,'1,'13
'3237,'47,'00,'0,'0,'553,'北里大　　　　,'未来工　,'　　　　　　,'　,'　　　,'情報工学　,'0,'13
'3237,'47,'01,'0,'0,'553,'北里大　　　　,'未来工　,'データサイエ,'　,'　　　,'情報工学　,'1,'13
'3237,'55,'00,'0,'0,'601,'北里大　　　　,'医　　　,'　　　　　　,'　,'　　　,'医　　　　,'0,'13
'3237,'55,'01,'0,'0,'601,'北里大　　　　,'医　　　,'医　　　　　,'　,'　　　,'医　　　　,'1,'13
'3237,'61,'00,'0,'0,'621,'北里大　　　　,'薬　　　,'　　　　　　,'　,'　　　,'薬　　　　,'0,'13
'3237,'61,'02,'0,'0,'621,'北里大　　　　,'薬　　　,'薬　　　　　,'　,'　　　,'薬　　　　,'1,'13
'3237,'61,'03,'0,'0,'621,'北里大　　　　,'薬　　　,'生命創薬科学,'　,'　　　,'薬　　　　,'1,'13
'3237,'64,'00,'0,'0,'652,'北里大　　　　,'医療衛生,'　　　　　　,'　,'　　　,'医療技術　,'0,'13
'3237,'64,'01,'0,'0,'657,'北里大　　　　,'医療衛生,'医療／診療放,'　,'　　　,'放射線技術,'1,'13
'3237,'64,'02,'0,'0,'652,'北里大　　　　,'医療衛生,'医療／臨床工,'　,'　　　,'医療技術　,'1,'13
'3237,'64,'05,'0,'0,'652,'北里大　　　　,'医療衛生,'リハ／言語聴,'　,'　　　,'医療技術　,'1,'13
'3237,'64,'06,'0,'0,'656,'北里大　　　　,'医療衛生,'リハ／作業療,'　,'　　　,'作業療法　,'1,'13
'3237,'64,'07,'0,'0,'652,'北里大　　　　,'医療衛生,'リハ／視覚機,'　,'　　　,'医療技術　,'1,'13
'3237,'64,'08,'0,'0,'655,'北里大　　　　,'医療衛生,'リハ／理学療,'　,'　　　,'理学療法　,'1,'13
'3237,'64,'12,'0,'0,'658,'北里大　　　　,'医療衛生,'医療検査　　,'　,'　　　,'検査技術　,'1,'13
'3237,'64,'13,'0,'0,'653,'北里大　　　　,'医療衛生,'保健／環境保,'　,'　　　,'保健　　　,'1,'13
'3237,'64,'14,'0,'0,'105,'北里大　　　　,'医療衛生,'保健／臨床心,'　,'　　　,'心理学　　,'1,'13
'3237,'65,'00,'0,'0,'651,'北里大　　　　,'看護　　,'　　　　　　,'　,'　　　,'看護　　　,'0,'13
'3237,'65,'01,'0,'0,'651,'北里大　　　　,'看護　　,'看護　　　　,'　,'　　　,'看護　　　,'1,'13
'3237,'66,'00,'0,'0,'651,'北里大　　　　,'健康科学,'　　　　　　,'　,'　　　,'看護　　　,'0,'13
'3237,'66,'01,'0,'0,'651,'北里大　　　　,'健康科学,'看護　　　　,'　,'　　　,'看護　　　,'1,'13
'3237,'66,'02,'0,'0,'658,'北里大　　　　,'健康科学,'医療検査　　,'　,'　　　,'検査技術　,'1,'13
'3237,'75,'00,'0,'0,'701,'北里大　　　　,'獣医　　,'　　　　　　,'　,'　　　,'農学　　　,'0,'13
'3237,'75,'01,'0,'0,'705,'北里大　　　　,'獣医　　,'獣医　　　　,'　,'　　　,'獣医学　　,'1,'13
'3237,'75,'02,'0,'0,'703,'北里大　　　　,'獣医　　,'動物資源科学,'　,'　　　,'農芸化学　,'1,'13
'3237,'75,'03,'0,'0,'701,'北里大　　　　,'獣医　　,'グリーン環境,'　,'　　　,'農学　　　,'1,'13
'3237,'76,'00,'0,'0,'708,'北里大　　　　,'海洋生命,'　　　　　　,'　,'　　　,'水産学　　,'0,'13
'3237,'76,'01,'0,'0,'708,'北里大　　　　,'海洋生命,'海洋生命科学,'　,'　　　,'水産学　　,'1,'13
'3238,'03,'00,'0,'0,'101,'共立女子大　　,'文芸　　,'　　　　　　,'　,'　　　,'日本文学　,'0,'13
'3238,'03,'03,'0,'0,'101,'共立女子大　　,'文芸　　,'文芸　　　　,'　,'　　　,'日本文学　,'1,'13
'3238,'21,'00,'0,'0,'221,'共立女子大　　,'ビジネス,'　　　　　　,'　,'　　　,'経済学　　,'0,'13
'3238,'21,'01,'0,'0,'221,'共立女子大　　,'ビジネス,'ビジネス　　,'　,'　　　,'経済学　　,'1,'13
'3238,'34,'00,'0,'0,'106,'共立女子大　　,'国際　　,'　　　　　　,'　,'　　　,'文化学　　,'0,'13
'3238,'34,'01,'0,'0,'106,'共立女子大　　,'国際　　,'国際　　　　,'　,'　　　,'文化学　　,'1,'13
'3238,'47,'00,'0,'0,'405,'共立女子大　　,'建築デザ,'　　　　　　,'　,'　　　,'住居学　　,'0,'13
'3238,'47,'01,'0,'0,'405,'共立女子大　　,'建築デザ,'建築・デザイ,'　,'　　　,'住居学　　,'1,'13
'3238,'64,'00,'0,'0,'651,'共立女子大　　,'看護　　,'　　　　　　,'　,'　　　,'看護　　　,'0,'13
'3238,'64,'01,'0,'0,'651,'共立女子大　　,'看護　　,'看護　　　　,'　,'　　　,'看護　　　,'1,'13
'3238,'79,'00,'0,'0,'402,'共立女子大　　,'家政　　,'　　　　　　,'　,'　　　,'食物・栄養,'0,'13
'3238,'79,'01,'0,'0,'402,'共立女子大　　,'家政　　,'食物／管理栄,'　,'　　　,'食物・栄養,'1,'13
'3238,'79,'02,'0,'0,'402,'共立女子大　　,'家政　　,'食物／食物学,'　,'　　　,'食物・栄養,'1,'13
'3238,'79,'04,'0,'0,'403,'共立女子大　　,'家政　　,'被服　　　　,'　,'　　　,'被服・服飾,'1,'13
'3238,'80,'00,'0,'0,'301,'共立女子大　　,'児童　　,'　　　　　　,'　,'　　　,'小学校　　,'0,'13
'3238,'80,'01,'0,'0,'301,'共立女子大　　,'児童　　,'児童　　　　,'　,'　　　,'小学校　　,'1,'13
'3240,'08,'00,'0,'0,'106,'杏林大　　　　,'外国語　,'　　　　　　,'　,'　　　,'文化学　　,'0,'13
'3240,'08,'02,'0,'0,'152,'杏林大　　　　,'外国語　,'中国語　　　,'　,'　　　,'中国語　　,'1,'13
'3240,'08,'05,'0,'0,'151,'杏林大　　　　,'外国語　,'英語　　　　,'　,'　　　,'英米語　　,'1,'13
'3240,'08,'08,'0,'0,'106,'杏林大　　　　,'外国語　,'観光交流文化,'　,'　　　,'文化学　　,'1,'13
'3240,'13,'00,'0,'0,'201,'杏林大　　　　,'総合政策,'　　　　　　,'　,'　　　,'法学　　　,'0,'13
'3240,'13,'01,'0,'0,'201,'杏林大　　　　,'総合政策,'法律政治　　,'　,'　　　,'法学　　　,'1,'13
'3240,'13,'02,'0,'0,'222,'杏林大　　　　,'総合政策,'経済経営　　,'　,'　　　,'経営学・商,'1,'13
'3240,'55,'00,'0,'0,'601,'杏林大　　　　,'医　　　,'　　　　　　,'　,'　　　,'医　　　　,'0,'13
'3240,'55,'01,'0,'0,'601,'杏林大　　　　,'医　　　,'医　　　　　,'　,'　　　,'医　　　　,'1,'13
'3240,'64,'00,'0,'0,'652,'杏林大　　　　,'保健　　,'　　　　　　,'　,'　　　,'医療技術　,'0,'13
'3240,'64,'03,'0,'0,'658,'杏林大　　　　,'保健　　,'臨床検査技術,'　,'　　　,'検査技術　,'1,'13
'3240,'64,'04,'0,'0,'652,'杏林大　　　　,'保健　　,'臨床工　　　,'　,'　　　,'医療技術　,'1,'13
'3240,'64,'05,'0,'0,'652,'杏林大　　　　,'保健　　,'救急救命　　,'　,'　　　,'医療技術　,'1,'13
'3240,'64,'08,'0,'0,'651,'杏林大　　　　,'保健　　,'看護／看護学,'　,'　　　,'看護　　　,'1,'13
'3240,'64,'09,'0,'0,'314,'杏林大　　　　,'保健　　,'看護／看護養,'　,'　　　,'養護　　　,'1,'13
'3240,'64,'10,'0,'0,'657,'杏林大　　　　,'保健　　,'診療放射技術,'　,'　　　,'放射線技術,'1,'13
'3240,'64,'11,'0,'0,'105,'杏林大　　　　,'保健　　,'臨床心理　　,'　,'　　　,'心理学　　,'1,'13
'3240,'64,'12,'0,'0,'655,'杏林大　　　　,'保健　　,'リハ／理学療,'　,'　　　,'理学療法　,'1,'13
'3240,'64,'13,'0,'0,'656,'杏林大　　　　,'保健　　,'リハ／作業療,'　,'　　　,'作業療法　,'1,'13
'3240,'64,'14,'0,'0,'652,'杏林大　　　　,'保健　　,'リハ／言語聴,'　,'　　　,'医療技術　,'1,'13
'3240,'64,'15,'0,'0,'242,'杏林大　　　　,'保健　　,'健康／健康福,'　,'　　　,'社会福祉学,'1,'13
'3240,'64,'16,'0,'0,'654,'杏林大　　　　,'保健　　,'健康／健康ス,'　,'　　　,'体育・健康,'1,'13
'3241,'83,'00,'0,'0,'453,'国立音大　　　,'音楽　　,'　　　　　　,'　,'　　　,'音楽　　　,'0,'13
'3241,'83,'17,'0,'0,'453,'国立音大　　　,'音楽　　,'演奏／声楽　,'　,'　　　,'音楽　　　,'1,'13
'3241,'83,'18,'0,'0,'453,'国立音大　　　,'音楽　　,'演奏／ピアノ,'　,'　　　,'音楽　　　,'1,'13
'3241,'83,'19,'0,'0,'453,'国立音大　　　,'音楽　　,'演奏／オルガ,'　,'　　　,'音楽　　　,'1,'13
'3241,'83,'20,'0,'0,'453,'国立音大　　　,'音楽　　,'演奏／電子オ,'　,'　　　,'音楽　　　,'1,'13
'3241,'83,'21,'0,'0,'453,'国立音大　　　,'音楽　　,'演奏／弦管打,'　,'　　　,'音楽　　　,'1,'13
'3241,'83,'22,'0,'0,'453,'国立音大　　　,'音楽　　,'演奏／ジャズ,'　,'　　　,'音楽　　　,'1,'13
'3241,'83,'23,'0,'0,'453,'国立音大　　　,'音楽　　,'演奏／作曲　,'　,'　　　,'音楽　　　,'1,'13
'3241,'83,'24,'0,'0,'453,'国立音大　　　,'音楽　　,'演奏／音楽デ,'　,'　　　,'音楽　　　,'1,'13
'3241,'83,'26,'0,'0,'309,'国立音大　　　,'音楽　　,'音楽／音楽教,'　,'　　　,'中高－音楽,'1,'13
'3241,'83,'27,'0,'0,'453,'国立音大　　　,'音楽　　,'音楽／音楽療,'　,'　　　,'音楽　　　,'1,'13
'3241,'83,'28,'0,'0,'453,'国立音大　　　,'音楽　　,'音楽／音楽情,'　,'　　　,'音楽　　　,'1,'13
'3241,'83,'29,'0,'0,'312,'国立音大　　　,'音楽　　,'音楽／幼児音,'　,'　　　,'幼稚園　　,'1,'13
'3242,'01,'00,'0,'0,'101,'慶応大　　　　,'文　　　,'　　　　　　,'　,'　　　,'日本文学　,'0,'13
'3242,'01,'06,'0,'0,'101,'慶応大　　　　,'文　　　,'人文社会　　,'　,'　　　,'日本文学　,'1,'13
'3242,'12,'00,'0,'0,'201,'慶応大　　　　,'法　　　,'　　　　　　,'　,'　　　,'法学　　　,'0,'13
'3242,'12,'01,'0,'0,'202,'慶応大　　　　,'法　　　,'政治　　　　,'　,'　　　,'政治学　　,'1,'13
'3242,'12,'02,'0,'0,'201,'慶応大　　　　,'法　　　,'法律　　　　,'　,'　　　,'法学　　　,'1,'13
'3242,'13,'00,'0,'0,'753,'慶応大　　　　,'総合政策,'　　　　　　,'　,'　　　,'総合科学　,'0,'13
'3242,'13,'01,'0,'0,'753,'慶応大　　　　,'総合政策,'総合政策　　,'　,'　　　,'総合科学　,'1,'13
'3242,'18,'00,'0,'0,'221,'慶応大　　　　,'経済　　,'　　　　　　,'　,'　　　,'経済学　　,'0,'13
'3242,'18,'01,'0,'0,'221,'慶応大　　　　,'経済　　,'経済　　　　,'　,'　　　,'経済学　　,'1,'13
'3242,'20,'00,'0,'0,'222,'慶応大　　　　,'商　　　,'　　　　　　,'　,'　　　,'経営学・商,'0,'13
'3242,'20,'01,'0,'0,'222,'慶応大　　　　,'商　　　,'商　　　　　,'　,'　　　,'経営学・商,'1,'13
'3242,'47,'00,'0,'0,'551,'慶応大　　　　,'理工　　,'　　　　　　,'　,'　　　,'機械工学　,'0,'13
'3242,'47,'23,'0,'0,'502,'慶応大　　　　,'理工　　,'学門Ａ　　　,'　,'　　　,'物理学　　,'1,'13
'3242,'47,'24,'0,'0,'552,'慶応大　　　　,'理工　　,'学門Ｂ　　　,'　,'　　　,'電気・電子,'1,'13
'3242,'47,'25,'0,'0,'501,'慶応大　　　　,'理工　　,'学門Ｃ　　　,'　,'　　　,'数学　　　,'1,'13
'3242,'47,'26,'0,'0,'551,'慶応大　　　　,'理工　　,'学門Ｄ　　　,'　,'　　　,'機械工学　,'1,'13
'3242,'47,'27,'0,'0,'503,'慶応大　　　　,'理工　　,'学門Ｅ　　　,'　,'　　　,'化学　　　,'1,'13
'3242,'48,'00,'0,'0,'752,'慶応大　　　　,'環境情報,'　　　　　　,'　,'　　　,'総合情報学,'0,'13
'3242,'48,'01,'0,'0,'752,'慶応大　　　　,'環境情報,'環境情報　　,'　,'　　　,'総合情報学,'1,'13
'3242,'55,'00,'0,'0,'601,'慶応大　　　　,'医　　　,'　　　　　　,'　,'　　　,'医　　　　,'0,'13
'3242,'55,'01,'0,'0,'601,'慶応大　　　　,'医　　　,'医　　　　　,'　,'　　　,'医　　　　,'1,'13
'3242,'61,'00,'0,'0,'621,'慶応大　　　　,'薬　　　,'　　　　　　,'　,'　　　,'薬　　　　,'0,'13
'3242,'61,'01,'0,'0,'621,'慶応大　　　　,'薬　　　,'薬　　　　　,'　,'　　　,'薬　　　　,'1,'13
'3242,'61,'02,'0,'0,'621,'慶応大　　　　,'薬　　　,'薬科学　　　,'　,'　　　,'薬　　　　,'1,'13
'3242,'64,'00,'0,'0,'651,'慶応大　　　　,'看護医療,'　　　　　　,'　,'　　　,'看護　　　,'0,'13
'3242,'64,'01,'0,'0,'651,'慶応大　　　　,'看護医療,'看護　　　　,'　,'　　　,'看護　　　,'1,'13
'3244,'37,'00,'0,'0,'553,'工学院大　　　,'情報　　,'　　　　　　,'　,'　　　,'情報工学　,'0,'13
'3244,'37,'01,'0,'0,'552,'工学院大　　　,'情報　　,'コンピュータ,'　,'　　　,'電気・電子,'1,'13
'3244,'37,'02,'0,'0,'552,'工学院大　　　,'情報　　,'情報デザイン,'　,'　　　,'電気・電子,'1,'13
'3244,'37,'03,'0,'0,'223,'工学院大　　　,'情報　　,'情報科学　　,'　,'　　　,'経営情報学,'1,'13
'3244,'37,'04,'0,'0,'552,'工学院大　　　,'情報　　,'情報通信工　,'　,'　　　,'電気・電子,'1,'13
'3244,'46,'00,'0,'0,'551,'工学院大　　　,'工　　　,'　　　　　　,'　,'　　　,'機械工学　,'0,'13
'3244,'46,'11,'0,'0,'551,'工学院大　　　,'工　　　,'機械シス工　,'　,'　　　,'機械工学　,'1,'13
'3244,'46,'12,'0,'0,'551,'工学院大　　　,'工　　　,'機械工　　　,'　,'　　　,'機械工学　,'1,'13
'3244,'46,'21,'0,'0,'552,'工学院大　　　,'工　　　,'電気電子工　,'　,'　　　,'電気・電子,'1,'13
'3244,'48,'00,'0,'0,'554,'工学院大　　　,'建築　　,'　　　　　　,'　,'　　　,'建築・土木,'0,'13
'3244,'48,'01,'0,'0,'554,'工学院大　　　,'建築　　,'建築　　　　,'　,'　　　,'建築・土木,'1,'13
'3244,'48,'02,'0,'0,'405,'工学院大　　　,'建築　　,'建築デザイン,'　,'　　　,'住居学　　,'1,'13
'3244,'48,'03,'0,'0,'554,'工学院大　　　,'建築　　,'まちづくり　,'　,'　　　,'建築・土木,'1,'13
'3244,'49,'00,'0,'0,'503,'工学院大　　　,'先進工　,'　　　　　　,'　,'　　　,'化学　　　,'0,'13
'3244,'49,'01,'0,'0,'503,'工学院大　　　,'先進工　,'生命化　　　,'　,'　　　,'化学　　　,'1,'13
'3244,'49,'02,'0,'0,'503,'工学院大　　　,'先進工　,'応用化　　　,'　,'　　　,'化学　　　,'1,'13
'3244,'49,'03,'0,'0,'503,'工学院大　　　,'先進工　,'環境化　　　,'　,'　　　,'化学　　　,'1,'13
'3244,'49,'04,'0,'0,'502,'工学院大　　　,'先進工　,'応用物理　　,'　,'　　　,'物理学　　,'1,'13
'3244,'49,'07,'0,'0,'551,'工学院大　　　,'先進工　,'機械／機械理,'　,'　　　,'機械工学　,'1,'13
'3244,'49,'08,'0,'0,'561,'工学院大　　　,'先進工　,'機械／航空理,'　,'　　　,'航空・宇宙,'1,'13
'3245,'01,'00,'0,'0,'106,'国学院大　　　,'文　　　,'　　　　　　,'　,'　　　,'文化学　　,'0,'13
'3245,'01,'01,'0,'0,'103,'国学院大　　　,'文　　　,'史学　　　　,'　,'　　　,'地理学　　,'1,'13
'3245,'01,'03,'0,'0,'104,'国学院大　　　,'文　　　,'哲学　　　　,'　,'　　　,'哲学倫理宗,'1,'13
'3245,'01,'05,'0,'0,'101,'国学院大　　　,'文　　　,'日本文　　　,'　,'　　　,'日本文学　,'1,'13
'3245,'01,'06,'0,'0,'102,'国学院大　　　,'文　　　,'中国文　　　,'　,'　　　,'外国文学　,'1,'13
'3245,'01,'07,'0,'0,'106,'国学院大　　　,'文　　　,'外国語文化　,'　,'　　　,'文化学　　,'1,'13
'3245,'03,'00,'0,'0,'104,'国学院大　　　,'神道文化,'　　　　　　,'　,'　　　,'哲学倫理宗,'0,'13
'3245,'03,'01,'0,'0,'104,'国学院大　　　,'神道文化,'神道文化　　,'　,'　　　,'哲学倫理宗,'1,'13
'3245,'12,'00,'0,'0,'201,'国学院大　　　,'法　　　,'　　　　　　,'　,'　　　,'法学　　　,'0,'13
'3245,'12,'02,'0,'0,'201,'国学院大　　　,'法　　　,'法律／法律　,'　,'　　　,'法学　　　,'1,'13
'3245,'12,'03,'0,'0,'201,'国学院大　　　,'法　　　,'法律／法律専,'　,'　　　,'法学　　　,'1,'13
'3245,'12,'04,'0,'0,'202,'国学院大　　　,'法　　　,'法律／政治　,'　,'　　　,'政治学　　,'1,'13
'3245,'18,'00,'0,'0,'221,'国学院大　　　,'経済　　,'　　　　　　,'　,'　　　,'経済学　　,'0,'13
'3245,'18,'01,'0,'0,'221,'国学院大　　　,'経済　　,'経済　　　　,'　,'　　　,'経済学　　,'1,'13
'3245,'18,'03,'0,'0,'222,'国学院大　　　,'経済　　,'経営　　　　,'　,'　　　,'経営学・商,'1,'13
'3245,'27,'00,'0,'0,'241,'国学院大　　　,'観光まち,'　　　　　　,'　,'　　　,'社会学　　,'0,'13
'3245,'27,'01,'0,'0,'241,'国学院大　　　,'観光まち,'観光まちづく,'　,'　　　,'社会学　　,'1,'13
'3245,'31,'00,'0,'0,'312,'国学院大　　　,'人間開発,'　　　　　　,'　,'　　　,'幼稚園　　,'0,'13
'3245,'31,'01,'0,'0,'301,'国学院大　　　,'人間開発,'初等教育　　,'　,'　　　,'小学校　　,'1,'13
'3245,'31,'02,'0,'0,'311,'国学院大　　　,'人間開発,'健康体育　　,'　,'　　　,'中高－体育,'1,'13
'3245,'31,'03,'0,'0,'312,'国学院大　　　,'人間開発,'子ども支援　,'　,'　　　,'幼稚園　　,'1,'13
'3246,'37,'00,'0,'0,'101,'国際基督教大　,'教養　　,'　　　　　　,'　,'　　　,'日本文学　,'0,'13
'3246,'37,'07,'0,'0,'101,'国際基督教大　,'教養　　,'アーツ・サイ,'　,'　　　,'日本文学　,'1,'13
'3247,'01,'00,'0,'0,'101,'国士舘大　　　,'文　　　,'　　　　　　,'　,'　　　,'日本文学　,'0,'13
'3247,'01,'09,'0,'0,'301,'国士舘大　　　,'文　　　,'教育　　　　,'　,'　　　,'小学校　　,'1,'13
'3247,'01,'11,'0,'0,'101,'国士舘大　　　,'文　　　,'文学　　　　,'　,'　　　,'日本文学　,'1,'13
'3247,'01,'14,'0,'0,'109,'国士舘大　　　,'文　　　,'史／考古・日,'　,'　　　,'日本史　　,'1,'13
'3247,'01,'15,'0,'0,'103,'国士舘大　　　,'文　　　,'史／地理・環,'　,'　　　,'地理学　　,'1,'13
'3247,'03,'00,'0,'0,'106,'国士舘大　　　,'２１世紀,'　　　　　　,'　,'　　　,'文化学　　,'0,'13
'3247,'03,'01,'0,'0,'106,'国士舘大　　　,'２１世紀,'２１世紀アジ,'　,'　　　,'文化学　　,'1,'13
'3247,'12,'00,'0,'0,'201,'国士舘大　　　,'法　　　,'　　　　　　,'　,'　　　,'法学　　　,'0,'13
'3247,'12,'01,'0,'0,'201,'国士舘大　　　,'法　　　,'法律　　　　,'　,'　　　,'法学　　　,'1,'13
'3247,'12,'02,'0,'0,'201,'国士舘大　　　,'法　　　,'現代ビジネス,'　,'　　　,'法学　　　,'1,'13
'3247,'13,'00,'0,'0,'261,'国士舘大　　　,'政経　　,'　　　　　　,'　,'　　　,'国際関係学,'0,'13
'3247,'13,'02,'0,'0,'221,'国士舘大　　　,'政経　　,'経済　　　　,'　,'　　　,'経済学　　,'1,'13
'3247,'13,'03,'0,'0,'202,'国士舘大　　　,'政経　　,'政治行政　　,'　,'　　　,'政治学　　,'1,'13
'3247,'19,'00,'0,'0,'222,'国士舘大　　　,'経営　　,'　　　　　　,'　,'　　　,'経営学・商,'0,'13
'3247,'19,'01,'0,'0,'222,'国士舘大　　　,'経営　　,'経営　　　　,'　,'　　　,'経営学・商,'1,'13
'3247,'47,'00,'0,'0,'507,'国士舘大　　　,'理工　　,'　　　　　　,'　,'　　　,'総合理学　,'0,'13
'3247,'47,'01,'0,'0,'507,'国士舘大　　　,'理工　　,'理工　　　　,'　,'　　　,'総合理学　,'1,'13
'3247,'64,'00,'0,'0,'654,'国士舘大　　　,'体育　　,'　　　　　　,'　,'　　　,'体育・健康,'0,'13
'3247,'64,'01,'0,'0,'311,'国士舘大　　　,'体育　　,'体育　　　　,'　,'　　　,'中高－体育,'1,'13
'3247,'64,'02,'0,'0,'652,'国士舘大　　　,'体育　　,'スポーツ医科,'　,'　　　,'医療技術　,'1,'13
'3247,'64,'03,'0,'0,'654,'国士舘大　　　,'体育　　,'武道　　　　,'　,'　　　,'体育・健康,'1,'13
'3247,'64,'04,'0,'0,'301,'国士舘大　　　,'体育　　,'こどもスポー,'　,'　　　,'小学校　　,'1,'13
'3248,'01,'00,'0,'0,'103,'駒澤大　　　　,'文　　　,'　　　　　　,'　,'　　　,'地理学　　,'0,'13
'3248,'01,'01,'0,'0,'102,'駒澤大　　　　,'文　　　,'英米文　　　,'　,'　　　,'外国文学　,'1,'13
'3248,'01,'02,'0,'0,'101,'駒澤大　　　　,'文　　　,'国文　　　　,'　,'　　　,'日本文学　,'1,'13
'3248,'01,'06,'0,'0,'105,'駒澤大　　　　,'文　　　,'心理　　　　,'　,'　　　,'心理学　　,'1,'13
'3248,'01,'07,'0,'0,'241,'駒澤大　　　　,'文　　　,'社会／社会学,'　,'　　　,'社会学　　,'1,'13
'3248,'01,'08,'0,'0,'242,'駒澤大　　　　,'文　　　,'社会／社会福,'　,'　　　,'社会福祉学,'1,'13
'3248,'01,'09,'0,'0,'103,'駒澤大　　　　,'文　　　,'地理／地域文,'　,'　　　,'地理学　　,'1,'13
'3248,'01,'10,'0,'0,'103,'駒澤大　　　　,'文　　　,'地理／地域環,'　,'　　　,'地理学　　,'1,'13
'3248,'01,'11,'0,'0,'109,'駒澤大　　　　,'文　　　,'歴史／日本史,'　,'　　　,'日本史　　,'1,'13
'3248,'01,'12,'0,'0,'107,'駒澤大　　　　,'文　　　,'歴史／外国史,'　,'　　　,'西洋史　　,'1,'13
'3248,'01,'13,'0,'0,'111,'駒澤大　　　　,'文　　　,'歴史／考古学,'　,'　　　,'考古学・文,'1,'13
'3248,'03,'00,'0,'0,'104,'駒澤大　　　　,'仏教　　,'　　　　　　,'　,'　　　,'哲学倫理宗,'1,'13
'3248,'12,'00,'0,'0,'201,'駒澤大　　　　,'法　　　,'　　　　　　,'　,'　　　,'法学　　　,'0,'13
'3248,'12,'01,'0,'0,'202,'駒澤大　　　　,'法　　　,'政治　　　　,'　,'　　　,'政治学　　,'1,'13
'3248,'12,'02,'0,'0,'201,'駒澤大　　　　,'法　　　,'法律　　　　,'　,'　　　,'法学　　　,'1,'13
'3248,'17,'00,'0,'0,'201,'駒澤大　　　　,'法Ｂ　　,'　　　　　　,'　,'　　　,'法学　　　,'0,'13
'3248,'17,'01,'0,'0,'201,'駒澤大　　　　,'法Ｂ　　,'法律　　　　,'　,'　　　,'法学　　　,'1,'13
'3248,'18,'00,'0,'0,'221,'駒澤大　　　　,'経済　　,'　　　　　　,'　,'　　　,'経済学　　,'0,'13
'3248,'18,'01,'0,'0,'221,'駒澤大　　　　,'経済　　,'経済　　　　,'　,'　　　,'経済学　　,'1,'13
'3248,'18,'02,'0,'0,'222,'駒澤大　　　　,'経済　　,'商　　　　　,'　,'　　　,'経営学・商,'1,'13
'3248,'18,'03,'0,'0,'221,'駒澤大　　　　,'経済　　,'現代応用経済,'　,'　　　,'経済学　　,'1,'13
'3248,'19,'00,'0,'0,'222,'駒澤大　　　　,'経営　　,'　　　　　　,'　,'　　　,'経営学・商,'0,'13
'3248,'19,'01,'0,'0,'222,'駒澤大　　　　,'経営　　,'経営　　　　,'　,'　　　,'経営学・商,'1,'13
'3248,'19,'02,'0,'0,'222,'駒澤大　　　　,'経営　　,'市場戦略　　,'　,'　　　,'経営学・商,'1,'13
'3248,'37,'00,'0,'0,'753,'駒澤大　　　　,'グローバ,'　　　　　　,'　,'　　　,'総合科学　,'0,'13
'3248,'37,'01,'0,'0,'753,'駒澤大　　　　,'グローバ,'グローバルメ,'　,'　　　,'総合科学　,'1,'13
'3248,'64,'00,'0,'0,'657,'駒澤大　　　　,'医療健康,'　　　　　　,'　,'　　　,'放射線技術,'0,'13
'3248,'64,'01,'0,'0,'657,'駒澤大　　　　,'医療健康,'診療放射技術,'　,'　　　,'放射線技術,'1,'13
'3249,'03,'00,'0,'0,'105,'駒沢女子大　　,'共創文化,'　　　　　　,'　,'　　　,'心理学　　,'0,'13
'3249,'03,'01,'0,'0,'106,'駒沢女子大　　,'共創文化,'国際日本　　,'　,'　　　,'文化学　　,'1,'13
'3249,'03,'02,'0,'0,'241,'駒沢女子大　　,'共創文化,'人間関係　　,'　,'　　　,'社会学　　,'1,'13
'3249,'03,'04,'0,'0,'105,'駒沢女子大　　,'共創文化,'心理　　　　,'　,'　　　,'心理学　　,'1,'13
'3249,'27,'00,'0,'0,'243,'駒沢女子大　　,'観光文化,'　　　　　　,'　,'　　　,'観光学　　,'0,'13
'3249,'27,'01,'0,'0,'243,'駒沢女子大　　,'観光文化,'観光文化　　,'　,'　　　,'観光学　　,'1,'13
'3249,'64,'00,'0,'0,'402,'駒沢女子大　　,'人間健康,'　　　　　　,'　,'　　　,'食物・栄養,'0,'13
'3249,'64,'01,'0,'0,'402,'駒沢女子大　　,'人間健康,'健康栄養　　,'　,'　　　,'食物・栄養,'1,'13
'3249,'65,'00,'0,'0,'651,'駒沢女子大　　,'看護　　,'　　　　　　,'　,'　　　,'看護　　　,'0,'13
'3249,'65,'01,'0,'0,'651,'駒沢女子大　　,'看護　　,'看護　　　　,'　,'　　　,'看護　　　,'1,'13
'3249,'79,'00,'0,'0,'405,'駒沢女子大　　,'空間デザ,'　　　　　　,'　,'　　　,'住居学　　,'0,'13
'3249,'79,'01,'0,'0,'405,'駒沢女子大　　,'空間デザ,'空間デザイン,'　,'　　　,'住居学　　,'1,'13
'3250,'01,'00,'0,'0,'101,'実践女子大　　,'文　　　,'　　　　　　,'　,'　　　,'日本文学　,'0,'13
'3250,'01,'01,'0,'0,'102,'実践女子大　　,'文　　　,'英文　　　　,'　,'　　　,'外国文学　,'1,'13
'3250,'01,'02,'0,'0,'101,'実践女子大　　,'文　　　,'国文　　　　,'　,'　　　,'日本文学　,'1,'13
'3250,'01,'03,'0,'0,'104,'実践女子大　　,'文　　　,'美学美術史　,'　,'　　　,'哲学倫理宗,'1,'13
'3250,'27,'00,'0,'0,'222,'実践女子大　　,'人間社会,'　　　　　　,'　,'　　　,'経営学・商,'1,'13
'3250,'33,'00,'0,'0,'261,'実践女子大　　,'国際　　,'　　　　　　,'　,'　　　,'国際関係学,'0,'13
'3250,'33,'01,'0,'0,'261,'実践女子大　　,'国際　　,'国際　　　　,'　,'　　　,'国際関係学,'1,'13
'3250,'79,'00,'0,'0,'105,'実践女子大　　,'生活科学,'　　　　　　,'　,'　　　,'心理学　　,'0,'13
'3250,'79,'05,'0,'0,'105,'実践女子大　　,'生活科学,'生活／生活心,'　,'　　　,'心理学　　,'1,'13
'3250,'79,'06,'0,'0,'301,'実践女子大　　,'生活科学,'生活／幼児保,'　,'　　　,'小学校　　,'1,'13
'3250,'79,'08,'0,'0,'401,'実践女子大　　,'生活科学,'現代生活　　,'　,'　　　,'生活科学　,'1,'13
'3250,'80,'00,'0,'0,'403,'実践女子大　　,'環境デザ,'　　　　　　,'　,'　　　,'被服・服飾,'0,'13
'3250,'80,'01,'0,'0,'403,'実践女子大　　,'環境デザ,'環境デザイン,'　,'　　　,'被服・服飾,'1,'13
'3250,'81,'00,'0,'0,'402,'実践女子大　　,'食科学　,'　　　　　　,'　,'　　　,'食物・栄養,'0,'13
'3250,'81,'01,'0,'0,'402,'実践女子大　　,'食科学　,'食科／食デザ,'　,'　　　,'食物・栄養,'1,'13
'3250,'81,'02,'0,'0,'402,'実践女子大　　,'食科学　,'食科／健康栄,'　,'　　　,'食物・栄養,'1,'13
'3250,'81,'03,'0,'0,'402,'実践女子大　　,'食科学　,'管理栄養　　,'　,'　　　,'食物・栄養,'1,'13
'3251,'46,'00,'0,'0,'552,'芝浦工大　　　,'工　　　,'　　　　　　,'　,'　　　,'電気・電子,'0,'13
'3251,'46,'11,'0,'0,'554,'芝浦工大　　　,'工　　　,'土木工学　　,'　,'　　　,'建築・土木,'1,'13
'3251,'46,'14,'0,'0,'551,'芝浦工大　　　,'工　　　,'機械／基幹機,'　,'　　　,'機械工学　,'1,'13
'3251,'46,'15,'0,'0,'551,'芝浦工大　　　,'工　　　,'機械／先進機,'　,'　　　,'機械工学　,'1,'13
'3251,'46,'16,'0,'0,'558,'芝浦工大　　　,'工　　　,'物質／環境物,'　,'　　　,'金属・材料,'1,'13
'3251,'46,'17,'0,'0,'555,'芝浦工大　　　,'工　　　,'物質／化学生,'　,'　　　,'応用化学　,'1,'13
'3251,'46,'18,'0,'0,'552,'芝浦工大　　　,'工　　　,'電気／電気ロ,'　,'　　　,'電気・電子,'1,'13
'3251,'46,'19,'0,'0,'552,'芝浦工大　　　,'工　　　,'電気／先端電,'　,'　　　,'電気・電子,'1,'13
'3251,'46,'20,'0,'0,'552,'芝浦工大　　　,'工　　　,'情報／情報通,'　,'　　　,'電気・電子,'1,'13
'3251,'46,'21,'0,'0,'553,'芝浦工大　　　,'工　　　,'情報／情報工,'　,'　　　,'情報工学　,'1,'13
'3251,'47,'00,'0,'0,'564,'芝浦工大　　　,'シス理工,'　　　　　　,'　,'　　　,'生物工学　,'0,'13
'3251,'47,'02,'0,'0,'551,'芝浦工大　　　,'シス理工,'機械・電気　,'　,'　　　,'機械工学　,'1,'13
'3251,'47,'04,'0,'0,'504,'芝浦工大　　　,'シス理工,'生命／生命科,'　,'　　　,'生物学　　,'1,'13
'3251,'47,'05,'0,'0,'564,'芝浦工大　　　,'シス理工,'生命／医工学,'　,'　　　,'生物工学　,'1,'13
'3251,'47,'06,'0,'0,'501,'芝浦工大　　　,'シス理工,'数理科学　　,'　,'　　　,'数学　　　,'1,'13
'3251,'47,'07,'0,'0,'554,'芝浦工大　　　,'シス理工,'建築／建築　,'　,'　　　,'建築・土木,'1,'13
'3251,'47,'08,'0,'0,'554,'芝浦工大　　　,'シス理工,'建築／環境都,'　,'　　　,'建築・土木,'1,'13
'3251,'47,'09,'0,'0,'552,'芝浦工大　　　,'シス理工,'情報／ＩｏＴ,'　,'　　　,'電気・電子,'1,'13
'3251,'47,'10,'0,'0,'553,'芝浦工大　　　,'シス理工,'情報／ソフト,'　,'　　　,'情報工学　,'1,'13
'3251,'47,'11,'0,'0,'455,'芝浦工大　　　,'シス理工,'情報／メディ,'　,'　　　,'映像　　　,'1,'13
'3251,'47,'12,'0,'0,'506,'芝浦工大　　　,'シス理工,'情報／データ,'　,'　　　,'情報科学　,'1,'13
'3251,'47,'13,'0,'0,'564,'芝浦工大　　　,'シス理工,'生命／スポー,'　,'　　　,'生物工学　,'1,'13
'3251,'48,'00,'0,'0,'566,'芝浦工大　　　,'デザイン,'　　　　　　,'　,'　　　,'デザイン工,'0,'13
'3251,'48,'07,'0,'0,'566,'芝浦工大　　　,'デザイン,'デザ／プロダ,'　,'　　　,'デザイン工,'1,'13
'3251,'48,'08,'0,'0,'566,'芝浦工大　　　,'デザイン,'デザ／ＵＸ　,'　,'　　　,'デザイン工,'1,'13
'3251,'48,'09,'0,'0,'752,'芝浦工大　　　,'デザイン,'デザ／社会情,'　,'　　　,'総合情報学,'1,'13
'3251,'49,'00,'0,'0,'554,'芝浦工大　　　,'建築　　,'　　　　　　,'　,'　　　,'建築・土木,'0,'13
'3251,'49,'01,'0,'0,'554,'芝浦工大　　　,'建築　　,'建築／空間建,'　,'　　　,'建築・土木,'1,'13
'3251,'49,'02,'0,'0,'554,'芝浦工大　　　,'建築　　,'建築／都市建,'　,'　　　,'建築・土木,'1,'13
'3251,'49,'03,'0,'0,'554,'芝浦工大　　　,'建築　　,'建築／先進的,'　,'　　　,'建築・土木,'1,'13
'3252,'37,'00,'0,'0,'151,'順天堂大　　　,'国際教養,'　　　　　　,'　,'　　　,'英米語　　,'0,'13
'3252,'37,'01,'0,'0,'151,'順天堂大　　　,'国際教養,'国際教養　　,'　,'　　　,'英米語　　,'1,'13
'3252,'38,'00,'0,'0,'752,'順天堂大　　　,'健康デー,'　　　　　　,'　,'　　　,'総合情報学,'0,'13
'3252,'38,'01,'0,'0,'752,'順天堂大　　　,'健康デー,'健康データサ,'　,'　　　,'総合情報学,'1,'13
'3252,'55,'00,'0,'0,'601,'順天堂大　　　,'医　　　,'　　　　　　,'　,'　　　,'医　　　　,'0,'13
'3252,'55,'01,'0,'0,'601,'順天堂大　　　,'医　　　,'医　　　　　,'　,'　　　,'医　　　　,'1,'13
'3252,'61,'00,'0,'0,'621,'順天堂大　　　,'薬　　　,'　　　　　　,'　,'　　　,'薬　　　　,'0,'13
'3252,'61,'01,'0,'0,'621,'順天堂大　　　,'薬　　　,'薬　　　　　,'　,'　　　,'薬　　　　,'1,'13
'3252,'64,'00,'0,'0,'222,'順天堂大　　　,'スポーツ,'　　　　　　,'　,'　　　,'経営学・商,'0,'13
'3252,'64,'04,'0,'0,'222,'順天堂大　　　,'スポーツ,'スポーツ健康,'　,'　　　,'経営学・商,'1,'13
'3252,'65,'00,'0,'0,'651,'順天堂大　　　,'医療看護,'　　　　　　,'　,'　　　,'看護　　　,'0,'13
'3252,'65,'01,'0,'0,'651,'順天堂大　　　,'医療看護,'看護　　　　,'　,'　　　,'看護　　　,'1,'13
'3252,'66,'00,'0,'0,'651,'順天堂大　　　,'保健看護,'　　　　　　,'　,'　　　,'看護　　　,'0,'13
'3252,'66,'01,'0,'0,'651,'順天堂大　　　,'保健看護,'看護　　　　,'　,'　　　,'看護　　　,'1,'13
'3252,'67,'00,'0,'0,'655,'順天堂大　　　,'保健医療,'　　　　　　,'　,'　　　,'理学療法　,'0,'13
'3252,'67,'01,'0,'0,'655,'順天堂大　　　,'保健医療,'理学療法　　,'　,'　　　,'理学療法　,'1,'13
'3252,'67,'02,'0,'0,'657,'順天堂大　　　,'保健医療,'診療放射線　,'　,'　　　,'放射線技術,'1,'13
'3252,'68,'00,'0,'0,'652,'順天堂大　　　,'医療科学,'　　　　　　,'　,'　　　,'医療技術　,'0,'13
'3252,'68,'01,'0,'0,'658,'順天堂大　　　,'医療科学,'臨床検査　　,'　,'　　　,'検査技術　,'1,'13
'3252,'68,'02,'0,'0,'652,'順天堂大　　　,'医療科学,'臨床工　　　,'　,'　　　,'医療技術　,'1,'13
'3253,'01,'00,'0,'0,'102,'上智大　　　　,'文　　　,'　　　　　　,'　,'　　　,'外国文学　,'0,'13
'3253,'01,'01,'0,'0,'102,'上智大　　　　,'文　　　,'英文　　　　,'　,'　　　,'外国文学　,'1,'13
'3253,'01,'03,'0,'0,'101,'上智大　　　　,'文　　　,'国文　　　　,'　,'　　　,'日本文学　,'1,'13
'3253,'01,'04,'0,'0,'107,'上智大　　　　,'文　　　,'史学　　　　,'　,'　　　,'西洋史　　,'1,'13
'3253,'01,'07,'0,'0,'244,'上智大　　　　,'文　　　,'新聞　　　　,'　,'　　　,'マスコミ　,'1,'13
'3253,'01,'09,'0,'0,'104,'上智大　　　　,'文　　　,'哲学　　　　,'　,'　　　,'哲学倫理宗,'1,'13
'3253,'01,'10,'0,'0,'102,'上智大　　　　,'文　　　,'ドイツ文　　,'　,'　　　,'外国文学　,'1,'13
'3253,'01,'11,'0,'0,'102,'上智大　　　　,'文　　　,'フランス文　,'　,'　　　,'外国文学　,'1,'13
'3253,'03,'00,'0,'0,'104,'上智大　　　　,'神　　　,'　　　　　　,'　,'　　　,'哲学倫理宗,'0,'13
'3253,'03,'01,'0,'0,'104,'上智大　　　　,'神　　　,'神　　　　　,'　,'　　　,'哲学倫理宗,'1,'13
'3253,'08,'00,'0,'0,'151,'上智大　　　　,'外国語　,'　　　　　　,'　,'　　　,'英米語　　,'0,'13
'3253,'08,'01,'0,'0,'155,'上智大　　　　,'外国語　,'イスパニア語,'　,'　　　,'スペイン語,'1,'13
'3253,'08,'02,'0,'0,'151,'上智大　　　　,'外国語　,'英語　　　　,'　,'　　　,'英米語　　,'1,'13
'3253,'08,'03,'0,'0,'157,'上智大　　　　,'外国語　,'ドイツ語　　,'　,'　　　,'ドイツ語　,'1,'13
'3253,'08,'04,'0,'0,'153,'上智大　　　　,'外国語　,'フランス語　,'　,'　　　,'フランス語,'1,'13
'3253,'08,'05,'0,'0,'159,'上智大　　　　,'外国語　,'ポルトガル語,'　,'　　　,'ポルトガル,'1,'13
'3253,'08,'06,'0,'0,'156,'上智大　　　　,'外国語　,'ロシア語　　,'　,'　　　,'ロシア語　,'1,'13
'3253,'12,'00,'0,'0,'201,'上智大　　　　,'法　　　,'　　　　　　,'　,'　　　,'法学　　　,'0,'13
'3253,'12,'01,'0,'0,'201,'上智大　　　　,'法　　　,'国際関係法　,'　,'　　　,'法学　　　,'1,'13
'3253,'12,'02,'0,'0,'201,'上智大　　　　,'法　　　,'法律　　　　,'　,'　　　,'法学　　　,'1,'13
'3253,'12,'03,'0,'0,'201,'上智大　　　　,'法　　　,'地球環境法　,'　,'　　　,'法学　　　,'1,'13
'3253,'18,'00,'0,'0,'221,'上智大　　　　,'経済　　,'　　　　　　,'　,'　　　,'経済学　　,'0,'13
'3253,'18,'01,'0,'0,'222,'上智大　　　　,'経済　　,'経営　　　　,'　,'　　　,'経営学・商,'1,'13
'3253,'18,'02,'0,'0,'221,'上智大　　　　,'経済　　,'経済　　　　,'　,'　　　,'経済学　　,'1,'13
'3253,'33,'00,'0,'0,'261,'上智大　　　　,'総合グロ,'　　　　　　,'　,'　　　,'国際関係学,'0,'13
'3253,'33,'01,'0,'0,'261,'上智大　　　　,'総合グロ,'総合グローバ,'　,'　　　,'国際関係学,'1,'13
'3253,'37,'00,'0,'0,'105,'上智大　　　　,'総合人間,'　　　　　　,'　,'　　　,'心理学　　,'0,'13
'3253,'37,'01,'0,'0,'317,'上智大　　　　,'総合人間,'教育　　　　,'　,'　　　,'教育学　　,'1,'13
'3253,'37,'02,'0,'0,'105,'上智大　　　　,'総合人間,'心理　　　　,'　,'　　　,'心理学　　,'1,'13
'3253,'37,'03,'0,'0,'241,'上智大　　　　,'総合人間,'社会　　　　,'　,'　　　,'社会学　　,'1,'13
'3253,'37,'04,'0,'0,'242,'上智大　　　　,'総合人間,'社会福祉　　,'　,'　　　,'社会福祉学,'1,'13
'3253,'37,'05,'0,'0,'314,'上智大　　　　,'総合人間,'看護　　　　,'　,'　　　,'養護　　　,'1,'13
'3253,'38,'00,'0,'0,'106,'上智大　　　　,'国際教養,'　　　　　　,'　,'　　　,'文化学　　,'0,'13
'3253,'38,'01,'0,'0,'106,'上智大　　　　,'国際教養,'国際教養　　,'　,'　　　,'文化学　　,'1,'13
'3253,'47,'00,'0,'0,'502,'上智大　　　　,'理工　　,'　　　　　　,'　,'　　　,'物理学　　,'0,'13
'3253,'47,'06,'0,'0,'502,'上智大　　　　,'理工　　,'機能創造理工,'　,'　　　,'物理学　　,'1,'13
'3253,'47,'07,'0,'0,'502,'上智大　　　　,'理工　　,'物質生命理工,'　,'　　　,'物理学　　,'1,'13
'3253,'47,'08,'0,'0,'501,'上智大　　　　,'理工　　,'情報理工　　,'　,'　　　,'数学　　　,'1,'13
'3254,'55,'00,'0,'0,'601,'昭和医大　　　,'医　　　,'　　　　　　,'　,'　　　,'医　　　　,'0,'13
'3254,'55,'01,'0,'0,'601,'昭和医大　　　,'医　　　,'医　　　　　,'　,'　　　,'医　　　　,'1,'13
'3254,'58,'00,'0,'0,'611,'昭和医大　　　,'歯　　　,'　　　　　　,'　,'　　　,'歯　　　　,'0,'13
'3254,'58,'01,'0,'0,'611,'昭和医大　　　,'歯　　　,'歯　　　　　,'　,'　　　,'歯　　　　,'1,'13
'3254,'61,'00,'0,'0,'621,'昭和医大　　　,'薬　　　,'　　　　　　,'　,'　　　,'薬　　　　,'0,'13
'3254,'61,'02,'0,'0,'621,'昭和医大　　　,'薬　　　,'薬　　　　　,'　,'　　　,'薬　　　　,'1,'13
'3254,'64,'00,'0,'0,'651,'昭和医大　　　,'保健医療,'　　　　　　,'　,'　　　,'看護　　　,'0,'13
'3254,'64,'01,'0,'0,'651,'昭和医大　　　,'保健医療,'看護　　　　,'　,'　　　,'看護　　　,'1,'13
'3254,'64,'04,'0,'0,'655,'昭和医大　　　,'保健医療,'リハ／理学療,'　,'　　　,'理学療法　,'1,'13
'3254,'64,'05,'0,'0,'656,'昭和医大　　　,'保健医療,'リハ／作業療,'　,'　　　,'作業療法　,'1,'13
'3255,'21,'00,'0,'0,'222,'昭和女子大　　,'グローバ,'　　　　　　,'　,'　　　,'経営学・商,'0,'13
'3255,'21,'01,'0,'0,'151,'昭和女子大　　,'グローバ,'ビジネスデザ,'　,'　　　,'英米語　　,'1,'13
'3255,'21,'02,'0,'0,'222,'昭和女子大　　,'グローバ,'会計ファイナ,'　,'　　　,'経営学・商,'1,'13
'3255,'27,'00,'0,'0,'404,'昭和女子大　　,'人間社会,'　　　　　　,'　,'　　　,'児童学　　,'0,'13
'3255,'27,'01,'0,'0,'105,'昭和女子大　　,'人間社会,'心理　　　　,'　,'　　　,'心理学　　,'1,'13
'3255,'27,'02,'0,'0,'242,'昭和女子大　　,'人間社会,'福祉社会　　,'　,'　　　,'社会福祉学,'1,'13
'3255,'27,'03,'0,'0,'241,'昭和女子大　　,'人間社会,'現代教養　　,'　,'　　　,'社会学　　,'1,'13
'3255,'27,'04,'0,'0,'301,'昭和女子大　　,'人間社会,'初等教育　　,'　,'　　　,'小学校　　,'1,'13
'3255,'33,'00,'0,'0,'151,'昭和女子大　　,'国際　　,'　　　　　　,'　,'　　　,'英米語　　,'0,'13
'3255,'33,'01,'0,'0,'151,'昭和女子大　　,'国際　　,'国際教養　　,'　,'　　　,'英米語　　,'1,'13
'3255,'33,'02,'0,'0,'151,'昭和女子大　　,'国際　　,'国際　　　　,'　,'　　　,'英米語　　,'1,'13
'3255,'33,'03,'0,'0,'106,'昭和女子大　　,'国際　　,'国際日本　　,'　,'　　　,'文化学　　,'1,'13
'3255,'37,'00,'0,'0,'101,'昭和女子大　　,'人間文化,'　　　　　　,'　,'　　　,'日本文学　,'0,'13
'3255,'37,'01,'0,'0,'101,'昭和女子大　　,'人間文化,'日本語日本文,'　,'　　　,'日本文学　,'1,'13
'3255,'37,'03,'0,'0,'103,'昭和女子大　　,'人間文化,'歴史文化　　,'　,'　　　,'地理学　　,'1,'13
'3255,'38,'00,'0,'0,'506,'昭和女子大　　,'総合情報,'　　　　　　,'　,'　　　,'情報科学　,'0,'13
'3255,'38,'01,'0,'0,'506,'昭和女子大　　,'総合情報,'データサイエ,'　,'　　　,'情報科学　,'1,'13
'3255,'38,'02,'0,'0,'752,'昭和女子大　　,'総合情報,'デジタルイノ,'　,'　　　,'総合情報学,'1,'13
'3255,'79,'00,'0,'0,'402,'昭和女子大　　,'食健康科,'　　　　　　,'　,'　　　,'食物・栄養,'0,'13
'3255,'79,'04,'0,'0,'402,'昭和女子大　　,'食健康科,'管理栄養　　,'　,'　　　,'食物・栄養,'1,'13
'3255,'79,'05,'0,'0,'402,'昭和女子大　　,'食健康科,'健康デザイン,'　,'　　　,'食物・栄養,'1,'13
'3255,'79,'06,'0,'0,'402,'昭和女子大　　,'食健康科,'食安全マネジ,'　,'　　　,'食物・栄養,'1,'13
'3255,'80,'00,'0,'0,'403,'昭和女子大　　,'環境デザ,'　　　　　　,'　,'　　　,'被服・服飾,'0,'13
'3255,'80,'01,'0,'0,'403,'昭和女子大　　,'環境デザ,'環境デザイン,'　,'　　　,'被服・服飾,'1,'13
'3256,'61,'00,'0,'0,'621,'昭和薬大　　　,'薬　　　,'　　　　　　,'　,'　　　,'薬　　　　,'0,'13
'3256,'61,'02,'0,'0,'621,'昭和薬大　　　,'薬　　　,'薬　　　　　,'　,'　　　,'薬　　　　,'1,'13
'3257,'79,'00,'0,'0,'402,'日本栄養大　　,'栄養　　,'　　　　　　,'　,'　　　,'食物・栄養,'0,'11
'3257,'79,'03,'0,'0,'402,'日本栄養大　　,'栄養　　,'食文化栄養　,'　,'　　　,'食物・栄養,'1,'11
'3257,'79,'05,'0,'0,'308,'日本栄養大　　,'栄養　　,'保健／栄養イ,'　,'　　　,'中高－家庭,'1,'11
'3257,'79,'06,'0,'0,'314,'日本栄養大　　,'栄養　　,'保健／保健養,'　,'　　　,'養護　　　,'1,'11
'3257,'79,'07,'0,'0,'402,'日本栄養大　　,'栄養　　,'実践栄養　　,'　,'　　　,'食物・栄養,'1,'11
'3258,'83,'00,'0,'0,'451,'女子美大　　　,'芸術　　,'　　　　　　,'　,'　　　,'美術・デザ,'0,'13
'3258,'83,'11,'0,'0,'451,'女子美大　　　,'芸術　　,'美術／洋画　,'　,'　　　,'美術・デザ,'1,'13
'3258,'83,'12,'0,'0,'451,'女子美大　　　,'芸術　　,'美術／日本画,'　,'　　　,'美術・デザ,'1,'13
'3258,'83,'13,'0,'0,'451,'女子美大　　　,'芸術　　,'美術／立体ア,'　,'　　　,'美術・デザ,'1,'13
'3258,'83,'14,'0,'0,'451,'女子美大　　　,'芸術　　,'美術／国際芸,'　,'　　　,'美術・デザ,'1,'13
'3258,'83,'15,'0,'0,'451,'女子美大　　　,'芸術　　,'デザ／ヴィジ,'　,'　　　,'美術・デザ,'1,'13
'3258,'83,'16,'0,'0,'405,'女子美大　　　,'芸術　　,'デザ／環境デ,'　,'　　　,'住居学　　,'1,'13
'3258,'83,'17,'0,'0,'451,'女子美大　　　,'芸術　　,'デザ／プロダ,'　,'　　　,'美術・デザ,'1,'13
'3258,'83,'18,'0,'0,'451,'女子美大　　　,'芸術　　,'デザ／工芸　,'　,'　　　,'美術・デザ,'1,'13
'3258,'83,'19,'0,'0,'455,'女子美大　　　,'芸術　　,'アー／メディ,'　,'　　　,'映像　　　,'1,'13
'3258,'83,'20,'0,'0,'451,'女子美大　　　,'芸術　　,'アー／ヒーリ,'　,'　　　,'美術・デザ,'1,'13
'3258,'83,'21,'0,'0,'403,'女子美大　　　,'芸術　　,'アー／ファッ,'　,'　　　,'被服・服飾,'1,'13
'3258,'83,'22,'0,'0,'452,'女子美大　　　,'芸術　　,'アー／クリエ,'　,'　　　,'芸術理論　,'1,'13
'3258,'83,'23,'0,'0,'310,'女子美大　　　,'芸術　　,'美術／美術教,'　,'　　　,'中高－美術,'1,'13
'3258,'83,'24,'0,'0,'753,'女子美大　　　,'芸術　　,'共創デザイン,'　,'　　　,'総合科学　,'1,'13
'3258,'83,'25,'0,'0,'451,'女子美大　　　,'芸術　　,'アー／スペー,'　,'　　　,'美術・デザ,'1,'13
'3259,'01,'00,'0,'0,'101,'白百合女子大　,'文　　　,'　　　　　　,'　,'　　　,'日本文学　,'0,'13
'3259,'01,'01,'0,'0,'102,'白百合女子大　,'文　　　,'英語英文　　,'　,'　　　,'外国文学　,'1,'13
'3259,'01,'02,'0,'0,'101,'白百合女子大　,'文　　　,'国語国文　　,'　,'　　　,'日本文学　,'1,'13
'3259,'01,'04,'0,'0,'153,'白百合女子大　,'文　　　,'フランス語フ,'　,'　　　,'フランス語,'1,'13
'3259,'37,'00,'0,'0,'404,'白百合女子大　,'人間総合,'　　　　　　,'　,'　　　,'児童学　　,'0,'13
'3259,'37,'01,'0,'0,'404,'白百合女子大　,'人間総合,'児童文化　　,'　,'　　　,'児童学　　,'1,'13
'3259,'37,'02,'0,'0,'301,'白百合女子大　,'人間総合,'初等教育　　,'　,'　　　,'小学校　　,'1,'13
'3259,'37,'03,'0,'0,'105,'白百合女子大　,'人間総合,'発達心理　　,'　,'　　　,'心理学　　,'1,'13
'3260,'79,'00,'0,'0,'403,'杉野服飾大　　,'服飾　　,'　　　　　　,'　,'　　　,'被服・服飾,'0,'13
'3260,'79,'01,'0,'0,'403,'杉野服飾大　　,'服飾　　,'服飾　　　　,'　,'　　　,'被服・服飾,'1,'13
'3260,'79,'02,'0,'0,'403,'杉野服飾大　　,'服飾　　,'服飾表現　　,'　,'　　　,'被服・服飾,'1,'13
'3260,'79,'03,'0,'0,'403,'杉野服飾大　　,'服飾　　,'服飾文化　　,'　,'　　　,'被服・服飾,'1,'13
'3261,'01,'00,'0,'0,'101,'成蹊大　　　　,'文　　　,'　　　　　　,'　,'　　　,'日本文学　,'0,'13
'3261,'01,'01,'0,'0,'102,'成蹊大　　　　,'文　　　,'英語英米文　,'　,'　　　,'外国文学　,'1,'13
'3261,'01,'02,'0,'0,'101,'成蹊大　　　　,'文　　　,'日本文　　　,'　,'　　　,'日本文学　,'1,'13
'3261,'01,'04,'0,'0,'106,'成蹊大　　　　,'文　　　,'国際文化　　,'　,'　　　,'文化学　　,'1,'13
'3261,'01,'05,'0,'0,'241,'成蹊大　　　　,'文　　　,'現代社会　　,'　,'　　　,'社会学　　,'1,'13
'3261,'12,'00,'0,'0,'201,'成蹊大　　　　,'法　　　,'　　　　　　,'　,'　　　,'法学　　　,'0,'13
'3261,'12,'01,'0,'0,'202,'成蹊大　　　　,'法　　　,'政治　　　　,'　,'　　　,'政治学　　,'1,'13
'3261,'12,'02,'0,'0,'201,'成蹊大　　　　,'法　　　,'法律　　　　,'　,'　　　,'法学　　　,'1,'13
'3261,'18,'00,'0,'0,'221,'成蹊大　　　　,'経済　　,'　　　　　　,'　,'　　　,'経済学　　,'0,'13
'3261,'18,'04,'0,'0,'752,'成蹊大　　　　,'経済　　,'経済数理　　,'　,'　　　,'総合情報学,'1,'13
'3261,'18,'05,'0,'0,'221,'成蹊大　　　　,'経済　　,'現代経済　　,'　,'　　　,'経済学　　,'1,'13
'3261,'19,'00,'0,'0,'222,'成蹊大　　　　,'経営　　,'　　　　　　,'　,'　　　,'経営学・商,'0,'13
'3261,'19,'01,'0,'0,'222,'成蹊大　　　　,'経営　　,'総合経営　　,'　,'　　　,'経営学・商,'1,'13
'3261,'33,'00,'0,'0,'106,'成蹊大　　　　,'国際共創,'　　　　　　,'　,'　　　,'文化学　　,'0,'13
'3261,'33,'01,'0,'0,'106,'成蹊大　　　　,'国際共創,'国際／国際日,'　,'　　　,'文化学　　,'1,'13
'3261,'33,'02,'0,'0,'753,'成蹊大　　　　,'国際共創,'国際／環境サ,'　,'　　　,'総合科学　,'1,'13
'3261,'47,'00,'0,'0,'506,'成蹊大　　　　,'理工　　,'　　　　　　,'　,'　　　,'情報科学　,'0,'13
'3261,'47,'04,'0,'0,'506,'成蹊大　　　　,'理工　　,'理工／データ,'　,'　　　,'情報科学　,'1,'13
'3261,'47,'05,'0,'0,'553,'成蹊大　　　　,'理工　　,'理工／コンピ,'　,'　　　,'情報工学　,'1,'13
'3261,'47,'06,'0,'0,'551,'成蹊大　　　　,'理工　　,'理工／機械シ,'　,'　　　,'機械工学　,'1,'13
'3261,'47,'07,'0,'0,'552,'成蹊大　　　　,'理工　　,'理工／電気電,'　,'　　　,'電気・電子,'1,'13
'3261,'47,'08,'0,'0,'555,'成蹊大　　　　,'理工　　,'理工／応用化,'　,'　　　,'応用化学　,'1,'13
'3262,'03,'00,'0,'0,'106,'成城大　　　　,'文芸　　,'　　　　　　,'　,'　　　,'文化学　　,'0,'13
'3262,'03,'01,'0,'0,'102,'成城大　　　　,'文芸　　,'英文　　　　,'　,'　　　,'外国文学　,'1,'13
'3262,'03,'02,'0,'0,'452,'成城大　　　　,'文芸　　,'芸術　　　　,'　,'　　　,'芸術理論　,'1,'13
'3262,'03,'03,'0,'0,'101,'成城大　　　　,'文芸　　,'国文　　　　,'　,'　　　,'日本文学　,'1,'13
'3262,'03,'04,'0,'0,'106,'成城大　　　　,'文芸　　,'文化史　　　,'　,'　　　,'文化学　　,'1,'13
'3262,'03,'05,'0,'0,'244,'成城大　　　　,'文芸　　,'マスコミュニ,'　,'　　　,'マスコミ　,'1,'13
'3262,'03,'06,'0,'0,'106,'成城大　　　　,'文芸　　,'ヨーロッパ文,'　,'　　　,'文化学　　,'1,'13
'3262,'12,'00,'0,'0,'201,'成城大　　　　,'法　　　,'　　　　　　,'　,'　　　,'法学　　　,'0,'13
'3262,'12,'01,'0,'0,'201,'成城大　　　　,'法　　　,'法律　　　　,'　,'　　　,'法学　　　,'1,'13
'3262,'18,'00,'0,'0,'221,'成城大　　　　,'経済　　,'　　　　　　,'　,'　　　,'経済学　　,'0,'13
'3262,'18,'01,'0,'0,'222,'成城大　　　　,'経済　　,'経営　　　　,'　,'　　　,'経営学・商,'1,'13
'3262,'18,'02,'0,'0,'221,'成城大　　　　,'経済　　,'経済　　　　,'　,'　　　,'経済学　　,'1,'13
'3262,'27,'00,'0,'0,'105,'成城大　　　　,'社会イノ,'　　　　　　,'　,'　　　,'心理学　　,'0,'13
'3262,'27,'01,'0,'0,'202,'成城大　　　　,'社会イノ,'政策イノベー,'　,'　　　,'政治学　　,'1,'13
'3262,'27,'02,'0,'0,'105,'成城大　　　　,'社会イノ,'心理社会　　,'　,'　　　,'心理学　　,'1,'13
'3263,'37,'00,'0,'0,'101,'聖心女子大　　,'現代教養,'　　　　　　,'　,'　　　,'日本文学　,'1,'13
'3264,'03,'00,'0,'0,'106,'清泉女子大　　,'総合文化,'　　　　　　,'　,'　　　,'文化学　　,'0,'13
'3264,'03,'01,'0,'0,'101,'清泉女子大　　,'総合文化,'総合／日本文,'　,'　　　,'日本文学　,'1,'13
'3264,'03,'02,'0,'0,'106,'清泉女子大　　,'総合文化,'総合／国際文,'　,'　　　,'文化学　　,'1,'13
'3264,'03,'03,'0,'0,'104,'清泉女子大　　,'総合文化,'総合／文化史,'　,'　　　,'哲学倫理宗,'1,'13
'3264,'37,'00,'0,'0,'261,'清泉女子大　　,'地球市民,'　　　　　　,'　,'　　　,'国際関係学,'0,'13
'3264,'37,'01,'0,'0,'105,'清泉女子大　　,'地球市民,'地球／地域共,'　,'　　　,'心理学　　,'1,'13
'3264,'37,'02,'0,'0,'222,'清泉女子大　　,'地球市民,'地球／ソーシ,'　,'　　　,'経営学・商,'1,'13
'3265,'64,'00,'0,'0,'651,'聖路加国際大　,'看護　　,'　　　　　　,'　,'　　　,'看護　　　,'0,'13
'3265,'64,'01,'0,'0,'651,'聖路加国際大　,'看護　　,'看護　　　　,'　,'　　　,'看護　　　,'1,'13
'3266,'01,'00,'0,'0,'106,'専修大　　　　,'文　　　,'　　　　　　,'　,'　　　,'文化学　　,'0,'13
'3266,'01,'01,'0,'0,'106,'専修大　　　　,'文　　　,'英語英米文　,'　,'　　　,'文化学　　,'1,'13
'3266,'01,'13,'0,'0,'101,'専修大　　　　,'文　　　,'日本文学文化,'　,'　　　,'日本文学　,'1,'13
'3266,'01,'14,'0,'0,'104,'専修大　　　　,'文　　　,'哲学　　　　,'　,'　　　,'哲学倫理宗,'1,'13
'3266,'01,'15,'0,'0,'107,'専修大　　　　,'文　　　,'歴史　　　　,'　,'　　　,'西洋史　　,'1,'13
'3266,'01,'16,'0,'0,'103,'専修大　　　　,'文　　　,'環境地理　　,'　,'　　　,'地理学　　,'1,'13
'3266,'01,'17,'0,'0,'244,'専修大　　　　,'文　　　,'ジャーナリズ,'　,'　　　,'マスコミ　,'1,'13
'3266,'12,'00,'0,'0,'201,'専修大　　　　,'法　　　,'　　　　　　,'　,'　　　,'法学　　　,'0,'13
'3266,'12,'01,'0,'0,'201,'専修大　　　　,'法　　　,'法律　　　　,'　,'　　　,'法学　　　,'1,'13
'3266,'12,'02,'0,'0,'202,'専修大　　　　,'法　　　,'政治　　　　,'　,'　　　,'政治学　　,'1,'13
'3266,'18,'00,'0,'0,'221,'専修大　　　　,'経済　　,'　　　　　　,'　,'　　　,'経済学　　,'0,'13
'3266,'18,'02,'0,'0,'221,'専修大　　　　,'経済　　,'国際経済　　,'　,'　　　,'経済学　　,'1,'13
'3266,'18,'03,'0,'0,'221,'専修大　　　　,'経済　　,'現代経済　　,'　,'　　　,'経済学　　,'1,'13
'3266,'18,'04,'0,'0,'221,'専修大　　　　,'経済　　,'生活環境経済,'　,'　　　,'経済学　　,'1,'13
'3266,'19,'00,'0,'0,'222,'専修大　　　　,'経営　　,'　　　　　　,'　,'　　　,'経営学・商,'0,'13
'3266,'19,'01,'0,'0,'222,'専修大　　　　,'経営　　,'経営　　　　,'　,'　　　,'経営学・商,'1,'13
'3266,'19,'03,'0,'0,'222,'専修大　　　　,'経営　　,'ビジネスデザ,'　,'　　　,'経営学・商,'1,'13
'3266,'20,'00,'0,'0,'222,'専修大　　　　,'商　　　,'　　　　　　,'　,'　　　,'経営学・商,'0,'13
'3266,'20,'01,'0,'0,'222,'専修大　　　　,'商　　　,'会計　　　　,'　,'　　　,'経営学・商,'1,'13
'3266,'20,'02,'0,'0,'222,'専修大　　　　,'商　　　,'マーケティン,'　,'　　　,'経営学・商,'1,'13
'3266,'37,'00,'0,'0,'223,'専修大　　　　,'ネットワ,'　　　　　　,'　,'　　　,'経営情報学,'0,'13
'3266,'37,'01,'0,'0,'223,'専修大　　　　,'ネットワ,'ネットワーク,'　,'　　　,'経営情報学,'1,'13
'3266,'38,'00,'0,'0,'105,'専修大　　　　,'人間科学,'　　　　　　,'　,'　　　,'心理学　　,'0,'13
'3266,'38,'01,'0,'0,'105,'専修大　　　　,'人間科学,'心理　　　　,'　,'　　　,'心理学　　,'1,'13
'3266,'38,'02,'0,'0,'241,'専修大　　　　,'人間科学,'社会　　　　,'　,'　　　,'社会学　　,'1,'13
'3266,'39,'00,'0,'0,'106,'専修大　　　　,'国際コミ,'　　　　　　,'　,'　　　,'文化学　　,'0,'13
'3266,'39,'01,'0,'0,'160,'専修大　　　　,'国際コミ,'日本語　　　,'　,'　　　,'日本語　　,'1,'13
'3266,'39,'02,'0,'0,'106,'専修大　　　　,'国際コミ,'異文化コミュ,'　,'　　　,'文化学　　,'1,'13
'3267,'01,'00,'0,'0,'101,'創価大　　　　,'文　　　,'　　　　　　,'　,'　　　,'日本文学　,'0,'13
'3267,'01,'07,'0,'0,'101,'創価大　　　　,'文　　　,'人間　　　　,'　,'　　　,'日本文学　,'1,'13
'3267,'12,'00,'0,'0,'201,'創価大　　　　,'法　　　,'　　　　　　,'　,'　　　,'法学　　　,'0,'13
'3267,'12,'01,'0,'0,'201,'創価大　　　　,'法　　　,'法律政治　　,'　,'　　　,'法学　　　,'1,'13
'3267,'21,'00,'0,'0,'221,'創価大　　　　,'経済経営,'　　　　　　,'　,'　　　,'経済学　　,'0,'13
'3267,'21,'01,'0,'0,'221,'創価大　　　　,'経済経営,'ビジネス　　,'　,'　　　,'経済学　　,'1,'13
'3267,'30,'00,'0,'0,'316,'創価大　　　　,'教育　　,'　　　　　　,'　,'　　　,'０免課程　,'0,'13
'3267,'30,'01,'0,'0,'105,'創価大　　　　,'教育　　,'心理・教育　,'　,'　　　,'心理学　　,'1,'13
'3267,'30,'02,'0,'0,'301,'創価大　　　　,'教育　　,'児童教育　　,'　,'　　　,'小学校　　,'1,'13
'3267,'37,'00,'0,'0,'261,'創価大　　　　,'国際教養,'　　　　　　,'　,'　　　,'国際関係学,'0,'13
'3267,'37,'01,'0,'0,'261,'創価大　　　　,'国際教養,'国際教養　　,'　,'　　　,'国際関係学,'1,'13
'3267,'47,'00,'0,'0,'501,'創価大　　　　,'理工　　,'　　　　　　,'　,'　　　,'数学　　　,'0,'13
'3267,'47,'02,'0,'0,'501,'創価大　　　　,'理工　　,'情報シス工　,'　,'　　　,'数学　　　,'1,'13
'3267,'47,'04,'0,'0,'505,'創価大　　　　,'理工　　,'グリーンテク,'　,'　　　,'地球科学　,'1,'13
'3267,'47,'05,'0,'0,'555,'創価大　　　　,'理工　　,'生命理工　　,'　,'　　　,'応用化学　,'1,'13
'3267,'64,'00,'0,'0,'651,'創価大　　　　,'看護　　,'　　　　　　,'　,'　　　,'看護　　　,'0,'13
'3267,'64,'01,'0,'0,'651,'創価大　　　　,'看護　　,'看護　　　　,'　,'　　　,'看護　　　,'1,'13
'3268,'01,'00,'0,'0,'101,'大正大　　　　,'文　　　,'　　　　　　,'　,'　　　,'日本文学　,'0,'13
'3268,'01,'05,'0,'0,'108,'大正大　　　　,'文　　　,'歴史　　　　,'　,'　　　,'東洋史　　,'1,'13
'3268,'01,'06,'0,'0,'104,'大正大　　　　,'文　　　,'人文　　　　,'　,'　　　,'哲学倫理宗,'1,'13
'3268,'01,'13,'0,'0,'101,'大正大　　　　,'文　　　,'日本文　　　,'　,'　　　,'日本文学　,'1,'13
'3268,'03,'00,'0,'0,'452,'大正大　　　　,'表現　　,'　　　　　　,'　,'　　　,'芸術理論　,'0,'13
'3268,'03,'01,'0,'0,'458,'大正大　　　　,'表現　　,'表現文化　　,'　,'　　　,'その他芸術,'1,'13
'3268,'03,'05,'0,'0,'452,'大正大　　　　,'表現　　,'メディア表現,'　,'　　　,'芸術理論　,'1,'13
'3268,'04,'00,'0,'0,'104,'大正大　　　　,'仏教　　,'　　　　　　,'　,'　　　,'哲学倫理宗,'0,'13
'3268,'04,'01,'0,'0,'104,'大正大　　　　,'仏教　　,'仏教　　　　,'　,'　　　,'哲学倫理宗,'1,'13
'3268,'05,'00,'0,'0,'105,'大正大　　　　,'臨床心理,'　　　　　　,'　,'　　　,'心理学　　,'0,'13
'3268,'05,'01,'0,'0,'105,'大正大　　　　,'臨床心理,'臨床心理　　,'　,'　　　,'心理学　　,'1,'13
'3268,'37,'00,'0,'0,'105,'大正大　　　　,'人間　　,'　　　　　　,'　,'　　　,'心理学　　,'0,'13
'3268,'37,'01,'0,'0,'105,'大正大　　　　,'人間　　,'人間科学　　,'　,'　　　,'心理学　　,'1,'13
'3268,'37,'10,'0,'0,'242,'大正大　　　　,'人間　　,'社会福祉　　,'　,'　　　,'社会福祉学,'1,'13
'3268,'38,'00,'0,'0,'241,'大正大　　　　,'地域創生,'　　　　　　,'　,'　　　,'社会学　　,'0,'13
'3268,'38,'01,'0,'0,'221,'大正大　　　　,'地域創生,'地域創生　　,'　,'　　　,'経済学　　,'1,'13
'3268,'38,'02,'0,'0,'202,'大正大　　　　,'地域創生,'公共政策　　,'　,'　　　,'政治学　　,'1,'13
'3268,'40,'00,'0,'0,'752,'大正大　　　　,'情報科学,'　　　　　　,'　,'　　　,'総合情報学,'0,'13
'3268,'40,'01,'0,'0,'753,'大正大　　　　,'情報科学,'グリーンデジ,'　,'　　　,'総合科学　,'1,'13
'3268,'40,'02,'0,'0,'752,'大正大　　　　,'情報科学,'デジタル文化,'　,'　　　,'総合情報学,'1,'13
'3269,'01,'00,'0,'0,'106,'大東文化大　　,'文　　　,'　　　　　　,'　,'　　　,'文化学　　,'0,'13
'3269,'01,'01,'0,'0,'102,'大東文化大　　,'文　　　,'英米文　　　,'　,'　　　,'外国文学　,'1,'13
'3269,'01,'02,'0,'0,'317,'大東文化大　　,'文　　　,'教育　　　　,'　,'　　　,'教育学　　,'1,'13
'3269,'01,'03,'0,'0,'106,'大東文化大　　,'文　　　,'中国文　　　,'　,'　　　,'文化学　　,'1,'13
'3269,'01,'04,'0,'0,'101,'大東文化大　　,'文　　　,'日本文　　　,'　,'　　　,'日本文学　,'1,'13
'3269,'01,'05,'0,'0,'454,'大東文化大　　,'文　　　,'書道　　　　,'　,'　　　,'書道　　　,'1,'13
'3269,'01,'06,'0,'0,'106,'大東文化大　　,'文　　　,'歴史文化　　,'　,'　　　,'文化学　　,'1,'13
'3269,'08,'00,'0,'0,'106,'大東文化大　　,'外国語　,'　　　　　　,'　,'　　　,'文化学　　,'0,'13
'3269,'08,'01,'0,'0,'151,'大東文化大　　,'外国語　,'英語　　　　,'　,'　　　,'英米語　　,'1,'13
'3269,'08,'02,'0,'0,'152,'大東文化大　　,'外国語　,'中国語　　　,'　,'　　　,'中国語　　,'1,'13
'3269,'08,'03,'0,'0,'106,'大東文化大　　,'外国語　,'日本語　　　,'　,'　　　,'文化学　　,'1,'13
'3269,'12,'00,'0,'0,'201,'大東文化大　　,'法　　　,'　　　　　　,'　,'　　　,'法学　　　,'0,'13
'3269,'12,'01,'0,'0,'202,'大東文化大　　,'法　　　,'政治　　　　,'　,'　　　,'政治学　　,'1,'13
'3269,'12,'02,'0,'0,'201,'大東文化大　　,'法　　　,'法律　　　　,'　,'　　　,'法学　　　,'1,'13
'3269,'18,'00,'0,'0,'221,'大東文化大　　,'経済　　,'　　　　　　,'　,'　　　,'経済学　　,'0,'13
'3269,'18,'02,'0,'0,'221,'大東文化大　　,'経済　　,'社会経済　　,'　,'　　　,'経済学　　,'1,'13
'3269,'18,'03,'0,'0,'221,'大東文化大　　,'経済　　,'現代経済　　,'　,'　　　,'経済学　　,'1,'13
'3269,'19,'00,'0,'0,'222,'大東文化大　　,'経営　　,'　　　　　　,'　,'　　　,'経営学・商,'0,'13
'3269,'19,'01,'0,'0,'222,'大東文化大　　,'経営　　,'経営　　　　,'　,'　　　,'経営学・商,'1,'13
'3269,'25,'00,'0,'0,'241,'大東文化大　　,'社会　　,'　　　　　　,'　,'　　　,'社会学　　,'0,'13
'3269,'25,'01,'0,'0,'241,'大東文化大　　,'社会　　,'社会　　　　,'　,'　　　,'社会学　　,'1,'13
'3269,'33,'00,'0,'0,'106,'大東文化大　　,'国際関係,'　　　　　　,'　,'　　　,'文化学　　,'0,'13
'3269,'33,'01,'0,'0,'261,'大東文化大　　,'国際関係,'国際関係　　,'　,'　　　,'国際関係学,'1,'13
'3269,'33,'02,'0,'0,'106,'大東文化大　　,'国際関係,'国際文化　　,'　,'　　　,'文化学　　,'1,'13
'3269,'64,'00,'0,'0,'651,'大東文化大　　,'スポーツ,'　　　　　　,'　,'　　　,'看護　　　,'0,'13
'3269,'64,'01,'0,'0,'654,'大東文化大　　,'スポーツ,'スポーツ科学,'　,'　　　,'体育・健康,'1,'13
'3269,'64,'02,'0,'0,'653,'大東文化大　　,'スポーツ,'健康科学　　,'　,'　　　,'保健　　　,'1,'13
'3269,'64,'03,'0,'0,'651,'大東文化大　　,'スポーツ,'看護　　　　,'　,'　　　,'看護　　　,'1,'13
'3270,'19,'00,'0,'0,'222,'高千穂大　　　,'経営　　,'　　　　　　,'　,'　　　,'経営学・商,'0,'13
'3270,'19,'01,'0,'0,'201,'高千穂大　　　,'経営　　,'経営　　　　,'　,'　　　,'法学　　　,'1,'13
'3270,'19,'05,'0,'0,'222,'高千穂大　　　,'経営　　,'経営／起業事,'　,'　　　,'経営学・商,'1,'13
'3270,'20,'00,'0,'0,'222,'高千穂大　　　,'商　　　,'　　　　　　,'　,'　　　,'経営学・商,'0,'13
'3270,'20,'02,'0,'0,'222,'高千穂大　　　,'商　　　,'商　　　　　,'　,'　　　,'経営学・商,'1,'13
'3270,'37,'00,'0,'0,'301,'高千穂大　　　,'人間科学,'　　　　　　,'　,'　　　,'小学校　　,'0,'13
'3270,'37,'01,'0,'0,'751,'高千穂大　　　,'人間科学,'人間／人間科,'　,'　　　,'人間科学　,'1,'13
'3270,'37,'02,'0,'0,'301,'高千穂大　　　,'人間科学,'人間／児童教,'　,'　　　,'小学校　　,'1,'13
'3271,'08,'00,'0,'0,'106,'拓殖大　　　　,'外国語　,'　　　　　　,'　,'　　　,'文化学　　,'0,'13
'3271,'08,'01,'0,'0,'106,'拓殖大　　　　,'外国語　,'英米語　　　,'　,'　　　,'文化学　　,'1,'13
'3271,'08,'02,'0,'0,'106,'拓殖大　　　　,'外国語　,'スペイン語　,'　,'　　　,'文化学　　,'1,'13
'3271,'08,'03,'0,'0,'106,'拓殖大　　　　,'外国語　,'中国語　　　,'　,'　　　,'文化学　　,'1,'13
'3271,'08,'04,'0,'0,'106,'拓殖大　　　　,'外国語　,'国際日本語　,'　,'　　　,'文化学　　,'1,'13
'3271,'13,'00,'0,'0,'201,'拓殖大　　　　,'政経　　,'　　　　　　,'　,'　　　,'法学　　　,'0,'13
'3271,'13,'01,'0,'0,'221,'拓殖大　　　　,'政経　　,'経済　　　　,'　,'　　　,'経済学　　,'1,'13
'3271,'13,'02,'0,'0,'201,'拓殖大　　　　,'政経　　,'法律政治　　,'　,'　　　,'法学　　　,'1,'13
'3271,'13,'03,'0,'0,'201,'拓殖大　　　　,'政経　　,'社会安全　　,'　,'　　　,'法学　　　,'1,'13
'3271,'20,'00,'0,'0,'222,'拓殖大　　　　,'商　　　,'　　　　　　,'　,'　　　,'経営学・商,'0,'13
'3271,'20,'01,'0,'0,'222,'拓殖大　　　　,'商　　　,'経営　　　　,'　,'　　　,'経営学・商,'1,'13
'3271,'20,'02,'0,'0,'222,'拓殖大　　　　,'商　　　,'国際ビジネス,'　,'　　　,'経営学・商,'1,'13
'3271,'20,'03,'0,'0,'222,'拓殖大　　　　,'商　　　,'会計　　　　,'　,'　　　,'経営学・商,'1,'13
'3271,'34,'00,'0,'0,'106,'拓殖大　　　　,'国際　　,'　　　　　　,'　,'　　　,'文化学　　,'0,'13
'3271,'34,'01,'0,'0,'106,'拓殖大　　　　,'国際　　,'国際　　　　,'　,'　　　,'文化学　　,'1,'13
'3271,'46,'00,'0,'0,'553,'拓殖大　　　　,'工　　　,'　　　　　　,'　,'　　　,'情報工学　,'0,'13
'3271,'46,'01,'0,'0,'551,'拓殖大　　　　,'工　　　,'機械シス工　,'　,'　　　,'機械工学　,'1,'13
'3271,'46,'03,'0,'0,'553,'拓殖大　　　　,'工　　　,'情報工　　　,'　,'　　　,'情報工学　,'1,'13
'3271,'46,'04,'0,'0,'552,'拓殖大　　　　,'工　　　,'電子シス工　,'　,'　　　,'電気・電子,'1,'13
'3271,'46,'07,'0,'0,'151,'拓殖大　　　　,'工　　　,'国際　　　　,'　,'　　　,'英米語　　,'1,'13
'3271,'46,'16,'0,'0,'405,'拓殖大　　　　,'工　　　,'デザイン　　,'　,'　　　,'住居学　　,'1,'13
'3272,'21,'00,'0,'0,'223,'多摩大　　　　,'経営情報,'　　　　　　,'　,'　　　,'経営情報学,'1,'13
'3272,'37,'00,'0,'0,'151,'多摩大　　　　,'グローバ,'　　　　　　,'　,'　　　,'英米語　　,'0,'13
'3272,'37,'01,'0,'0,'151,'多摩大　　　　,'グローバ,'グローバルス,'　,'　　　,'英米語　　,'1,'13
'3273,'01,'00,'0,'0,'151,'玉川大　　　　,'文　　　,'　　　　　　,'　,'　　　,'英米語　　,'0,'13
'3273,'01,'23,'0,'0,'151,'玉川大　　　　,'文　　　,'英語教育　　,'　,'　　　,'英米語　　,'1,'13
'3273,'01,'24,'0,'0,'160,'玉川大　　　　,'文　　　,'国語教育　　,'　,'　　　,'日本語　　,'1,'13
'3273,'19,'00,'0,'0,'222,'玉川大　　　　,'経営　　,'　　　　　　,'　,'　　　,'経営学・商,'0,'13
'3273,'19,'01,'0,'0,'222,'玉川大　　　　,'経営　　,'国際経営　　,'　,'　　　,'経営学・商,'1,'13
'3273,'27,'00,'0,'0,'151,'玉川大　　　　,'観光　　,'　　　　　　,'　,'　　　,'英米語　　,'0,'13
'3273,'27,'01,'0,'0,'151,'玉川大　　　　,'観光　　,'観光　　　　,'　,'　　　,'英米語　　,'1,'13
'3273,'30,'00,'0,'0,'311,'玉川大　　　　,'教育　　,'　　　　　　,'　,'　　　,'中高－体育,'0,'13
'3273,'30,'01,'0,'0,'301,'玉川大　　　　,'教育　　,'教育　　　　,'　,'　　　,'小学校　　,'1,'13
'3273,'30,'02,'0,'0,'312,'玉川大　　　　,'教育　　,'乳幼児発達　,'　,'　　　,'幼稚園　　,'1,'13
'3273,'30,'03,'0,'0,'311,'玉川大　　　　,'教育　　,'教育／保健体,'　,'　　　,'中高－体育,'1,'13
'3273,'37,'00,'0,'0,'753,'玉川大　　　　,'リベラル,'　　　　　　,'　,'　　　,'総合科学　,'0,'13
'3273,'37,'01,'0,'0,'753,'玉川大　　　　,'リベラル,'リベラルアー,'　,'　　　,'総合科学　,'1,'13
'3273,'46,'00,'0,'0,'553,'玉川大　　　　,'工　　　,'　　　　　　,'　,'　　　,'情報工学　,'0,'13
'3273,'46,'02,'0,'0,'563,'玉川大　　　　,'工　　　,'マネジメント,'　,'　　　,'経営工学　,'1,'13
'3273,'46,'07,'0,'0,'553,'玉川大　　　　,'工　　　,'ソフトウェア,'　,'　　　,'情報工学　,'1,'13
'3273,'46,'08,'0,'0,'303,'玉川大　　　　,'工　　　,'数学教員養成,'　,'　　　,'中高－数学,'1,'13
'3273,'46,'10,'0,'0,'552,'玉川大　　　　,'工　　　,'情報通信工　,'　,'　　　,'電気・電子,'1,'13
'3273,'46,'14,'0,'0,'551,'玉川大　　　　,'工　　　,'デザインサイ,'　,'　　　,'機械工学　,'1,'13
'3273,'72,'00,'0,'0,'306,'玉川大　　　　,'農　　　,'　　　　　　,'　,'　　　,'中高－理科,'0,'13
'3273,'72,'06,'0,'0,'306,'玉川大　　　　,'農　　　,'生産農　　　,'　,'　　　,'中高－理科,'1,'13
'3273,'72,'07,'0,'0,'701,'玉川大　　　　,'農　　　,'環境農　　　,'　,'　　　,'農学　　　,'1,'13
'3273,'72,'08,'0,'0,'703,'玉川大　　　　,'農　　　,'先端食農　　,'　,'　　　,'農芸化学　,'1,'13
'3273,'72,'09,'0,'0,'306,'玉川大　　　　,'農　　　,'生産／理科　,'　,'　　　,'中高－理科,'1,'13
'3273,'83,'00,'0,'0,'452,'玉川大　　　　,'芸術　　,'　　　　　　,'　,'　　　,'芸術理論　,'0,'13
'3273,'83,'10,'0,'0,'452,'玉川大　　　　,'芸術　　,'演劇・舞踊　,'　,'　　　,'芸術理論　,'1,'13
'3273,'83,'11,'0,'0,'453,'玉川大　　　　,'芸術　　,'音楽／演奏創,'　,'　　　,'音楽　　　,'1,'13
'3273,'83,'12,'0,'0,'453,'玉川大　　　　,'芸術　　,'音楽／ミュー,'　,'　　　,'音楽　　　,'1,'13
'3273,'83,'13,'0,'0,'309,'玉川大　　　　,'芸術　　,'音楽／音楽教,'　,'　　　,'中高－音楽,'1,'13
'3273,'83,'14,'0,'0,'451,'玉川大　　　　,'芸術　　,'アー／メディ,'　,'　　　,'美術・デザ,'1,'13
'3273,'83,'15,'0,'0,'310,'玉川大　　　　,'芸術　　,'アー／美術教,'　,'　　　,'中高－美術,'1,'13
'3274,'83,'00,'0,'0,'451,'多摩美大　　　,'美術　　,'　　　　　　,'　,'　　　,'美術・デザ,'0,'13
'3274,'83,'01,'0,'0,'451,'多摩美大　　　,'美術　　,'絵画／油画　,'　,'　　　,'美術・デザ,'1,'13
'3274,'83,'02,'0,'0,'451,'多摩美大　　　,'美術　　,'絵画／日本画,'　,'　　　,'美術・デザ,'1,'13
'3274,'83,'03,'0,'0,'451,'多摩美大　　　,'美術　　,'絵画／版画　,'　,'　　　,'美術・デザ,'1,'13
'3274,'83,'05,'0,'0,'452,'多摩美大　　　,'美術　　,'芸術　　　　,'　,'　　　,'芸術理論　,'1,'13
'3274,'83,'06,'0,'0,'451,'多摩美大　　　,'美術　　,'彫刻　　　　,'　,'　　　,'美術・デザ,'1,'13
'3274,'83,'13,'0,'0,'405,'多摩美大　　　,'美術　　,'建築・環境デ,'　,'　　　,'住居学　　,'1,'13
'3274,'83,'15,'0,'0,'451,'多摩美大　　　,'美術　　,'工芸　　　　,'　,'　　　,'美術・デザ,'1,'13
'3274,'83,'16,'0,'0,'451,'多摩美大　　　,'美術　　,'グラフィック,'　,'　　　,'美術・デザ,'1,'13
'3274,'83,'17,'0,'0,'455,'多摩美大　　　,'美術　　,'情報／メディ,'　,'　　　,'映像　　　,'1,'13
'3274,'83,'18,'0,'0,'752,'多摩美大　　　,'美術　　,'情報／情報デ,'　,'　　　,'総合情報学,'1,'13
'3274,'83,'19,'0,'0,'566,'多摩美大　　　,'美術　　,'生産／プロダ,'　,'　　　,'デザイン工,'1,'13
'3274,'83,'20,'0,'0,'451,'多摩美大　　　,'美術　　,'生産／テキス,'　,'　　　,'美術・デザ,'1,'13
'3274,'83,'21,'0,'0,'753,'多摩美大　　　,'美術　　,'統合デザイン,'　,'　　　,'総合科学　,'1,'13
'3274,'83,'22,'0,'0,'451,'多摩美大　　　,'美術　　,'演劇／演劇舞,'　,'　　　,'美術・デザ,'1,'13
'3274,'83,'23,'0,'0,'451,'多摩美大　　　,'美術　　,'演劇／劇場美,'　,'　　　,'美術・デザ,'1,'13
'3275,'01,'00,'0,'0,'106,'中央大　　　　,'文　　　,'　　　　　　,'　,'　　　,'文化学　　,'0,'13
'3275,'01,'16,'0,'0,'101,'中央大　　　　,'文　　　,'人文／国文学,'　,'　　　,'日本文学　,'1,'13
'3275,'01,'17,'0,'0,'102,'中央大　　　　,'文　　　,'人文／英語文,'　,'　　　,'外国文学　,'1,'13
'3275,'01,'18,'0,'0,'106,'中央大　　　　,'文　　　,'人文／ドイツ,'　,'　　　,'文化学　　,'1,'13
'3275,'01,'19,'0,'0,'106,'中央大　　　　,'文　　　,'人文／フラン,'　,'　　　,'文化学　　,'1,'13
'3275,'01,'20,'0,'0,'106,'中央大　　　　,'文　　　,'人文／中国言,'　,'　　　,'文化学　　,'1,'13
'3275,'01,'21,'0,'0,'109,'中央大　　　　,'文　　　,'人文／日本史,'　,'　　　,'日本史　　,'1,'13
'3275,'01,'22,'0,'0,'108,'中央大　　　　,'文　　　,'人文／東洋史,'　,'　　　,'東洋史　　,'1,'13
'3275,'01,'23,'0,'0,'107,'中央大　　　　,'文　　　,'人文／西洋史,'　,'　　　,'西洋史　　,'1,'13
'3275,'01,'24,'0,'0,'104,'中央大　　　　,'文　　　,'人文／哲学　,'　,'　　　,'哲学倫理宗,'1,'13
'3275,'01,'25,'0,'0,'241,'中央大　　　　,'文　　　,'人文／社会学,'　,'　　　,'社会学　　,'1,'13
'3275,'01,'26,'0,'0,'752,'中央大　　　　,'文　　　,'人文／社会情,'　,'　　　,'総合情報学,'1,'13
'3275,'01,'27,'0,'0,'317,'中央大　　　　,'文　　　,'人文／教育学,'　,'　　　,'教育学　　,'1,'13
'3275,'01,'28,'0,'0,'105,'中央大　　　　,'文　　　,'人文／心理学,'　,'　　　,'心理学　　,'1,'13
'3275,'01,'29,'0,'0,'101,'中央大　　　　,'文　　　,'人文／学びの,'　,'　　　,'日本文学　,'1,'13
'3275,'12,'00,'0,'0,'201,'中央大　　　　,'法　　　,'　　　　　　,'　,'　　　,'法学　　　,'0,'13
'3275,'12,'01,'0,'0,'201,'中央大　　　　,'法　　　,'国際企業関係,'　,'　　　,'法学　　　,'1,'13
'3275,'12,'02,'0,'0,'202,'中央大　　　　,'法　　　,'政治　　　　,'　,'　　　,'政治学　　,'1,'13
'3275,'12,'03,'0,'0,'201,'中央大　　　　,'法　　　,'法律　　　　,'　,'　　　,'法学　　　,'1,'13
'3275,'13,'00,'0,'0,'106,'中央大　　　　,'総合政策,'　　　　　　,'　,'　　　,'文化学　　,'0,'13
'3275,'13,'01,'0,'0,'106,'中央大　　　　,'総合政策,'国際政策文化,'　,'　　　,'文化学　　,'1,'13
'3275,'13,'02,'0,'0,'753,'中央大　　　　,'総合政策,'政策科学　　,'　,'　　　,'総合科学　,'1,'13
'3275,'18,'00,'0,'0,'221,'中央大　　　　,'経済　　,'　　　　　　,'　,'　　　,'経済学　　,'0,'13
'3275,'18,'01,'0,'0,'221,'中央大　　　　,'経済　　,'経済　　　　,'　,'　　　,'経済学　　,'1,'13
'3275,'18,'02,'0,'0,'202,'中央大　　　　,'経済　　,'公共・環境経,'　,'　　　,'政治学　　,'1,'13
'3275,'18,'03,'0,'0,'221,'中央大　　　　,'経済　　,'国際経済　　,'　,'　　　,'経済学　　,'1,'13
'3275,'18,'04,'0,'0,'221,'中央大　　　　,'経済　　,'経済情報シス,'　,'　　　,'経済学　　,'1,'13
'3275,'20,'00,'0,'0,'222,'中央大　　　　,'商　　　,'　　　　　　,'　,'　　　,'経営学・商,'0,'13
'3275,'20,'05,'0,'0,'222,'中央大　　　　,'商　　　,'会計／フレ　,'　,'　　　,'経営学・商,'1,'13
'3275,'20,'06,'0,'0,'222,'中央大　　　　,'商　　　,'会計／フレＰ,'　,'　　　,'経営学・商,'1,'13
'3275,'20,'07,'0,'0,'222,'中央大　　　　,'商　　　,'経営／フレ　,'　,'　　　,'経営学・商,'1,'13
'3275,'20,'08,'0,'0,'222,'中央大　　　　,'商　　　,'経営／フレＰ,'　,'　　　,'経営学・商,'1,'13
'3275,'20,'09,'0,'0,'222,'中央大　　　　,'商　　　,'国際／フレ　,'　,'　　　,'経営学・商,'1,'13
'3275,'20,'10,'0,'0,'222,'中央大　　　　,'商　　　,'国際／フレＰ,'　,'　　　,'経営学・商,'1,'13
'3275,'20,'11,'0,'0,'222,'中央大　　　　,'商　　　,'フリーメジャ,'　,'　　　,'経営学・商,'1,'13
'3275,'20,'12,'0,'0,'222,'中央大　　　　,'商　　　,'金融／フレ　,'　,'　　　,'経営学・商,'1,'13
'3275,'20,'13,'0,'0,'222,'中央大　　　　,'商　　　,'金融／フレＰ,'　,'　　　,'経営学・商,'1,'13
'3275,'21,'00,'0,'0,'151,'中央大　　　　,'国際経営,'　　　　　　,'　,'　　　,'英米語　　,'0,'13
'3275,'21,'01,'0,'0,'151,'中央大　　　　,'国際経営,'国際経営　　,'　,'　　　,'英米語　　,'1,'13
'3275,'33,'00,'0,'0,'201,'中央大　　　　,'国際情報,'　　　　　　,'　,'　　　,'法学　　　,'0,'13
'3275,'33,'01,'0,'0,'201,'中央大　　　　,'国際情報,'国際情報　　,'　,'　　　,'法学　　　,'1,'13
'3275,'48,'00,'0,'0,'501,'中央大　　　　,'基幹理工,'　　　　　　,'　,'　　　,'数学　　　,'0,'13
'3275,'48,'01,'0,'0,'501,'中央大　　　　,'基幹理工,'数学　　　　,'　,'　　　,'数学　　　,'1,'13
'3275,'48,'02,'0,'0,'502,'中央大　　　　,'基幹理工,'物理　　　　,'　,'　　　,'物理学　　,'1,'13
'3275,'48,'03,'0,'0,'555,'中央大　　　　,'基幹理工,'応用化　　　,'　,'　　　,'応用化学　,'1,'13
'3275,'48,'04,'0,'0,'504,'中央大　　　　,'基幹理工,'生命科学　　,'　,'　　　,'生物学　　,'1,'13
'3275,'49,'00,'0,'0,'507,'中央大　　　　,'社会理工,'　　　　　　,'　,'　　　,'総合理学　,'0,'13
'3275,'49,'01,'0,'0,'554,'中央大　　　　,'社会理工,'都市環境　　,'　,'　　　,'建築・土木,'1,'13
'3275,'49,'02,'0,'0,'563,'中央大　　　　,'社会理工,'ビジネスデー,'　,'　　　,'経営工学　,'1,'13
'3275,'49,'03,'0,'0,'507,'中央大　　　　,'社会理工,'人間総合理工,'　,'　　　,'総合理学　,'1,'13
'3275,'50,'00,'0,'0,'551,'中央大　　　　,'先進理工,'　　　　　　,'　,'　　　,'機械工学　,'0,'13
'3275,'50,'01,'0,'0,'551,'中央大　　　　,'先進理工,'精密機械工　,'　,'　　　,'機械工学　,'1,'13
'3275,'50,'02,'0,'0,'552,'中央大　　　　,'先進理工,'電気電子情報,'　,'　　　,'電気・電子,'1,'13
'3275,'50,'03,'0,'0,'553,'中央大　　　　,'先進理工,'情報工　　　,'　,'　　　,'情報工学　,'1,'13
'3276,'03,'00,'0,'0,'106,'津田塾大　　　,'学芸　　,'　　　　　　,'　,'　　　,'文化学　　,'0,'13
'3276,'03,'01,'0,'0,'102,'津田塾大　　　,'学芸　　,'英語英文　　,'　,'　　　,'外国文学　,'1,'13
'3276,'03,'02,'0,'0,'106,'津田塾大　　　,'学芸　　,'国際関係　　,'　,'　　　,'文化学　　,'1,'13
'3276,'03,'04,'0,'0,'501,'津田塾大　　　,'学芸　　,'数学　　　　,'　,'　　　,'数学　　　,'1,'13
'3276,'03,'05,'0,'0,'506,'津田塾大　　　,'学芸　　,'情報科学　　,'　,'　　　,'情報科学　,'1,'13
'3276,'03,'06,'0,'0,'106,'津田塾大　　　,'学芸　　,'多文化・国際,'　,'　　　,'文化学　　,'1,'13
'3276,'13,'00,'0,'0,'753,'津田塾大　　　,'総合政策,'　　　　　　,'　,'　　　,'総合科学　,'0,'13
'3276,'13,'01,'0,'0,'753,'津田塾大　　　,'総合政策,'総合政策　　,'　,'　　　,'総合科学　,'1,'13
'3277,'01,'00,'0,'0,'103,'帝京大　　　　,'文　　　,'　　　　　　,'　,'　　　,'地理学　　,'0,'13
'3277,'01,'05,'0,'0,'106,'帝京大　　　　,'文　　　,'日本文化　　,'　,'　　　,'文化学　　,'1,'13
'3277,'01,'06,'0,'0,'103,'帝京大　　　　,'文　　　,'史学　　　　,'　,'　　　,'地理学　　,'1,'13
'3277,'01,'07,'0,'0,'241,'帝京大　　　　,'文　　　,'社会　　　　,'　,'　　　,'社会学　　,'1,'13
'3277,'01,'08,'0,'0,'105,'帝京大　　　　,'文　　　,'心理　　　　,'　,'　　　,'心理学　　,'1,'13
'3277,'08,'00,'0,'0,'151,'帝京大　　　　,'外国語　,'　　　　　　,'　,'　　　,'英米語　　,'0,'13
'3277,'08,'02,'0,'0,'106,'帝京大　　　　,'外国語　,'国際日本　　,'　,'　　　,'文化学　　,'1,'13
'3277,'08,'03,'0,'0,'151,'帝京大　　　　,'外国語　,'外国／英語　,'　,'　　　,'英米語　　,'1,'13
'3277,'08,'04,'0,'0,'157,'帝京大　　　　,'外国語　,'外国／ドイツ,'　,'　　　,'ドイツ語　,'1,'13
'3277,'08,'05,'0,'0,'153,'帝京大　　　　,'外国語　,'外国／フラン,'　,'　　　,'フランス語,'1,'13
'3277,'08,'06,'0,'0,'155,'帝京大　　　　,'外国語　,'外国／スペイ,'　,'　　　,'スペイン語,'1,'13
'3277,'08,'07,'0,'0,'152,'帝京大　　　　,'外国語　,'外国／中国語,'　,'　　　,'中国語　　,'1,'13
'3277,'08,'08,'0,'0,'158,'帝京大　　　　,'外国語　,'外国／コリア,'　,'　　　,'韓国語（朝,'1,'13
'3277,'12,'00,'0,'0,'201,'帝京大　　　　,'法　　　,'　　　　　　,'　,'　　　,'法学　　　,'0,'13
'3277,'12,'01,'0,'0,'201,'帝京大　　　　,'法　　　,'法律　　　　,'　,'　　　,'法学　　　,'1,'13
'3277,'12,'02,'0,'0,'202,'帝京大　　　　,'法　　　,'政治　　　　,'　,'　　　,'政治学　　,'1,'13
'3277,'18,'00,'0,'0,'221,'帝京大　　　　,'経済　　,'　　　　　　,'　,'　　　,'経済学　　,'0,'13
'3277,'18,'01,'0,'0,'221,'帝京大　　　　,'経済　　,'経済　　　　,'　,'　　　,'経済学　　,'1,'13
'3277,'18,'02,'0,'0,'222,'帝京大　　　　,'経済　　,'経営　　　　,'　,'　　　,'経営学・商,'1,'13
'3277,'18,'06,'0,'0,'222,'帝京大　　　　,'経済　　,'観光経営　　,'　,'　　　,'経営学・商,'1,'13
'3277,'18,'07,'0,'0,'221,'帝京大　　　　,'経済　　,'地域経済　　,'　,'　　　,'経済学　　,'1,'13
'3277,'18,'08,'0,'0,'221,'帝京大　　　　,'経済　　,'国際経済　　,'　,'　　　,'経済学　　,'1,'13
'3277,'30,'00,'0,'0,'316,'帝京大　　　　,'教育　　,'　　　　　　,'　,'　　　,'０免課程　,'0,'13
'3277,'30,'01,'0,'0,'304,'帝京大　　　　,'教育　　,'教育文化　　,'　,'　　　,'中高－英語,'1,'13
'3277,'30,'02,'0,'0,'301,'帝京大　　　　,'教育　　,'初等／初等教,'　,'　　　,'小学校　　,'1,'13
'3277,'30,'03,'0,'0,'312,'帝京大　　　　,'教育　　,'初等／こども,'　,'　　　,'幼稚園　　,'1,'13
'3277,'47,'00,'0,'0,'551,'帝京大　　　　,'理工　　,'　　　　　　,'　,'　　　,'機械工学　,'0,'13
'3277,'47,'11,'0,'0,'501,'帝京大　　　　,'理工　　,'データサイエ,'　,'　　　,'数学　　　,'1,'13
'3277,'47,'12,'0,'0,'551,'帝京大　　　　,'理工　　,'総合／機械航,'　,'　　　,'機械工学　,'1,'13
'3277,'47,'13,'0,'0,'551,'帝京大　　　　,'理工　　,'総合／ロボテ,'　,'　　　,'機械工学　,'1,'13
'3277,'47,'14,'0,'0,'506,'帝京大　　　　,'理工　　,'総合／情報科,'　,'　　　,'情報科学　,'1,'13
'3277,'47,'15,'0,'0,'507,'帝京大　　　　,'理工　　,'総合／環境バ,'　,'　　　,'総合理学　,'1,'13
'3277,'55,'00,'0,'0,'601,'帝京大　　　　,'医　　　,'　　　　　　,'　,'　　　,'医　　　　,'0,'13
'3277,'55,'01,'0,'0,'601,'帝京大　　　　,'医　　　,'医　　　　　,'　,'　　　,'医　　　　,'1,'13
'3277,'61,'00,'0,'0,'621,'帝京大　　　　,'薬　　　,'　　　　　　,'　,'　　　,'薬　　　　,'0,'13
'3277,'61,'02,'0,'0,'621,'帝京大　　　　,'薬　　　,'薬　　　　　,'　,'　　　,'薬　　　　,'1,'13
'3277,'64,'00,'0,'0,'652,'帝京大　　　　,'医療技術,'　　　　　　,'　,'　　　,'医療技術　,'0,'13
'3277,'64,'01,'0,'0,'652,'帝京大　　　　,'医療技術,'視能矯正　　,'　,'　　　,'医療技術　,'1,'13
'3277,'64,'05,'0,'0,'651,'帝京大　　　　,'医療技術,'看護　　　　,'　,'　　　,'看護　　　,'1,'13
'3277,'64,'06,'0,'0,'657,'帝京大　　　　,'医療技術,'診療放射線　,'　,'　　　,'放射線技術,'1,'13
'3277,'64,'07,'0,'0,'658,'帝京大　　　　,'医療技術,'臨床検査　　,'　,'　　　,'検査技術　,'1,'13
'3277,'64,'09,'0,'0,'654,'帝京大　　　　,'医療技術,'スポ／健康ス,'　,'　　　,'体育・健康,'1,'13
'3277,'64,'10,'0,'0,'652,'帝京大　　　　,'医療技術,'スポ／救急救,'　,'　　　,'医療技術　,'1,'13
'3277,'64,'11,'0,'0,'652,'帝京大　　　　,'医療技術,'柔道整復　　,'　,'　　　,'医療技術　,'1,'13
'3277,'65,'00,'0,'0,'652,'帝京大　　　　,'福岡医療,'　　　　　　,'　,'　　　,'医療技術　,'0,'13
'3277,'65,'01,'0,'0,'655,'帝京大　　　　,'福岡医療,'理学療法　　,'　,'　　　,'理学療法　,'1,'13
'3277,'65,'02,'0,'0,'656,'帝京大　　　　,'福岡医療,'作業療法　　,'　,'　　　,'作業療法　,'1,'13
'3277,'65,'03,'0,'0,'651,'帝京大　　　　,'福岡医療,'看護　　　　,'　,'　　　,'看護　　　,'1,'13
'3277,'65,'04,'0,'0,'657,'帝京大　　　　,'福岡医療,'診療放射線　,'　,'　　　,'放射線技術,'1,'13
'3277,'65,'06,'0,'0,'652,'帝京大　　　　,'福岡医療,'医療／救急救,'　,'　　　,'医療技術　,'1,'13
'3277,'65,'07,'0,'0,'652,'帝京大　　　　,'福岡医療,'医療／臨床工,'　,'　　　,'医療技術　,'1,'13
'3278,'01,'00,'0,'0,'101,'東海大　　　　,'文　　　,'　　　　　　,'　,'　　　,'日本文学　,'0,'13
'3278,'01,'01,'0,'0,'102,'東海大　　　　,'文　　　,'英語文化コミ,'　,'　　　,'外国文学　,'1,'13
'3278,'01,'06,'0,'0,'111,'東海大　　　　,'文　　　,'歴史／考古学,'　,'　　　,'考古学・文,'1,'13
'3278,'01,'07,'0,'0,'107,'東海大　　　　,'文　　　,'歴史／西洋史,'　,'　　　,'西洋史　　,'1,'13
'3278,'01,'09,'0,'0,'109,'東海大　　　　,'文　　　,'歴史／日本史,'　,'　　　,'日本史　　,'1,'13
'3278,'01,'10,'0,'0,'101,'東海大　　　　,'文　　　,'日本文　　　,'　,'　　　,'日本文学　,'1,'13
'3278,'01,'20,'0,'0,'106,'東海大　　　　,'文　　　,'文明　　　　,'　,'　　　,'文化学　　,'1,'13
'3278,'02,'00,'0,'0,'106,'東海大　　　　,'人文　　,'　　　　　　,'　,'　　　,'文化学　　,'0,'13
'3278,'02,'01,'0,'0,'106,'東海大　　　　,'人文　　,'人文　　　　,'　,'　　　,'文化学　　,'1,'13
'3278,'03,'00,'0,'0,'106,'東海大　　　　,'文化社会,'　　　　　　,'　,'　　　,'文化学　　,'0,'13
'3278,'03,'01,'0,'0,'106,'東海大　　　　,'文化社会,'アジア　　　,'　,'　　　,'文化学　　,'1,'13
'3278,'03,'02,'0,'0,'106,'東海大　　　　,'文化社会,'ヨーロッパア,'　,'　　　,'文化学　　,'1,'13
'3278,'03,'03,'0,'0,'106,'東海大　　　　,'文化社会,'北欧　　　　,'　,'　　　,'文化学　　,'1,'13
'3278,'03,'04,'0,'0,'458,'東海大　　　　,'文化社会,'文芸創作　　,'　,'　　　,'その他芸術,'1,'13
'3278,'03,'05,'0,'0,'244,'東海大　　　　,'文化社会,'広報メディア,'　,'　　　,'マスコミ　,'1,'13
'3278,'03,'06,'0,'0,'105,'東海大　　　　,'文化社会,'心理・社会　,'　,'　　　,'心理学　　,'1,'13
'3278,'12,'00,'0,'0,'201,'東海大　　　　,'法　　　,'　　　　　　,'　,'　　　,'法学　　　,'0,'13
'3278,'12,'01,'0,'0,'201,'東海大　　　　,'法　　　,'法律　　　　,'　,'　　　,'法学　　　,'1,'13
'3278,'13,'00,'0,'0,'202,'東海大　　　　,'政治経済,'　　　　　　,'　,'　　　,'政治学　　,'0,'13
'3278,'13,'02,'0,'0,'221,'東海大　　　　,'政治経済,'経済　　　　,'　,'　　　,'経済学　　,'1,'13
'3278,'13,'03,'0,'0,'202,'東海大　　　　,'政治経済,'政治　　　　,'　,'　　　,'政治学　　,'1,'13
'3278,'19,'00,'0,'0,'222,'東海大　　　　,'経営　　,'　　　　　　,'　,'　　　,'経営学・商,'0,'13
'3278,'19,'01,'0,'0,'222,'東海大　　　　,'経営　　,'経営　　　　,'　,'　　　,'経営学・商,'1,'13
'3278,'27,'00,'0,'0,'243,'東海大　　　　,'観光　　,'　　　　　　,'　,'　　　,'観光学　　,'0,'13
'3278,'27,'01,'0,'0,'243,'東海大　　　　,'観光　　,'観光　　　　,'　,'　　　,'観光学　　,'1,'13
'3278,'31,'00,'0,'0,'301,'東海大　　　　,'児童教育,'　　　　　　,'　,'　　　,'小学校　　,'0,'13
'3278,'31,'01,'0,'0,'301,'東海大　　　　,'児童教育,'児童教育　　,'　,'　　　,'小学校　　,'1,'13
'3278,'33,'00,'0,'0,'151,'東海大　　　　,'国際文化,'　　　　　　,'　,'　　　,'英米語　　,'0,'13
'3278,'33,'01,'0,'0,'241,'東海大　　　　,'国際文化,'地域創造　　,'　,'　　　,'社会学　　,'1,'13
'3278,'33,'02,'0,'0,'151,'東海大　　　　,'国際文化,'国際コミュニ,'　,'　　　,'英米語　　,'1,'13
'3278,'34,'00,'0,'0,'261,'東海大　　　　,'国際　　,'　　　　　　,'　,'　　　,'国際関係学,'0,'13
'3278,'34,'01,'0,'0,'261,'東海大　　　　,'国際　　,'国際　　　　,'　,'　　　,'国際関係学,'1,'13
'3278,'37,'00,'0,'0,'451,'東海大　　　　,'教養　　,'　　　　　　,'　,'　　　,'美術・デザ,'0,'13
'3278,'37,'01,'0,'0,'451,'東海大　　　　,'教養　　,'芸術　　　　,'　,'　　　,'美術・デザ,'1,'13
'3278,'37,'05,'0,'0,'753,'東海大　　　　,'教養　　,'人間環境　　,'　,'　　　,'総合科学　,'1,'13
'3278,'38,'00,'0,'0,'222,'東海大　　　　,'文理融合,'　　　　　　,'　,'　　　,'経営学・商,'0,'13
'3278,'38,'01,'0,'0,'222,'東海大　　　　,'文理融合,'経営　　　　,'　,'　　　,'経営学・商,'1,'13
'3278,'38,'02,'0,'0,'753,'東海大　　　　,'文理融合,'地域社会　　,'　,'　　　,'総合科学　,'1,'13
'3278,'38,'03,'0,'0,'552,'東海大　　　　,'文理融合,'人間情報工　,'　,'　　　,'電気・電子,'1,'13
'3278,'42,'00,'0,'0,'501,'東海大　　　　,'理　　　,'　　　　　　,'　,'　　　,'数学　　　,'0,'13
'3278,'42,'01,'0,'0,'503,'東海大　　　　,'理　　　,'化学　　　　,'　,'　　　,'化学　　　,'1,'13
'3278,'42,'02,'0,'0,'501,'東海大　　　　,'理　　　,'情報数理　　,'　,'　　　,'数学　　　,'1,'13
'3278,'42,'03,'0,'0,'501,'東海大　　　　,'理　　　,'数学　　　　,'　,'　　　,'数学　　　,'1,'13
'3278,'42,'04,'0,'0,'502,'東海大　　　　,'理　　　,'物理　　　　,'　,'　　　,'物理学　　,'1,'13
'3278,'46,'00,'0,'0,'551,'東海大　　　　,'工　　　,'　　　　　　,'　,'　　　,'機械工学　,'0,'13
'3278,'46,'09,'0,'0,'551,'東海大　　　　,'工　　　,'機械工　　　,'　,'　　　,'機械工学　,'1,'13
'3278,'46,'18,'0,'0,'555,'東海大　　　　,'工　　　,'応用化　　　,'　,'　　　,'応用化学　,'1,'13
'3278,'46,'24,'0,'0,'552,'東海大　　　　,'工　　　,'電気電子工　,'　,'　　　,'電気・電子,'1,'13
'3278,'46,'25,'0,'0,'561,'東海大　　　　,'工　　　,'航空／航空操,'　,'　　　,'航空・宇宙,'1,'13
'3278,'46,'26,'0,'0,'561,'東海大　　　　,'工　　　,'航空／航空宇,'　,'　　　,'航空・宇宙,'1,'13
'3278,'46,'28,'0,'0,'551,'東海大　　　　,'工　　　,'機械シス工　,'　,'　　　,'機械工学　,'1,'13
'3278,'46,'29,'0,'0,'551,'東海大　　　　,'工　　　,'医工　　　　,'　,'　　　,'機械工学　,'1,'13
'3278,'46,'30,'0,'0,'564,'東海大　　　　,'工　　　,'生物工　　　,'　,'　　　,'生物工学　,'1,'13
'3278,'48,'00,'0,'0,'506,'東海大　　　　,'情報理工,'　　　　　　,'　,'　　　,'情報科学　,'0,'13
'3278,'48,'01,'0,'0,'506,'東海大　　　　,'情報理工,'情報科学　　,'　,'　　　,'情報科学　,'1,'13
'3278,'48,'02,'0,'0,'455,'東海大　　　　,'情報理工,'情報メディア,'　,'　　　,'映像　　　,'1,'13
'3278,'48,'04,'0,'0,'551,'東海大　　　　,'情報理工,'コンピュータ,'　,'　　　,'機械工学　,'1,'13
'3278,'49,'00,'0,'0,'506,'東海大　　　　,'情報通信,'　　　　　　,'　,'　　　,'情報科学　,'0,'13
'3278,'49,'05,'0,'0,'506,'東海大　　　　,'情報通信,'情報通信　　,'　,'　　　,'情報科学　,'1,'13
'3278,'53,'00,'0,'0,'554,'東海大　　　　,'建築都市,'　　　　　　,'　,'　　　,'建築・土木,'0,'13
'3278,'53,'01,'0,'0,'554,'東海大　　　　,'建築都市,'建築　　　　,'　,'　　　,'建築・土木,'1,'13
'3278,'53,'02,'0,'0,'554,'東海大　　　　,'建築都市,'土木工　　　,'　,'　　　,'建築・土木,'1,'13
'3278,'55,'00,'0,'0,'601,'東海大　　　　,'医　　　,'　　　　　　,'　,'　　　,'医　　　　,'0,'13
'3278,'55,'01,'0,'0,'601,'東海大　　　　,'医　　　,'医　　　　　,'　,'　　　,'医　　　　,'1,'13
'3278,'55,'02,'0,'0,'651,'東海大　　　　,'医　　　,'看護　　　　,'　,'　　　,'看護　　　,'1,'13
'3278,'65,'00,'0,'0,'654,'東海大　　　　,'体育　　,'　　　　　　,'　,'　　　,'体育・健康,'0,'13
'3278,'65,'01,'0,'0,'654,'東海大　　　　,'体育　　,'生涯スポーツ,'　,'　　　,'体育・健康,'1,'13
'3278,'65,'02,'0,'0,'311,'東海大　　　　,'体育　　,'体育　　　　,'　,'　　　,'中高－体育,'1,'13
'3278,'65,'03,'0,'0,'654,'東海大　　　　,'体育　　,'武道　　　　,'　,'　　　,'体育・健康,'1,'13
'3278,'65,'04,'0,'0,'654,'東海大　　　　,'体育　　,'競技スポーツ,'　,'　　　,'体育・健康,'1,'13
'3278,'65,'05,'0,'0,'222,'東海大　　　　,'体育　　,'スポーツ・レ,'　,'　　　,'経営学・商,'1,'13
'3278,'66,'00,'0,'0,'242,'東海大　　　　,'健康　　,'　　　　　　,'　,'　　　,'社会福祉学,'0,'13
'3278,'66,'01,'0,'0,'242,'東海大　　　　,'健康　　,'健康マネジメ,'　,'　　　,'社会福祉学,'1,'13
'3278,'72,'00,'0,'0,'504,'東海大　　　　,'農　　　,'　　　　　　,'　,'　　　,'生物学　　,'0,'13
'3278,'72,'04,'0,'0,'701,'東海大　　　　,'農　　　,'農　　　　　,'　,'　　　,'農学　　　,'1,'13
'3278,'72,'05,'0,'0,'504,'東海大　　　　,'農　　　,'動物科学　　,'　,'　　　,'生物学　　,'1,'13
'3278,'72,'06,'0,'0,'703,'東海大　　　　,'農　　　,'食生命科学　,'　,'　　　,'農芸化学　,'1,'13
'3278,'74,'00,'0,'0,'708,'東海大　　　　,'海洋　　,'　　　　　　,'　,'　　　,'水産学　　,'0,'13
'3278,'74,'06,'0,'0,'708,'東海大　　　　,'海洋　　,'水産　　　　,'　,'　　　,'水産学　　,'1,'13
'3278,'74,'11,'0,'0,'708,'東海大　　　　,'海洋　　,'海洋生物　　,'　,'　　　,'水産学　　,'1,'13
'3278,'74,'16,'0,'0,'505,'東海大　　　　,'海洋　　,'海洋／海洋理,'　,'　　　,'地球科学　,'1,'13
'3278,'74,'17,'0,'0,'559,'東海大　　　　,'海洋　　,'海洋／航海学,'　,'　　　,'商船学　　,'1,'13
'3278,'76,'00,'0,'0,'504,'東海大　　　　,'生物　　,'　　　　　　,'　,'　　　,'生物学　　,'0,'13
'3278,'76,'01,'0,'0,'504,'東海大　　　　,'生物　　,'生物　　　　,'　,'　　　,'生物学　　,'1,'13
'3278,'76,'02,'0,'0,'708,'東海大　　　　,'生物　　,'海洋生物科学,'　,'　　　,'水産学　　,'1,'13
'3279,'55,'00,'0,'0,'601,'東京医大　　　,'医　　　,'　　　　　　,'　,'　　　,'医　　　　,'0,'13
'3279,'55,'01,'0,'0,'601,'東京医大　　　,'医　　　,'医　　　　　,'　,'　　　,'医　　　　,'1,'13
'3279,'55,'02,'0,'0,'651,'東京医大　　　,'医　　　,'看護　　　　,'　,'　　　,'看護　　　,'1,'13
'3280,'83,'00,'0,'0,'453,'東京音大　　　,'音楽　　,'　　　　　　,'　,'　　　,'音楽　　　,'0,'13
'3280,'83,'01,'0,'0,'453,'東京音大　　　,'音楽　　,'音楽／音楽文,'　,'　　　,'音楽　　　,'1,'13
'3280,'83,'02,'0,'0,'453,'東京音大　　　,'音楽　　,'音楽／器楽　,'　,'　　　,'音楽　　　,'1,'13
'3280,'83,'05,'0,'0,'453,'東京音大　　　,'音楽　　,'音楽／声楽　,'　,'　　　,'音楽　　　,'1,'13
'3280,'83,'08,'0,'0,'453,'東京音大　　　,'音楽　　,'音楽／指揮　,'　,'　　　,'音楽　　　,'1,'13
'3280,'83,'12,'0,'0,'151,'東京音大　　　,'音楽　　,'音楽／リベラ,'　,'　　　,'英米語　　,'1,'13
'3280,'83,'13,'0,'0,'453,'東京音大　　　,'音楽　　,'音楽／作曲芸,'　,'　　　,'音楽　　　,'1,'13
'3280,'83,'14,'0,'0,'453,'東京音大　　　,'音楽　　,'音楽／作曲ミ,'　,'　　　,'音楽　　　,'1,'13
'3280,'83,'17,'0,'0,'453,'東京音大　　　,'音楽　　,'音楽／吹奏楽,'　,'　　　,'音楽　　　,'1,'13
'3280,'83,'18,'0,'0,'752,'東京音大　　　,'音楽　　,'音楽／ビジネ,'　,'　　　,'総合情報学,'1,'13
'3281,'02,'00,'0,'0,'105,'東京家政大　　,'人文　　,'　　　　　　,'　,'　　　,'心理学　　,'0,'13
'3281,'02,'01,'0,'0,'151,'東京家政大　　,'人文　　,'英語コミュニ,'　,'　　　,'英米語　　,'1,'13
'3281,'02,'02,'0,'0,'105,'東京家政大　　,'人文　　,'心理カウンセ,'　,'　　　,'心理学　　,'1,'13
'3281,'02,'03,'0,'0,'105,'東京家政大　　,'人文　　,'教育福祉　　,'　,'　　　,'心理学　　,'1,'13
'3281,'37,'00,'0,'0,'753,'東京家政大　　,'社会デザ,'　　　　　　,'　,'　　　,'総合科学　,'1,'13
'3281,'38,'00,'0,'0,'752,'東京家政大　　,'文化情報,'　　　　　　,'　,'　　　,'総合情報学,'1,'13
'3281,'65,'00,'0,'0,'651,'東京家政大　　,'健康科学,'　　　　　　,'　,'　　　,'看護　　　,'0,'13
'3281,'65,'01,'0,'0,'651,'東京家政大　　,'健康科学,'看護　　　　,'　,'　　　,'看護　　　,'1,'13
'3281,'65,'02,'0,'0,'656,'東京家政大　　,'健康科学,'リハ／作業療,'　,'　　　,'作業療法　,'1,'13
'3281,'65,'03,'0,'0,'655,'東京家政大　　,'健康科学,'リハ／理学療,'　,'　　　,'理学療法　,'1,'13
'3281,'79,'00,'0,'0,'403,'東京家政大　　,'共創デザ,'　　　　　　,'　,'　　　,'被服・服飾,'0,'13
'3281,'79,'10,'0,'0,'403,'東京家政大　　,'共創デザ,'服飾美術　　,'　,'　　　,'被服・服飾,'1,'13
'3281,'79,'11,'0,'0,'451,'東京家政大　　,'共創デザ,'造形表現　　,'　,'　　　,'美術・デザ,'1,'13
'3281,'80,'00,'0,'0,'312,'東京家政大　　,'子ども支,'　　　　　　,'　,'　　　,'幼稚園　　,'0,'13
'3281,'80,'01,'0,'0,'312,'東京家政大　　,'子ども支,'子ども支援　,'　,'　　　,'幼稚園　　,'1,'13
'3281,'81,'00,'0,'0,'402,'東京家政大　　,'栄養　　,'　　　　　　,'　,'　　　,'食物・栄養,'0,'13
'3281,'81,'01,'0,'0,'402,'東京家政大　　,'栄養　　,'栄養　　　　,'　,'　　　,'食物・栄養,'1,'13
'3281,'81,'02,'0,'0,'402,'東京家政大　　,'栄養　　,'管理栄養　　,'　,'　　　,'食物・栄養,'1,'13
'3281,'82,'00,'0,'0,'312,'東京家政大　　,'児童　　,'　　　　　　,'　,'　　　,'幼稚園　　,'0,'13
'3281,'82,'01,'0,'0,'312,'東京家政大　　,'児童　　,'児童／児童学,'　,'　　　,'幼稚園　　,'1,'13
'3281,'82,'02,'0,'0,'312,'東京家政大　　,'児童　　,'児童／育児支,'　,'　　　,'幼稚園　　,'1,'13
'3281,'82,'03,'0,'0,'301,'東京家政大　　,'児童　　,'初等教育　　,'　,'　　　,'小学校　　,'1,'13
'3282,'80,'00,'0,'0,'401,'東京家政学院大,'現代生活,'　　　　　　,'　,'　　　,'生活科学　,'0,'13
'3282,'80,'01,'0,'0,'401,'東京家政学院大,'現代生活,'現代家政　　,'　,'　　　,'生活科学　,'1,'13
'3282,'81,'00,'0,'0,'402,'東京家政学院大,'人間栄養,'　　　　　　,'　,'　　　,'食物・栄養,'0,'13
'3282,'81,'01,'0,'0,'402,'東京家政学院大,'人間栄養,'人間栄養　　,'　,'　　　,'食物・栄養,'1,'13
'3282,'82,'00,'0,'0,'301,'東京家政学院大,'生活共創,'　　　　　　,'　,'　　　,'小学校　　,'0,'13
'3282,'82,'02,'0,'0,'301,'東京家政学院大,'生活共創,'こども教育　,'　,'　　　,'小学校　　,'1,'13
'3282,'82,'03,'0,'0,'401,'東京家政学院大,'生活共創,'生活／生活イ,'　,'　　　,'生活科学　,'1,'13
'3282,'82,'04,'0,'0,'405,'東京家政学院大,'生活共創,'生活／住環境,'　,'　　　,'住居学　　,'1,'13
'3282,'82,'05,'0,'0,'402,'東京家政学院大,'生活共創,'生活／食科学,'　,'　　　,'食物・栄養,'1,'13
'3283,'13,'00,'0,'0,'201,'東京経大　　　,'現代法　,'　　　　　　,'　,'　　　,'法学　　　,'0,'13
'3283,'13,'01,'0,'0,'201,'東京経大　　　,'現代法　,'現代法　　　,'　,'　　　,'法学　　　,'1,'13
'3283,'18,'00,'0,'0,'221,'東京経大　　　,'経済　　,'　　　　　　,'　,'　　　,'経済学　　,'1,'13
'3283,'19,'00,'0,'0,'222,'東京経大　　　,'経営　　,'　　　　　　,'　,'　　　,'経営学・商,'1,'13
'3283,'37,'00,'0,'0,'106,'東京経大　　　,'コミュニ,'　　　　　　,'　,'　　　,'文化学　　,'0,'13
'3283,'37,'01,'0,'0,'241,'東京経大　　　,'コミュニ,'メディア社会,'　,'　　　,'社会学　　,'1,'13
'3283,'37,'02,'0,'0,'106,'東京経大　　　,'コミュニ,'国際コミュニ,'　,'　　　,'文化学　　,'1,'13
'3283,'89,'00,'0,'0,'201,'東京経大　　　,'キャリア,'　　　　　　,'　,'　　　,'法学　　　,'1,'13
'3284,'46,'00,'0,'0,'551,'東京工科大　　,'工　　　,'　　　　　　,'　,'　　　,'機械工学　,'0,'13
'3284,'46,'05,'0,'0,'551,'東京工科大　　,'工　　　,'機械工　　　,'　,'　　　,'機械工学　,'1,'13
'3284,'46,'06,'0,'0,'552,'東京工科大　　,'工　　　,'電気電子工　,'　,'　　　,'電気・電子,'1,'13
'3284,'46,'07,'0,'0,'555,'東京工科大　　,'工　　　,'応用化　　　,'　,'　　　,'応用化学　,'1,'13
'3284,'47,'00,'0,'0,'244,'東京工科大　　,'メディア,'　　　　　　,'　,'　　　,'マスコミ　,'0,'13
'3284,'47,'01,'0,'0,'244,'東京工科大　　,'メディア,'メディア　　,'　,'　　　,'マスコミ　,'1,'13
'3284,'48,'00,'0,'0,'553,'東京工科大　　,'コンピュ,'　　　　　　,'　,'　　　,'情報工学　,'0,'13
'3284,'48,'02,'0,'0,'553,'東京工科大　　,'コンピュ,'コン／社会情,'　,'　　　,'情報工学　,'1,'13
'3284,'48,'03,'0,'0,'553,'東京工科大　　,'コンピュ,'コン／先進情,'　,'　　　,'情報工学　,'1,'13
'3284,'64,'00,'0,'0,'652,'東京工科大　　,'医療保健,'　　　　　　,'　,'　　　,'医療技術　,'0,'13
'3284,'64,'01,'0,'0,'651,'東京工科大　　,'医療保健,'看護　　　　,'　,'　　　,'看護　　　,'1,'13
'3284,'64,'02,'0,'0,'652,'東京工科大　　,'医療保健,'臨床工　　　,'　,'　　　,'医療技術　,'1,'13
'3284,'64,'05,'0,'0,'658,'東京工科大　　,'医療保健,'臨床検査　　,'　,'　　　,'検査技術　,'1,'13
'3284,'64,'06,'0,'0,'652,'東京工科大　　,'医療保健,'リハ／言語聴,'　,'　　　,'医療技術　,'1,'13
'3284,'64,'07,'0,'0,'655,'東京工科大　　,'医療保健,'リハ／理学療,'　,'　　　,'理学療法　,'1,'13
'3284,'64,'08,'0,'0,'656,'東京工科大　　,'医療保健,'リハ／作業療,'　,'　　　,'作業療法　,'1,'13
'3284,'74,'00,'0,'0,'555,'東京工科大　　,'応用生物,'　　　　　　,'　,'　　　,'応用化学　,'0,'13
'3284,'74,'01,'0,'0,'555,'東京工科大　　,'応用生物,'応用生物　　,'　,'　　　,'応用化学　,'1,'13
'3284,'83,'00,'0,'0,'405,'東京工科大　　,'デザイン,'　　　　　　,'　,'　　　,'住居学　　,'0,'13
'3284,'83,'01,'0,'0,'405,'東京工科大　　,'デザイン,'デザイン　　,'　,'　　　,'住居学　　,'1,'13
'3285,'55,'00,'0,'0,'601,'東京慈恵会医大,'医　　　,'　　　　　　,'　,'　　　,'医　　　　,'0,'13
'3285,'55,'01,'0,'0,'601,'東京慈恵会医大,'医　　　,'医　　　　　,'　,'　　　,'医　　　　,'1,'13
'3285,'55,'02,'0,'0,'651,'東京慈恵会医大,'医　　　,'看護　　　　,'　,'　　　,'看護　　　,'1,'13
'3286,'38,'00,'0,'0,'106,'東京女子大　　,'現代教養,'　　　　　　,'　,'　　　,'文化学　　,'0,'13
'3286,'38,'01,'0,'0,'104,'東京女子大　　,'現代教養,'人文／哲学　,'　,'　　　,'哲学倫理宗,'1,'13
'3286,'38,'02,'0,'0,'101,'東京女子大　　,'現代教養,'人文／日本文,'　,'　　　,'日本文学　,'1,'13
'3286,'38,'04,'0,'0,'107,'東京女子大　　,'現代教養,'人文／歴史文,'　,'　　　,'西洋史　　,'1,'13
'3286,'38,'17,'0,'0,'506,'東京女子大　　,'現代教養,'情報数理科学,'　,'　　　,'情報科学　,'1,'13
'3286,'38,'18,'0,'0,'102,'東京女子大　　,'現代教養,'人文／英語圏,'　,'　　　,'外国文学　,'1,'13
'3286,'38,'19,'0,'0,'106,'東京女子大　　,'現代教養,'国際社会　　,'　,'　　　,'文化学　　,'1,'13
'3286,'38,'20,'0,'0,'221,'東京女子大　　,'現代教養,'経済経営　　,'　,'　　　,'経済学　　,'1,'13
'3286,'38,'21,'0,'0,'105,'東京女子大　　,'現代教養,'心理　　　　,'　,'　　　,'心理学　　,'1,'13
'3286,'38,'22,'0,'0,'241,'東京女子大　　,'現代教養,'社会コミュニ,'　,'　　　,'社会学　　,'1,'13
'3287,'55,'00,'0,'0,'601,'東京女子医大　,'医　　　,'　　　　　　,'　,'　　　,'医　　　　,'0,'13
'3287,'55,'01,'0,'0,'601,'東京女子医大　,'医　　　,'医　　　　　,'　,'　　　,'医　　　　,'1,'13
'3287,'64,'00,'0,'0,'651,'東京女子医大　,'看護　　,'　　　　　　,'　,'　　　,'看護　　　,'0,'13
'3287,'64,'01,'0,'0,'651,'東京女子医大　,'看護　　,'看護　　　　,'　,'　　　,'看護　　　,'1,'13
'3288,'64,'00,'0,'0,'311,'東京女子体育大,'体育　　,'　　　　　　,'　,'　　　,'中高－体育,'0,'13
'3288,'64,'01,'0,'0,'311,'東京女子体育大,'体育　　,'体育　　　　,'　,'　　　,'中高－体育,'1,'13
'3289,'03,'00,'0,'0,'104,'東京神学大　　,'神　　　,'　　　　　　,'　,'　　　,'哲学倫理宗,'0,'13
'3289,'03,'01,'0,'0,'104,'東京神学大　　,'神　　　,'神　　　　　,'　,'　　　,'哲学倫理宗,'1,'13
'3290,'83,'00,'0,'0,'451,'東京造形大　　,'造形　　,'　　　　　　,'　,'　　　,'美術・デザ,'0,'13
'3290,'83,'07,'0,'0,'451,'東京造形大　　,'造形　　,'美術／絵画　,'　,'　　　,'美術・デザ,'1,'13
'3290,'83,'08,'0,'0,'451,'東京造形大　　,'造形　　,'美術／彫刻　,'　,'　　　,'美術・デザ,'1,'13
'3290,'83,'11,'0,'0,'451,'東京造形大　　,'造形　　,'デザ／グラフ,'　,'　　　,'美術・デザ,'1,'13
'3290,'83,'12,'0,'0,'455,'東京造形大　　,'造形　　,'デザ／写真　,'　,'　　　,'映像　　　,'1,'13
'3290,'83,'13,'0,'0,'455,'東京造形大　　,'造形　　,'デザ／映画映,'　,'　　　,'映像　　　,'1,'13
'3290,'83,'14,'0,'0,'455,'東京造形大　　,'造形　　,'デザ／アニメ,'　,'　　　,'映像　　　,'1,'13
'3290,'83,'15,'0,'0,'455,'東京造形大　　,'造形　　,'デザ／メディ,'　,'　　　,'映像　　　,'1,'13
'3290,'83,'16,'0,'0,'405,'東京造形大　　,'造形　　,'デザ／室内建,'　,'　　　,'住居学　　,'1,'13
'3290,'83,'17,'0,'0,'451,'東京造形大　　,'造形　　,'デザ／インダ,'　,'　　　,'美術・デザ,'1,'13
'3290,'83,'18,'0,'0,'451,'東京造形大　　,'造形　　,'デザ／テキス,'　,'　　　,'美術・デザ,'1,'13
'3291,'46,'00,'0,'0,'552,'東京電機大　　,'工　　　,'　　　　　　,'　,'　　　,'電気・電子,'0,'13
'3291,'46,'01,'0,'0,'551,'東京電機大　　,'工　　　,'機械工　　　,'　,'　　　,'機械工学　,'1,'13
'3291,'46,'03,'0,'0,'552,'東京電機大　　,'工　　　,'情報通信工　,'　,'　　　,'電気・電子,'1,'13
'3291,'46,'09,'0,'0,'552,'東京電機大　　,'工　　　,'電気電子工　,'　,'　　　,'電気・電子,'1,'13
'3291,'46,'15,'0,'0,'552,'東京電機大　　,'工　　　,'電子シス工　,'　,'　　　,'電気・電子,'1,'13
'3291,'46,'16,'0,'0,'555,'東京電機大　　,'工　　　,'応用化　　　,'　,'　　　,'応用化学　,'1,'13
'3291,'46,'17,'0,'0,'551,'東京電機大　　,'工　　　,'先端機械工　,'　,'　　　,'機械工学　,'1,'13
'3291,'47,'00,'0,'0,'506,'東京電機大　　,'理工　　,'　　　　　　,'　,'　　　,'情報科学　,'0,'13
'3291,'47,'10,'0,'0,'455,'東京電機大　　,'理工　　,'理工／情報シ,'　,'　　　,'映像　　　,'1,'13
'3291,'47,'13,'0,'0,'501,'東京電機大　　,'理工　　,'理工／理学系,'　,'　　　,'数学　　　,'1,'13
'3291,'47,'14,'0,'0,'554,'東京電機大　　,'理工　　,'理工／建築都,'　,'　　　,'建築・土木,'1,'13
'3291,'47,'16,'0,'0,'504,'東京電機大　　,'理工　　,'理工／生命科,'　,'　　　,'生物学　　,'1,'13
'3291,'47,'17,'0,'0,'552,'東京電機大　　,'理工　　,'理工／電子情,'　,'　　　,'電気・電子,'1,'13
'3291,'47,'18,'0,'0,'551,'東京電機大　　,'理工　　,'理工／機械工,'　,'　　　,'機械工学　,'1,'13
'3291,'49,'00,'0,'0,'551,'東京電機大　　,'未来科学,'　　　　　　,'　,'　　　,'機械工学　,'0,'13
'3291,'49,'01,'0,'0,'551,'東京電機大　　,'未来科学,'ロボット・メ,'　,'　　　,'機械工学　,'1,'13
'3291,'49,'02,'0,'0,'752,'東京電機大　　,'未来科学,'情報メディア,'　,'　　　,'総合情報学,'1,'13
'3291,'49,'03,'0,'0,'554,'東京電機大　　,'未来科学,'建築　　　　,'　,'　　　,'建築・土木,'1,'13
'3291,'50,'00,'0,'0,'553,'東京電機大　　,'システム,'　　　　　　,'　,'　　　,'情報工学　,'0,'13
'3291,'50,'01,'0,'0,'553,'東京電機大　　,'システム,'情報シス工　,'　,'　　　,'情報工学　,'1,'13
'3291,'50,'02,'0,'0,'566,'東京電機大　　,'システム,'デザイン工　,'　,'　　　,'デザイン工,'1,'13
'3291,'54,'00,'0,'0,'552,'東京電機大　　,'工二　　,'　　　　　　,'　,'　　　,'電気・電子,'0,'13
'3291,'54,'01,'0,'0,'551,'東京電機大　　,'工二　　,'機械工　　　,'　,'　　　,'機械工学　,'1,'13
'3291,'54,'02,'0,'0,'455,'東京電機大　　,'工二　　,'情報通信工　,'　,'　　　,'映像　　　,'1,'13
'3291,'54,'05,'0,'0,'552,'東京電機大　　,'工二　　,'電気電子工　,'　,'　　　,'電気・電子,'1,'13
'3292,'37,'00,'0,'0,'707,'東京農大　　　,'国際食料,'　　　　　　,'　,'　　　,'農業経済学,'0,'13
'3292,'37,'01,'0,'0,'261,'東京農大　　　,'国際食料,'国際農業開発,'　,'　　　,'国際関係学,'1,'13
'3292,'37,'02,'0,'0,'707,'東京農大　　　,'国際食料,'食料環境経済,'　,'　　　,'農業経済学,'1,'13
'3292,'37,'03,'0,'0,'707,'東京農大　　　,'国際食料,'アグリビジネ,'　,'　　　,'農業経済学,'1,'13
'3292,'37,'04,'0,'0,'701,'東京農大　　　,'国際食料,'国際食農科学,'　,'　　　,'農学　　　,'1,'13
'3292,'38,'00,'0,'0,'701,'東京農大　　　,'地域環境,'　　　　　　,'　,'　　　,'農学　　　,'0,'13
'3292,'38,'01,'0,'0,'702,'東京農大　　　,'地域環境,'森林総合科学,'　,'　　　,'森林科学　,'1,'13
'3292,'38,'02,'0,'0,'704,'東京農大　　　,'地域環境,'生産環境工　,'　,'　　　,'農業工学・,'1,'13
'3292,'38,'03,'0,'0,'701,'東京農大　　　,'地域環境,'造園科学　　,'　,'　　　,'農学　　　,'1,'13
'3292,'38,'04,'0,'0,'701,'東京農大　　　,'地域環境,'地域創成科学,'　,'　　　,'農学　　　,'1,'13
'3292,'72,'00,'0,'0,'701,'東京農大　　　,'農　　　,'　　　　　　,'　,'　　　,'農学　　　,'0,'13
'3292,'72,'06,'0,'0,'709,'東京農大　　　,'農　　　,'動物科学　　,'　,'　　　,'畜産学　　,'1,'13
'3292,'72,'07,'0,'0,'701,'東京農大　　　,'農　　　,'農　　　　　,'　,'　　　,'農学　　　,'1,'13
'3292,'72,'13,'0,'0,'564,'東京農大　　　,'農　　　,'生物資源開発,'　,'　　　,'生物工学　,'1,'13
'3292,'72,'14,'0,'0,'701,'東京農大　　　,'農　　　,'デザイン農　,'　,'　　　,'農学　　　,'1,'13
'3292,'74,'00,'0,'0,'703,'東京農大　　　,'生物産業,'　　　　　　,'　,'　　　,'農芸化学　,'0,'13
'3292,'74,'01,'0,'0,'707,'東京農大　　　,'生物産業,'自然資源経営,'　,'　　　,'農業経済学,'1,'13
'3292,'74,'02,'0,'0,'703,'東京農大　　　,'生物産業,'食香粧化　　,'　,'　　　,'農芸化学　,'1,'13
'3292,'74,'03,'0,'0,'701,'東京農大　　　,'生物産業,'北方圏農　　,'　,'　　　,'農学　　　,'1,'13
'3292,'74,'04,'0,'0,'708,'東京農大　　　,'生物産業,'海洋水産　　,'　,'　　　,'水産学　　,'1,'13
'3292,'75,'00,'0,'0,'402,'東京農大　　　,'応用生物,'　　　　　　,'　,'　　　,'食物・栄養,'0,'13
'3292,'75,'02,'0,'0,'703,'東京農大　　　,'応用生物,'農芸化　　　,'　,'　　　,'農芸化学　,'1,'13
'3292,'75,'03,'0,'0,'703,'東京農大　　　,'応用生物,'醸造科学　　,'　,'　　　,'農芸化学　,'1,'13
'3292,'75,'06,'0,'0,'402,'東京農大　　　,'応用生物,'食品安全健康,'　,'　　　,'食物・栄養,'1,'13
'3292,'75,'07,'0,'0,'402,'東京農大　　　,'応用生物,'栄養科学　　,'　,'　　　,'食物・栄養,'1,'13
'3292,'76,'00,'0,'0,'564,'東京農大　　　,'生命科学,'　　　　　　,'　,'　　　,'生物工学　,'0,'13
'3292,'76,'01,'0,'0,'564,'東京農大　　　,'生命科学,'バイオサイエ,'　,'　　　,'生物工学　,'1,'13
'3292,'76,'02,'0,'0,'555,'東京農大　　　,'生命科学,'分子生命化　,'　,'　　　,'応用化学　,'1,'13
'3292,'76,'03,'0,'0,'504,'東京農大　　　,'生命科学,'分子微生物　,'　,'　　　,'生物学　　,'1,'13
'3293,'61,'00,'0,'0,'621,'東京薬大　　　,'薬　　　,'　　　　　　,'　,'　　　,'薬　　　　,'0,'13
'3293,'61,'13,'0,'0,'621,'東京薬大　　　,'薬　　　,'薬　　　　　,'　,'　　　,'薬　　　　,'1,'13
'3293,'74,'00,'0,'0,'504,'東京薬大　　　,'生命科学,'　　　　　　,'　,'　　　,'生物学　　,'0,'13
'3293,'74,'01,'0,'0,'504,'東京薬大　　　,'生命科学,'応用生命科学,'　,'　　　,'生物学　　,'1,'13
'3293,'74,'02,'0,'0,'503,'東京薬大　　　,'生命科学,'分子生命科学,'　,'　　　,'化学　　　,'1,'13
'3293,'74,'03,'0,'0,'564,'東京薬大　　　,'生命科学,'生命医科学　,'　,'　　　,'生物工学　,'1,'13
'3294,'19,'00,'0,'0,'222,'東京理大　　　,'経営　　,'　　　　　　,'　,'　　　,'経営学・商,'0,'13
'3294,'19,'01,'0,'0,'222,'東京理大　　　,'経営　　,'経営　　　　,'　,'　　　,'経営学・商,'1,'13
'3294,'19,'02,'0,'0,'221,'東京理大　　　,'経営　　,'ビジネスエコ,'　,'　　　,'経済学　　,'1,'13
'3294,'19,'03,'0,'0,'222,'東京理大　　　,'経営　　,'国際デザ経営,'　,'　　　,'経営学・商,'1,'13
'3294,'42,'00,'0,'0,'503,'東京理大　　　,'理　　　,'　　　　　　,'　,'　　　,'化学　　　,'0,'13
'3294,'42,'01,'0,'0,'503,'東京理大　　　,'理　　　,'応用化　　　,'　,'　　　,'化学　　　,'1,'13
'3294,'42,'02,'0,'0,'506,'東京理大　　　,'理　　　,'応用数　　　,'　,'　　　,'情報科学　,'1,'13
'3294,'42,'04,'0,'0,'503,'東京理大　　　,'理　　　,'化学　　　　,'　,'　　　,'化学　　　,'1,'13
'3294,'42,'05,'0,'0,'501,'東京理大　　　,'理　　　,'数学　　　　,'　,'　　　,'数学　　　,'1,'13
'3294,'42,'06,'0,'0,'502,'東京理大　　　,'理　　　,'物理　　　　,'　,'　　　,'物理学　　,'1,'13
'3294,'42,'07,'0,'0,'501,'東京理大　　　,'理　　　,'科学コミュニ,'　,'　　　,'数学　　　,'1,'13
'3294,'45,'00,'0,'0,'501,'東京理大　　　,'理二　　,'　　　　　　,'　,'　　　,'数学　　　,'0,'13
'3294,'45,'01,'0,'0,'503,'東京理大　　　,'理二　　,'化学　　　　,'　,'　　　,'化学　　　,'1,'13
'3294,'45,'02,'0,'0,'501,'東京理大　　　,'理二　　,'数学　　　　,'　,'　　　,'数学　　　,'1,'13
'3294,'45,'03,'0,'0,'502,'東京理大　　　,'理二　　,'物理　　　　,'　,'　　　,'物理学　　,'1,'13
'3294,'46,'00,'0,'0,'551,'東京理大　　　,'工　　　,'　　　　　　,'　,'　　　,'機械工学　,'0,'13
'3294,'46,'01,'0,'0,'551,'東京理大　　　,'工　　　,'機械工　　　,'　,'　　　,'機械工学　,'1,'13
'3294,'46,'03,'0,'0,'554,'東京理大　　　,'工　　　,'建築　　　　,'　,'　　　,'建築・土木,'1,'13
'3294,'46,'04,'0,'0,'555,'東京理大　　　,'工　　　,'工業化　　　,'　,'　　　,'応用化学　,'1,'13
'3294,'46,'05,'0,'0,'552,'東京理大　　　,'工　　　,'電気工　　　,'　,'　　　,'電気・電子,'1,'13
'3294,'46,'06,'0,'0,'553,'東京理大　　　,'工　　　,'情報工　　　,'　,'　　　,'情報工学　,'1,'13
'3294,'47,'00,'0,'0,'554,'東京理大　　　,'創域理工,'　　　　　　,'　,'　　　,'建築・土木,'0,'13
'3294,'47,'01,'0,'0,'504,'東京理大　　　,'創域理工,'生命生物科学,'　,'　　　,'生物学　　,'1,'13
'3294,'47,'02,'0,'0,'551,'東京理大　　　,'創域理工,'機械航空宇宙,'　,'　　　,'機械工学　,'1,'13
'3294,'47,'04,'0,'0,'554,'東京理大　　　,'創域理工,'建築　　　　,'　,'　　　,'建築・土木,'1,'13
'3294,'47,'05,'0,'0,'555,'東京理大　　　,'創域理工,'先端化　　　,'　,'　　　,'応用化学　,'1,'13
'3294,'47,'07,'0,'0,'501,'東京理大　　　,'創域理工,'数理科学　　,'　,'　　　,'数学　　　,'1,'13
'3294,'47,'08,'0,'0,'552,'東京理大　　　,'創域理工,'電気電子情報,'　,'　　　,'電気・電子,'1,'13
'3294,'47,'09,'0,'0,'554,'東京理大　　　,'創域理工,'社会基盤工　,'　,'　　　,'建築・土木,'1,'13
'3294,'47,'10,'0,'0,'502,'東京理大　　　,'創域理工,'先端物理　　,'　,'　　　,'物理学　　,'1,'13
'3294,'48,'00,'0,'0,'502,'東京理大　　　,'先進工　,'　　　　　　,'　,'　　　,'物理学　　,'0,'13
'3294,'48,'01,'0,'0,'558,'東京理大　　　,'先進工　,'マテリアル創,'　,'　　　,'金属・材料,'1,'13
'3294,'48,'02,'0,'0,'564,'東京理大　　　,'先進工　,'生命シス工　,'　,'　　　,'生物工学　,'1,'13
'3294,'48,'03,'0,'0,'552,'東京理大　　　,'先進工　,'電子シス工　,'　,'　　　,'電気・電子,'1,'13
'3294,'48,'04,'0,'0,'502,'東京理大　　　,'先進工　,'物理工　　　,'　,'　　　,'物理学　　,'1,'13
'3294,'48,'05,'0,'0,'566,'東京理大　　　,'先進工　,'機能デザイン,'　,'　　　,'デザイン工,'1,'13
'3294,'49,'00,'0,'0,'506,'東京理大　　　,'創域情報,'　　　　　　,'　,'　　　,'情報科学　,'0,'13
'3294,'49,'02,'0,'0,'506,'東京理大　　　,'創域情報,'情報／Ｃ系　,'　,'　　　,'情報科学　,'1,'13
'3294,'49,'03,'0,'0,'753,'東京理大　　　,'創域情報,'情報／Ｄ系　,'　,'　　　,'総合科学　,'1,'13
'3294,'49,'04,'0,'0,'506,'東京理大　　　,'創域情報,'情報／共通　,'　,'　　　,'情報科学　,'1,'13
'3294,'61,'00,'0,'0,'621,'東京理大　　　,'薬　　　,'　　　　　　,'　,'　　　,'薬　　　　,'0,'13
'3294,'61,'02,'0,'0,'621,'東京理大　　　,'薬　　　,'薬　　　　　,'　,'　　　,'薬　　　　,'1,'13
'3294,'61,'03,'0,'0,'621,'東京理大　　　,'薬　　　,'生命創薬科学,'　,'　　　,'薬　　　　,'1,'13
'3295,'42,'00,'0,'0,'504,'東邦大　　　　,'理　　　,'　　　　　　,'　,'　　　,'生物学　　,'0,'13
'3295,'42,'01,'0,'0,'503,'東邦大　　　　,'理　　　,'化学　　　　,'　,'　　　,'化学　　　,'1,'13
'3295,'42,'02,'0,'0,'506,'東邦大　　　　,'理　　　,'情報科学　　,'　,'　　　,'情報科学　,'1,'13
'3295,'42,'03,'0,'0,'504,'東邦大　　　　,'理　　　,'生物　　　　,'　,'　　　,'生物学　　,'1,'13
'3295,'42,'04,'0,'0,'504,'東邦大　　　　,'理　　　,'生物分子科学,'　,'　　　,'生物学　　,'1,'13
'3295,'42,'05,'0,'0,'502,'東邦大　　　　,'理　　　,'物理　　　　,'　,'　　　,'物理学　　,'1,'13
'3295,'42,'06,'0,'0,'507,'東邦大　　　　,'理　　　,'生命圏環境科,'　,'　　　,'総合理学　,'1,'13
'3295,'55,'00,'0,'0,'601,'東邦大　　　　,'医　　　,'　　　　　　,'　,'　　　,'医　　　　,'0,'13
'3295,'55,'01,'0,'0,'601,'東邦大　　　　,'医　　　,'医　　　　　,'　,'　　　,'医　　　　,'1,'13
'3295,'61,'00,'0,'0,'621,'東邦大　　　　,'薬　　　,'　　　　　　,'　,'　　　,'薬　　　　,'0,'13
'3295,'61,'02,'0,'0,'621,'東邦大　　　　,'薬　　　,'薬　　　　　,'　,'　　　,'薬　　　　,'1,'13
'3295,'64,'00,'0,'0,'651,'東邦大　　　　,'看護　　,'　　　　　　,'　,'　　　,'看護　　　,'0,'13
'3295,'64,'01,'0,'0,'651,'東邦大　　　　,'看護　　,'看護　　　　,'　,'　　　,'看護　　　,'1,'13
'3295,'65,'00,'0,'0,'651,'東邦大　　　　,'健康科学,'　　　　　　,'　,'　　　,'看護　　　,'0,'13
'3295,'65,'01,'0,'0,'651,'東邦大　　　　,'健康科学,'看護　　　　,'　,'　　　,'看護　　　,'1,'13
'3296,'83,'00,'0,'0,'453,'桐朋学園大　　,'音楽　　,'　　　　　　,'　,'　　　,'音楽　　　,'0,'13
'3296,'83,'03,'0,'0,'453,'桐朋学園大　　,'音楽　　,'音楽　　　　,'　,'　　　,'音楽　　　,'1,'13
'3297,'01,'00,'0,'0,'104,'東洋大　　　　,'文　　　,'　　　　　　,'　,'　　　,'哲学倫理宗,'0,'13
'3297,'01,'02,'0,'0,'102,'東洋大　　　　,'文　　　,'英米文　　　,'　,'　　　,'外国文学　,'1,'13
'3297,'01,'04,'0,'0,'101,'東洋大　　　　,'文　　　,'日本文学文化,'　,'　　　,'日本文学　,'1,'13
'3297,'01,'05,'0,'0,'107,'東洋大　　　　,'文　　　,'史学　　　　,'　,'　　　,'西洋史　　,'1,'13
'3297,'01,'07,'0,'0,'104,'東洋大　　　　,'文　　　,'哲学　　　　,'　,'　　　,'哲学倫理宗,'1,'13
'3297,'01,'09,'0,'0,'301,'東洋大　　　　,'文　　　,'教育／初等教,'　,'　　　,'小学校　　,'1,'13
'3297,'01,'10,'0,'0,'317,'東洋大　　　　,'文　　　,'教育／人間発,'　,'　　　,'教育学　　,'1,'13
'3297,'01,'11,'0,'0,'104,'東洋大　　　　,'文　　　,'東洋思想文化,'　,'　　　,'哲学倫理宗,'1,'13
'3297,'01,'12,'0,'0,'106,'東洋大　　　　,'文　　　,'国際文化コミ,'　,'　　　,'文化学　　,'1,'13
'3297,'07,'00,'0,'0,'101,'東洋大　　　　,'文イブ　,'　　　　　　,'　,'　　　,'日本文学　,'0,'13
'3297,'07,'02,'0,'0,'317,'東洋大　　　　,'文イブ　,'教育　　　　,'　,'　　　,'教育学　　,'1,'13
'3297,'07,'03,'0,'0,'101,'東洋大　　　　,'文イブ　,'日本文学文化,'　,'　　　,'日本文学　,'1,'13
'3297,'07,'04,'0,'0,'104,'東洋大　　　　,'文イブ　,'東洋思想文化,'　,'　　　,'哲学倫理宗,'1,'13
'3297,'12,'00,'0,'0,'201,'東洋大　　　　,'法　　　,'　　　　　　,'　,'　　　,'法学　　　,'0,'13
'3297,'12,'01,'0,'0,'201,'東洋大　　　　,'法　　　,'企業法　　　,'　,'　　　,'法学　　　,'1,'13
'3297,'12,'02,'0,'0,'201,'東洋大　　　　,'法　　　,'法律　　　　,'　,'　　　,'法学　　　,'1,'13
'3297,'17,'00,'0,'0,'201,'東洋大　　　　,'法イブ　,'　　　　　　,'　,'　　　,'法学　　　,'0,'13
'3297,'17,'01,'0,'0,'201,'東洋大　　　　,'法イブ　,'法律　　　　,'　,'　　　,'法学　　　,'1,'13
'3297,'18,'00,'0,'0,'221,'東洋大　　　　,'経済　　,'　　　　　　,'　,'　　　,'経済学　　,'0,'13
'3297,'18,'01,'0,'0,'221,'東洋大　　　　,'経済　　,'経済　　　　,'　,'　　　,'経済学　　,'1,'13
'3297,'18,'02,'0,'0,'221,'東洋大　　　　,'経済　　,'国際経済　　,'　,'　　　,'経済学　　,'1,'13
'3297,'18,'03,'0,'0,'202,'東洋大　　　　,'経済　　,'総合政策　　,'　,'　　　,'政治学　　,'1,'13
'3297,'19,'00,'0,'0,'222,'東洋大　　　　,'経営　　,'　　　　　　,'　,'　　　,'経営学・商,'0,'13
'3297,'19,'01,'0,'0,'222,'東洋大　　　　,'経営　　,'経営　　　　,'　,'　　　,'経営学・商,'1,'13
'3297,'19,'02,'0,'0,'222,'東洋大　　　　,'経営　　,'マーケティン,'　,'　　　,'経営学・商,'1,'13
'3297,'19,'03,'0,'0,'222,'東洋大　　　　,'経営　　,'会計ファイナ,'　,'　　　,'経営学・商,'1,'13
'3297,'23,'00,'0,'0,'222,'東洋大　　　　,'経営イブ,'　　　　　　,'　,'　　　,'経営学・商,'0,'13
'3297,'23,'01,'0,'0,'222,'東洋大　　　　,'経営イブ,'経営　　　　,'　,'　　　,'経営学・商,'1,'13
'3297,'24,'00,'0,'0,'221,'東洋大　　　　,'経済イブ,'　　　　　　,'　,'　　　,'経済学　　,'0,'13
'3297,'24,'01,'0,'0,'221,'東洋大　　　　,'経済イブ,'経済　　　　,'　,'　　　,'経済学　　,'1,'13
'3297,'25,'00,'0,'0,'241,'東洋大　　　　,'社会　　,'　　　　　　,'　,'　　　,'社会学　　,'0,'13
'3297,'25,'02,'0,'0,'241,'東洋大　　　　,'社会　　,'社会　　　　,'　,'　　　,'社会学　　,'1,'13
'3297,'25,'05,'0,'0,'244,'東洋大　　　　,'社会　　,'メディアコミ,'　,'　　　,'マスコミ　,'1,'13
'3297,'25,'06,'0,'0,'105,'東洋大　　　　,'社会　　,'社会心理　　,'　,'　　　,'心理学　　,'1,'13
'3297,'25,'07,'0,'0,'261,'東洋大　　　　,'社会　　,'国際社会　　,'　,'　　　,'国際関係学,'1,'13
'3297,'27,'00,'0,'0,'243,'東洋大　　　　,'国際観光,'　　　　　　,'　,'　　　,'観光学　　,'0,'13
'3297,'27,'01,'0,'0,'243,'東洋大　　　　,'国際観光,'国際観光　　,'　,'　　　,'観光学　　,'1,'13
'3297,'28,'00,'0,'0,'242,'東洋大　　　　,'福祉社会,'　　　　　　,'　,'　　　,'社会福祉学,'0,'13
'3297,'28,'01,'0,'0,'242,'東洋大　　　　,'福祉社会,'社会福祉　　,'　,'　　　,'社会福祉学,'1,'13
'3297,'28,'02,'0,'0,'242,'東洋大　　　　,'福祉社会,'子ども支援　,'　,'　　　,'社会福祉学,'1,'13
'3297,'28,'03,'0,'0,'405,'東洋大　　　　,'福祉社会,'人間環境デザ,'　,'　　　,'住居学　　,'1,'13
'3297,'29,'00,'0,'0,'241,'東洋大　　　　,'社会イブ,'　　　　　　,'　,'　　　,'社会学　　,'0,'13
'3297,'29,'01,'0,'0,'241,'東洋大　　　　,'社会イブ,'社会　　　　,'　,'　　　,'社会学　　,'1,'13
'3297,'34,'00,'0,'0,'261,'東洋大　　　　,'国際　　,'　　　　　　,'　,'　　　,'国際関係学,'0,'13
'3297,'34,'01,'0,'0,'151,'東洋大　　　　,'国際　　,'グローバルイ,'　,'　　　,'英米語　　,'1,'13
'3297,'34,'02,'0,'0,'261,'東洋大　　　　,'国際　　,'国際地域　　,'　,'　　　,'国際関係学,'1,'13
'3297,'35,'00,'0,'0,'261,'東洋大　　　　,'国際イブ,'　　　　　　,'　,'　　　,'国際関係学,'0,'13
'3297,'35,'01,'0,'0,'261,'東洋大　　　　,'国際イブ,'国際地域　　,'　,'　　　,'国際関係学,'1,'13
'3297,'37,'00,'0,'0,'105,'東洋大　　　　,'総合情報,'　　　　　　,'　,'　　　,'心理学　　,'0,'13
'3297,'37,'02,'0,'0,'752,'東洋大　　　　,'総合情報,'総合／メディ,'　,'　　　,'総合情報学,'1,'13
'3297,'37,'03,'0,'0,'105,'東洋大　　　　,'総合情報,'総合／心理ス,'　,'　　　,'心理学　　,'1,'13
'3297,'37,'04,'0,'0,'553,'東洋大　　　　,'総合情報,'総合／システ,'　,'　　　,'情報工学　,'1,'13
'3297,'38,'00,'0,'0,'223,'東洋大　　　　,'情報連携,'　　　　　　,'　,'　　　,'経営情報学,'0,'13
'3297,'38,'01,'0,'0,'223,'東洋大　　　　,'情報連携,'情報連携　　,'　,'　　　,'経営情報学,'1,'13
'3297,'47,'00,'0,'0,'554,'東洋大　　　　,'理工　　,'　　　　　　,'　,'　　　,'建築・土木,'0,'13
'3297,'47,'01,'0,'0,'555,'東洋大　　　　,'理工　　,'応用化　　　,'　,'　　　,'応用化学　,'1,'13
'3297,'47,'02,'0,'0,'551,'東洋大　　　　,'理工　　,'機械工　　　,'　,'　　　,'機械工学　,'1,'13
'3297,'47,'03,'0,'0,'554,'東洋大　　　　,'理工　　,'建築　　　　,'　,'　　　,'建築・土木,'1,'13
'3297,'47,'04,'0,'0,'552,'東洋大　　　　,'理工　　,'電気電子情報,'　,'　　　,'電気・電子,'1,'13
'3297,'47,'05,'0,'0,'554,'東洋大　　　　,'理工　　,'都市環境デザ,'　,'　　　,'建築・土木,'1,'13
'3297,'64,'00,'0,'0,'402,'東洋大　　　　,'健康スポ,'　　　　　　,'　,'　　　,'食物・栄養,'0,'13
'3297,'64,'01,'0,'0,'654,'東洋大　　　　,'健康スポ,'健康スポーツ,'　,'　　　,'体育・健康,'1,'13
'3297,'64,'02,'0,'0,'402,'東洋大　　　　,'健康スポ,'栄養科学　　,'　,'　　　,'食物・栄養,'1,'13
'3297,'74,'00,'0,'0,'564,'東洋大　　　　,'生命科学,'　　　　　　,'　,'　　　,'生物工学　,'0,'13
'3297,'74,'01,'0,'0,'504,'東洋大　　　　,'生命科学,'生命科学　　,'　,'　　　,'生物学　　,'1,'13
'3297,'74,'02,'0,'0,'564,'東洋大　　　　,'生命科学,'生物資源　　,'　,'　　　,'生物工学　,'1,'13
'3297,'74,'04,'0,'0,'551,'東洋大　　　　,'生命科学,'生体医工　　,'　,'　　　,'機械工学　,'1,'13
'3297,'75,'00,'0,'0,'402,'東洋大　　　　,'食環境科,'　　　　　　,'　,'　　　,'食物・栄養,'0,'13
'3297,'75,'03,'0,'0,'402,'東洋大　　　　,'食環境科,'健康栄養　　,'　,'　　　,'食物・栄養,'1,'13
'3297,'75,'04,'0,'0,'402,'東洋大　　　　,'食環境科,'食環境科学　,'　,'　　　,'食物・栄養,'1,'13
'3297,'75,'05,'0,'0,'752,'東洋大　　　　,'食環境科,'フードデータ,'　,'　　　,'総合情報学,'1,'13
'3298,'01,'00,'0,'0,'244,'二松学舎大　　,'文　　　,'　　　　　　,'　,'　　　,'マスコミ　,'0,'13
'3298,'01,'01,'0,'0,'101,'二松学舎大　　,'文　　　,'国文　　　　,'　,'　　　,'日本文学　,'1,'13
'3298,'01,'02,'0,'0,'102,'二松学舎大　　,'文　　　,'国際日本・中,'　,'　　　,'外国文学　,'1,'13
'3298,'01,'03,'0,'0,'106,'二松学舎大　　,'文　　　,'都市文化デザ,'　,'　　　,'文化学　　,'1,'13
'3298,'01,'04,'0,'0,'104,'二松学舎大　　,'文　　　,'歴史文化　　,'　,'　　　,'哲学倫理宗,'1,'13
'3298,'13,'00,'0,'0,'261,'二松学舎大　　,'国際政経,'　　　　　　,'　,'　　　,'国際関係学,'0,'13
'3298,'13,'01,'0,'0,'202,'二松学舎大　　,'国際政経,'国際政治経済,'　,'　　　,'政治学　　,'1,'13
'3298,'13,'02,'0,'0,'222,'二松学舎大　　,'国際政経,'国際経営　　,'　,'　　　,'経営学・商,'1,'13
'3299,'12,'00,'0,'0,'201,'日本大　　　　,'法　　　,'　　　　　　,'　,'　　　,'法学　　　,'0,'13
'3299,'12,'01,'0,'0,'202,'日本大　　　　,'法　　　,'公共政策　　,'　,'　　　,'政治学　　,'1,'13
'3299,'12,'02,'0,'0,'201,'日本大　　　　,'法　　　,'経営法　　　,'　,'　　　,'法学　　　,'1,'13
'3299,'12,'03,'0,'0,'244,'日本大　　　　,'法　　　,'新聞　　　　,'　,'　　　,'マスコミ　,'1,'13
'3299,'12,'04,'0,'0,'202,'日本大　　　　,'法　　　,'政治経済　　,'　,'　　　,'政治学　　,'1,'13
'3299,'12,'05,'0,'0,'201,'日本大　　　　,'法　　　,'法律　　　　,'　,'　　　,'法学　　　,'1,'13
'3299,'17,'00,'0,'0,'201,'日本大　　　　,'法二　　,'　　　　　　,'　,'　　　,'法学　　　,'0,'13
'3299,'17,'03,'0,'0,'201,'日本大　　　　,'法二　　,'法律　　　　,'　,'　　　,'法学　　　,'1,'13
'3299,'18,'00,'0,'0,'222,'日本大　　　　,'経済　　,'　　　　　　,'　,'　　　,'経営学・商,'0,'13
'3299,'18,'01,'0,'0,'221,'日本大　　　　,'経済　　,'経済　　　　,'　,'　　　,'経済学　　,'1,'13
'3299,'18,'02,'0,'0,'222,'日本大　　　　,'経済　　,'産業経営　　,'　,'　　　,'経営学・商,'1,'13
'3299,'18,'03,'0,'0,'202,'日本大　　　　,'経済　　,'金融公共経済,'　,'　　　,'政治学　　,'1,'13
'3299,'20,'00,'0,'0,'222,'日本大　　　　,'商　　　,'　　　　　　,'　,'　　　,'経営学・商,'0,'13
'3299,'20,'01,'0,'0,'222,'日本大　　　　,'商　　　,'会計　　　　,'　,'　　　,'経営学・商,'1,'13
'3299,'20,'02,'0,'0,'222,'日本大　　　　,'商　　　,'経営　　　　,'　,'　　　,'経営学・商,'1,'13
'3299,'20,'03,'0,'0,'222,'日本大　　　　,'商　　　,'商業　　　　,'　,'　　　,'経営学・商,'1,'13
'3299,'33,'00,'0,'0,'243,'日本大　　　　,'国際関係,'　　　　　　,'　,'　　　,'観光学　　,'0,'13
'3299,'33,'05,'0,'0,'222,'日本大　　　　,'国際関係,'国際総合政策,'　,'　　　,'経営学・商,'1,'13
'3299,'33,'06,'0,'0,'106,'日本大　　　　,'国際関係,'国際教養　　,'　,'　　　,'文化学　　,'1,'13
'3299,'37,'00,'0,'0,'102,'日本大　　　　,'文理　　,'　　　　　　,'　,'　　　,'外国文学　,'0,'13
'3299,'37,'01,'0,'0,'102,'日本大　　　　,'文理　　,'英文　　　　,'　,'　　　,'外国文学　,'1,'13
'3299,'37,'02,'0,'0,'506,'日本大　　　　,'文理　　,'情報科学　　,'　,'　　　,'情報科学　,'1,'13
'3299,'37,'03,'0,'0,'505,'日本大　　　　,'文理　　,'地球科学　　,'　,'　　　,'地球科学　,'1,'13
'3299,'37,'05,'0,'0,'503,'日本大　　　　,'文理　　,'化学　　　　,'　,'　　　,'化学　　　,'1,'13
'3299,'37,'06,'0,'0,'317,'日本大　　　　,'文理　　,'教育　　　　,'　,'　　　,'教育学　　,'1,'13
'3299,'37,'07,'0,'0,'101,'日本大　　　　,'文理　　,'国文　　　　,'　,'　　　,'日本文学　,'1,'13
'3299,'37,'08,'0,'0,'107,'日本大　　　　,'文理　　,'史学　　　　,'　,'　　　,'西洋史　　,'1,'13
'3299,'37,'09,'0,'0,'241,'日本大　　　　,'文理　　,'社会　　　　,'　,'　　　,'社会学　　,'1,'13
'3299,'37,'10,'0,'0,'105,'日本大　　　　,'文理　　,'心理　　　　,'　,'　　　,'心理学　　,'1,'13
'3299,'37,'11,'0,'0,'501,'日本大　　　　,'文理　　,'数学　　　　,'　,'　　　,'数学　　　,'1,'13
'3299,'37,'12,'0,'0,'654,'日本大　　　　,'文理　　,'体育　　　　,'　,'　　　,'体育・健康,'1,'13
'3299,'37,'13,'0,'0,'106,'日本大　　　　,'文理　　,'中国語中国文,'　,'　　　,'文化学　　,'1,'13
'3299,'37,'14,'0,'0,'103,'日本大　　　　,'文理　　,'地理　　　　,'　,'　　　,'地理学　　,'1,'13
'3299,'37,'15,'0,'0,'104,'日本大　　　　,'文理　　,'哲学　　　　,'　,'　　　,'哲学倫理宗,'1,'13
'3299,'37,'16,'0,'0,'102,'日本大　　　　,'文理　　,'ドイツ文　　,'　,'　　　,'外国文学　,'1,'13
'3299,'37,'17,'0,'0,'502,'日本大　　　　,'文理　　,'物理　　　　,'　,'　　　,'物理学　　,'1,'13
'3299,'37,'18,'0,'0,'504,'日本大　　　　,'文理　　,'生命科学　　,'　,'　　　,'生物学　　,'1,'13
'3299,'37,'19,'0,'0,'242,'日本大　　　　,'文理　　,'社会福祉　　,'　,'　　　,'社会福祉学,'1,'13
'3299,'38,'00,'0,'0,'201,'日本大　　　　,'危機管理,'　　　　　　,'　,'　　　,'法学　　　,'0,'13
'3299,'38,'01,'0,'0,'201,'日本大　　　　,'危機管理,'危機管理　　,'　,'　　　,'法学　　　,'1,'13
'3299,'46,'00,'0,'0,'554,'日本大　　　　,'工　　　,'　　　　　　,'　,'　　　,'建築・土木,'0,'13
'3299,'46,'01,'0,'0,'551,'日本大　　　　,'工　　　,'機械工　　　,'　,'　　　,'機械工学　,'1,'13
'3299,'46,'02,'0,'0,'554,'日本大　　　　,'工　　　,'建築　　　　,'　,'　　　,'建築・土木,'1,'13
'3299,'46,'03,'0,'0,'555,'日本大　　　　,'工　　　,'生命応用化　,'　,'　　　,'応用化学　,'1,'13
'3299,'46,'04,'0,'0,'553,'日本大　　　　,'工　　　,'情報工　　　,'　,'　　　,'情報工学　,'1,'13
'3299,'46,'05,'0,'0,'552,'日本大　　　　,'工　　　,'電気電子工　,'　,'　　　,'電気・電子,'1,'13
'3299,'46,'06,'0,'0,'554,'日本大　　　　,'工　　　,'土木工　　　,'　,'　　　,'建築・土木,'1,'13
'3299,'47,'00,'0,'0,'554,'日本大　　　　,'生産工　,'　　　　　　,'　,'　　　,'建築・土木,'0,'13
'3299,'47,'01,'0,'0,'563,'日本大　　　　,'生産工　,'マネジメント,'　,'　　　,'経営工学　,'1,'13
'3299,'47,'02,'0,'0,'551,'日本大　　　　,'生産工　,'機械工　　　,'　,'　　　,'機械工学　,'1,'13
'3299,'47,'03,'0,'0,'405,'日本大　　　　,'生産工　,'建築工　　　,'　,'　　　,'住居学　　,'1,'13
'3299,'47,'04,'0,'0,'555,'日本大　　　　,'生産工　,'応用分子化　,'　,'　　　,'応用化学　,'1,'13
'3299,'47,'05,'0,'0,'506,'日本大　　　　,'生産工　,'数理情報工　,'　,'　　　,'情報科学　,'1,'13
'3299,'47,'06,'0,'0,'552,'日本大　　　　,'生産工　,'電気電子工　,'　,'　　　,'電気・電子,'1,'13
'3299,'47,'07,'0,'0,'554,'日本大　　　　,'生産工　,'土木工　　　,'　,'　　　,'建築・土木,'1,'13
'3299,'47,'08,'0,'0,'554,'日本大　　　　,'生産工　,'環境安全工　,'　,'　　　,'建築・土木,'1,'13
'3299,'47,'09,'0,'0,'405,'日本大　　　　,'生産工　,'創生デザイン,'　,'　　　,'住居学　　,'1,'13
'3299,'48,'00,'0,'0,'554,'日本大　　　　,'理工　　,'　　　　　　,'　,'　　　,'建築・土木,'0,'13
'3299,'48,'01,'0,'0,'554,'日本大　　　　,'理工　　,'海洋建築工　,'　,'　　　,'建築・土木,'1,'13
'3299,'48,'02,'0,'0,'551,'日本大　　　　,'理工　　,'機械工　　　,'　,'　　　,'機械工学　,'1,'13
'3299,'48,'03,'0,'0,'554,'日本大　　　　,'理工　　,'建築　　　　,'　,'　　　,'建築・土木,'1,'13
'3299,'48,'04,'0,'0,'555,'日本大　　　　,'理工　　,'物質応用化　,'　,'　　　,'応用化学　,'1,'13
'3299,'48,'05,'0,'0,'561,'日本大　　　　,'理工　　,'航空宇宙工　,'　,'　　　,'航空・宇宙,'1,'13
'3299,'48,'06,'0,'0,'554,'日本大　　　　,'理工　　,'交通シス工　,'　,'　　　,'建築・土木,'1,'13
'3299,'48,'07,'0,'0,'501,'日本大　　　　,'理工　　,'数学　　　　,'　,'　　　,'数学　　　,'1,'13
'3299,'48,'08,'0,'0,'551,'日本大　　　　,'理工　　,'精密機械工　,'　,'　　　,'機械工学　,'1,'13
'3299,'48,'09,'0,'0,'552,'日本大　　　　,'理工　　,'電気工　　　,'　,'　　　,'電気・電子,'1,'13
'3299,'48,'10,'0,'0,'552,'日本大　　　　,'理工　　,'電子工　　　,'　,'　　　,'電気・電子,'1,'13
'3299,'48,'11,'0,'0,'554,'日本大　　　　,'理工　　,'土木工　　　,'　,'　　　,'建築・土木,'1,'13
'3299,'48,'12,'0,'0,'502,'日本大　　　　,'理工　　,'物理　　　　,'　,'　　　,'物理学　　,'1,'13
'3299,'48,'13,'0,'0,'554,'日本大　　　　,'理工　　,'まちづくり工,'　,'　　　,'建築・土木,'1,'13
'3299,'48,'14,'0,'0,'553,'日本大　　　　,'理工　　,'応用情報工　,'　,'　　　,'情報工学　,'1,'13
'3299,'55,'00,'0,'0,'601,'日本大　　　　,'医　　　,'　　　　　　,'　,'　　　,'医　　　　,'0,'13
'3299,'55,'01,'0,'0,'601,'日本大　　　　,'医　　　,'医　　　　　,'　,'　　　,'医　　　　,'1,'13
'3299,'58,'00,'0,'0,'611,'日本大　　　　,'歯　　　,'　　　　　　,'　,'　　　,'歯　　　　,'0,'13
'3299,'58,'01,'0,'0,'611,'日本大　　　　,'歯　　　,'歯　　　　　,'　,'　　　,'歯　　　　,'1,'13
'3299,'59,'00,'0,'0,'611,'日本大　　　　,'松戸歯　,'　　　　　　,'　,'　　　,'歯　　　　,'0,'13
'3299,'59,'01,'0,'0,'611,'日本大　　　　,'松戸歯　,'歯　　　　　,'　,'　　　,'歯　　　　,'1,'13
'3299,'61,'00,'0,'0,'621,'日本大　　　　,'薬　　　,'　　　　　　,'　,'　　　,'薬　　　　,'0,'13
'3299,'61,'02,'0,'0,'621,'日本大　　　　,'薬　　　,'薬　　　　　,'　,'　　　,'薬　　　　,'1,'13
'3299,'64,'00,'0,'0,'654,'日本大　　　　,'スポーツ,'　　　　　　,'　,'　　　,'体育・健康,'0,'13
'3299,'64,'01,'0,'0,'654,'日本大　　　　,'スポーツ,'競技スポーツ,'　,'　　　,'体育・健康,'1,'13
'3299,'75,'00,'0,'0,'703,'日本大　　　　,'生物資源,'　　　　　　,'　,'　　　,'農芸化学　,'0,'13
'3299,'75,'02,'0,'0,'705,'日本大　　　　,'生物資源,'獣医　　　　,'　,'　　　,'獣医学　　,'1,'13
'3299,'75,'09,'0,'0,'707,'日本大　　　　,'生物資源,'食品ビジネス,'　,'　　　,'農業経済学,'1,'13
'3299,'75,'13,'0,'0,'703,'日本大　　　　,'生物資源,'バイオサイエ,'　,'　　　,'農芸化学　,'1,'13
'3299,'75,'14,'0,'0,'504,'日本大　　　　,'生物資源,'動物　　　　,'　,'　　　,'生物学　　,'1,'13
'3299,'75,'15,'0,'0,'708,'日本大　　　　,'生物資源,'海洋生物　　,'　,'　　　,'水産学　　,'1,'13
'3299,'75,'16,'0,'0,'702,'日本大　　　　,'生物資源,'森林　　　　,'　,'　　　,'森林科学　,'1,'13
'3299,'75,'17,'0,'0,'753,'日本大　　　　,'生物資源,'環境　　　　,'　,'　　　,'総合科学　,'1,'13
'3299,'75,'18,'0,'0,'701,'日本大　　　　,'生物資源,'アグリサイエ,'　,'　　　,'農学　　　,'1,'13
'3299,'75,'19,'0,'0,'402,'日本大　　　　,'生物資源,'食品開発　　,'　,'　　　,'食物・栄養,'1,'13
'3299,'75,'20,'0,'0,'753,'日本大　　　　,'生物資源,'国際共生　　,'　,'　　　,'総合科学　,'1,'13
'3299,'75,'21,'0,'0,'705,'日本大　　　　,'生物資源,'獣医保健看護,'　,'　　　,'獣医学　　,'1,'13
'3299,'83,'00,'0,'0,'452,'日本大　　　　,'芸術　　,'　　　　　　,'　,'　　　,'芸術理論　,'0,'13
'3299,'83,'01,'0,'0,'452,'日本大　　　　,'芸術　　,'映画　　　　,'　,'　　　,'芸術理論　,'1,'13
'3299,'83,'02,'0,'0,'452,'日本大　　　　,'芸術　　,'演劇　　　　,'　,'　　　,'芸術理論　,'1,'13
'3299,'83,'03,'0,'0,'452,'日本大　　　　,'芸術　　,'音楽　　　　,'　,'　　　,'芸術理論　,'1,'13
'3299,'83,'04,'0,'0,'455,'日本大　　　　,'芸術　　,'写真　　　　,'　,'　　　,'映像　　　,'1,'13
'3299,'83,'05,'0,'0,'451,'日本大　　　　,'芸術　　,'美術　　　　,'　,'　　　,'美術・デザ,'1,'13
'3299,'83,'06,'0,'0,'458,'日本大　　　　,'芸術　　,'文芸　　　　,'　,'　　　,'その他芸術,'1,'13
'3299,'83,'07,'0,'0,'457,'日本大　　　　,'芸術　　,'放送　　　　,'　,'　　　,'放送　　　,'1,'13
'3299,'83,'08,'0,'0,'451,'日本大　　　　,'芸術　　,'デザイン　　,'　,'　　　,'美術・デザ,'1,'13
'3300,'55,'00,'0,'0,'601,'日本医大　　　,'医　　　,'　　　　　　,'　,'　　　,'医　　　　,'0,'13
'3300,'55,'01,'0,'0,'601,'日本医大　　　,'医　　　,'医　　　　　,'　,'　　　,'医　　　　,'1,'13
'3300,'64,'00,'0,'0,'651,'日本医大　　　,'医療健康,'　　　　　　,'　,'　　　,'看護　　　,'0,'13
'3300,'64,'01,'0,'0,'651,'日本医大　　　,'医療健康,'看護　　　　,'　,'　　　,'看護　　　,'1,'13
'3301,'59,'00,'0,'0,'611,'日本歯大　　　,'新潟生命,'　　　　　　,'　,'　　　,'歯　　　　,'0,'13
'3301,'59,'01,'0,'0,'611,'日本歯大　　　,'新潟生命,'生命歯　　　,'　,'　　　,'歯　　　　,'1,'13
'3301,'60,'00,'0,'0,'611,'日本歯大　　　,'生命歯　,'　　　　　　,'　,'　　　,'歯　　　　,'0,'13
'3301,'60,'01,'0,'0,'611,'日本歯大　　　,'生命歯　,'生命歯　　　,'　,'　　　,'歯　　　　,'1,'13
'3302,'26,'00,'0,'0,'242,'日本社会事業大,'社会福祉,'　　　　　　,'　,'　　　,'社会福祉学,'0,'13
'3302,'26,'01,'0,'0,'242,'日本社会事業大,'社会福祉,'共生社会デザ,'　,'　　　,'社会福祉学,'1,'13
'3302,'26,'02,'0,'0,'242,'日本社会事業大,'社会福祉,'ソーシャルワ,'　,'　　　,'社会福祉学,'1,'13
'3303,'74,'00,'0,'0,'705,'日本獣医生命大,'獣医　　,'　　　　　　,'　,'　　　,'獣医学　　,'0,'13
'3303,'74,'01,'0,'0,'705,'日本獣医生命大,'獣医　　,'獣医　　　　,'　,'　　　,'獣医学　　,'1,'13
'3303,'74,'04,'0,'0,'705,'日本獣医生命大,'獣医　　,'獣医保健看護,'　,'　　　,'獣医学　　,'1,'13
'3303,'75,'00,'0,'0,'402,'日本獣医生命大,'応用生命,'　　　　　　,'　,'　　　,'食物・栄養,'0,'13
'3303,'75,'01,'0,'0,'707,'日本獣医生命大,'応用生命,'動物科学　　,'　,'　　　,'農業経済学,'1,'13
'3303,'75,'02,'0,'0,'402,'日本獣医生命大,'応用生命,'食品科学　　,'　,'　　　,'食物・栄養,'1,'13
'3304,'01,'00,'0,'0,'101,'日本女子大　　,'文　　　,'　　　　　　,'　,'　　　,'日本文学　,'0,'13
'3304,'01,'01,'0,'0,'102,'日本女子大　　,'文　　　,'英文　　　　,'　,'　　　,'外国文学　,'1,'13
'3304,'01,'02,'0,'0,'101,'日本女子大　　,'文　　　,'日本語日本文,'　,'　　　,'日本文学　,'1,'13
'3304,'01,'03,'0,'0,'107,'日本女子大　　,'文　　　,'歴史文化　　,'　,'　　　,'西洋史　　,'1,'13
'3304,'27,'00,'0,'0,'105,'日本女子大　　,'人間社会,'　　　　　　,'　,'　　　,'心理学　　,'0,'13
'3304,'27,'01,'0,'0,'317,'日本女子大　　,'人間社会,'教育　　　　,'　,'　　　,'教育学　　,'1,'13
'3304,'27,'02,'0,'0,'241,'日本女子大　　,'人間社会,'現代社会　　,'　,'　　　,'社会学　　,'1,'13
'3304,'27,'03,'0,'0,'242,'日本女子大　　,'人間社会,'社会福祉　　,'　,'　　　,'社会福祉学,'1,'13
'3304,'27,'04,'0,'0,'105,'日本女子大　　,'人間社会,'心理　　　　,'　,'　　　,'心理学　　,'1,'13
'3304,'33,'00,'0,'0,'106,'日本女子大　　,'国際文化,'　　　　　　,'　,'　　　,'文化学　　,'0,'13
'3304,'33,'01,'0,'0,'106,'日本女子大　　,'国際文化,'国際文化　　,'　,'　　　,'文化学　　,'1,'13
'3304,'42,'00,'0,'0,'501,'日本女子大　　,'理　　　,'　　　　　　,'　,'　　　,'数学　　　,'0,'13
'3304,'42,'01,'0,'0,'501,'日本女子大　　,'理　　　,'数物情報科学,'　,'　　　,'数学　　　,'1,'13
'3304,'42,'02,'0,'0,'503,'日本女子大　　,'理　　　,'化学生命科学,'　,'　　　,'化学　　　,'1,'13
'3304,'47,'00,'0,'0,'405,'日本女子大　　,'建築デザ,'　　　　　　,'　,'　　　,'住居学　　,'0,'13
'3304,'47,'01,'0,'0,'405,'日本女子大　　,'建築デザ,'建築デザイン,'　,'　　　,'住居学　　,'1,'13
'3304,'79,'00,'0,'0,'221,'日本女子大　　,'家政　　,'　　　　　　,'　,'　　　,'経済学　　,'0,'13
'3304,'79,'01,'0,'0,'221,'日本女子大　　,'家政　　,'家政経済　　,'　,'　　　,'経済学　　,'1,'13
'3304,'79,'04,'0,'0,'404,'日本女子大　　,'家政　　,'児童　　　　,'　,'　　　,'児童学　　,'1,'13
'3304,'79,'06,'0,'0,'403,'日本女子大　　,'家政　　,'被服　　　　,'　,'　　　,'被服・服飾,'1,'13
'3304,'80,'00,'0,'0,'402,'日本女子大　　,'食科学　,'　　　　　　,'　,'　　　,'食物・栄養,'0,'13
'3304,'80,'01,'0,'0,'402,'日本女子大　　,'食科学　,'食科学　　　,'　,'　　　,'食物・栄養,'1,'13
'3304,'80,'02,'0,'0,'402,'日本女子大　　,'食科学　,'栄養　　　　,'　,'　　　,'食物・栄養,'1,'13
'3305,'64,'00,'0,'0,'654,'日本女子体育大,'体育　　,'　　　　　　,'　,'　　　,'体育・健康,'0,'13
'3305,'64,'06,'0,'0,'654,'日本女子体育大,'体育　　,'スポーツ科学,'　,'　　　,'体育・健康,'1,'13
'3305,'64,'07,'0,'0,'456,'日本女子体育大,'体育　　,'ダンス　　　,'　,'　　　,'演劇　　　,'1,'13
'3305,'64,'08,'0,'0,'654,'日本女子体育大,'体育　　,'健康スポーツ,'　,'　　　,'体育・健康,'1,'13
'3305,'64,'09,'0,'0,'404,'日本女子体育大,'体育　　,'子ども運動　,'　,'　　　,'児童学　　,'1,'13
'3306,'64,'00,'0,'0,'651,'日赤看護大　　,'看護　　,'　　　　　　,'　,'　　　,'看護　　　,'0,'13
'3306,'64,'01,'0,'0,'651,'日赤看護大　　,'看護　　,'看護　　　　,'　,'　　　,'看護　　　,'1,'13
'3306,'65,'00,'0,'0,'651,'日赤看護大　　,'さいたま,'　　　　　　,'　,'　　　,'看護　　　,'0,'13
'3306,'65,'01,'0,'0,'651,'日赤看護大　　,'さいたま,'看護　　　　,'　,'　　　,'看護　　　,'1,'13
'3307,'64,'00,'0,'0,'654,'日本体育大　　,'体育　　,'　　　　　　,'　,'　　　,'体育・健康,'0,'13
'3307,'64,'01,'0,'0,'242,'日本体育大　　,'体育　　,'健康　　　　,'　,'　　　,'社会福祉学,'1,'13
'3307,'64,'03,'0,'0,'311,'日本体育大　　,'体育　　,'体育　　　　,'　,'　　　,'中高－体育,'1,'13
'3307,'65,'00,'0,'0,'312,'日本体育大　　,'児童スポ,'　　　　　　,'　,'　　　,'幼稚園　　,'0,'13
'3307,'65,'02,'0,'0,'301,'日本体育大　　,'児童スポ,'児童／児童ス,'　,'　　　,'小学校　　,'1,'13
'3307,'65,'03,'0,'0,'312,'日本体育大　　,'児童スポ,'児童／幼児教,'　,'　　　,'幼稚園　　,'1,'13
'3307,'66,'00,'0,'0,'652,'日本体育大　　,'保健医療,'　　　　　　,'　,'　　　,'医療技術　,'0,'13
'3307,'66,'01,'0,'0,'652,'日本体育大　　,'保健医療,'整復医療　　,'　,'　　　,'医療技術　,'1,'13
'3307,'66,'02,'0,'0,'652,'日本体育大　　,'保健医療,'救急医療　　,'　,'　　　,'医療技術　,'1,'13
'3307,'67,'00,'0,'0,'654,'日本体育大　　,'スポ文化,'　　　　　　,'　,'　　　,'体育・健康,'0,'13
'3307,'67,'01,'0,'0,'654,'日本体育大　　,'スポ文化,'武道教育　　,'　,'　　　,'体育・健康,'1,'13
'3307,'67,'02,'0,'0,'654,'日本体育大　　,'スポ文化,'スポーツ国際,'　,'　　　,'体育・健康,'1,'13
'3307,'68,'00,'0,'0,'654,'日本体育大　　,'スポマネ,'　　　　　　,'　,'　　　,'体育・健康,'0,'13
'3307,'68,'01,'0,'0,'222,'日本体育大　　,'スポマネ,'スポーツマネ,'　,'　　　,'経営学・商,'1,'13
'3307,'68,'02,'0,'0,'654,'日本体育大　　,'スポマネ,'スポーツライ,'　,'　　　,'体育・健康,'1,'13
'3308,'12,'00,'0,'0,'201,'日本文化大　　,'法　　　,'　　　　　　,'　,'　　　,'法学　　　,'1,'13
'3310,'33,'00,'0,'0,'106,'文化学園大　　,'国際文化,'　　　　　　,'　,'　　　,'文化学　　,'0,'13
'3310,'33,'01,'0,'0,'106,'文化学園大　　,'国際文化,'国際文化・観,'　,'　　　,'文化学　　,'1,'13
'3310,'33,'02,'0,'0,'403,'文化学園大　　,'国際文化,'国際ファッシ,'　,'　　　,'被服・服飾,'1,'13
'3310,'80,'00,'0,'0,'403,'文化学園大　　,'服装　　,'　　　　　　,'　,'　　　,'被服・服飾,'0,'13
'3310,'80,'01,'0,'0,'403,'文化学園大　　,'服装　　,'ファッシクリ,'　,'　　　,'被服・服飾,'1,'13
'3310,'80,'02,'0,'0,'403,'文化学園大　　,'服装　　,'ファッシ社会,'　,'　　　,'被服・服飾,'1,'13
'3310,'83,'00,'0,'0,'405,'文化学園大　　,'造形　　,'　　　　　　,'　,'　　　,'住居学　　,'0,'13
'3310,'83,'01,'0,'0,'451,'文化学園大　　,'造形　　,'デザイン・造,'　,'　　　,'美術・デザ,'1,'13
'3310,'83,'02,'0,'0,'405,'文化学園大　　,'造形　　,'建築・インテ,'　,'　　　,'住居学　　,'1,'13
'3311,'01,'00,'0,'0,'101,'法政大　　　　,'文　　　,'　　　　　　,'　,'　　　,'日本文学　,'0,'13
'3311,'01,'01,'0,'0,'102,'法政大　　　　,'文　　　,'英文　　　　,'　,'　　　,'外国文学　,'1,'13
'3311,'01,'02,'0,'0,'107,'法政大　　　　,'文　　　,'史学　　　　,'　,'　　　,'西洋史　　,'1,'13
'3311,'01,'03,'0,'0,'103,'法政大　　　　,'文　　　,'地理　　　　,'　,'　　　,'地理学　　,'1,'13
'3311,'01,'04,'0,'0,'104,'法政大　　　　,'文　　　,'哲学　　　　,'　,'　　　,'哲学倫理宗,'1,'13
'3311,'01,'05,'0,'0,'101,'法政大　　　　,'文　　　,'日本文　　　,'　,'　　　,'日本文学　,'1,'13
'3311,'01,'06,'0,'0,'105,'法政大　　　　,'文　　　,'心理　　　　,'　,'　　　,'心理学　　,'1,'13
'3311,'12,'00,'0,'0,'202,'法政大　　　　,'法　　　,'　　　　　　,'　,'　　　,'政治学　　,'0,'13
'3311,'12,'01,'0,'0,'202,'法政大　　　　,'法　　　,'政治　　　　,'　,'　　　,'政治学　　,'1,'13
'3311,'12,'02,'0,'0,'201,'法政大　　　　,'法　　　,'法律　　　　,'　,'　　　,'法学　　　,'1,'13
'3311,'12,'03,'0,'0,'202,'法政大　　　　,'法　　　,'国際政治　　,'　,'　　　,'政治学　　,'1,'13
'3311,'18,'00,'0,'0,'221,'法政大　　　　,'経済　　,'　　　　　　,'　,'　　　,'経済学　　,'0,'13
'3311,'18,'01,'0,'0,'221,'法政大　　　　,'経済　　,'経済　　　　,'　,'　　　,'経済学　　,'1,'13
'3311,'18,'02,'0,'0,'221,'法政大　　　　,'経済　　,'国際経済　　,'　,'　　　,'経済学　　,'1,'13
'3311,'18,'03,'0,'0,'221,'法政大　　　　,'経済　　,'現代ビジネス,'　,'　　　,'経済学　　,'1,'13
'3311,'19,'00,'0,'0,'222,'法政大　　　　,'経営　　,'　　　　　　,'　,'　　　,'経営学・商,'0,'13
'3311,'19,'01,'0,'0,'222,'法政大　　　　,'経営　　,'経営　　　　,'　,'　　　,'経営学・商,'1,'13
'3311,'19,'02,'0,'0,'222,'法政大　　　　,'経営　　,'市場経営　　,'　,'　　　,'経営学・商,'1,'13
'3311,'19,'03,'0,'0,'222,'法政大　　　　,'経営　　,'経営戦略　　,'　,'　　　,'経営学・商,'1,'13
'3311,'25,'00,'0,'0,'261,'法政大　　　　,'社会　　,'　　　　　　,'　,'　　　,'国際関係学,'0,'13
'3311,'25,'01,'0,'0,'241,'法政大　　　　,'社会　　,'社会政策科学,'　,'　　　,'社会学　　,'1,'13
'3311,'25,'02,'0,'0,'241,'法政大　　　　,'社会　　,'社会　　　　,'　,'　　　,'社会学　　,'1,'13
'3311,'25,'03,'0,'0,'244,'法政大　　　　,'社会　　,'メディア社会,'　,'　　　,'マスコミ　,'1,'13
'3311,'27,'00,'0,'0,'105,'法政大　　　　,'現代福祉,'　　　　　　,'　,'　　　,'心理学　　,'0,'13
'3311,'27,'02,'0,'0,'242,'法政大　　　　,'現代福祉,'福祉コミュニ,'　,'　　　,'社会福祉学,'1,'13
'3311,'27,'03,'0,'0,'105,'法政大　　　　,'現代福祉,'臨床心理　　,'　,'　　　,'心理学　　,'1,'13
'3311,'33,'00,'0,'0,'106,'法政大　　　　,'国際文化,'　　　　　　,'　,'　　　,'文化学　　,'0,'13
'3311,'33,'01,'0,'0,'106,'法政大　　　　,'国際文化,'国際文化　　,'　,'　　　,'文化学　　,'1,'13
'3311,'37,'00,'0,'0,'753,'法政大　　　　,'人間環境,'　　　　　　,'　,'　　　,'総合科学　,'0,'13
'3311,'37,'01,'0,'0,'753,'法政大　　　　,'人間環境,'人間環境　　,'　,'　　　,'総合科学　,'1,'13
'3311,'38,'00,'0,'0,'553,'法政大　　　　,'情報科学,'　　　　　　,'　,'　　　,'情報工学　,'0,'13
'3311,'38,'01,'0,'0,'553,'法政大　　　　,'情報科学,'コンピュータ,'　,'　　　,'情報工学　,'1,'13
'3311,'38,'02,'0,'0,'752,'法政大　　　　,'情報科学,'ディジタルメ,'　,'　　　,'総合情報学,'1,'13
'3311,'39,'00,'0,'0,'751,'法政大　　　　,'キャリア,'　　　　　　,'　,'　　　,'人間科学　,'0,'13
'3311,'39,'01,'0,'0,'751,'法政大　　　　,'キャリア,'キャリアデザ,'　,'　　　,'人間科学　,'1,'13
'3311,'40,'00,'0,'0,'151,'法政大　　　　,'グローバ,'　　　　　　,'　,'　　　,'英米語　　,'0,'13
'3311,'40,'02,'0,'0,'151,'法政大　　　　,'グローバ,'グローバル教,'　,'　　　,'英米語　　,'1,'13
'3311,'47,'00,'0,'0,'554,'法政大　　　　,'デザイン,'　　　　　　,'　,'　　　,'建築・土木,'0,'13
'3311,'47,'01,'0,'0,'554,'法政大　　　　,'デザイン,'建築　　　　,'　,'　　　,'建築・土木,'1,'13
'3311,'47,'02,'0,'0,'554,'法政大　　　　,'デザイン,'都市環境デザ,'　,'　　　,'建築・土木,'1,'13
'3311,'47,'03,'0,'0,'566,'法政大　　　　,'デザイン,'システムデザ,'　,'　　　,'デザイン工,'1,'13
'3311,'48,'00,'0,'0,'507,'法政大　　　　,'理工　　,'　　　　　　,'　,'　　　,'総合理学　,'0,'13
'3311,'48,'02,'0,'0,'553,'法政大　　　　,'理工　　,'応用情報工　,'　,'　　　,'情報工学　,'1,'13
'3311,'48,'03,'0,'0,'552,'法政大　　　　,'理工　　,'電気電子工　,'　,'　　　,'電気・電子,'1,'13
'3311,'48,'04,'0,'0,'563,'法政大　　　　,'理工　　,'経営シス工　,'　,'　　　,'経営工学　,'1,'13
'3311,'48,'06,'0,'0,'551,'法政大　　　　,'理工　　,'機械／機械工,'　,'　　　,'機械工学　,'1,'13
'3311,'48,'07,'0,'0,'507,'法政大　　　　,'理工　　,'創生科学　　,'　,'　　　,'総合理学　,'1,'13
'3311,'64,'00,'0,'0,'222,'法政大　　　　,'スポーツ,'　　　　　　,'　,'　　　,'経営学・商,'0,'13
'3311,'64,'01,'0,'0,'222,'法政大　　　　,'スポーツ,'スポーツ健康,'　,'　　　,'経営学・商,'1,'13
'3311,'74,'00,'0,'0,'555,'法政大　　　　,'生命科学,'　　　　　　,'　,'　　　,'応用化学　,'0,'13
'3311,'74,'01,'0,'0,'555,'法政大　　　　,'生命科学,'環境応用化　,'　,'　　　,'応用化学　,'1,'13
'3311,'74,'04,'0,'0,'564,'法政大　　　　,'生命科学,'生命機能　　,'　,'　　　,'生物工学　,'1,'13
'3311,'74,'05,'0,'0,'703,'法政大　　　　,'生命科学,'応用植物科学,'　,'　　　,'農芸化学　,'1,'13
'3312,'61,'00,'0,'0,'621,'星薬大　　　　,'薬　　　,'　　　　　　,'　,'　　　,'薬　　　　,'0,'13
'3312,'61,'01,'0,'0,'621,'星薬大　　　　,'薬　　　,'創薬科学　　,'　,'　　　,'薬　　　　,'1,'13
'3312,'61,'02,'0,'0,'621,'星薬大　　　　,'薬　　　,'薬　　　　　,'　,'　　　,'薬　　　　,'1,'13
'3313,'02,'00,'0,'0,'106,'武蔵大　　　　,'人文　　,'　　　　　　,'　,'　　　,'文化学　　,'0,'13
'3313,'02,'11,'0,'0,'102,'武蔵大　　　　,'人文　　,'英語英米文化,'　,'　　　,'外国文学　,'1,'13
'3313,'02,'12,'0,'0,'106,'武蔵大　　　　,'人文　　,'ヨーロッパ文,'　,'　　　,'文化学　　,'1,'13
'3313,'02,'13,'0,'0,'106,'武蔵大　　　　,'人文　　,'日本・東アジ,'　,'　　　,'文化学　　,'1,'13
'3313,'18,'00,'0,'0,'221,'武蔵大　　　　,'経済　　,'　　　　　　,'　,'　　　,'経済学　　,'0,'13
'3313,'18,'01,'0,'0,'221,'武蔵大　　　　,'経済　　,'金融　　　　,'　,'　　　,'経済学　　,'1,'13
'3313,'18,'02,'0,'0,'222,'武蔵大　　　　,'経済　　,'経営　　　　,'　,'　　　,'経営学・商,'1,'13
'3313,'18,'03,'0,'0,'221,'武蔵大　　　　,'経済　　,'経済　　　　,'　,'　　　,'経済学　　,'1,'13
'3313,'25,'00,'0,'0,'241,'武蔵大　　　　,'社会　　,'　　　　　　,'　,'　　　,'社会学　　,'0,'13
'3313,'25,'01,'0,'0,'241,'武蔵大　　　　,'社会　　,'社会　　　　,'　,'　　　,'社会学　　,'1,'13
'3313,'25,'02,'0,'0,'241,'武蔵大　　　　,'社会　　,'メディア社会,'　,'　　　,'社会学　　,'1,'13
'3313,'37,'00,'0,'0,'151,'武蔵大　　　　,'国際教養,'　　　　　　,'　,'　　　,'英米語　　,'0,'13
'3313,'37,'01,'0,'0,'151,'武蔵大　　　　,'国際教養,'国際／経済経,'　,'　　　,'英米語　　,'1,'13
'3313,'37,'02,'0,'0,'151,'武蔵大　　　　,'国際教養,'国際／グロー,'　,'　　　,'英米語　　,'1,'13
'3314,'37,'00,'0,'0,'753,'東京都市大　　,'都市生活,'　　　　　　,'　,'　　　,'総合科学　,'0,'13
'3314,'37,'01,'0,'0,'753,'東京都市大　　,'都市生活,'都市生活　　,'　,'　　　,'総合科学　,'1,'13
'3314,'38,'00,'0,'0,'312,'東京都市大　　,'人間科学,'　　　　　　,'　,'　　　,'幼稚園　　,'0,'13
'3314,'38,'01,'0,'0,'312,'東京都市大　　,'人間科学,'人間科学　　,'　,'　　　,'幼稚園　　,'1,'13
'3314,'39,'00,'0,'0,'506,'東京都市大　　,'メディア,'　　　　　　,'　,'　　　,'情報科学　,'0,'13
'3314,'39,'01,'0,'0,'753,'東京都市大　　,'メディア,'社会メディア,'　,'　　　,'総合科学　,'1,'13
'3314,'39,'02,'0,'0,'506,'東京都市大　　,'メディア,'情報システム,'　,'　　　,'情報科学　,'1,'13
'3314,'40,'00,'0,'0,'753,'東京都市大　　,'データ科,'　　　　　　,'　,'　　　,'総合科学　,'0,'13
'3314,'40,'01,'0,'0,'753,'東京都市大　　,'データ科,'デザイン・デ,'　,'　　　,'総合科学　,'1,'13
'3314,'48,'00,'0,'0,'553,'東京都市大　　,'情報工　,'　　　　　　,'　,'　　　,'情報工学　,'0,'13
'3314,'48,'01,'0,'0,'553,'東京都市大　　,'情報工　,'情報科学　　,'　,'　　　,'情報工学　,'1,'13
'3314,'48,'06,'0,'0,'553,'東京都市大　　,'情報工　,'知能情報工　,'　,'　　　,'情報工学　,'1,'13
'3314,'49,'00,'0,'0,'554,'東京都市大　　,'環境　　,'　　　　　　,'　,'　　　,'建築・土木,'0,'13
'3314,'49,'01,'0,'0,'554,'東京都市大　　,'環境　　,'環境創生　　,'　,'　　　,'建築・土木,'1,'13
'3314,'49,'03,'0,'0,'753,'東京都市大　　,'環境　　,'環境経営シス,'　,'　　　,'総合科学　,'1,'13
'3314,'50,'00,'0,'0,'551,'東京都市大　　,'理工　　,'　　　　　　,'　,'　　　,'機械工学　,'0,'13
'3314,'50,'01,'0,'0,'551,'東京都市大　　,'理工　　,'機械工　　　,'　,'　　　,'機械工学　,'1,'13
'3314,'50,'02,'0,'0,'551,'東京都市大　　,'理工　　,'機械シス工　,'　,'　　　,'機械工学　,'1,'13
'3314,'50,'03,'0,'0,'552,'東京都市大　　,'理工　　,'電気電子通信,'　,'　　　,'電気・電子,'1,'13
'3314,'50,'04,'0,'0,'551,'東京都市大　　,'理工　　,'医用工　　　,'　,'　　　,'機械工学　,'1,'13
'3314,'50,'05,'0,'0,'555,'東京都市大　　,'理工　　,'応用化　　　,'　,'　　　,'応用化学　,'1,'13
'3314,'50,'06,'0,'0,'562,'東京都市大　　,'理工　　,'原子力安全工,'　,'　　　,'原子力・エ,'1,'13
'3314,'50,'07,'0,'0,'507,'東京都市大　　,'理工　　,'自然科学　　,'　,'　　　,'総合理学　,'1,'13
'3314,'51,'00,'0,'0,'554,'東京都市大　　,'建築都市,'　　　　　　,'　,'　　　,'建築・土木,'0,'13
'3314,'51,'01,'0,'0,'554,'東京都市大　　,'建築都市,'建築　　　　,'　,'　　　,'建築・土木,'1,'13
'3314,'51,'02,'0,'0,'554,'東京都市大　　,'建築都市,'都市工　　　,'　,'　　　,'建築・土木,'1,'13
'3315,'83,'00,'0,'0,'453,'武蔵野音大　　,'音楽　　,'　　　　　　,'　,'　　　,'音楽　　　,'0,'13
'3315,'83,'08,'0,'0,'453,'武蔵野音大　　,'音楽　　,'演奏／器楽　,'　,'　　　,'音楽　　　,'1,'13
'3315,'83,'09,'0,'0,'453,'武蔵野音大　　,'音楽　　,'演奏／声楽　,'　,'　　　,'音楽　　　,'1,'13
'3315,'83,'10,'0,'0,'453,'武蔵野音大　　,'音楽　　,'演奏／ヴィル,'　,'　　　,'音楽　　　,'1,'13
'3315,'83,'11,'0,'0,'318,'武蔵野音大　　,'音楽　　,'音楽／オープ,'　,'　　　,'総合教育学,'1,'13
'3315,'83,'12,'0,'0,'453,'武蔵野音大　　,'音楽　　,'音楽／作曲　,'　,'　　　,'音楽　　　,'1,'13
'3315,'83,'13,'0,'0,'452,'武蔵野音大　　,'音楽　　,'音楽／音楽学,'　,'　　　,'芸術理論　,'1,'13
'3315,'83,'14,'0,'0,'318,'武蔵野音大　　,'音楽　　,'音楽／音楽教,'　,'　　　,'総合教育学,'1,'13
'3315,'83,'15,'0,'0,'452,'武蔵野音大　　,'音楽　　,'音楽／アート,'　,'　　　,'芸術理論　,'1,'13
'3316,'01,'00,'0,'0,'101,'武蔵野大　　　,'文　　　,'　　　　　　,'　,'　　　,'日本文学　,'0,'13
'3316,'01,'03,'0,'0,'101,'武蔵野大　　　,'文　　　,'日本文学文化,'　,'　　　,'日本文学　,'1,'13
'3316,'12,'00,'0,'0,'201,'武蔵野大　　　,'法　　　,'　　　　　　,'　,'　　　,'法学　　　,'0,'13
'3316,'12,'01,'0,'0,'201,'武蔵野大　　　,'法　　　,'法律　　　　,'　,'　　　,'法学　　　,'1,'13
'3316,'12,'02,'0,'0,'202,'武蔵野大　　　,'法　　　,'政治　　　　,'　,'　　　,'政治学　　,'1,'13
'3316,'18,'00,'0,'0,'221,'武蔵野大　　　,'経済　　,'　　　　　　,'　,'　　　,'経済学　　,'0,'13
'3316,'18,'01,'0,'0,'221,'武蔵野大　　　,'経済　　,'経済　　　　,'　,'　　　,'経済学　　,'1,'13
'3316,'19,'00,'0,'0,'222,'武蔵野大　　　,'経営　　,'　　　　　　,'　,'　　　,'経営学・商,'0,'13
'3316,'19,'01,'0,'0,'222,'武蔵野大　　　,'経営　　,'経営　　　　,'　,'　　　,'経営学・商,'1,'13
'3316,'19,'02,'0,'0,'222,'武蔵野大　　　,'経営　　,'会計ガバナン,'　,'　　　,'経営学・商,'1,'13
'3316,'21,'00,'0,'0,'222,'武蔵野大　　　,'アントレ,'　　　　　　,'　,'　　　,'経営学・商,'0,'13
'3316,'21,'01,'0,'0,'222,'武蔵野大　　　,'アントレ,'アントレプレ,'　,'　　　,'経営学・商,'1,'13
'3316,'30,'00,'0,'0,'316,'武蔵野大　　　,'教育　　,'　　　　　　,'　,'　　　,'０免課程　,'0,'13
'3316,'30,'01,'0,'0,'301,'武蔵野大　　　,'教育　　,'教育　　　　,'　,'　　　,'小学校　　,'1,'13
'3316,'30,'02,'0,'0,'312,'武蔵野大　　　,'教育　　,'幼児教育　　,'　,'　　　,'幼稚園　　,'1,'13
'3316,'34,'00,'0,'0,'151,'武蔵野大　　　,'グローバ,'　　　　　　,'　,'　　　,'英米語　　,'0,'13
'3316,'34,'01,'0,'0,'151,'武蔵野大　　　,'グローバ,'グローバルコ,'　,'　　　,'英米語　　,'1,'13
'3316,'34,'02,'0,'0,'243,'武蔵野大　　　,'グローバ,'日本語コミュ,'　,'　　　,'観光学　　,'1,'13
'3316,'34,'03,'0,'0,'151,'武蔵野大　　　,'グローバ,'グローバルビ,'　,'　　　,'英米語　　,'1,'13
'3316,'37,'00,'0,'0,'105,'武蔵野大　　　,'人間科学,'　　　　　　,'　,'　　　,'心理学　　,'0,'13
'3316,'37,'01,'0,'0,'105,'武蔵野大　　　,'人間科学,'人間科学　　,'　,'　　　,'心理学　　,'1,'13
'3316,'37,'05,'0,'0,'242,'武蔵野大　　　,'人間科学,'社会福祉　　,'　,'　　　,'社会福祉学,'1,'13
'3316,'38,'00,'0,'0,'752,'武蔵野大　　　,'データサ,'　　　　　　,'　,'　　　,'総合情報学,'0,'13
'3316,'38,'01,'0,'0,'752,'武蔵野大　　　,'データサ,'データサイエ,'　,'　　　,'総合情報学,'1,'13
'3316,'39,'00,'0,'0,'753,'武蔵野大　　　,'ウェルビ,'　　　　　　,'　,'　　　,'総合科学　,'0,'13
'3316,'39,'01,'0,'0,'753,'武蔵野大　　　,'ウェルビ,'ウェルビーイ,'　,'　　　,'総合科学　,'1,'13
'3316,'46,'00,'0,'0,'554,'武蔵野大　　　,'工　　　,'　　　　　　,'　,'　　　,'建築・土木,'0,'13
'3316,'46,'02,'0,'0,'554,'武蔵野大　　　,'工　　　,'建築デザイン,'　,'　　　,'建築・土木,'1,'13
'3316,'46,'03,'0,'0,'506,'武蔵野大　　　,'工　　　,'数理工　　　,'　,'　　　,'情報科学　,'1,'13
'3316,'46,'04,'0,'0,'554,'武蔵野大　　　,'工　　　,'サステナビリ,'　,'　　　,'建築・土木,'1,'13
'3316,'61,'00,'0,'0,'621,'武蔵野大　　　,'薬　　　,'　　　　　　,'　,'　　　,'薬　　　　,'0,'13
'3316,'61,'01,'0,'0,'621,'武蔵野大　　　,'薬　　　,'薬　　　　　,'　,'　　　,'薬　　　　,'1,'13
'3316,'64,'00,'0,'0,'651,'武蔵野大　　　,'看護　　,'　　　　　　,'　,'　　　,'看護　　　,'0,'13
'3316,'64,'01,'0,'0,'651,'武蔵野大　　　,'看護　　,'看護　　　　,'　,'　　　,'看護　　　,'1,'13
'3317,'83,'00,'0,'0,'451,'武蔵野美大　　,'造形　　,'　　　　　　,'　,'　　　,'美術・デザ,'0,'13
'3317,'83,'03,'0,'0,'451,'武蔵野美大　　,'造形　　,'基礎デザイン,'　,'　　　,'美術・デザ,'1,'13
'3317,'83,'04,'0,'0,'403,'武蔵野美大　　,'造形　　,'空間演出デザ,'　,'　　　,'被服・服飾,'1,'13
'3317,'83,'05,'0,'0,'451,'武蔵野美大　　,'造形　　,'油絵／油絵　,'　,'　　　,'美術・デザ,'1,'13
'3317,'83,'06,'0,'0,'451,'武蔵野美大　　,'造形　　,'油絵／グラフ,'　,'　　　,'美術・デザ,'1,'13
'3317,'83,'07,'0,'0,'554,'武蔵野美大　　,'造形　　,'建築　　　　,'　,'　　　,'建築・土木,'1,'13
'3317,'83,'08,'0,'0,'405,'武蔵野美大　　,'造形　　,'工芸工業デザ,'　,'　　　,'住居学　　,'1,'13
'3317,'83,'09,'0,'0,'451,'武蔵野美大　　,'造形　　,'視覚伝達デザ,'　,'　　　,'美術・デザ,'1,'13
'3317,'83,'10,'0,'0,'451,'武蔵野美大　　,'造形　　,'彫刻　　　　,'　,'　　　,'美術・デザ,'1,'13
'3317,'83,'11,'0,'0,'451,'武蔵野美大　　,'造形　　,'日本画　　　,'　,'　　　,'美術・デザ,'1,'13
'3317,'83,'12,'0,'0,'452,'武蔵野美大　　,'造形　　,'芸術文化　　,'　,'　　　,'芸術理論　,'1,'13
'3317,'83,'13,'0,'0,'458,'武蔵野美大　　,'造形　　,'デザイン情報,'　,'　　　,'その他芸術,'1,'13
'3317,'84,'00,'0,'0,'455,'武蔵野美大　　,'造形構想,'　　　　　　,'　,'　　　,'映像　　　,'0,'13
'3317,'84,'01,'0,'0,'753,'武蔵野美大　　,'造形構想,'クリエイティ,'　,'　　　,'総合科学　,'1,'13
'3317,'84,'02,'0,'0,'455,'武蔵野美大　　,'造形構想,'映像　　　　,'　,'　　　,'映像　　　,'1,'13
'3318,'01,'00,'0,'0,'102,'明治大　　　　,'文　　　,'　　　　　　,'　,'　　　,'外国文学　,'0,'13
'3318,'01,'04,'0,'0,'109,'明治大　　　　,'文　　　,'史学／日本史,'　,'　　　,'日本史　　,'1,'13
'3318,'01,'05,'0,'0,'108,'明治大　　　　,'文　　　,'史学／アジア,'　,'　　　,'東洋史　　,'1,'13
'3318,'01,'06,'0,'0,'107,'明治大　　　　,'文　　　,'史学／西洋史,'　,'　　　,'西洋史　　,'1,'13
'3318,'01,'07,'0,'0,'111,'明治大　　　　,'文　　　,'史学／考古学,'　,'　　　,'考古学・文,'1,'13
'3318,'01,'08,'0,'0,'103,'明治大　　　　,'文　　　,'史学／地理学,'　,'　　　,'地理学　　,'1,'13
'3318,'01,'09,'0,'0,'101,'明治大　　　　,'文　　　,'文学／日本文,'　,'　　　,'日本文学　,'1,'13
'3318,'01,'10,'0,'0,'102,'明治大　　　　,'文　　　,'文学／英米文,'　,'　　　,'外国文学　,'1,'13
'3318,'01,'11,'0,'0,'102,'明治大　　　　,'文　　　,'文学／ドイツ,'　,'　　　,'外国文学　,'1,'13
'3318,'01,'12,'0,'0,'102,'明治大　　　　,'文　　　,'文学／フラン,'　,'　　　,'外国文学　,'1,'13
'3318,'01,'13,'0,'0,'452,'明治大　　　　,'文　　　,'文学／演劇学,'　,'　　　,'芸術理論　,'1,'13
'3318,'01,'14,'0,'0,'458,'明治大　　　　,'文　　　,'文学／文芸メ,'　,'　　　,'その他芸術,'1,'13
'3318,'01,'15,'0,'0,'105,'明治大　　　　,'文　　　,'心理／臨床心,'　,'　　　,'心理学　　,'1,'13
'3318,'01,'16,'0,'0,'241,'明治大　　　　,'文　　　,'心理／現代社,'　,'　　　,'社会学　　,'1,'13
'3318,'01,'17,'0,'0,'104,'明治大　　　　,'文　　　,'心理／哲学　,'　,'　　　,'哲学倫理宗,'1,'13
'3318,'12,'00,'0,'0,'201,'明治大　　　　,'法　　　,'　　　　　　,'　,'　　　,'法学　　　,'0,'13
'3318,'12,'01,'0,'0,'201,'明治大　　　　,'法　　　,'法律　　　　,'　,'　　　,'法学　　　,'1,'13
'3318,'13,'00,'0,'0,'202,'明治大　　　　,'政治経済,'　　　　　　,'　,'　　　,'政治学　　,'0,'13
'3318,'13,'01,'0,'0,'202,'明治大　　　　,'政治経済,'経済　　　　,'　,'　　　,'政治学　　,'1,'13
'3318,'13,'02,'0,'0,'202,'明治大　　　　,'政治経済,'政治　　　　,'　,'　　　,'政治学　　,'1,'13
'3318,'13,'03,'0,'0,'202,'明治大　　　　,'政治経済,'政策　　　　,'　,'　　　,'政治学　　,'1,'13
'3318,'19,'00,'0,'0,'222,'明治大　　　　,'経営　　,'　　　　　　,'　,'　　　,'経営学・商,'1,'13
'3318,'20,'00,'0,'0,'221,'明治大　　　　,'商　　　,'　　　　　　,'　,'　　　,'経済学　　,'0,'13
'3318,'20,'02,'0,'0,'221,'明治大　　　　,'商　　　,'商　　　　　,'　,'　　　,'経済学　　,'1,'13
'3318,'33,'00,'0,'0,'106,'明治大　　　　,'国際日本,'　　　　　　,'　,'　　　,'文化学　　,'0,'13
'3318,'33,'01,'0,'0,'106,'明治大　　　　,'国際日本,'国際日本　　,'　,'　　　,'文化学　　,'1,'13
'3318,'37,'00,'0,'0,'241,'明治大　　　　,'情報コミ,'　　　　　　,'　,'　　　,'社会学　　,'0,'13
'3318,'37,'01,'0,'0,'241,'明治大　　　　,'情報コミ,'情報コミュニ,'　,'　　　,'社会学　　,'1,'13
'3318,'43,'00,'0,'0,'501,'明治大　　　　,'総合数理,'　　　　　　,'　,'　　　,'数学　　　,'0,'13
'3318,'43,'01,'0,'0,'501,'明治大　　　　,'総合数理,'現象数理統計,'　,'　　　,'数学　　　,'1,'13
'3318,'43,'02,'0,'0,'506,'明治大　　　　,'総合数理,'先端メディア,'　,'　　　,'情報科学　,'1,'13
'3318,'43,'03,'0,'0,'553,'明治大　　　　,'総合数理,'ネットワーク,'　,'　　　,'情報工学　,'1,'13
'3318,'47,'00,'0,'0,'552,'明治大　　　　,'理工　　,'　　　　　　,'　,'　　　,'電気・電子,'0,'13
'3318,'47,'01,'0,'0,'551,'明治大　　　　,'理工　　,'機械工　　　,'　,'　　　,'機械工学　,'1,'13
'3318,'47,'02,'0,'0,'554,'明治大　　　　,'理工　　,'建築　　　　,'　,'　　　,'建築・土木,'1,'13
'3318,'47,'03,'0,'0,'555,'明治大　　　　,'理工　　,'応用化　　　,'　,'　　　,'応用化学　,'1,'13
'3318,'47,'04,'0,'0,'553,'明治大　　　　,'理工　　,'情報科学　　,'　,'　　　,'情報工学　,'1,'13
'3318,'47,'05,'0,'0,'501,'明治大　　　　,'理工　　,'数学　　　　,'　,'　　　,'数学　　　,'1,'13
'3318,'47,'06,'0,'0,'551,'明治大　　　　,'理工　　,'機械情報工　,'　,'　　　,'機械工学　,'1,'13
'3318,'47,'09,'0,'0,'502,'明治大　　　　,'理工　　,'物理　　　　,'　,'　　　,'物理学　　,'1,'13
'3318,'47,'11,'0,'0,'552,'明治大　　　　,'理工　　,'電気／電気電,'　,'　　　,'電気・電子,'1,'13
'3318,'47,'12,'0,'0,'552,'明治大　　　　,'理工　　,'電気／生命理,'　,'　　　,'電気・電子,'1,'13
'3318,'72,'00,'0,'0,'564,'明治大　　　　,'農　　　,'　　　　　　,'　,'　　　,'生物工学　,'0,'13
'3318,'72,'01,'0,'0,'701,'明治大　　　　,'農　　　,'農　　　　　,'　,'　　　,'農学　　　,'1,'13
'3318,'72,'02,'0,'0,'707,'明治大　　　　,'農　　　,'食料環境政策,'　,'　　　,'農業経済学,'1,'13
'3318,'72,'03,'0,'0,'703,'明治大　　　　,'農　　　,'農芸化　　　,'　,'　　　,'農芸化学　,'1,'13
'3318,'72,'04,'0,'0,'564,'明治大　　　　,'農　　　,'生命科学　　,'　,'　　　,'生物工学　,'1,'13
'3319,'01,'00,'0,'0,'102,'明治学院大　　,'文　　　,'　　　　　　,'　,'　　　,'外国文学　,'0,'13
'3319,'01,'01,'0,'0,'102,'明治学院大　　,'文　　　,'英文　　　　,'　,'　　　,'外国文学　,'1,'13
'3319,'01,'02,'0,'0,'452,'明治学院大　　,'文　　　,'芸術　　　　,'　,'　　　,'芸術理論　,'1,'13
'3319,'01,'04,'0,'0,'102,'明治学院大　　,'文　　　,'フランス文　,'　,'　　　,'外国文学　,'1,'13
'3319,'03,'00,'0,'0,'105,'明治学院大　　,'心理　　,'　　　　　　,'　,'　　　,'心理学　　,'0,'13
'3319,'03,'01,'0,'0,'105,'明治学院大　　,'心理　　,'心理　　　　,'　,'　　　,'心理学　　,'1,'13
'3319,'03,'02,'0,'0,'105,'明治学院大　　,'心理　　,'教育発達　　,'　,'　　　,'心理学　　,'1,'13
'3319,'12,'00,'0,'0,'201,'明治学院大　　,'法　　　,'　　　　　　,'　,'　　　,'法学　　　,'0,'13
'3319,'12,'02,'0,'0,'201,'明治学院大　　,'法　　　,'法律　　　　,'　,'　　　,'法学　　　,'1,'13
'3319,'12,'03,'0,'0,'202,'明治学院大　　,'法　　　,'政治　　　　,'　,'　　　,'政治学　　,'1,'13
'3319,'12,'04,'0,'0,'201,'明治学院大　　,'法　　　,'消費情報環境,'　,'　　　,'法学　　　,'1,'13
'3319,'12,'05,'0,'0,'201,'明治学院大　　,'法　　　,'グローバル法,'　,'　　　,'法学　　　,'1,'13
'3319,'18,'00,'0,'0,'222,'明治学院大　　,'経済　　,'　　　　　　,'　,'　　　,'経営学・商,'0,'13
'3319,'18,'01,'0,'0,'221,'明治学院大　　,'経済　　,'経済　　　　,'　,'　　　,'経済学　　,'1,'13
'3319,'18,'02,'0,'0,'222,'明治学院大　　,'経済　　,'経営　　　　,'　,'　　　,'経営学・商,'1,'13
'3319,'18,'03,'0,'0,'222,'明治学院大　　,'経済　　,'国際経営　　,'　,'　　　,'経営学・商,'1,'13
'3319,'25,'00,'0,'0,'241,'明治学院大　　,'社会　　,'　　　　　　,'　,'　　　,'社会学　　,'0,'13
'3319,'25,'01,'0,'0,'241,'明治学院大　　,'社会　　,'社会　　　　,'　,'　　　,'社会学　　,'1,'13
'3319,'25,'02,'0,'0,'242,'明治学院大　　,'社会　　,'社会福祉　　,'　,'　　　,'社会福祉学,'1,'13
'3319,'33,'00,'0,'0,'261,'明治学院大　　,'国際　　,'　　　　　　,'　,'　　　,'国際関係学,'0,'13
'3319,'33,'01,'0,'0,'261,'明治学院大　　,'国際　　,'国際　　　　,'　,'　　　,'国際関係学,'1,'13
'3319,'33,'02,'0,'0,'151,'明治学院大　　,'国際　　,'国際キャリア,'　,'　　　,'英米語　　,'1,'13
'3319,'43,'00,'0,'0,'501,'明治学院大　　,'情報数理,'　　　　　　,'　,'　　　,'数学　　　,'0,'13
'3319,'43,'01,'0,'0,'501,'明治学院大　　,'情報数理,'情報数理　　,'　,'　　　,'数学　　　,'1,'13
'3320,'61,'00,'0,'0,'621,'明治薬大　　　,'薬　　　,'　　　　　　,'　,'　　　,'薬　　　　,'0,'13
'3320,'61,'04,'0,'0,'621,'明治薬大　　　,'薬　　　,'薬　　　　　,'　,'　　　,'薬　　　　,'1,'13
'3320,'61,'05,'0,'0,'621,'明治薬大　　　,'薬　　　,'生命創薬科学,'　,'　　　,'薬　　　　,'1,'13
'3321,'02,'00,'0,'0,'106,'明星大　　　　,'人文　　,'　　　　　　,'　,'　　　,'文化学　　,'0,'13
'3321,'02,'03,'0,'0,'241,'明星大　　　　,'人文　　,'人間社会　　,'　,'　　　,'社会学　　,'1,'13
'3321,'02,'07,'0,'0,'151,'明星大　　　　,'人文　　,'国際コミュニ,'　,'　　　,'英米語　　,'1,'13
'3321,'02,'08,'0,'0,'106,'明星大　　　　,'人文　　,'日本文化　　,'　,'　　　,'文化学　　,'1,'13
'3321,'02,'09,'0,'0,'242,'明星大　　　　,'人文　　,'福祉実践　　,'　,'　　　,'社会福祉学,'1,'13
'3321,'04,'00,'0,'0,'105,'明星大　　　　,'心理　　,'　　　　　　,'　,'　　　,'心理学　　,'0,'13
'3321,'04,'01,'0,'0,'105,'明星大　　　　,'心理　　,'心理　　　　,'　,'　　　,'心理学　　,'1,'13
'3321,'18,'00,'0,'0,'221,'明星大　　　　,'経済　　,'　　　　　　,'　,'　　　,'経済学　　,'0,'13
'3321,'18,'01,'0,'0,'221,'明星大　　　　,'経済　　,'経済　　　　,'　,'　　　,'経済学　　,'1,'13
'3321,'19,'00,'0,'0,'222,'明星大　　　　,'経営　　,'　　　　　　,'　,'　　　,'経営学・商,'0,'13
'3321,'19,'01,'0,'0,'222,'明星大　　　　,'経営　　,'経営　　　　,'　,'　　　,'経営学・商,'1,'13
'3321,'30,'00,'0,'0,'301,'明星大　　　　,'教育　　,'　　　　　　,'　,'　　　,'小学校　　,'0,'13
'3321,'30,'02,'0,'0,'301,'明星大　　　　,'教育　　,'教育／小学校,'　,'　　　,'小学校　　,'1,'13
'3321,'30,'04,'0,'0,'301,'明星大　　　　,'教育　　,'教育／特別支,'　,'　　　,'小学校　　,'1,'13
'3321,'30,'05,'0,'0,'301,'明星大　　　　,'教育　　,'教育／子ども,'　,'　　　,'小学校　　,'1,'13
'3321,'30,'06,'0,'0,'301,'明星大　　　　,'教育　　,'教育／保健体,'　,'　　　,'小学校　　,'1,'13
'3321,'30,'07,'0,'0,'301,'明星大　　　　,'教育　　,'教育／国語　,'　,'　　　,'小学校　　,'1,'13
'3321,'30,'08,'0,'0,'301,'明星大　　　　,'教育　　,'教育／社会　,'　,'　　　,'小学校　　,'1,'13
'3321,'30,'09,'0,'0,'301,'明星大　　　　,'教育　　,'教育／数学　,'　,'　　　,'小学校　　,'1,'13
'3321,'30,'10,'0,'0,'301,'明星大　　　　,'教育　　,'教育／理科　,'　,'　　　,'小学校　　,'1,'13
'3321,'30,'11,'0,'0,'301,'明星大　　　　,'教育　　,'教育／音楽　,'　,'　　　,'小学校　　,'1,'13
'3321,'30,'12,'0,'0,'301,'明星大　　　　,'教育　　,'教育／美術　,'　,'　　　,'小学校　　,'1,'13
'3321,'30,'13,'0,'0,'301,'明星大　　　　,'教育　　,'教育／英語　,'　,'　　　,'小学校　　,'1,'13
'3321,'37,'00,'0,'0,'752,'明星大　　　　,'データサ,'　　　　　　,'　,'　　　,'総合情報学,'1,'13
'3321,'47,'00,'0,'0,'502,'明星大　　　　,'理工　　,'　　　　　　,'　,'　　　,'物理学　　,'0,'13
'3321,'47,'17,'0,'0,'502,'明星大　　　　,'理工　　,'総合／物理学,'　,'　　　,'物理学　　,'1,'13
'3321,'47,'18,'0,'0,'503,'明星大　　　　,'理工　　,'総合／化学生,'　,'　　　,'化学　　　,'1,'13
'3321,'47,'19,'0,'0,'551,'明星大　　　　,'理工　　,'総合／機械工,'　,'　　　,'機械工学　,'1,'13
'3321,'47,'20,'0,'0,'552,'明星大　　　　,'理工　　,'総合／電気工,'　,'　　　,'電気・電子,'1,'13
'3321,'48,'00,'0,'0,'506,'明星大　　　　,'情報　　,'　　　　　　,'　,'　　　,'情報科学　,'0,'13
'3321,'48,'06,'0,'0,'506,'明星大　　　　,'情報　　,'情報　　　　,'　,'　　　,'情報科学　,'1,'13
'3321,'49,'00,'0,'0,'554,'明星大　　　　,'建築　　,'　　　　　　,'　,'　　　,'建築・土木,'0,'13
'3321,'49,'01,'0,'0,'554,'明星大　　　　,'建築　　,'建築　　　　,'　,'　　　,'建築・土木,'1,'13
'3321,'84,'00,'0,'0,'451,'明星大　　　　,'デザイン,'　　　　　　,'　,'　　　,'美術・デザ,'0,'13
'3321,'84,'01,'0,'0,'451,'明星大　　　　,'デザイン,'デザイン　　,'　,'　　　,'美術・デザ,'1,'13
'3322,'01,'00,'0,'0,'102,'立教大　　　　,'文　　　,'　　　　　　,'　,'　　　,'外国文学　,'0,'13
'3322,'01,'02,'0,'0,'301,'立教大　　　　,'文　　　,'教育　　　　,'　,'　　　,'小学校　　,'1,'13
'3322,'01,'03,'0,'0,'104,'立教大　　　　,'文　　　,'キリスト教　,'　,'　　　,'哲学倫理宗,'1,'13
'3322,'01,'04,'0,'0,'106,'立教大　　　　,'文　　　,'史学　　　　,'　,'　　　,'文化学　　,'1,'13
'3322,'01,'09,'0,'0,'102,'立教大　　　　,'文　　　,'文／英米文学,'　,'　　　,'外国文学　,'1,'13
'3322,'01,'10,'0,'0,'102,'立教大　　　　,'文　　　,'文／ドイツ文,'　,'　　　,'外国文学　,'1,'13
'3322,'01,'11,'0,'0,'102,'立教大　　　　,'文　　　,'文／フランス,'　,'　　　,'外国文学　,'1,'13
'3322,'01,'12,'0,'0,'101,'立教大　　　　,'文　　　,'文／日本文学,'　,'　　　,'日本文学　,'1,'13
'3322,'01,'13,'0,'0,'104,'立教大　　　　,'文　　　,'文／文芸・思,'　,'　　　,'哲学倫理宗,'1,'13
'3322,'03,'00,'0,'0,'105,'立教大　　　　,'現代心理,'　　　　　　,'　,'　　　,'心理学　　,'0,'13
'3322,'03,'01,'0,'0,'105,'立教大　　　　,'現代心理,'心理　　　　,'　,'　　　,'心理学　　,'1,'13
'3322,'03,'02,'0,'0,'455,'立教大　　　　,'現代心理,'映像身体　　,'　,'　　　,'映像　　　,'1,'13
'3322,'12,'00,'0,'0,'201,'立教大　　　　,'法　　　,'　　　　　　,'　,'　　　,'法学　　　,'0,'13
'3322,'12,'01,'0,'0,'151,'立教大　　　　,'法　　　,'国際ビジネス,'　,'　　　,'英米語　　,'1,'13
'3322,'12,'02,'0,'0,'201,'立教大　　　　,'法　　　,'法　　　　　,'　,'　　　,'法学　　　,'1,'13
'3322,'12,'03,'0,'0,'202,'立教大　　　　,'法　　　,'政治　　　　,'　,'　　　,'政治学　　,'1,'13
'3322,'12,'04,'0,'0,'151,'立教大　　　　,'法　　　,'国際／グロー,'　,'　　　,'英米語　　,'1,'13
'3322,'18,'00,'0,'0,'221,'立教大　　　　,'経済　　,'　　　　　　,'　,'　　　,'経済学　　,'0,'13
'3322,'18,'02,'0,'0,'221,'立教大　　　　,'経済　　,'経済　　　　,'　,'　　　,'経済学　　,'1,'13
'3322,'18,'03,'0,'0,'222,'立教大　　　　,'経済　　,'会計ファイナ,'　,'　　　,'経営学・商,'1,'13
'3322,'18,'04,'0,'0,'202,'立教大　　　　,'経済　　,'経済政策　　,'　,'　　　,'政治学　　,'1,'13
'3322,'19,'00,'0,'0,'222,'立教大　　　　,'経営　　,'　　　　　　,'　,'　　　,'経営学・商,'0,'13
'3322,'19,'01,'0,'0,'222,'立教大　　　　,'経営　　,'経営　　　　,'　,'　　　,'経営学・商,'1,'13
'3322,'19,'02,'0,'0,'151,'立教大　　　　,'経営　　,'国際経営　　,'　,'　　　,'英米語　　,'1,'13
'3322,'25,'00,'0,'0,'241,'立教大　　　　,'社会　　,'　　　　　　,'　,'　　　,'社会学　　,'0,'13
'3322,'25,'03,'0,'0,'241,'立教大　　　　,'社会　　,'社会　　　　,'　,'　　　,'社会学　　,'1,'13
'3322,'25,'04,'0,'0,'106,'立教大　　　　,'社会　　,'現代文化　　,'　,'　　　,'文化学　　,'1,'13
'3322,'25,'05,'0,'0,'244,'立教大　　　　,'社会　　,'メディア社会,'　,'　　　,'マスコミ　,'1,'13
'3322,'27,'00,'0,'0,'243,'立教大　　　　,'観光　　,'　　　　　　,'　,'　　　,'観光学　　,'0,'13
'3322,'27,'01,'0,'0,'222,'立教大　　　　,'観光　　,'観光　　　　,'　,'　　　,'経営学・商,'1,'13
'3322,'27,'02,'0,'0,'243,'立教大　　　　,'観光　　,'交流文化　　,'　,'　　　,'観光学　　,'1,'13
'3322,'28,'00,'0,'0,'241,'立教大　　　　,'コミュニ,'　　　　　　,'　,'　　　,'社会学　　,'0,'13
'3322,'28,'02,'0,'0,'242,'立教大　　　　,'コミュニ,'福祉　　　　,'　,'　　　,'社会福祉学,'1,'13
'3322,'28,'03,'0,'0,'241,'立教大　　　　,'コミュニ,'コミュニティ,'　,'　　　,'社会学　　,'1,'13
'3322,'37,'00,'0,'0,'106,'立教大　　　　,'異文化コ,'　　　　　　,'　,'　　　,'文化学　　,'0,'13
'3322,'37,'01,'0,'0,'106,'立教大　　　　,'異文化コ,'異文化コミュ,'　,'　　　,'文化学　　,'1,'13
'3322,'42,'00,'0,'0,'501,'立教大　　　　,'理　　　,'　　　　　　,'　,'　　　,'数学　　　,'0,'13
'3322,'42,'03,'0,'0,'501,'立教大　　　　,'理　　　,'数学　　　　,'　,'　　　,'数学　　　,'1,'13
'3322,'42,'04,'0,'0,'502,'立教大　　　　,'理　　　,'物理　　　　,'　,'　　　,'物理学　　,'1,'13
'3322,'42,'05,'0,'0,'503,'立教大　　　　,'理　　　,'化学　　　　,'　,'　　　,'化学　　　,'1,'13
'3322,'42,'06,'0,'0,'504,'立教大　　　　,'理　　　,'生命理　　　,'　,'　　　,'生物学　　,'1,'13
'3322,'47,'00,'0,'0,'753,'立教大　　　　,'環境　　,'　　　　　　,'　,'　　　,'総合科学　,'0,'13
'3322,'47,'01,'0,'0,'753,'立教大　　　　,'環境　　,'環境　　　　,'　,'　　　,'総合科学　,'1,'13
'3322,'64,'00,'0,'0,'311,'立教大　　　　,'スポーツ,'　　　　　　,'　,'　　　,'中高－体育,'0,'13
'3322,'64,'01,'0,'0,'311,'立教大　　　　,'スポーツ,'スポーツウエ,'　,'　　　,'中高－体育,'1,'13
'3323,'01,'00,'0,'0,'101,'立正大　　　　,'文　　　,'　　　　　　,'　,'　　　,'日本文学　,'0,'13
'3323,'01,'03,'0,'0,'107,'立正大　　　　,'文　　　,'史学　　　　,'　,'　　　,'西洋史　　,'1,'13
'3323,'01,'04,'0,'0,'241,'立正大　　　　,'文　　　,'社会　　　　,'　,'　　　,'社会学　　,'1,'13
'3323,'01,'06,'0,'0,'104,'立正大　　　　,'文　　　,'哲学　　　　,'　,'　　　,'哲学倫理宗,'1,'13
'3323,'01,'08,'0,'0,'101,'立正大　　　　,'文　　　,'文／日本語日,'　,'　　　,'日本文学　,'1,'13
'3323,'01,'09,'0,'0,'102,'立正大　　　　,'文　　　,'文／英語英米,'　,'　　　,'外国文学　,'1,'13
'3323,'03,'00,'0,'0,'104,'立正大　　　　,'仏教　　,'　　　　　　,'　,'　　　,'哲学倫理宗,'1,'13
'3323,'04,'00,'0,'0,'105,'立正大　　　　,'心理　　,'　　　　　　,'　,'　　　,'心理学　　,'0,'13
'3323,'04,'01,'0,'0,'105,'立正大　　　　,'心理　　,'臨床心理　　,'　,'　　　,'心理学　　,'1,'13
'3323,'04,'02,'0,'0,'105,'立正大　　　　,'心理　　,'対人・社会心,'　,'　　　,'心理学　　,'1,'13
'3323,'12,'00,'0,'0,'201,'立正大　　　　,'法　　　,'　　　　　　,'　,'　　　,'法学　　　,'0,'13
'3323,'12,'01,'0,'0,'201,'立正大　　　　,'法　　　,'法　　　　　,'　,'　　　,'法学　　　,'1,'13
'3323,'18,'00,'0,'0,'221,'立正大　　　　,'経済　　,'　　　　　　,'　,'　　　,'経済学　　,'0,'13
'3323,'18,'02,'0,'0,'221,'立正大　　　　,'経済　　,'経済／経済学,'　,'　　　,'経済学　　,'1,'13
'3323,'18,'03,'0,'0,'151,'立正大　　　　,'経済　　,'経済／国際　,'　,'　　　,'英米語　　,'1,'13
'3323,'18,'04,'0,'0,'222,'立正大　　　　,'経済　　,'経済／金融　,'　,'　　　,'経営学・商,'1,'13
'3323,'19,'00,'0,'0,'222,'立正大　　　　,'経営　　,'　　　　　　,'　,'　　　,'経営学・商,'0,'13
'3323,'19,'01,'0,'0,'222,'立正大　　　　,'経営　　,'経営　　　　,'　,'　　　,'経営学・商,'1,'13
'3323,'26,'00,'0,'0,'242,'立正大　　　　,'社会福祉,'　　　　　　,'　,'　　　,'社会福祉学,'0,'13
'3323,'26,'02,'0,'0,'301,'立正大　　　　,'社会福祉,'子ども教育福,'　,'　　　,'小学校　　,'1,'13
'3323,'26,'03,'0,'0,'242,'立正大　　　　,'社会福祉,'社会／ソーシ,'　,'　　　,'社会福祉学,'1,'13
'3323,'26,'04,'0,'0,'242,'立正大　　　　,'社会福祉,'社会／教育福,'　,'　　　,'社会福祉学,'1,'13
'3323,'37,'00,'0,'0,'752,'立正大　　　　,'データサ,'　　　　　　,'　,'　　　,'総合情報学,'0,'13
'3323,'37,'01,'0,'0,'752,'立正大　　　　,'データサ,'データサイエ,'　,'　　　,'総合情報学,'1,'13
'3323,'43,'00,'0,'0,'103,'立正大　　　　,'地球環境,'　　　　　　,'　,'　　　,'地理学　　,'0,'13
'3323,'43,'01,'0,'0,'505,'立正大　　　　,'地球環境,'環境システム,'　,'　　　,'地球科学　,'1,'13
'3323,'43,'02,'0,'0,'103,'立正大　　　　,'地球環境,'地理　　　　,'　,'　　　,'地理学　　,'1,'13
'3324,'03,'00,'0,'0,'106,'和光大　　　　,'表現　　,'　　　　　　,'　,'　　　,'文化学　　,'0,'13
'3324,'03,'03,'0,'0,'451,'和光大　　　　,'表現　　,'芸術　　　　,'　,'　　　,'美術・デザ,'1,'13
'3324,'03,'05,'0,'0,'106,'和光大　　　　,'表現　　,'総合文化　　,'　,'　　　,'文化学　　,'1,'13
'3324,'21,'00,'0,'0,'221,'和光大　　　　,'経済経営,'　　　　　　,'　,'　　　,'経済学　　,'0,'13
'3324,'21,'01,'0,'0,'222,'和光大　　　　,'経済経営,'経営　　　　,'　,'　　　,'経営学・商,'1,'13
'3324,'21,'02,'0,'0,'221,'和光大　　　　,'経済経営,'経済　　　　,'　,'　　　,'経済学　　,'1,'13
'3324,'38,'00,'0,'0,'312,'和光大　　　　,'現代人間,'　　　　　　,'　,'　　　,'幼稚園　　,'0,'13
'3324,'38,'03,'0,'0,'753,'和光大　　　　,'現代人間,'人間科学　　,'　,'　　　,'総合科学　,'1,'13
'3324,'38,'05,'0,'0,'105,'和光大　　　　,'現代人間,'心理／心理学,'　,'　　　,'心理学　　,'1,'13
'3324,'38,'06,'0,'0,'301,'和光大　　　　,'現代人間,'心理／子ども,'　,'　　　,'小学校　　,'1,'13
'3324,'38,'07,'0,'0,'312,'和光大　　　　,'現代人間,'心理／保育　,'　,'　　　,'幼稚園　　,'1,'13
'3325,'01,'00,'0,'0,'101,'早稲田大　　　,'文　　　,'　　　　　　,'　,'　　　,'日本文学　,'0,'13
'3325,'01,'01,'0,'0,'101,'早稲田大　　　,'文　　　,'文学　　　　,'　,'　　　,'日本文学　,'1,'13
'3325,'04,'00,'0,'0,'106,'早稲田大　　　,'文化構想,'　　　　　　,'　,'　　　,'文化学　　,'0,'13
'3325,'04,'01,'0,'0,'106,'早稲田大　　　,'文化構想,'文化構想　　,'　,'　　　,'文化学　　,'1,'13
'3325,'12,'00,'0,'0,'201,'早稲田大　　　,'法　　　,'　　　　　　,'　,'　　　,'法学　　　,'1,'13
'3325,'13,'00,'0,'0,'202,'早稲田大　　　,'政治経済,'　　　　　　,'　,'　　　,'政治学　　,'0,'13
'3325,'13,'01,'0,'0,'221,'早稲田大　　　,'政治経済,'経済　　　　,'　,'　　　,'経済学　　,'1,'13
'3325,'13,'02,'0,'0,'202,'早稲田大　　　,'政治経済,'政治　　　　,'　,'　　　,'政治学　　,'1,'13
'3325,'13,'03,'0,'0,'202,'早稲田大　　　,'政治経済,'国際政治経済,'　,'　　　,'政治学　　,'1,'13
'3325,'20,'00,'0,'0,'221,'早稲田大　　　,'商　　　,'　　　　　　,'　,'　　　,'経済学　　,'1,'13
'3325,'27,'00,'0,'0,'753,'早稲田大　　　,'社会科学,'　　　　　　,'　,'　　　,'総合科学　,'0,'13
'3325,'27,'01,'0,'0,'753,'早稲田大　　　,'社会科学,'社会科学　　,'　,'　　　,'総合科学　,'1,'13
'3325,'30,'00,'0,'0,'316,'早稲田大　　　,'教育　　,'　　　　　　,'　,'　　　,'０免課程　,'0,'13
'3325,'30,'01,'0,'0,'102,'早稲田大　　　,'教育　　,'英語英文　　,'　,'　　　,'外国文学　,'1,'13
'3325,'30,'05,'0,'0,'101,'早稲田大　　　,'教育　　,'国語国文　　,'　,'　　　,'日本文学　,'1,'13
'3325,'30,'06,'0,'0,'241,'早稲田大　　　,'教育　　,'社会／公共市,'　,'　　　,'社会学　　,'1,'13
'3325,'30,'07,'0,'0,'103,'早稲田大　　　,'教育　　,'社会／地理歴,'　,'　　　,'地理学　　,'1,'13
'3325,'30,'09,'0,'0,'316,'早稲田大　　　,'教育　　,'理／生物学　,'　,'　　　,'０免課程　,'1,'13
'3325,'30,'10,'0,'0,'316,'早稲田大　　　,'教育　　,'理／地球科学,'　,'　　　,'０免課程　,'1,'13
'3325,'30,'14,'0,'0,'316,'早稲田大　　　,'教育　　,'数学　　　　,'　,'　　　,'０免課程　,'1,'13
'3325,'30,'15,'0,'0,'316,'早稲田大　　　,'教育　　,'複合文化　　,'　,'　　　,'０免課程　,'1,'13
'3325,'30,'16,'0,'0,'316,'早稲田大　　　,'教育　　,'教育／教育学,'　,'　　　,'０免課程　,'1,'13
'3325,'30,'17,'0,'0,'316,'早稲田大　　　,'教育　　,'教育／生涯教,'　,'　　　,'０免課程　,'1,'13
'3325,'30,'18,'0,'0,'105,'早稲田大　　　,'教育　　,'教育／教育心,'　,'　　　,'心理学　　,'1,'13
'3325,'30,'19,'0,'0,'301,'早稲田大　　　,'教育　　,'教育／初等教,'　,'　　　,'小学校　　,'1,'13
'3325,'37,'00,'0,'0,'242,'早稲田大　　　,'人間科学,'　　　　　　,'　,'　　　,'社会福祉学,'0,'13
'3325,'37,'04,'0,'0,'753,'早稲田大　　　,'人間科学,'人間環境科学,'　,'　　　,'総合科学　,'1,'13
'3325,'37,'05,'0,'0,'242,'早稲田大　　　,'人間科学,'健康福祉科学,'　,'　　　,'社会福祉学,'1,'13
'3325,'37,'06,'0,'0,'752,'早稲田大　　　,'人間科学,'人間情報科学,'　,'　　　,'総合情報学,'1,'13
'3325,'38,'00,'0,'0,'151,'早稲田大　　　,'国際教養,'　　　　　　,'　,'　　　,'英米語　　,'0,'13
'3325,'38,'01,'0,'0,'151,'早稲田大　　　,'国際教養,'国際教養　　,'　,'　　　,'英米語　　,'1,'13
'3325,'48,'00,'0,'0,'501,'早稲田大　　　,'基幹理工,'　　　　　　,'　,'　　　,'数学　　　,'0,'13
'3325,'48,'01,'0,'0,'501,'早稲田大　　　,'基幹理工,'学系１　　　,'　,'　　　,'数学　　　,'1,'13
'3325,'48,'03,'0,'0,'451,'早稲田大　　　,'基幹理工,'学系４　　　,'　,'　　　,'美術・デザ,'1,'13
'3325,'48,'04,'0,'0,'501,'早稲田大　　　,'基幹理工,'学系２　　　,'　,'　　　,'数学　　　,'1,'13
'3325,'48,'05,'0,'0,'501,'早稲田大　　　,'基幹理工,'学系３　　　,'　,'　　　,'数学　　　,'1,'13
'3325,'49,'00,'0,'0,'554,'早稲田大　　　,'創造理工,'　　　　　　,'　,'　　　,'建築・土木,'0,'13
'3325,'49,'01,'0,'0,'554,'早稲田大　　　,'創造理工,'建築　　　　,'　,'　　　,'建築・土木,'1,'13
'3325,'49,'02,'0,'0,'551,'早稲田大　　　,'創造理工,'総合機械工　,'　,'　　　,'機械工学　,'1,'13
'3325,'49,'03,'0,'0,'563,'早稲田大　　　,'創造理工,'経営シス工　,'　,'　　　,'経営工学　,'1,'13
'3325,'49,'04,'0,'0,'554,'早稲田大　　　,'創造理工,'社会環境工　,'　,'　　　,'建築・土木,'1,'13
'3325,'49,'05,'0,'0,'554,'早稲田大　　　,'創造理工,'環境資源工　,'　,'　　　,'建築・土木,'1,'13
'3325,'50,'00,'0,'0,'564,'早稲田大　　　,'先進理工,'　　　　　　,'　,'　　　,'生物工学　,'0,'13
'3325,'50,'01,'0,'0,'502,'早稲田大　　　,'先進理工,'物理　　　　,'　,'　　　,'物理学　　,'1,'13
'3325,'50,'02,'0,'0,'556,'早稲田大　　　,'先進理工,'応用物理　　,'　,'　　　,'応用物理学,'1,'13
'3325,'50,'03,'0,'0,'503,'早稲田大　　　,'先進理工,'化学・生命化,'　,'　　　,'化学　　　,'1,'13
'3325,'50,'04,'0,'0,'555,'早稲田大　　　,'先進理工,'応用化　　　,'　,'　　　,'応用化学　,'1,'13
'3325,'50,'05,'0,'0,'564,'早稲田大　　　,'先進理工,'生命医科学　,'　,'　　　,'生物工学　,'1,'13
'3325,'50,'06,'0,'0,'552,'早稲田大　　　,'先進理工,'電気・情報生,'　,'　　　,'電気・電子,'1,'13
'3325,'64,'00,'0,'0,'654,'早稲田大　　　,'スポーツ,'　　　　　　,'　,'　　　,'体育・健康,'0,'13
'3325,'64,'03,'0,'0,'654,'早稲田大　　　,'スポーツ,'スポーツ科学,'　,'　　　,'体育・健康,'1,'13
'3326,'64,'00,'0,'0,'651,'東京純心大　　,'看護　　,'　　　　　　,'　,'　　　,'看護　　　,'0,'13
'3326,'64,'01,'0,'0,'651,'東京純心大　　,'看護　　,'看護　　　　,'　,'　　　,'看護　　　,'1,'13
'3328,'21,'00,'0,'0,'221,'嘉悦大　　　　,'経営経済,'　　　　　　,'　,'　　　,'経済学　　,'0,'13
'3328,'21,'01,'0,'0,'221,'嘉悦大　　　　,'経営経済,'経営経済　　,'　,'　　　,'経済学　　,'1,'13
'3330,'19,'00,'0,'0,'222,'東京富士大　　,'経営　　,'　　　　　　,'　,'　　　,'経営学・商,'0,'13
'3330,'19,'01,'0,'0,'105,'東京富士大　　,'経営　　,'経営　　　　,'　,'　　　,'心理学　　,'1,'13
'3330,'19,'03,'0,'0,'222,'東京富士大　　,'経営　　,'イベントプロ,'　,'　　　,'経営学・商,'1,'13
'3333,'64,'00,'0,'0,'402,'東京医療保健大,'医療保健,'　　　　　　,'　,'　　　,'食物・栄養,'0,'13
'3333,'64,'01,'0,'0,'651,'東京医療保健大,'医療保健,'看護　　　　,'　,'　　　,'看護　　　,'1,'13
'3333,'64,'04,'0,'0,'402,'東京医療保健大,'医療保健,'医療／管理栄,'　,'　　　,'食物・栄養,'1,'13
'3333,'64,'05,'0,'0,'658,'東京医療保健大,'医療保健,'医療／臨床検,'　,'　　　,'検査技術　,'1,'13
'3333,'64,'06,'0,'0,'653,'東京医療保健大,'医療保健,'医療／医療情,'　,'　　　,'保健　　　,'1,'13
'3333,'64,'07,'0,'0,'652,'東京医療保健大,'医療保健,'医療／臨床工,'　,'　　　,'医療技術　,'1,'13
'3333,'66,'00,'0,'0,'651,'東京医療保健大,'和歌山看,'　　　　　　,'　,'　　　,'看護　　　,'0,'13
'3333,'66,'01,'0,'0,'651,'東京医療保健大,'和歌山看,'看護　　　　,'　,'　　　,'看護　　　,'1,'13
'3333,'67,'00,'0,'0,'651,'東京医療保健大,'千葉看護,'　　　　　　,'　,'　　　,'看護　　　,'0,'13
'3333,'67,'01,'0,'0,'651,'東京医療保健大,'千葉看護,'看護　　　　,'　,'　　　,'看護　　　,'1,'13
'3333,'68,'00,'0,'0,'651,'東京医療保健大,'東が丘看,'　　　　　　,'　,'　　　,'看護　　　,'0,'13
'3333,'68,'01,'0,'0,'651,'東京医療保健大,'東が丘看,'看護　　　　,'　,'　　　,'看護　　　,'1,'13
'3333,'69,'00,'0,'0,'651,'東京医療保健大,'立川看護,'　　　　　　,'　,'　　　,'看護　　　,'0,'13
'3333,'69,'01,'0,'0,'651,'東京医療保健大,'立川看護,'看護　　　　,'　,'　　　,'看護　　　,'1,'13
'3334,'64,'00,'0,'0,'402,'東京聖栄大　　,'健康栄養,'　　　　　　,'　,'　　　,'食物・栄養,'0,'13
'3334,'64,'01,'0,'0,'402,'東京聖栄大　　,'健康栄養,'管理栄養　　,'　,'　　　,'食物・栄養,'1,'13
'3334,'64,'02,'0,'0,'222,'東京聖栄大　　,'健康栄養,'食品　　　　,'　,'　　　,'経営学・商,'1,'13
'3335,'37,'00,'0,'0,'404,'白梅学園大　　,'子ども　,'　　　　　　,'　,'　　　,'児童学　　,'0,'13
'3335,'37,'01,'0,'0,'312,'白梅学園大　　,'子ども　,'子ども　　　,'　,'　　　,'幼稚園　　,'1,'13
'3335,'37,'03,'0,'0,'242,'白梅学園大　　,'子ども　,'家族・地域支,'　,'　　　,'社会福祉学,'1,'13
'3335,'37,'04,'0,'0,'105,'白梅学園大　　,'子ども　,'子ども心理　,'　,'　　　,'心理学　　,'1,'13
'3335,'37,'05,'0,'0,'301,'白梅学園大　　,'子ども　,'教育　　　　,'　,'　　　,'小学校　　,'1,'13
'3336,'83,'00,'0,'0,'151,'デジハリ大　　,'デジタル,'　　　　　　,'　,'　　　,'英米語　　,'0,'13
'3336,'83,'01,'0,'0,'151,'デジハリ大　　,'デジタル,'デジタルコン,'　,'　　　,'英米語　　,'1,'13
'3337,'37,'00,'0,'0,'105,'東京未来大　　,'モチベー,'　　　　　　,'　,'　　　,'心理学　　,'0,'13
'3337,'37,'01,'0,'0,'105,'東京未来大　　,'モチベー,'モチベーショ,'　,'　　　,'心理学　　,'1,'13
'3337,'79,'00,'0,'0,'105,'東京未来大　　,'こども心,'　　　　　　,'　,'　　　,'心理学　　,'0,'13
'3337,'79,'02,'0,'0,'105,'東京未来大　　,'こども心,'こど／心理　,'　,'　　　,'心理学　　,'1,'13
'3337,'79,'03,'0,'0,'301,'東京未来大　　,'こども心,'こど／こども,'　,'　　　,'小学校　　,'1,'13
'3338,'31,'00,'0,'0,'312,'こども教宝仙大,'こども教,'　　　　　　,'　,'　　　,'幼稚園　　,'0,'13
'3338,'31,'01,'0,'0,'312,'こども教宝仙大,'こども教,'幼児教育　　,'　,'　　　,'幼稚園　　,'1,'13
'3339,'64,'00,'0,'0,'652,'東京有明医療大,'保健医療,'　　　　　　,'　,'　　　,'医療技術　,'0,'13
'3339,'64,'01,'0,'0,'652,'東京有明医療大,'保健医療,'鍼灸　　　　,'　,'　　　,'医療技術　,'1,'13
'3339,'64,'02,'0,'0,'652,'東京有明医療大,'保健医療,'柔道整復　　,'　,'　　　,'医療技術　,'1,'13
'3339,'65,'00,'0,'0,'651,'東京有明医療大,'看護　　,'　　　　　　,'　,'　　　,'看護　　　,'0,'13
'3339,'65,'01,'0,'0,'651,'東京有明医療大,'看護　　,'看護　　　　,'　,'　　　,'看護　　　,'1,'13
'3341,'74,'00,'0,'0,'705,'ヤマザキ動物大,'動物看護,'　　　　　　,'　,'　　　,'獣医学　　,'0,'13
'3341,'74,'01,'0,'0,'705,'ヤマザキ動物大,'動物看護,'動物看護　　,'　,'　　　,'獣医学　　,'1,'13
'3341,'74,'02,'0,'0,'753,'ヤマザキ動物大,'動物看護,'動物人間関係,'　,'　　　,'総合科学　,'1,'13
'3342,'64,'00,'0,'0,'651,'東京医療学院大,'保健医療,'　　　　　　,'　,'　　　,'看護　　　,'0,'13
'3342,'64,'01,'0,'0,'655,'東京医療学院大,'保健医療,'リハ／理学療,'　,'　　　,'理学療法　,'1,'13
'3342,'64,'02,'0,'0,'656,'東京医療学院大,'保健医療,'リハ／作業療,'　,'　　　,'作業療法　,'1,'13
'3342,'64,'03,'0,'0,'651,'東京医療学院大,'保健医療,'看護　　　　,'　,'　　　,'看護　　　,'1,'13
'3343,'37,'00,'0,'0,'752,'情報イノベ職大,'情報経営,'　　　　　　,'　,'　　　,'総合情報学,'0,'13
'3343,'37,'01,'0,'0,'752,'情報イノベ職大,'情報経営,'情報経営イノ,'　,'　　　,'総合情報学,'1,'13
'3348,'65,'00,'0,'0,'655,'東京保健医職大,'リハビリ,'　　　　　　,'　,'　　　,'理学療法　,'0,'13
'3348,'65,'01,'0,'0,'655,'東京保健医職大,'リハビリ,'理学療法　　,'　,'　　　,'理学療法　,'1,'13
'3348,'65,'02,'0,'0,'656,'東京保健医職大,'リハビリ,'作業療法　　,'　,'　　　,'作業療法　,'1,'13
'3349,'37,'00,'0,'0,'553,'東京情報デ職大,'情報デザ,'　　　　　　,'　,'　　　,'情報工学　,'0,'13
'3349,'37,'01,'0,'0,'553,'東京情報デ職大,'情報デザ,'情報デザイン,'　,'　　　,'情報工学　,'1,'13
'3361,'37,'00,'0,'0,'402,'麻布大　　　　,'生命環境,'　　　　　　,'　,'　　　,'食物・栄養,'0,'14
'3361,'37,'01,'0,'0,'658,'麻布大　　　　,'生命環境,'臨床検査技術,'　,'　　　,'検査技術　,'1,'14
'3361,'37,'02,'0,'0,'402,'麻布大　　　　,'生命環境,'食品生命科学,'　,'　　　,'食物・栄養,'1,'14
'3361,'37,'03,'0,'0,'753,'麻布大　　　　,'生命環境,'環境科学　　,'　,'　　　,'総合科学　,'1,'14
'3361,'74,'00,'0,'0,'705,'麻布大　　　　,'獣医　　,'　　　　　　,'　,'　　　,'獣医学　　,'0,'14
'3361,'74,'01,'0,'0,'705,'麻布大　　　　,'獣医　　,'獣医　　　　,'　,'　　　,'獣医学　　,'1,'14
'3361,'74,'02,'0,'0,'504,'麻布大　　　　,'獣医　　,'動物応用科学,'　,'　　　,'生物学　　,'1,'14
'3361,'74,'03,'0,'0,'705,'麻布大　　　　,'獣医　　,'獣医保健看護,'　,'　　　,'獣医学　　,'1,'14
'3362,'08,'00,'0,'0,'106,'神奈川大　　　,'外国語　,'　　　　　　,'　,'　　　,'文化学　　,'0,'14
'3362,'08,'02,'0,'0,'106,'神奈川大　　　,'外国語　,'スペイン語　,'　,'　　　,'文化学　　,'1,'14
'3362,'08,'03,'0,'0,'106,'神奈川大　　　,'外国語　,'中国語　　　,'　,'　　　,'文化学　　,'1,'14
'3362,'08,'05,'0,'0,'102,'神奈川大　　　,'外国語　,'英語／ＩＥＳ,'　,'　　　,'外国文学　,'1,'14
'3362,'08,'06,'0,'0,'102,'神奈川大　　　,'外国語　,'英語／ＧＥＣ,'　,'　　　,'外国文学　,'1,'14
'3362,'12,'00,'0,'0,'201,'神奈川大　　　,'法　　　,'　　　　　　,'　,'　　　,'法学　　　,'0,'14
'3362,'12,'01,'0,'0,'202,'神奈川大　　　,'法　　　,'自治行政　　,'　,'　　　,'政治学　　,'1,'14
'3362,'12,'02,'0,'0,'201,'神奈川大　　　,'法　　　,'法律　　　　,'　,'　　　,'法学　　　,'1,'14
'3362,'18,'00,'0,'0,'221,'神奈川大　　　,'経済　　,'　　　　　　,'　,'　　　,'経済学　　,'0,'14
'3362,'18,'01,'0,'0,'202,'神奈川大　　　,'経済　　,'経済　　　　,'　,'　　　,'政治学　　,'1,'14
'3362,'18,'02,'0,'0,'222,'神奈川大　　　,'経済　　,'現代ビジネス,'　,'　　　,'経営学・商,'1,'14
'3362,'18,'05,'0,'0,'221,'神奈川大　　　,'経済　　,'経済データ分,'　,'　　　,'経済学　　,'1,'14
'3362,'19,'00,'0,'0,'222,'神奈川大　　　,'経営　　,'　　　　　　,'　,'　　　,'経営学・商,'0,'14
'3362,'19,'01,'0,'0,'222,'神奈川大　　　,'経営　　,'国際経営　　,'　,'　　　,'経営学・商,'1,'14
'3362,'33,'00,'0,'0,'106,'神奈川大　　　,'国際日本,'　　　　　　,'　,'　　　,'文化学　　,'0,'14
'3362,'33,'01,'0,'0,'106,'神奈川大　　　,'国際日本,'国際文化交流,'　,'　　　,'文化学　　,'1,'14
'3362,'33,'02,'0,'0,'101,'神奈川大　　　,'国際日本,'日本文化　　,'　,'　　　,'日本文学　,'1,'14
'3362,'33,'03,'0,'0,'106,'神奈川大　　　,'国際日本,'歴史民俗　　,'　,'　　　,'文化学　　,'1,'14
'3362,'37,'00,'0,'0,'105,'神奈川大　　　,'人間科学,'　　　　　　,'　,'　　　,'心理学　　,'0,'14
'3362,'37,'01,'0,'0,'105,'神奈川大　　　,'人間科学,'人間科学　　,'　,'　　　,'心理学　　,'1,'14
'3362,'38,'00,'0,'0,'506,'神奈川大　　　,'情報　　,'　　　　　　,'　,'　　　,'情報科学　,'0,'14
'3362,'38,'01,'0,'0,'506,'神奈川大　　　,'情報　　,'計算機科学　,'　,'　　　,'情報科学　,'1,'14
'3362,'38,'02,'0,'0,'506,'神奈川大　　　,'情報　　,'システム数理,'　,'　　　,'情報科学　,'1,'14
'3362,'38,'03,'0,'0,'506,'神奈川大　　　,'情報　　,'先端情報領域,'　,'　　　,'情報科学　,'1,'14
'3362,'42,'00,'0,'0,'501,'神奈川大　　　,'理　　　,'　　　　　　,'　,'　　　,'数学　　　,'0,'14
'3362,'42,'08,'0,'0,'501,'神奈川大　　　,'理　　　,'理／数学　　,'　,'　　　,'数学　　　,'1,'14
'3362,'42,'09,'0,'0,'502,'神奈川大　　　,'理　　　,'理／物理　　,'　,'　　　,'物理学　　,'1,'14
'3362,'42,'10,'0,'0,'503,'神奈川大　　　,'理　　　,'理／化学　　,'　,'　　　,'化学　　　,'1,'14
'3362,'42,'11,'0,'0,'504,'神奈川大　　　,'理　　　,'理／生物　　,'　,'　　　,'生物学　　,'1,'14
'3362,'42,'12,'0,'0,'505,'神奈川大　　　,'理　　　,'理／地球環境,'　,'　　　,'地球科学　,'1,'14
'3362,'42,'13,'0,'0,'507,'神奈川大　　　,'理　　　,'理／総合理学,'　,'　　　,'総合理学　,'1,'14
'3362,'46,'00,'0,'0,'551,'神奈川大　　　,'工　　　,'　　　　　　,'　,'　　　,'機械工学　,'0,'14
'3362,'46,'02,'0,'0,'551,'神奈川大　　　,'工　　　,'機械工　　　,'　,'　　　,'機械工学　,'1,'14
'3362,'46,'05,'0,'0,'552,'神奈川大　　　,'工　　　,'電気電子情報,'　,'　　　,'電気・電子,'1,'14
'3362,'46,'08,'0,'0,'563,'神奈川大　　　,'工　　　,'経営工　　　,'　,'　　　,'経営工学　,'1,'14
'3362,'46,'10,'0,'0,'556,'神奈川大　　　,'工　　　,'応用物理　　,'　,'　　　,'応用物理学,'1,'14
'3362,'47,'00,'0,'0,'554,'神奈川大　　　,'建築　　,'　　　　　　,'　,'　　　,'建築・土木,'0,'14
'3362,'47,'01,'0,'0,'554,'神奈川大　　　,'建築　　,'建築／建築学,'　,'　　　,'建築・土木,'1,'14
'3362,'47,'02,'0,'0,'405,'神奈川大　　　,'建築　　,'建築／都市生,'　,'　　　,'住居学　　,'1,'14
'3362,'48,'00,'0,'0,'504,'神奈川大　　　,'化学生命,'　　　　　　,'　,'　　　,'生物学　　,'0,'14
'3362,'48,'01,'0,'0,'555,'神奈川大　　　,'化学生命,'応用化　　　,'　,'　　　,'応用化学　,'1,'14
'3362,'48,'02,'0,'0,'504,'神奈川大　　　,'化学生命,'生命機能　　,'　,'　　　,'生物学　　,'1,'14
'3363,'37,'00,'0,'0,'553,'神奈川工科大　,'情報　　,'　　　　　　,'　,'　　　,'情報工学　,'0,'14
'3363,'37,'01,'0,'0,'553,'神奈川工科大　,'情報　　,'情報工　　　,'　,'　　　,'情報工学　,'1,'14
'3363,'37,'02,'0,'0,'453,'神奈川工科大　,'情報　　,'情報メディア,'　,'　　　,'音楽　　　,'1,'14
'3363,'37,'03,'0,'0,'552,'神奈川工科大　,'情報　　,'情報ネットワ,'　,'　　　,'電気・電子,'1,'14
'3363,'37,'14,'0,'0,'553,'神奈川工科大　,'情報　　,'情報システム,'　,'　　　,'情報工学　,'1,'14
'3363,'46,'00,'0,'0,'551,'神奈川工科大　,'工　　　,'　　　　　　,'　,'　　　,'機械工学　,'0,'14
'3363,'46,'01,'0,'0,'551,'神奈川工科大　,'工　　　,'機械工　　　,'　,'　　　,'機械工学　,'1,'14
'3363,'46,'03,'0,'0,'555,'神奈川工科大　,'工　　　,'応用化学生物,'　,'　　　,'応用化学　,'1,'14
'3363,'46,'05,'0,'0,'552,'神奈川工科大　,'工　　　,'電気電子情報,'　,'　　　,'電気・電子,'1,'14
'3363,'65,'00,'0,'0,'402,'神奈川工科大　,'健康医療,'　　　　　　,'　,'　　　,'食物・栄養,'0,'14
'3363,'65,'01,'0,'0,'652,'神奈川工科大　,'健康医療,'臨床工　　　,'　,'　　　,'医療技術　,'1,'14
'3363,'65,'02,'0,'0,'402,'神奈川工科大　,'健康医療,'管理栄養　　,'　,'　　　,'食物・栄養,'1,'14
'3363,'65,'03,'0,'0,'651,'神奈川工科大　,'健康医療,'看護　　　　,'　,'　　　,'看護　　　,'1,'14
'3364,'58,'00,'0,'0,'611,'神奈川歯大　　,'歯　　　,'　　　　　　,'　,'　　　,'歯　　　　,'0,'14
'3364,'58,'01,'0,'0,'611,'神奈川歯大　　,'歯　　　,'歯　　　　　,'　,'　　　,'歯　　　　,'1,'14
'3365,'30,'00,'0,'0,'301,'鎌倉女子大　　,'教育　　,'　　　　　　,'　,'　　　,'小学校　　,'0,'14
'3365,'30,'01,'0,'0,'301,'鎌倉女子大　　,'教育　　,'教育　　　　,'　,'　　　,'小学校　　,'1,'14
'3365,'31,'00,'0,'0,'105,'鎌倉女子大　　,'教育メデ,'　　　　　　,'　,'　　　,'心理学　　,'1,'14
'3365,'79,'00,'0,'0,'308,'鎌倉女子大　　,'家政　　,'　　　　　　,'　,'　　　,'中高－家庭,'0,'14
'3365,'79,'05,'0,'0,'402,'鎌倉女子大　　,'家政　　,'管理栄養　　,'　,'　　　,'食物・栄養,'1,'14
'3365,'79,'06,'0,'0,'308,'鎌倉女子大　　,'家政　　,'家政保健　　,'　,'　　　,'中高－家庭,'1,'14
'3365,'80,'00,'0,'0,'404,'鎌倉女子大　　,'児童　　,'　　　　　　,'　,'　　　,'児童学　　,'0,'14
'3365,'80,'01,'0,'0,'301,'鎌倉女子大　　,'児童　　,'児童　　　　,'　,'　　　,'小学校　　,'1,'14
'3365,'80,'02,'0,'0,'105,'鎌倉女子大　　,'児童　　,'子ども心理　,'　,'　　　,'心理学　　,'1,'14
'3366,'12,'00,'0,'0,'202,'関東学院大　　,'法　　　,'　　　　　　,'　,'　　　,'政治学　　,'0,'14
'3366,'12,'03,'0,'0,'201,'関東学院大　　,'法　　　,'法　　　　　,'　,'　　　,'法学　　　,'1,'14
'3366,'12,'04,'0,'0,'202,'関東学院大　　,'法　　　,'地域創生　　,'　,'　　　,'政治学　　,'1,'14
'3366,'18,'00,'0,'0,'221,'関東学院大　　,'経済　　,'　　　　　　,'　,'　　　,'経済学　　,'0,'14
'3366,'18,'02,'0,'0,'221,'関東学院大　　,'経済　　,'経済　　　　,'　,'　　　,'経済学　　,'1,'14
'3366,'19,'00,'0,'0,'222,'関東学院大　　,'経営　　,'　　　　　　,'　,'　　　,'経営学・商,'0,'14
'3366,'19,'01,'0,'0,'222,'関東学院大　　,'経営　　,'経営　　　　,'　,'　　　,'経営学・商,'1,'14
'3366,'25,'00,'0,'0,'241,'関東学院大　　,'社会　　,'　　　　　　,'　,'　　　,'社会学　　,'0,'14
'3366,'25,'01,'0,'0,'241,'関東学院大　　,'社会　　,'現代社会　　,'　,'　　　,'社会学　　,'1,'14
'3366,'30,'00,'0,'0,'301,'関東学院大　　,'教育　　,'　　　　　　,'　,'　　　,'小学校　　,'0,'14
'3366,'30,'01,'0,'0,'301,'関東学院大　　,'教育　　,'こども発達　,'　,'　　　,'小学校　　,'1,'14
'3366,'33,'00,'0,'0,'106,'関東学院大　　,'国際文化,'　　　　　　,'　,'　　　,'文化学　　,'0,'14
'3366,'33,'03,'0,'0,'151,'関東学院大　　,'国際文化,'国際／英語文,'　,'　　　,'英米語　　,'1,'14
'3366,'33,'04,'0,'0,'107,'関東学院大　　,'国際文化,'国際／グロー,'　,'　　　,'西洋史　　,'1,'14
'3366,'33,'05,'0,'0,'106,'関東学院大　　,'国際文化,'国際／多文化,'　,'　　　,'文化学　　,'1,'14
'3366,'37,'00,'0,'0,'151,'関東学院大　　,'人間共生,'　　　　　　,'　,'　　　,'英米語　　,'0,'14
'3366,'37,'01,'0,'0,'151,'関東学院大　　,'人間共生,'コミュニケー,'　,'　　　,'英米語　　,'1,'14
'3366,'37,'02,'0,'0,'401,'関東学院大　　,'人間共生,'共生デザイン,'　,'　　　,'生活科学　,'1,'14
'3366,'38,'00,'0,'0,'506,'関東学院大　　,'情報　　,'　　　　　　,'　,'　　　,'情報科学　,'0,'14
'3366,'38,'01,'0,'0,'506,'関東学院大　　,'情報　　,'情報　　　　,'　,'　　　,'情報科学　,'1,'14
'3366,'47,'00,'0,'0,'501,'関東学院大　　,'理工　　,'　　　　　　,'　,'　　　,'数学　　　,'0,'14
'3366,'47,'01,'0,'0,'564,'関東学院大　　,'理工　　,'理工／生命科,'　,'　　　,'生物工学　,'1,'14
'3366,'47,'02,'0,'0,'501,'関東学院大　　,'理工　　,'理工／数理物,'　,'　　　,'数学　　　,'1,'14
'3366,'47,'03,'0,'0,'555,'関東学院大　　,'理工　　,'理工／応用化,'　,'　　　,'応用化学　,'1,'14
'3366,'47,'05,'0,'0,'552,'関東学院大　　,'理工　　,'理工／電気電,'　,'　　　,'電気・電子,'1,'14
'3366,'47,'09,'0,'0,'554,'関東学院大　　,'理工　　,'理工／土木都,'　,'　　　,'建築・土木,'1,'14
'3366,'47,'15,'0,'0,'551,'関東学院大　　,'理工　　,'理工／先進機,'　,'　　　,'機械工学　,'1,'14
'3366,'47,'16,'0,'0,'558,'関東学院大　　,'理工　　,'理工／表面工,'　,'　　　,'金属・材料,'1,'14
'3366,'48,'00,'0,'0,'405,'関東学院大　　,'建築環境,'　　　　　　,'　,'　　　,'住居学　　,'0,'14
'3366,'48,'01,'0,'0,'405,'関東学院大　　,'建築環境,'建築・環境　,'　,'　　　,'住居学　　,'1,'14
'3366,'64,'00,'0,'0,'651,'関東学院大　　,'看護　　,'　　　　　　,'　,'　　　,'看護　　　,'0,'14
'3366,'64,'01,'0,'0,'651,'関東学院大　　,'看護　　,'看護　　　　,'　,'　　　,'看護　　　,'1,'14
'3366,'79,'00,'0,'0,'402,'関東学院大　　,'栄養　　,'　　　　　　,'　,'　　　,'食物・栄養,'0,'14
'3366,'79,'01,'0,'0,'402,'関東学院大　　,'栄養　　,'管理栄養　　,'　,'　　　,'食物・栄養,'1,'14
'3367,'03,'00,'0,'0,'101,'相模女子大　　,'学芸　　,'　　　　　　,'　,'　　　,'日本文学　,'0,'14
'3367,'03,'01,'0,'0,'106,'相模女子大　　,'学芸　　,'国際コミュニ,'　,'　　　,'文化学　　,'1,'14
'3367,'03,'02,'0,'0,'101,'相模女子大　　,'学芸　　,'日本語日本文,'　,'　　　,'日本文学　,'1,'14
'3367,'03,'07,'0,'0,'301,'相模女子大　　,'学芸　　,'子ども教育　,'　,'　　　,'小学校　　,'1,'14
'3367,'03,'08,'0,'0,'752,'相模女子大　　,'学芸　　,'メディア情報,'　,'　　　,'総合情報学,'1,'14
'3367,'03,'09,'0,'0,'451,'相模女子大　　,'学芸　　,'生活デザイン,'　,'　　　,'美術・デザ,'1,'14
'3367,'27,'00,'0,'0,'105,'相模女子大　　,'人間社会,'　　　　　　,'　,'　　　,'心理学　　,'0,'14
'3367,'27,'01,'0,'0,'241,'相模女子大　　,'人間社会,'社会マネジメ,'　,'　　　,'社会学　　,'1,'14
'3367,'27,'02,'0,'0,'105,'相模女子大　　,'人間社会,'人間心理　　,'　,'　　　,'心理学　　,'1,'14
'3367,'27,'03,'0,'0,'243,'相模女子大　　,'人間社会,'地域クリエー,'　,'　　　,'観光学　　,'1,'14
'3367,'79,'00,'0,'0,'402,'相模女子大　　,'栄養科学,'　　　　　　,'　,'　　　,'食物・栄養,'0,'14
'3367,'79,'01,'0,'0,'402,'相模女子大　　,'栄養科学,'健康栄養　　,'　,'　　　,'食物・栄養,'1,'14
'3367,'79,'02,'0,'0,'402,'相模女子大　　,'栄養科学,'管理栄養　　,'　,'　　　,'食物・栄養,'1,'14
'3368,'19,'00,'0,'0,'222,'産業能率大　　,'経営　　,'　　　　　　,'　,'　　　,'経営学・商,'0,'13
'3368,'19,'01,'0,'0,'222,'産業能率大　　,'経営　　,'経営　　　　,'　,'　　　,'経営学・商,'1,'13
'3368,'19,'02,'0,'0,'222,'産業能率大　　,'経営　　,'マーケティン,'　,'　　　,'経営学・商,'1,'13
'3368,'21,'00,'0,'0,'222,'産業能率大　　,'情報マネ,'　　　　　　,'　,'　　　,'経営学・商,'0,'13
'3368,'21,'03,'0,'0,'222,'産業能率大　　,'情報マネ,'現代マネジメ,'　,'　　　,'経営学・商,'1,'13
'3369,'37,'00,'0,'0,'553,'湘南工科大　　,'情報　　,'　　　　　　,'　,'　　　,'情報工学　,'0,'14
'3369,'37,'01,'0,'0,'553,'湘南工科大　　,'情報　　,'情報／人工知,'　,'　　　,'情報工学　,'1,'14
'3369,'37,'02,'0,'0,'553,'湘南工科大　　,'情報　　,'情報／情報工,'　,'　　　,'情報工学　,'1,'14
'3369,'37,'03,'0,'0,'455,'湘南工科大　　,'情報　　,'情報／情報メ,'　,'　　　,'映像　　　,'1,'14
'3369,'46,'00,'0,'0,'551,'湘南工科大　　,'工　　　,'　　　　　　,'　,'　　　,'機械工学　,'0,'14
'3369,'46,'01,'0,'0,'551,'湘南工科大　　,'工　　　,'機械工　　　,'　,'　　　,'機械工学　,'1,'14
'3369,'46,'04,'0,'0,'552,'湘南工科大　　,'工　　　,'電気電子工　,'　,'　　　,'電気・電子,'1,'14
'3369,'46,'06,'0,'0,'566,'湘南工科大　　,'工　　　,'総合デザイン,'　,'　　　,'デザイン工,'1,'14
'3369,'46,'07,'0,'0,'555,'湘南工科大　　,'工　　　,'人間環境　　,'　,'　　　,'応用化学　,'1,'14
'3370,'83,'00,'0,'0,'453,'昭和音大　　　,'音楽　　,'　　　　　　,'　,'　　　,'音楽　　　,'0,'14
'3370,'83,'01,'0,'0,'452,'昭和音大　　　,'音楽　　,'音楽芸術運営,'　,'　　　,'芸術理論　,'1,'14
'3370,'83,'10,'0,'0,'453,'昭和音大　　　,'音楽　　,'音楽芸術表現,'　,'　　　,'音楽　　　,'1,'14
'3371,'55,'00,'0,'0,'601,'マリアンナ医大,'医　　　,'　　　　　　,'　,'　　　,'医　　　　,'0,'14
'3371,'55,'01,'0,'0,'601,'マリアンナ医大,'医　　　,'医　　　　　,'　,'　　　,'医　　　　,'1,'14
'3372,'83,'00,'0,'0,'453,'洗足学園音大　,'音楽　　,'　　　　　　,'　,'　　　,'音楽　　　,'0,'14
'3372,'83,'03,'0,'0,'453,'洗足学園音大　,'音楽　　,'音楽／作曲　,'　,'　　　,'音楽　　　,'1,'14
'3372,'83,'04,'0,'0,'453,'洗足学園音大　,'音楽　　,'音楽／声楽　,'　,'　　　,'音楽　　　,'1,'14
'3372,'83,'14,'0,'0,'453,'洗足学園音大　,'音楽　　,'音楽／ピアノ,'　,'　　　,'音楽　　　,'1,'14
'3372,'83,'16,'0,'0,'453,'洗足学園音大　,'音楽　　,'音楽／電子オ,'　,'　　　,'音楽　　　,'1,'14
'3372,'83,'17,'0,'0,'453,'洗足学園音大　,'音楽　　,'音楽／管楽器,'　,'　　　,'音楽　　　,'1,'14
'3372,'83,'18,'0,'0,'453,'洗足学園音大　,'音楽　　,'音楽／弦楽器,'　,'　　　,'音楽　　　,'1,'14
'3372,'83,'19,'0,'0,'453,'洗足学園音大　,'音楽　　,'音楽／打楽器,'　,'　　　,'音楽　　　,'1,'14
'3372,'83,'21,'0,'0,'453,'洗足学園音大　,'音楽　　,'音楽／音楽音,'　,'　　　,'音楽　　　,'1,'14
'3372,'83,'22,'0,'0,'453,'洗足学園音大　,'音楽　　,'音楽／ジャズ,'　,'　　　,'音楽　　　,'1,'14
'3372,'83,'23,'0,'0,'309,'洗足学園音大　,'音楽　　,'音楽／音楽教,'　,'　　　,'中高－音楽,'1,'14
'3372,'83,'24,'0,'0,'453,'洗足学園音大　,'音楽　　,'音楽／現代邦,'　,'　　　,'音楽　　　,'1,'14
'3372,'83,'26,'0,'0,'453,'洗足学園音大　,'音楽　　,'音楽／ミュー,'　,'　　　,'音楽　　　,'1,'14
'3372,'83,'45,'0,'0,'453,'洗足学園音大　,'音楽　　,'音楽／ロック,'　,'　　　,'音楽　　　,'1,'14
'3372,'83,'47,'0,'0,'456,'洗足学園音大　,'音楽　　,'音楽／バレエ,'　,'　　　,'演劇　　　,'1,'14
'3372,'83,'48,'0,'0,'453,'洗足学園音大　,'音楽　　,'音楽／声優ア,'　,'　　　,'音楽　　　,'1,'14
'3372,'83,'49,'0,'0,'456,'洗足学園音大　,'音楽　　,'音楽／ダンス,'　,'　　　,'演劇　　　,'1,'14
'3372,'83,'50,'0,'0,'453,'洗足学園音大　,'音楽　　,'音楽／ワール,'　,'　　　,'音楽　　　,'1,'14
'3372,'83,'51,'0,'0,'453,'洗足学園音大　,'音楽　　,'音楽／音楽環,'　,'　　　,'音楽　　　,'1,'14
'3372,'83,'52,'0,'0,'455,'洗足学園音大　,'音楽　　,'音楽／メディ,'　,'　　　,'映像　　　,'1,'14
'3373,'01,'00,'0,'0,'101,'鶴見大　　　　,'文　　　,'　　　　　　,'　,'　　　,'日本文学　,'0,'14
'3373,'01,'01,'0,'0,'102,'鶴見大　　　　,'文　　　,'英語英米文　,'　,'　　　,'外国文学　,'1,'14
'3373,'01,'02,'0,'0,'101,'鶴見大　　　　,'文　　　,'日本文　　　,'　,'　　　,'日本文学　,'1,'14
'3373,'01,'03,'0,'0,'111,'鶴見大　　　　,'文　　　,'文化財　　　,'　,'　　　,'考古学・文,'1,'14
'3373,'01,'04,'0,'0,'752,'鶴見大　　　　,'文　　　,'ドキュメンテ,'　,'　　　,'総合情報学,'1,'14
'3373,'58,'00,'0,'0,'611,'鶴見大　　　　,'歯　　　,'　　　　　　,'　,'　　　,'歯　　　　,'0,'14
'3373,'58,'01,'0,'0,'611,'鶴見大　　　　,'歯　　　,'歯　　　　　,'　,'　　　,'歯　　　　,'1,'14
'3374,'12,'00,'0,'0,'201,'桐蔭横浜大　　,'法　　　,'　　　　　　,'　,'　　　,'法学　　　,'0,'14
'3374,'12,'01,'0,'0,'201,'桐蔭横浜大　　,'法　　　,'法律　　　　,'　,'　　　,'法学　　　,'1,'14
'3374,'37,'00,'0,'0,'105,'桐蔭横浜大　　,'現代教養,'　　　　　　,'　,'　　　,'心理学　　,'1,'14
'3374,'47,'00,'0,'0,'564,'桐蔭横浜大　　,'医用工　,'　　　　　　,'　,'　　　,'生物工学　,'0,'14
'3374,'47,'02,'0,'0,'652,'桐蔭横浜大　　,'医用工　,'臨床工　　　,'　,'　　　,'医療技術　,'1,'14
'3374,'47,'03,'0,'0,'564,'桐蔭横浜大　　,'医用工　,'生命医工　　,'　,'　　　,'生物工学　,'1,'14
'3374,'64,'00,'0,'0,'654,'桐蔭横浜大　　,'スポーツ,'　　　　　　,'　,'　　　,'体育・健康,'0,'14
'3374,'64,'01,'0,'0,'301,'桐蔭横浜大　　,'スポーツ,'スポーツ教育,'　,'　　　,'小学校　　,'1,'14
'3374,'64,'04,'0,'0,'654,'桐蔭横浜大　　,'スポーツ,'スポーツ健康,'　,'　　　,'体育・健康,'1,'14
'3375,'46,'00,'0,'0,'455,'東京工芸大　　,'工　　　,'　　　　　　,'　,'　　　,'映像　　　,'0,'13
'3375,'46,'11,'0,'0,'551,'東京工芸大　　,'工　　　,'工／機械　　,'　,'　　　,'機械工学　,'1,'13
'3375,'46,'12,'0,'0,'552,'東京工芸大　　,'工　　　,'工／電気電子,'　,'　　　,'電気・電子,'1,'13
'3375,'46,'13,'0,'0,'455,'東京工芸大　　,'工　　　,'工／情報　　,'　,'　　　,'映像　　　,'1,'13
'3375,'46,'15,'0,'0,'554,'東京工芸大　　,'工　　　,'工／建築　　,'　,'　　　,'建築・土木,'1,'13
'3375,'83,'00,'0,'0,'455,'東京工芸大　　,'芸術　　,'　　　　　　,'　,'　　　,'映像　　　,'0,'13
'3375,'83,'01,'0,'0,'455,'東京工芸大　　,'芸術　　,'映像　　　　,'　,'　　　,'映像　　　,'1,'13
'3375,'83,'02,'0,'0,'455,'東京工芸大　　,'芸術　　,'写真　　　　,'　,'　　　,'映像　　　,'1,'13
'3375,'83,'03,'0,'0,'451,'東京工芸大　　,'芸術　　,'デザイン　　,'　,'　　　,'美術・デザ,'1,'13
'3375,'83,'04,'0,'0,'455,'東京工芸大　　,'芸術　　,'インタラクテ,'　,'　　　,'映像　　　,'1,'13
'3375,'83,'07,'0,'0,'455,'東京工芸大　　,'芸術　　,'アニメーショ,'　,'　　　,'映像　　　,'1,'13
'3375,'83,'08,'0,'0,'458,'東京工芸大　　,'芸術　　,'マンガ　　　,'　,'　　　,'その他芸術,'1,'13
'3375,'83,'11,'0,'0,'752,'東京工芸大　　,'芸術　　,'ゲーム　　　,'　,'　　　,'総合情報学,'1,'13
'3376,'28,'00,'0,'0,'105,'東洋英和女学大,'人間社会,'　　　　　　,'　,'　　　,'心理学　　,'0,'14
'3376,'28,'01,'0,'0,'105,'東洋英和女学大,'人間社会,'総合心理　　,'　,'　　　,'心理学　　,'1,'14
'3376,'28,'02,'0,'0,'312,'東洋英和女学大,'人間社会,'子ども教育　,'　,'　　　,'幼稚園　　,'1,'14
'3376,'28,'03,'0,'0,'106,'東洋英和女学大,'人間社会,'国際　　　　,'　,'　　　,'文化学　　,'1,'14
'3377,'37,'00,'0,'0,'105,'フェリス女大　,'グローバ,'　　　　　　,'　,'　　　,'心理学　　,'0,'14
'3377,'37,'01,'0,'0,'221,'フェリス女大　,'グローバ,'国際社会　　,'　,'　　　,'経済学　　,'1,'14
'3377,'37,'02,'0,'0,'105,'フェリス女大　,'グローバ,'心理コミュニ,'　,'　　　,'心理学　　,'1,'14
'3377,'37,'03,'0,'0,'106,'フェリス女大　,'グローバ,'文化表現　　,'　,'　　　,'文化学　　,'1,'14
'3378,'20,'00,'0,'0,'222,'横浜商大　　　,'商　　　,'　　　　　　,'　,'　　　,'経営学・商,'0,'14
'3378,'20,'02,'0,'0,'222,'横浜商大　　　,'商　　　,'商　　　　　,'　,'　　　,'経営学・商,'1,'14
'3378,'20,'04,'0,'0,'222,'横浜商大　　　,'商　　　,'経営／スポー,'　,'　　　,'経営学・商,'1,'14
'3378,'20,'05,'0,'0,'223,'横浜商大　　　,'商　　　,'経営／情報マ,'　,'　　　,'経営情報学,'1,'14
'3378,'20,'06,'0,'0,'243,'横浜商大　　　,'商　　　,'観光マネジメ,'　,'　　　,'観光学　　,'1,'14
'3379,'21,'00,'0,'0,'222,'松蔭大　　　　,'経営文化,'　　　　　　,'　,'　　　,'経営学・商,'0,'14
'3379,'21,'01,'0,'0,'221,'松蔭大　　　　,'経営文化,'ビジネスマネ,'　,'　　　,'経済学　　,'1,'14
'3379,'21,'03,'0,'0,'201,'松蔭大　　　　,'経営文化,'経営法　　　,'　,'　　　,'法学　　　,'1,'14
'3379,'27,'00,'0,'0,'222,'松蔭大　　　　,'観光メデ,'　　　　　　,'　,'　　　,'経営学・商,'0,'14
'3379,'27,'01,'0,'0,'222,'松蔭大　　　　,'観光メデ,'観光文化　　,'　,'　　　,'経営学・商,'1,'14
'3379,'27,'02,'0,'0,'752,'松蔭大　　　　,'観光メデ,'メディア情報,'　,'　　　,'総合情報学,'1,'14
'3379,'37,'00,'0,'0,'106,'松蔭大　　　　,'コミュニ,'　　　　　　,'　,'　　　,'文化学　　,'0,'14
'3379,'37,'01,'0,'0,'106,'松蔭大　　　　,'コミュニ,'異文化コミュ,'　,'　　　,'文化学　　,'1,'14
'3379,'37,'02,'0,'0,'105,'松蔭大　　　　,'コミュニ,'生活心理　　,'　,'　　　,'心理学　　,'1,'14
'3379,'37,'03,'0,'0,'101,'松蔭大　　　　,'コミュニ,'日本文化コミ,'　,'　　　,'日本文学　,'1,'14
'3379,'37,'04,'0,'0,'312,'松蔭大　　　　,'コミュニ,'子ども　　　,'　,'　　　,'幼稚園　　,'1,'14
'3379,'64,'00,'0,'0,'651,'松蔭大　　　　,'看護　　,'　　　　　　,'　,'　　　,'看護　　　,'0,'14
'3379,'64,'01,'0,'0,'651,'松蔭大　　　　,'看護　　,'看護　　　　,'　,'　　　,'看護　　　,'1,'14
'3380,'27,'00,'0,'0,'242,'田園調布学園大,'人間福祉,'　　　　　　,'　,'　　　,'社会福祉学,'0,'14
'3380,'27,'01,'0,'0,'242,'田園調布学園大,'人間福祉,'社会／社会福,'　,'　　　,'社会福祉学,'1,'14
'3380,'27,'02,'0,'0,'242,'田園調布学園大,'人間福祉,'社会／介護福,'　,'　　　,'社会福祉学,'1,'14
'3380,'27,'06,'0,'0,'105,'田園調布学園大,'人間福祉,'共生社会　　,'　,'　　　,'心理学　　,'1,'14
'3380,'31,'00,'0,'0,'301,'田園調布学園大,'子ども教,'　　　　　　,'　,'　　　,'小学校　　,'0,'14
'3380,'31,'01,'0,'0,'301,'田園調布学園大,'子ども教,'子ども教育　,'　,'　　　,'小学校　　,'1,'14
'3380,'37,'00,'0,'0,'105,'田園調布学園大,'人間科学,'　　　　　　,'　,'　　　,'心理学　　,'0,'14
'3380,'37,'01,'0,'0,'105,'田園調布学園大,'人間科学,'心理　　　　,'　,'　　　,'心理学　　,'1,'14
'3381,'61,'00,'0,'0,'621,'横浜薬大　　　,'薬　　　,'　　　　　　,'　,'　　　,'薬　　　　,'0,'14
'3381,'61,'01,'0,'0,'621,'横浜薬大　　　,'薬　　　,'漢方薬　　　,'　,'　　　,'薬　　　　,'1,'14
'3381,'61,'02,'0,'0,'621,'横浜薬大　　　,'薬　　　,'臨床薬　　　,'　,'　　　,'薬　　　　,'1,'14
'3381,'61,'03,'0,'0,'621,'横浜薬大　　　,'薬　　　,'健康薬　　　,'　,'　　　,'薬　　　　,'1,'14
'3381,'61,'04,'0,'0,'621,'横浜薬大　　　,'薬　　　,'薬科学　　　,'　,'　　　,'薬　　　　,'1,'14
'3382,'83,'00,'0,'0,'451,'横浜美大　　　,'美術　　,'　　　　　　,'　,'　　　,'美術・デザ,'0,'14
'3382,'83,'01,'0,'0,'451,'横浜美大　　　,'美術　　,'美術・デザイ,'　,'　　　,'美術・デザ,'1,'14
'3383,'83,'00,'0,'0,'455,'日本映画大　　,'映画　　,'　　　　　　,'　,'　　　,'映像　　　,'0,'14
'3383,'83,'01,'0,'0,'455,'日本映画大　　,'映画　　,'映画　　　　,'　,'　　　,'映像　　　,'1,'14
'3384,'31,'00,'0,'0,'312,'横浜創英大　　,'こども教,'　　　　　　,'　,'　　　,'幼稚園　　,'0,'14
'3384,'31,'01,'0,'0,'312,'横浜創英大　　,'こども教,'幼児教育　　,'　,'　　　,'幼稚園　　,'1,'14
'3384,'64,'00,'0,'0,'651,'横浜創英大　　,'看護　　,'　　　　　　,'　,'　　　,'看護　　　,'0,'14
'3384,'64,'01,'0,'0,'651,'横浜創英大　　,'看護　　,'看護　　　　,'　,'　　　,'看護　　　,'1,'14
'3385,'61,'00,'0,'0,'621,'湘南医療大　　,'薬　　　,'　　　　　　,'　,'　　　,'薬　　　　,'0,'14
'3385,'61,'01,'0,'0,'621,'湘南医療大　　,'薬　　　,'医療薬　　　,'　,'　　　,'薬　　　　,'1,'14
'3385,'64,'00,'0,'0,'651,'湘南医療大　　,'保健医療,'　　　　　　,'　,'　　　,'看護　　　,'0,'14
'3385,'64,'01,'0,'0,'651,'湘南医療大　　,'保健医療,'看護　　　　,'　,'　　　,'看護　　　,'1,'14
'3385,'64,'02,'0,'0,'655,'湘南医療大　　,'保健医療,'リハ／理学療,'　,'　　　,'理学療法　,'1,'14
'3385,'64,'03,'0,'0,'656,'湘南医療大　　,'保健医療,'リハ／作業療,'　,'　　　,'作業療法　,'1,'14
'3386,'64,'00,'0,'0,'651,'湘南鎌倉医療大,'看護　　,'　　　　　　,'　,'　　　,'看護　　　,'0,'14
'3386,'64,'01,'0,'0,'651,'湘南鎌倉医療大,'看護　　,'看護　　　　,'　,'　　　,'看護　　　,'1,'14
'3387,'79,'00,'0,'0,'458,'ビューティ職大,'ビューテ,'　　　　　　,'　,'　　　,'その他芸術,'0,'14
'3387,'79,'01,'0,'0,'458,'ビューティ職大,'ビューテ,'ビューティウ,'　,'　　　,'その他芸術,'1,'14
'3387,'79,'02,'0,'0,'458,'ビューティ職大,'ビューテ,'ビューティサ,'　,'　　　,'その他芸術,'1,'14
'3388,'21,'00,'0,'0,'222,'グロＢｉｚ職大,'グローバ,'　　　　　　,'　,'　　　,'経営学・商,'0,'14
'3388,'21,'01,'0,'0,'222,'グロＢｉｚ職大,'グローバ,'グローバルビ,'　,'　　　,'経営学・商,'1,'14
'3401,'02,'00,'0,'0,'106,'敬和学園大　　,'人文　　,'　　　　　　,'　,'　　　,'文化学　　,'0,'15
'3401,'02,'04,'0,'0,'106,'敬和学園大　　,'人文　　,'国際教養　　,'　,'　　　,'文化学　　,'1,'15
'3403,'21,'00,'0,'0,'222,'新潟経営大　　,'経営情報,'　　　　　　,'　,'　　　,'経営学・商,'0,'15
'3403,'21,'01,'0,'0,'151,'新潟経営大　　,'経営情報,'経営情報　　,'　,'　　　,'英米語　　,'1,'15
'3403,'21,'02,'0,'0,'222,'新潟経営大　　,'経営情報,'スポーツマネ,'　,'　　　,'経営学・商,'1,'15
'3404,'21,'00,'0,'0,'222,'新潟国際情報大,'経営情報,'　　　　　　,'　,'　　　,'経営学・商,'0,'15
'3404,'21,'01,'0,'0,'222,'新潟国際情報大,'経営情報,'経営　　　　,'　,'　　　,'経営学・商,'1,'15
'3404,'21,'02,'0,'0,'223,'新潟国際情報大,'経営情報,'情報システム,'　,'　　　,'経営情報学,'1,'15
'3404,'33,'00,'0,'0,'151,'新潟国際情報大,'国際　　,'　　　　　　,'　,'　　　,'英米語　　,'0,'15
'3404,'33,'01,'0,'0,'151,'新潟国際情報大,'国際　　,'国際文化　　,'　,'　　　,'英米語　　,'1,'15
'3405,'18,'00,'0,'0,'221,'新潟産大　　　,'経済　　,'　　　　　　,'　,'　　　,'経済学　　,'0,'15
'3405,'18,'03,'0,'0,'221,'新潟産大　　　,'経済　　,'経済経営　　,'　,'　　　,'経済学　　,'1,'15
'3405,'18,'05,'0,'0,'106,'新潟産大　　　,'経済　　,'文化経済　　,'　,'　　　,'文化学　　,'1,'15
'3406,'61,'00,'0,'0,'621,'新潟薬大　　　,'薬　　　,'　　　　　　,'　,'　　　,'薬　　　　,'0,'15
'3406,'61,'02,'0,'0,'621,'新潟薬大　　　,'薬　　　,'薬　　　　　,'　,'　　　,'薬　　　　,'1,'15
'3406,'64,'00,'0,'0,'658,'新潟薬大　　　,'医療技術,'　　　　　　,'　,'　　　,'検査技術　,'0,'15
'3406,'64,'01,'0,'0,'658,'新潟薬大　　　,'医療技術,'臨床検査　　,'　,'　　　,'検査技術　,'1,'15
'3406,'65,'00,'0,'0,'651,'新潟薬大　　　,'看護　　,'　　　　　　,'　,'　　　,'看護　　　,'0,'15
'3406,'65,'01,'0,'0,'651,'新潟薬大　　　,'看護　　,'看護　　　　,'　,'　　　,'看護　　　,'1,'15
'3406,'74,'00,'0,'0,'306,'新潟薬大　　　,'応用生命,'　　　　　　,'　,'　　　,'中高－理科,'0,'15
'3406,'74,'01,'0,'0,'306,'新潟薬大　　　,'応用生命,'応用生命科学,'　,'　　　,'中高－理科,'1,'15
'3406,'74,'03,'0,'0,'707,'新潟薬大　　　,'応用生命,'生命産業ビジ,'　,'　　　,'農業経済学,'1,'15
'3407,'46,'00,'0,'0,'551,'新潟工科大　　,'工　　　,'　　　　　　,'　,'　　　,'機械工学　,'0,'15
'3407,'46,'06,'0,'0,'551,'新潟工科大　　,'工　　　,'工　　　　　,'　,'　　　,'機械工学　,'1,'15
'3408,'27,'00,'0,'0,'105,'新潟青陵大　　,'福祉心理,'　　　　　　,'　,'　　　,'心理学　　,'0,'15
'3408,'27,'04,'0,'0,'105,'新潟青陵大　　,'福祉心理,'臨床心理　　,'　,'　　　,'心理学　　,'1,'15
'3408,'27,'05,'0,'0,'242,'新潟青陵大　　,'福祉心理,'社会福祉　　,'　,'　　　,'社会福祉学,'1,'15
'3408,'27,'06,'0,'0,'312,'新潟青陵大　　,'福祉心理,'子ども発達　,'　,'　　　,'幼稚園　　,'1,'15
'3408,'65,'00,'0,'0,'651,'新潟青陵大　　,'看護　　,'　　　　　　,'　,'　　　,'看護　　　,'0,'15
'3408,'65,'01,'0,'0,'651,'新潟青陵大　　,'看護　　,'看護　　　　,'　,'　　　,'看護　　　,'1,'15
'3409,'22,'00,'0,'0,'221,'長岡大　　　　,'経済経営,'　　　　　　,'　,'　　　,'経済学　　,'0,'15
'3409,'22,'03,'0,'0,'221,'長岡大　　　　,'経済経営,'経済経営　　,'　,'　　　,'経済学　　,'1,'15
'3410,'03,'00,'0,'0,'105,'新潟医療福祉大,'心理福祉,'　　　　　　,'　,'　　　,'心理学　　,'0,'15
'3410,'03,'01,'0,'0,'242,'新潟医療福祉大,'心理福祉,'社会福祉　　,'　,'　　　,'社会福祉学,'1,'15
'3410,'03,'02,'0,'0,'105,'新潟医療福祉大,'心理福祉,'心理健康　　,'　,'　　　,'心理学　　,'1,'15
'3410,'21,'00,'0,'0,'222,'新潟医療福祉大,'医療情報,'　　　　　　,'　,'　　　,'経営学・商,'0,'15
'3410,'21,'01,'0,'0,'222,'新潟医療福祉大,'医療情報,'医療情報管理,'　,'　　　,'経営学・商,'1,'15
'3410,'21,'02,'0,'0,'752,'新潟医療福祉大,'医療情報,'健康データサ,'　,'　　　,'総合情報学,'1,'15
'3410,'64,'00,'0,'0,'652,'新潟医療福祉大,'医療技術,'　　　　　　,'　,'　　　,'医療技術　,'0,'15
'3410,'64,'08,'0,'0,'652,'新潟医療福祉大,'医療技術,'臨床技術　　,'　,'　　　,'医療技術　,'1,'15
'3410,'64,'09,'0,'0,'652,'新潟医療福祉大,'医療技術,'視機能科学　,'　,'　　　,'医療技術　,'1,'15
'3410,'64,'10,'0,'0,'652,'新潟医療福祉大,'医療技術,'救急救命　　,'　,'　　　,'医療技術　,'1,'15
'3410,'64,'11,'0,'0,'657,'新潟医療福祉大,'医療技術,'診療放射線　,'　,'　　　,'放射線技術,'1,'15
'3410,'65,'00,'0,'0,'402,'新潟医療福祉大,'健康科学,'　　　　　　,'　,'　　　,'食物・栄養,'0,'15
'3410,'65,'01,'0,'0,'402,'新潟医療福祉大,'健康科学,'健康栄養　　,'　,'　　　,'食物・栄養,'1,'15
'3410,'65,'02,'0,'0,'654,'新潟医療福祉大,'健康科学,'健康スポーツ,'　,'　　　,'体育・健康,'1,'15
'3410,'66,'00,'0,'0,'652,'新潟医療福祉大,'リハビリ,'　　　　　　,'　,'　　　,'医療技術　,'0,'15
'3410,'66,'01,'0,'0,'655,'新潟医療福祉大,'リハビリ,'理学療法　　,'　,'　　　,'理学療法　,'1,'15
'3410,'66,'02,'0,'0,'656,'新潟医療福祉大,'リハビリ,'作業療法　　,'　,'　　　,'作業療法　,'1,'15
'3410,'66,'03,'0,'0,'652,'新潟医療福祉大,'リハビリ,'言語聴覚　　,'　,'　　　,'医療技術　,'1,'15
'3410,'66,'04,'0,'0,'652,'新潟医療福祉大,'リハビリ,'義肢装具自立,'　,'　　　,'医療技術　,'1,'15
'3410,'66,'05,'0,'0,'652,'新潟医療福祉大,'リハビリ,'鍼灸健康　　,'　,'　　　,'医療技術　,'1,'15
'3410,'67,'00,'0,'0,'651,'新潟医療福祉大,'看護　　,'　　　　　　,'　,'　　　,'看護　　　,'0,'15
'3410,'67,'01,'0,'0,'651,'新潟医療福祉大,'看護　　,'看護　　　　,'　,'　　　,'看護　　　,'1,'15
'3411,'64,'00,'0,'0,'105,'新潟リハビリ大,'医療　　,'　　　　　　,'　,'　　　,'心理学　　,'0,'15
'3411,'64,'01,'0,'0,'655,'新潟リハビリ大,'医療　　,'リハ／理学療,'　,'　　　,'理学療法　,'1,'15
'3411,'64,'04,'0,'0,'656,'新潟リハビリ大,'医療　　,'リハ／作業療,'　,'　　　,'作業療法　,'1,'15
'3411,'64,'05,'0,'0,'105,'新潟リハビリ大,'医療　　,'リハ／心理学,'　,'　　　,'心理学　　,'1,'15
'3412,'74,'00,'0,'0,'701,'新潟食料農業大,'食料産業,'　　　　　　,'　,'　　　,'農学　　　,'0,'15
'3412,'74,'01,'0,'0,'701,'新潟食料農業大,'食料産業,'食料産業　　,'　,'　　　,'農学　　　,'1,'15
'3413,'64,'00,'0,'0,'651,'長岡崇徳大　　,'看護　　,'　　　　　　,'　,'　　　,'看護　　　,'0,'15
'3413,'64,'01,'0,'0,'651,'長岡崇徳大　　,'看護　　,'看護　　　　,'　,'　　　,'看護　　　,'1,'15
'3414,'21,'00,'0,'0,'222,'開志専門職大　,'事業創造,'　　　　　　,'　,'　　　,'経営学・商,'0,'15
'3414,'21,'01,'0,'0,'222,'開志専門職大　,'事業創造,'事業創造　　,'　,'　　　,'経営学・商,'1,'15
'3414,'37,'00,'0,'0,'752,'開志専門職大　,'情報　　,'　　　　　　,'　,'　　　,'総合情報学,'0,'15
'3414,'37,'01,'0,'0,'752,'開志専門職大　,'情報　　,'情報　　　　,'　,'　　　,'総合情報学,'1,'15
'3414,'83,'00,'0,'0,'455,'開志専門職大　,'アニメマ,'　　　　　　,'　,'　　　,'映像　　　,'0,'15
'3414,'83,'01,'0,'0,'455,'開志専門職大　,'アニメマ,'アニメ・マン,'　,'　　　,'映像　　　,'1,'15
'3417,'29,'00,'0,'0,'222,'富山国際大　　,'現代社会,'　　　　　　,'　,'　　　,'経営学・商,'0,'16
'3417,'29,'01,'0,'0,'222,'富山国際大　　,'現代社会,'現代社会　　,'　,'　　　,'経営学・商,'1,'16
'3417,'79,'00,'0,'0,'242,'富山国際大　　,'子ども育,'　　　　　　,'　,'　　　,'社会福祉学,'0,'16
'3417,'79,'01,'0,'0,'242,'富山国際大　　,'子ども育,'子ども育成　,'　,'　　　,'社会福祉学,'1,'16
'3426,'55,'00,'0,'0,'601,'金沢医大　　　,'医　　　,'　　　　　　,'　,'　　　,'医　　　　,'0,'17
'3426,'55,'01,'0,'0,'601,'金沢医大　　　,'医　　　,'医　　　　　,'　,'　　　,'医　　　　,'1,'17
'3426,'64,'00,'0,'0,'651,'金沢医大　　　,'看護　　,'　　　　　　,'　,'　　　,'看護　　　,'0,'17
'3426,'64,'01,'0,'0,'651,'金沢医大　　　,'看護　　,'看護　　　　,'　,'　　　,'看護　　　,'1,'17
'3427,'02,'00,'0,'0,'151,'金沢星稜大　　,'人文　　,'　　　　　　,'　,'　　　,'英米語　　,'0,'17
'3427,'02,'01,'0,'0,'106,'金沢星稜大　　,'人文　　,'国際文化　　,'　,'　　　,'文化学　　,'1,'17
'3427,'02,'02,'0,'0,'151,'金沢星稜大　　,'人文　　,'国際英語　　,'　,'　　　,'英米語　　,'1,'17
'3427,'18,'00,'0,'0,'221,'金沢星稜大　　,'経済　　,'　　　　　　,'　,'　　　,'経済学　　,'0,'17
'3427,'18,'01,'0,'0,'221,'金沢星稜大　　,'経済　　,'経済　　　　,'　,'　　　,'経済学　　,'1,'17
'3427,'18,'03,'0,'0,'222,'金沢星稜大　　,'経済　　,'経営　　　　,'　,'　　　,'経営学・商,'1,'17
'3427,'18,'04,'0,'0,'202,'金沢星稜大　　,'経済　　,'地域システム,'　,'　　　,'政治学　　,'1,'17
'3427,'37,'00,'0,'0,'301,'金沢星稜大　　,'人間科学,'　　　　　　,'　,'　　　,'小学校　　,'0,'17
'3427,'37,'01,'0,'0,'654,'金沢星稜大　　,'人間科学,'スポーツ　　,'　,'　　　,'体育・健康,'1,'17
'3427,'37,'02,'0,'0,'301,'金沢星稜大　　,'人間科学,'こども　　　,'　,'　　　,'小学校　　,'1,'17
'3428,'39,'00,'0,'0,'105,'金沢工大　　　,'メディア,'　　　　　　,'　,'　　　,'心理学　　,'0,'17
'3428,'39,'01,'0,'0,'752,'金沢工大　　　,'メディア,'メディア情報,'　,'　　　,'総合情報学,'1,'17
'3428,'39,'02,'0,'0,'105,'金沢工大　　　,'メディア,'心理情報デザ,'　,'　　　,'心理学　　,'1,'17
'3428,'40,'00,'0,'0,'223,'金沢工大　　　,'情報デザ,'　　　　　　,'　,'　　　,'経営情報学,'0,'17
'3428,'40,'01,'0,'0,'223,'金沢工大　　　,'情報デザ,'経営情報　　,'　,'　　　,'経営情報学,'1,'17
'3428,'40,'02,'0,'0,'753,'金沢工大　　　,'情報デザ,'環境デザイン,'　,'　　　,'総合科学　,'1,'17
'3428,'46,'00,'0,'0,'551,'金沢工大　　　,'工　　　,'　　　　　　,'　,'　　　,'機械工学　,'0,'17
'3428,'46,'02,'0,'0,'551,'金沢工大　　　,'工　　　,'機械工　　　,'　,'　　　,'機械工学　,'1,'17
'3428,'46,'15,'0,'0,'561,'金沢工大　　　,'工　　　,'航空宇宙工　,'　,'　　　,'航空・宇宙,'1,'17
'3428,'46,'19,'0,'0,'554,'金沢工大　　　,'工　　　,'環境土木工　,'　,'　　　,'建築・土木,'1,'17
'3428,'46,'20,'0,'0,'551,'金沢工大　　　,'工　　　,'先進機械シス,'　,'　　　,'機械工学　,'1,'17
'3428,'46,'21,'0,'0,'552,'金沢工大　　　,'工　　　,'電気エネルギ,'　,'　　　,'電気・電子,'1,'17
'3428,'46,'22,'0,'0,'552,'金沢工大　　　,'工　　　,'電子情報シス,'　,'　　　,'電気・電子,'1,'17
'3428,'48,'00,'0,'0,'555,'金沢工大　　　,'バイオ化,'　　　　　　,'　,'　　　,'応用化学　,'0,'17
'3428,'48,'01,'0,'0,'564,'金沢工大　　　,'バイオ化,'生命・応用バ,'　,'　　　,'生物工学　,'1,'17
'3428,'48,'02,'0,'0,'555,'金沢工大　　　,'バイオ化,'環境・応用化,'　,'　　　,'応用化学　,'1,'17
'3428,'49,'00,'0,'0,'554,'金沢工大　　　,'建築　　,'　　　　　　,'　,'　　　,'建築・土木,'0,'17
'3428,'49,'01,'0,'0,'554,'金沢工大　　　,'建築　　,'建築　　　　,'　,'　　　,'建築・土木,'1,'17
'3428,'49,'02,'0,'0,'405,'金沢工大　　　,'建築　　,'建築デザイン,'　,'　　　,'住居学　　,'1,'17
'3428,'50,'00,'0,'0,'553,'金沢工大　　　,'情報理工,'　　　　　　,'　,'　　　,'情報工学　,'0,'17
'3428,'50,'01,'0,'0,'553,'金沢工大　　　,'情報理工,'情報工　　　,'　,'　　　,'情報工学　,'1,'17
'3428,'50,'02,'0,'0,'553,'金沢工大　　　,'情報理工,'知能情報シス,'　,'　　　,'情報工学　,'1,'17
'3428,'50,'03,'0,'0,'551,'金沢工大　　　,'情報理工,'ロボティクス,'　,'　　　,'機械工学　,'1,'17
'3429,'01,'00,'0,'0,'101,'金沢学院大　　,'文　　　,'　　　　　　,'　,'　　　,'日本文学　,'0,'17
'3429,'01,'05,'0,'0,'101,'金沢学院大　　,'文　　　,'文学／日本文,'　,'　　　,'日本文学　,'1,'17
'3429,'01,'06,'0,'0,'102,'金沢学院大　　,'文　　　,'文学／英米文,'　,'　　　,'外国文学　,'1,'17
'3429,'01,'07,'0,'0,'107,'金沢学院大　　,'文　　　,'文学／歴史学,'　,'　　　,'西洋史　　,'1,'17
'3429,'01,'08,'0,'0,'105,'金沢学院大　　,'文　　　,'文学／心理学,'　,'　　　,'心理学　　,'1,'17
'3429,'18,'00,'0,'0,'221,'金沢学院大　　,'経済　　,'　　　　　　,'　,'　　　,'経済学　　,'0,'17
'3429,'18,'01,'0,'0,'221,'金沢学院大　　,'経済　　,'経済　　　　,'　,'　　　,'経済学　　,'1,'17
'3429,'18,'02,'0,'0,'222,'金沢学院大　　,'経済　　,'経営　　　　,'　,'　　　,'経営学・商,'1,'17
'3429,'30,'00,'0,'0,'301,'金沢学院大　　,'教育　　,'　　　　　　,'　,'　　　,'小学校　　,'0,'17
'3429,'30,'01,'0,'0,'301,'金沢学院大　　,'教育　　,'教育　　　　,'　,'　　　,'小学校　　,'1,'17
'3429,'47,'00,'0,'0,'553,'金沢学院大　　,'情報工　,'　　　　　　,'　,'　　　,'情報工学　,'0,'17
'3429,'47,'01,'0,'0,'553,'金沢学院大　　,'情報工　,'情報工　　　,'　,'　　　,'情報工学　,'1,'17
'3429,'65,'00,'0,'0,'222,'金沢学院大　　,'スポーツ,'　　　　　　,'　,'　　　,'経営学・商,'0,'17
'3429,'65,'01,'0,'0,'222,'金沢学院大　　,'スポーツ,'スポーツ科学,'　,'　　　,'経営学・商,'1,'17
'3429,'79,'00,'0,'0,'402,'金沢学院大　　,'栄養　　,'　　　　　　,'　,'　　　,'食物・栄養,'0,'17
'3429,'79,'01,'0,'0,'402,'金沢学院大　　,'栄養　　,'栄養　　　　,'　,'　　　,'食物・栄養,'1,'17
'3429,'83,'00,'0,'0,'451,'金沢学院大　　,'芸術　　,'　　　　　　,'　,'　　　,'美術・デザ,'0,'17
'3429,'83,'04,'0,'0,'451,'金沢学院大　　,'芸術　　,'芸術　　　　,'　,'　　　,'美術・デザ,'1,'17
'3430,'21,'00,'0,'0,'221,'北陸大　　　　,'経済経営,'　　　　　　,'　,'　　　,'経済学　　,'0,'17
'3430,'21,'01,'0,'0,'222,'北陸大　　　　,'経済経営,'マネジメント,'　,'　　　,'経営学・商,'1,'17
'3430,'21,'02,'0,'0,'221,'北陸大　　　　,'経済経営,'経済　　　　,'　,'　　　,'経済学　　,'1,'17
'3430,'37,'00,'0,'0,'105,'北陸大　　　　,'国際コミ,'　　　　　　,'　,'　　　,'心理学　　,'0,'17
'3430,'37,'01,'0,'0,'151,'北陸大　　　　,'国際コミ,'国際コミュニ,'　,'　　　,'英米語　　,'1,'17
'3430,'37,'02,'0,'0,'105,'北陸大　　　　,'国際コミ,'心理社会　　,'　,'　　　,'心理学　　,'1,'17
'3430,'61,'00,'0,'0,'621,'北陸大　　　　,'薬　　　,'　　　　　　,'　,'　　　,'薬　　　　,'0,'17
'3430,'61,'02,'0,'0,'621,'北陸大　　　　,'薬　　　,'薬　　　　　,'　,'　　　,'薬　　　　,'1,'17
'3430,'64,'00,'0,'0,'652,'北陸大　　　　,'医療保健,'　　　　　　,'　,'　　　,'医療技術　,'0,'17
'3430,'64,'01,'0,'0,'652,'北陸大　　　　,'医療保健,'医療技術　　,'　,'　　　,'医療技術　,'1,'17
'3430,'64,'02,'0,'0,'655,'北陸大　　　　,'医療保健,'理学療法　　,'　,'　　　,'理学療法　,'1,'17
'3431,'21,'00,'0,'0,'221,'金城大　　　　,'総合経済,'　　　　　　,'　,'　　　,'経済学　　,'0,'17
'3431,'21,'01,'0,'0,'221,'金城大　　　　,'総合経済,'総合経済　　,'　,'　　　,'経済学　　,'1,'17
'3431,'27,'00,'0,'0,'242,'金城大　　　　,'人間社会,'　　　　　　,'　,'　　　,'社会福祉学,'0,'17
'3431,'27,'01,'0,'0,'242,'金城大　　　　,'人間社会,'社会福祉　　,'　,'　　　,'社会福祉学,'1,'17
'3431,'27,'02,'0,'0,'242,'金城大　　　　,'人間社会,'子ども教育保,'　,'　　　,'社会福祉学,'1,'17
'3431,'64,'00,'0,'0,'655,'金城大　　　　,'医療健康,'　　　　　　,'　,'　　　,'理学療法　,'0,'17
'3431,'64,'01,'0,'0,'655,'金城大　　　　,'医療健康,'理学療法　　,'　,'　　　,'理学療法　,'1,'17
'3431,'64,'02,'0,'0,'656,'金城大　　　　,'医療健康,'作業療法　　,'　,'　　　,'作業療法　,'1,'17
'3431,'65,'00,'0,'0,'651,'金城大　　　　,'看護　　,'　　　　　　,'　,'　　　,'看護　　　,'0,'17
'3431,'65,'01,'0,'0,'651,'金城大　　　　,'看護　　,'看護　　　　,'　,'　　　,'看護　　　,'1,'17
'3432,'25,'00,'0,'0,'241,'北陸学院大　　,'社会　　,'　　　　　　,'　,'　　　,'社会学　　,'0,'17
'3432,'25,'01,'0,'0,'241,'北陸学院大　　,'社会　　,'社会　　　　,'　,'　　　,'社会学　　,'1,'17
'3432,'25,'02,'0,'0,'222,'北陸学院大　　,'社会　　,'社会マネジメ,'　,'　　　,'経営学・商,'1,'17
'3432,'64,'00,'0,'0,'402,'北陸学院大　　,'健康科学,'　　　　　　,'　,'　　　,'食物・栄養,'0,'17
'3432,'64,'01,'0,'0,'402,'北陸学院大　　,'健康科学,'栄養　　　　,'　,'　　　,'食物・栄養,'1,'17
'3433,'22,'00,'0,'0,'222,'かなざわ食職大,'フードサ,'　　　　　　,'　,'　　　,'経営学・商,'0,'17
'3433,'22,'01,'0,'0,'222,'かなざわ食職大,'フードサ,'フードサービ,'　,'　　　,'経営学・商,'1,'17
'3441,'21,'00,'0,'0,'202,'福井工大　　　,'経営情報,'　　　　　　,'　,'　　　,'政治学　　,'0,'18
'3441,'21,'01,'0,'0,'202,'福井工大　　　,'経営情報,'経営情報　　,'　,'　　　,'政治学　　,'1,'18
'3441,'46,'00,'0,'0,'551,'福井工大　　　,'工　　　,'　　　　　　,'　,'　　　,'機械工学　,'0,'18
'3441,'46,'15,'0,'0,'551,'福井工大　　　,'工　　　,'機械工　　　,'　,'　　　,'機械工学　,'1,'18
'3441,'46,'19,'0,'0,'562,'福井工大　　　,'工　　　,'原子力技術応,'　,'　　　,'原子力・エ,'1,'18
'3441,'46,'29,'0,'0,'552,'福井工大　　　,'工　　　,'電気電子情報,'　,'　　　,'電気・電子,'1,'18
'3441,'46,'36,'0,'0,'554,'福井工大　　　,'工　　　,'建築土木工　,'　,'　　　,'建築・土木,'1,'18
'3441,'47,'00,'0,'0,'405,'福井工大　　　,'環境　　,'　　　　　　,'　,'　　　,'住居学　　,'0,'18
'3441,'47,'01,'0,'0,'703,'福井工大　　　,'環境　　,'環境食品応用,'　,'　　　,'農芸化学　,'1,'18
'3441,'47,'03,'0,'0,'405,'福井工大　　　,'環境　　,'デザイン　　,'　,'　　　,'住居学　　,'1,'18
'3441,'64,'00,'0,'0,'222,'福井工大　　　,'スポーツ,'　　　　　　,'　,'　　　,'経営学・商,'0,'18
'3441,'64,'01,'0,'0,'222,'福井工大　　　,'スポーツ,'スポーツ健康,'　,'　　　,'経営学・商,'1,'18
'3442,'03,'00,'0,'0,'105,'仁愛大　　　　,'心理　　,'　　　　　　,'　,'　　　,'心理学　　,'0,'18
'3442,'03,'01,'0,'0,'105,'仁愛大　　　　,'心理　　,'心理　　　　,'　,'　　　,'心理学　　,'1,'18
'3442,'21,'00,'0,'0,'222,'仁愛大　　　　,'ビジネス,'　　　　　　,'　,'　　　,'経営学・商,'0,'18
'3442,'21,'01,'0,'0,'222,'仁愛大　　　　,'ビジネス,'ビジネスコミ,'　,'　　　,'経営学・商,'1,'18
'3442,'79,'00,'0,'0,'301,'仁愛大　　　　,'栄養子ど,'　　　　　　,'　,'　　　,'小学校　　,'0,'18
'3442,'79,'01,'0,'0,'402,'仁愛大　　　　,'栄養子ど,'健康栄養　　,'　,'　　　,'食物・栄養,'1,'18
'3442,'79,'02,'0,'0,'301,'仁愛大　　　　,'栄養子ど,'子ども教育　,'　,'　　　,'小学校　　,'1,'18
'3443,'64,'00,'0,'0,'651,'福井医療大　　,'保健医療,'　　　　　　,'　,'　　　,'看護　　　,'0,'18
'3443,'64,'01,'0,'0,'654,'福井医療大　　,'保健医療,'リハ／理学療,'　,'　　　,'体育・健康,'1,'18
'3443,'64,'02,'0,'0,'656,'福井医療大　　,'保健医療,'リハ／作業療,'　,'　　　,'作業療法　,'1,'18
'3443,'64,'03,'0,'0,'652,'福井医療大　　,'保健医療,'リハ／言語聴,'　,'　　　,'医療技術　,'1,'18
'3443,'64,'04,'0,'0,'651,'福井医療大　　,'保健医療,'看護　　　　,'　,'　　　,'看護　　　,'1,'18
'3451,'31,'00,'0,'0,'312,'帝京科学大　　,'教育人間,'　　　　　　,'　,'　　　,'幼稚園　　,'0,'13
'3451,'31,'02,'0,'0,'312,'帝京科学大　　,'教育人間,'幼児保育　　,'　,'　　　,'幼稚園　　,'1,'13
'3451,'31,'03,'0,'0,'301,'帝京科学大　　,'教育人間,'学校／小学校,'　,'　　　,'小学校　　,'1,'13
'3451,'31,'04,'0,'0,'306,'帝京科学大　　,'教育人間,'学校／中高理,'　,'　　　,'中高－理科,'1,'13
'3451,'31,'05,'0,'0,'311,'帝京科学大　　,'教育人間,'学校／中高保,'　,'　　　,'中高－体育,'1,'13
'3451,'31,'06,'0,'0,'301,'帝京科学大　　,'教育人間,'こど／小・幼,'　,'　　　,'小学校　　,'1,'13
'3451,'31,'07,'0,'0,'312,'帝京科学大　　,'教育人間,'こど／幼・保,'　,'　　　,'幼稚園　　,'1,'13
'3451,'31,'08,'0,'0,'304,'帝京科学大　　,'教育人間,'学校／中高英,'　,'　　　,'中高－英語,'1,'13
'3451,'37,'00,'0,'0,'504,'帝京科学大　　,'生命環境,'　　　　　　,'　,'　　　,'生物学　　,'0,'13
'3451,'37,'09,'0,'0,'564,'帝京科学大　　,'生命環境,'生命／生命　,'　,'　　　,'生物工学　,'1,'13
'3451,'37,'10,'0,'0,'402,'帝京科学大　　,'生命環境,'生命／生・健,'　,'　　　,'食物・栄養,'1,'13
'3451,'37,'11,'0,'0,'652,'帝京科学大　　,'生命環境,'生命／臨床工,'　,'　　　,'医療技術　,'1,'13
'3451,'37,'12,'0,'0,'504,'帝京科学大　　,'生命環境,'アニマルサイ,'　,'　　　,'生物学　　,'1,'13
'3451,'37,'13,'0,'0,'503,'帝京科学大　　,'生命環境,'自然・東京西,'　,'　　　,'化学　　　,'1,'13
'3451,'37,'15,'0,'0,'503,'帝京科学大　　,'生命環境,'自然・千住　,'　,'　　　,'化学　　　,'1,'13
'3451,'37,'16,'0,'0,'705,'帝京科学大　　,'生命環境,'アニ／看護福,'　,'　　　,'獣医学　　,'1,'13
'3451,'37,'17,'0,'0,'705,'帝京科学大　　,'生命環境,'アニ／看護科,'　,'　　　,'獣医学　　,'1,'13
'3451,'64,'00,'0,'0,'652,'帝京科学大　　,'医療科学,'　　　　　　,'　,'　　　,'医療技術　,'0,'13
'3451,'64,'04,'0,'0,'655,'帝京科学大　　,'医療科学,'理学療法　　,'　,'　　　,'理学療法　,'1,'13
'3451,'64,'05,'0,'0,'656,'帝京科学大　　,'医療科学,'作業療法　　,'　,'　　　,'作業療法　,'1,'13
'3451,'64,'06,'0,'0,'652,'帝京科学大　　,'医療科学,'柔道整復　　,'　,'　　　,'医療技術　,'1,'13
'3451,'64,'07,'0,'0,'655,'帝京科学大　　,'医療科学,'東京理学療法,'　,'　　　,'理学療法　,'1,'13
'3451,'64,'08,'0,'0,'652,'帝京科学大　　,'医療科学,'東京柔道整復,'　,'　　　,'医療技術　,'1,'13
'3451,'64,'09,'0,'0,'651,'帝京科学大　　,'医療科学,'看護　　　　,'　,'　　　,'看護　　　,'1,'13
'3451,'64,'10,'0,'0,'242,'帝京科学大　　,'医療科学,'医療福祉　　,'　,'　　　,'社会福祉学,'1,'13
'3452,'03,'00,'0,'0,'104,'身延山大　　　,'仏教　　,'　　　　　　,'　,'　　　,'哲学倫理宗,'0,'19
'3452,'03,'01,'0,'0,'104,'身延山大　　　,'仏教　　,'仏教　　　　,'　,'　　　,'哲学倫理宗,'1,'19
'3453,'12,'00,'0,'0,'201,'山梨学院大　　,'法　　　,'　　　　　　,'　,'　　　,'法学　　　,'0,'19
'3453,'12,'02,'0,'0,'201,'山梨学院大　　,'法　　　,'法　　　　　,'　,'　　　,'法学　　　,'1,'19
'3453,'19,'00,'0,'0,'222,'山梨学院大　　,'経営　　,'　　　　　　,'　,'　　　,'経営学・商,'0,'19
'3453,'19,'01,'0,'0,'222,'山梨学院大　　,'経営　　,'経営　　　　,'　,'　　　,'経営学・商,'1,'19
'3453,'37,'00,'0,'0,'151,'山梨学院大　　,'国際リベ,'　　　　　　,'　,'　　　,'英米語　　,'0,'19
'3453,'37,'01,'0,'0,'151,'山梨学院大　　,'国際リベ,'国際リベラル,'　,'　　　,'英米語　　,'1,'19
'3453,'64,'00,'0,'0,'402,'山梨学院大　　,'健康栄養,'　　　　　　,'　,'　　　,'食物・栄養,'0,'19
'3453,'64,'01,'0,'0,'402,'山梨学院大　　,'健康栄養,'管理栄養　　,'　,'　　　,'食物・栄養,'1,'19
'3453,'65,'00,'0,'0,'654,'山梨学院大　　,'スポーツ,'　　　　　　,'　,'　　　,'体育・健康,'0,'19
'3453,'65,'01,'0,'0,'654,'山梨学院大　　,'スポーツ,'スポーツ科学,'　,'　　　,'体育・健康,'1,'19
'3454,'37,'00,'0,'0,'105,'山梨英和大　　,'人間文化,'　　　　　　,'　,'　　　,'心理学　　,'0,'19
'3454,'37,'01,'0,'0,'105,'山梨英和大　　,'人間文化,'人間文化　　,'　,'　　　,'心理学　　,'1,'19
'3455,'64,'00,'0,'0,'105,'健康科学大　　,'健康科学,'　　　　　　,'　,'　　　,'心理学　　,'0,'19
'3455,'64,'03,'0,'0,'105,'健康科学大　　,'健康科学,'人間コミュニ,'　,'　　　,'心理学　　,'1,'19
'3455,'64,'06,'0,'0,'655,'健康科学大　　,'健康科学,'リハ／理学療,'　,'　　　,'理学療法　,'1,'19
'3455,'64,'07,'0,'0,'656,'健康科学大　　,'健康科学,'リハ／作業療,'　,'　　　,'作業療法　,'1,'19
'3455,'65,'00,'0,'0,'651,'健康科学大　　,'看護　　,'　　　　　　,'　,'　　　,'看護　　　,'0,'19
'3455,'65,'01,'0,'0,'651,'健康科学大　　,'看護　　,'看護　　　　,'　,'　　　,'看護　　　,'1,'19
'3462,'58,'00,'0,'0,'611,'松本歯大　　　,'歯　　　,'　　　　　　,'　,'　　　,'歯　　　　,'0,'20
'3462,'58,'01,'0,'0,'611,'松本歯大　　　,'歯　　　,'歯　　　　　,'　,'　　　,'歯　　　　,'1,'20
'3463,'21,'00,'0,'0,'222,'松本大　　　　,'総合経営,'　　　　　　,'　,'　　　,'経営学・商,'0,'20
'3463,'21,'01,'0,'0,'222,'松本大　　　　,'総合経営,'総合経営　　,'　,'　　　,'経営学・商,'1,'20
'3463,'21,'02,'0,'0,'242,'松本大　　　　,'総合経営,'観光ホスピタ,'　,'　　　,'社会福祉学,'1,'20
'3463,'30,'00,'0,'0,'301,'松本大　　　　,'教育　　,'　　　　　　,'　,'　　　,'小学校　　,'0,'20
'3463,'30,'01,'0,'0,'301,'松本大　　　　,'教育　　,'学校教育　　,'　,'　　　,'小学校　　,'1,'20
'3463,'64,'00,'0,'0,'402,'松本大　　　　,'人間健康,'　　　　　　,'　,'　　　,'食物・栄養,'0,'20
'3463,'64,'01,'0,'0,'402,'松本大　　　　,'人間健康,'健康栄養　　,'　,'　　　,'食物・栄養,'1,'20
'3463,'64,'02,'0,'0,'654,'松本大　　　　,'人間健康,'スポーツ健康,'　,'　　　,'体育・健康,'1,'20
'3465,'27,'00,'0,'0,'222,'清泉大　　　　,'人文社会,'　　　　　　,'　,'　　　,'経営学・商,'0,'20
'3465,'27,'01,'0,'0,'151,'清泉大　　　　,'人文社会,'情報コミュニ,'　,'　　　,'英米語　　,'1,'20
'3465,'27,'02,'0,'0,'106,'清泉大　　　　,'人文社会,'文化芸術　　,'　,'　　　,'文化学　　,'1,'20
'3465,'37,'00,'0,'0,'105,'清泉大　　　　,'人間　　,'　　　　　　,'　,'　　　,'心理学　　,'0,'20
'3465,'37,'01,'0,'0,'105,'清泉大　　　　,'人間　　,'心理コミュニ,'　,'　　　,'心理学　　,'1,'20
'3465,'64,'00,'0,'0,'651,'清泉大　　　　,'看護　　,'　　　　　　,'　,'　　　,'看護　　　,'0,'20
'3465,'64,'01,'0,'0,'651,'清泉大　　　　,'看護　　,'看護　　　　,'　,'　　　,'看護　　　,'1,'20
'3466,'27,'00,'0,'0,'242,'佐久大　　　　,'人間福祉,'　　　　　　,'　,'　　　,'社会福祉学,'0,'20
'3466,'27,'01,'0,'0,'242,'佐久大　　　　,'人間福祉,'人間福祉　　,'　,'　　　,'社会福祉学,'1,'20
'3466,'64,'00,'0,'0,'651,'佐久大　　　　,'看護　　,'　　　　　　,'　,'　　　,'看護　　　,'0,'20
'3466,'64,'01,'0,'0,'651,'佐久大　　　　,'看護　　,'看護　　　　,'　,'　　　,'看護　　　,'1,'20
'3467,'64,'00,'0,'0,'655,'長野保健医療大,'保健科学,'　　　　　　,'　,'　　　,'理学療法　,'0,'20
'3467,'64,'01,'0,'0,'655,'長野保健医療大,'保健科学,'リハ／理学療,'　,'　　　,'理学療法　,'1,'20
'3467,'64,'02,'0,'0,'656,'長野保健医療大,'保健科学,'リハ／作業療,'　,'　　　,'作業療法　,'1,'20
'3467,'65,'00,'0,'0,'651,'長野保健医療大,'看護　　,'　　　　　　,'　,'　　　,'看護　　　,'0,'20
'3467,'65,'01,'0,'0,'651,'長野保健医療大,'看護　　,'看護　　　　,'　,'　　　,'看護　　　,'1,'20
'3468,'64,'00,'0,'0,'651,'松本看護大　　,'看護　　,'　　　　　　,'　,'　　　,'看護　　　,'0,'20
'3468,'64,'01,'0,'0,'651,'松本看護大　　,'看護　　,'看護　　　　,'　,'　　　,'看護　　　,'1,'20
'3481,'12,'00,'0,'0,'201,'朝日大　　　　,'法　　　,'　　　　　　,'　,'　　　,'法学　　　,'0,'21
'3481,'12,'01,'0,'0,'201,'朝日大　　　　,'法　　　,'法　　　　　,'　,'　　　,'法学　　　,'1,'21
'3481,'19,'00,'0,'0,'222,'朝日大　　　　,'経営　　,'　　　　　　,'　,'　　　,'経営学・商,'0,'21
'3481,'19,'01,'0,'0,'222,'朝日大　　　　,'経営　　,'経営　　　　,'　,'　　　,'経営学・商,'1,'21
'3481,'58,'00,'0,'0,'611,'朝日大　　　　,'歯　　　,'　　　　　　,'　,'　　　,'歯　　　　,'0,'21
'3481,'58,'01,'0,'0,'611,'朝日大　　　　,'歯　　　,'歯　　　　　,'　,'　　　,'歯　　　　,'1,'21
'3481,'64,'00,'0,'0,'651,'朝日大　　　　,'保健医療,'　　　　　　,'　,'　　　,'看護　　　,'0,'21
'3481,'64,'01,'0,'0,'651,'朝日大　　　　,'保健医療,'看護　　　　,'　,'　　　,'看護　　　,'1,'21
'3481,'64,'02,'0,'0,'654,'朝日大　　　　,'保健医療,'健康スポーツ,'　,'　　　,'体育・健康,'1,'21
'3481,'64,'03,'0,'0,'652,'朝日大　　　　,'保健医療,'救急救命　　,'　,'　　　,'医療技術　,'1,'21
'3482,'18,'00,'0,'0,'202,'岐阜協立大　　,'経済　　,'　　　　　　,'　,'　　　,'政治学　　,'1,'21
'3482,'19,'00,'0,'0,'222,'岐阜協立大　　,'経営　　,'　　　　　　,'　,'　　　,'経営学・商,'0,'21
'3482,'19,'03,'0,'0,'222,'岐阜協立大　　,'経営　　,'スポーツ経営,'　,'　　　,'経営学・商,'1,'21
'3482,'19,'04,'0,'0,'222,'岐阜協立大　　,'経営　　,'経営情報　　,'　,'　　　,'経営学・商,'1,'21
'3482,'64,'00,'0,'0,'651,'岐阜協立大　　,'看護　　,'　　　　　　,'　,'　　　,'看護　　　,'0,'21
'3482,'64,'01,'0,'0,'651,'岐阜協立大　　,'看護　　,'看護　　　　,'　,'　　　,'看護　　　,'1,'21
'3483,'03,'00,'0,'0,'302,'岐阜女子大　　,'文化創造,'　　　　　　,'　,'　　　,'中高－国語,'0,'21
'3483,'03,'09,'0,'0,'151,'岐阜女子大　　,'文化創造,'文化／文化創,'　,'　　　,'英米語　　,'1,'21
'3483,'03,'10,'0,'0,'301,'岐阜女子大　　,'文化創造,'文化／初等教,'　,'　　　,'小学校　　,'1,'21
'3483,'03,'16,'0,'0,'752,'岐阜女子大　　,'文化創造,'文化／デジタ,'　,'　　　,'総合情報学,'1,'21
'3483,'79,'00,'0,'0,'308,'岐阜女子大　　,'家政　　,'　　　　　　,'　,'　　　,'中高－家庭,'0,'21
'3483,'79,'04,'0,'0,'402,'岐阜女子大　　,'家政　　,'健康栄養　　,'　,'　　　,'食物・栄養,'1,'21
'3483,'79,'05,'0,'0,'308,'岐阜女子大　　,'家政　　,'生活／生活科,'　,'　　　,'中高－家庭,'1,'21
'3483,'79,'06,'0,'0,'405,'岐阜女子大　　,'家政　　,'生活／建築デ,'　,'　　　,'住居学　　,'1,'21
'3484,'02,'00,'0,'0,'106,'岐阜聖徳学園大,'人文　　,'　　　　　　,'　,'　　　,'文化学　　,'0,'21
'3484,'02,'02,'0,'0,'106,'岐阜聖徳学園大,'人文　　,'人文／英語英,'　,'　　　,'文化学　　,'1,'21
'3484,'02,'03,'0,'0,'106,'岐阜聖徳学園大,'人文　　,'人文／日本語,'　,'　　　,'文化学　　,'1,'21
'3484,'02,'04,'0,'0,'103,'岐阜聖徳学園大,'人文　　,'人文／歴史地,'　,'　　　,'地理学　　,'1,'21
'3484,'21,'00,'0,'0,'221,'岐阜聖徳学園大,'経済情報,'　　　　　　,'　,'　　　,'経済学　　,'0,'21
'3484,'21,'01,'0,'0,'221,'岐阜聖徳学園大,'経済情報,'経済情報　　,'　,'　　　,'経済学　　,'1,'21
'3484,'30,'00,'0,'0,'301,'岐阜聖徳学園大,'教育　　,'　　　　　　,'　,'　　　,'小学校　　,'0,'21
'3484,'30,'10,'0,'0,'301,'岐阜聖徳学園大,'教育　　,'学校／国語　,'　,'　　　,'小学校　　,'1,'21
'3484,'30,'11,'0,'0,'301,'岐阜聖徳学園大,'教育　　,'学校／社会　,'　,'　　　,'小学校　　,'1,'21
'3484,'30,'12,'0,'0,'301,'岐阜聖徳学園大,'教育　　,'学校／数学　,'　,'　　　,'小学校　　,'1,'21
'3484,'30,'13,'0,'0,'301,'岐阜聖徳学園大,'教育　　,'学校／理科　,'　,'　　　,'小学校　　,'1,'21
'3484,'30,'14,'0,'0,'301,'岐阜聖徳学園大,'教育　　,'学校／音楽　,'　,'　　　,'小学校　　,'1,'21
'3484,'30,'15,'0,'0,'301,'岐阜聖徳学園大,'教育　　,'学校／体育　,'　,'　　　,'小学校　　,'1,'21
'3484,'30,'16,'0,'0,'301,'岐阜聖徳学園大,'教育　　,'学校／英語　,'　,'　　　,'小学校　　,'1,'21
'3484,'30,'17,'0,'0,'301,'岐阜聖徳学園大,'教育　　,'学校／保育初,'　,'　　　,'小学校　　,'1,'21
'3484,'30,'18,'0,'0,'313,'岐阜聖徳学園大,'教育　　,'学校／特別支,'　,'　　　,'特別支援教,'1,'21
'3484,'30,'19,'0,'0,'105,'岐阜聖徳学園大,'教育　　,'学校／学校心,'　,'　　　,'心理学　　,'1,'21
'3484,'64,'00,'0,'0,'651,'岐阜聖徳学園大,'看護　　,'　　　　　　,'　,'　　　,'看護　　　,'0,'21
'3484,'64,'01,'0,'0,'651,'岐阜聖徳学園大,'看護　　,'看護　　　　,'　,'　　　,'看護　　　,'1,'21
'3485,'19,'00,'0,'0,'222,'中京学院大　　,'経営　　,'　　　　　　,'　,'　　　,'経営学・商,'0,'21
'3485,'19,'01,'0,'0,'222,'中京学院大　　,'経営　　,'経営　　　　,'　,'　　　,'経営学・商,'1,'21
'3485,'64,'00,'0,'0,'651,'中京学院大　　,'看護　　,'　　　　　　,'　,'　　　,'看護　　　,'0,'21
'3485,'64,'01,'0,'0,'651,'中京学院大　　,'看護　　,'看護　　　　,'　,'　　　,'看護　　　,'1,'21
'3486,'37,'00,'0,'0,'105,'東海学院大　　,'人間関係,'　　　　　　,'　,'　　　,'心理学　　,'0,'21
'3486,'37,'01,'0,'0,'105,'東海学院大　　,'人間関係,'心理　　　　,'　,'　　　,'心理学　　,'1,'21
'3486,'37,'03,'0,'0,'301,'東海学院大　　,'人間関係,'子ども発達　,'　,'　　　,'小学校　　,'1,'21
'3486,'64,'00,'0,'0,'222,'東海学院大　　,'健康福祉,'　　　　　　,'　,'　　　,'経営学・商,'0,'21
'3486,'64,'01,'0,'0,'402,'東海学院大　　,'健康福祉,'医療栄養　　,'　,'　　　,'食物・栄養,'1,'21
'3486,'64,'02,'0,'0,'222,'東海学院大　　,'健康福祉,'総合福祉　　,'　,'　　　,'経営学・商,'1,'21
'3487,'27,'00,'0,'0,'105,'中部学院大　　,'人間福祉,'　　　　　　,'　,'　　　,'心理学　　,'0,'21
'3487,'27,'01,'0,'0,'105,'中部学院大　　,'人間福祉,'人間福祉　　,'　,'　　　,'心理学　　,'1,'21
'3487,'30,'00,'0,'0,'301,'中部学院大　　,'教育　　,'　　　　　　,'　,'　　　,'小学校　　,'0,'21
'3487,'30,'01,'0,'0,'301,'中部学院大　　,'教育　　,'子ども教育　,'　,'　　　,'小学校　　,'1,'21
'3487,'64,'00,'0,'0,'651,'中部学院大　　,'看護リハ,'　　　　　　,'　,'　　　,'看護　　　,'0,'21
'3487,'64,'01,'0,'0,'655,'中部学院大　　,'看護リハ,'理学療法　　,'　,'　　　,'理学療法　,'1,'21
'3487,'64,'02,'0,'0,'651,'中部学院大　　,'看護リハ,'看護　　　　,'　,'　　　,'看護　　　,'1,'21
'3487,'65,'00,'0,'0,'654,'中部学院大　　,'スポーツ,'　　　　　　,'　,'　　　,'体育・健康,'0,'21
'3487,'65,'01,'0,'0,'654,'中部学院大　　,'スポーツ,'スポーツ健康,'　,'　　　,'体育・健康,'1,'21
'3488,'61,'00,'0,'0,'621,'岐阜医療科学大,'薬　　　,'　　　　　　,'　,'　　　,'薬　　　　,'0,'21
'3488,'61,'01,'0,'0,'621,'岐阜医療科学大,'薬　　　,'薬　　　　　,'　,'　　　,'薬　　　　,'1,'21
'3488,'64,'00,'0,'0,'657,'岐阜医療科学大,'保健科学,'　　　　　　,'　,'　　　,'放射線技術,'0,'21
'3488,'64,'01,'0,'0,'657,'岐阜医療科学大,'保健科学,'放射線技術　,'　,'　　　,'放射線技術,'1,'21
'3488,'64,'02,'0,'0,'658,'岐阜医療科学大,'保健科学,'臨床検査　　,'　,'　　　,'検査技術　,'1,'21
'3488,'65,'00,'0,'0,'651,'岐阜医療科学大,'看護　　,'　　　　　　,'　,'　　　,'看護　　　,'0,'21
'3488,'65,'01,'0,'0,'651,'岐阜医療科学大,'看護　　,'看護　　　　,'　,'　　　,'看護　　　,'1,'21
'3489,'64,'00,'0,'0,'651,'岐阜保健大　　,'看護　　,'　　　　　　,'　,'　　　,'看護　　　,'0,'21
'3489,'64,'01,'0,'0,'651,'岐阜保健大　　,'看護　　,'看護　　　　,'　,'　　　,'看護　　　,'1,'21
'3489,'65,'00,'0,'0,'655,'岐阜保健大　　,'リハビリ,'　　　　　　,'　,'　　　,'理学療法　,'0,'21
'3489,'65,'01,'0,'0,'655,'岐阜保健大　　,'リハビリ,'理学療法　　,'　,'　　　,'理学療法　,'1,'21
'3489,'65,'02,'0,'0,'656,'岐阜保健大　　,'リハビリ,'作業療法　　,'　,'　　　,'作業療法　,'1,'21
'3490,'37,'00,'0,'0,'753,'コー・イノベ大,'共創　　,'　　　　　　,'　,'　　　,'総合科学　,'0,'21
'3490,'37,'01,'0,'0,'753,'コー・イノベ大,'共創　　,'地域共創　　,'　,'　　　,'総合科学　,'1,'21
'3501,'19,'00,'0,'0,'105,'静岡産業大　　,'経営　　,'　　　　　　,'　,'　　　,'心理学　　,'1,'22
'3501,'64,'00,'0,'0,'311,'静岡産業大　　,'スポーツ,'　　　　　　,'　,'　　　,'中高－体育,'0,'22
'3501,'64,'01,'0,'0,'311,'静岡産業大　　,'スポーツ,'スポーツ科学,'　,'　　　,'中高－体育,'1,'22
'3502,'37,'00,'0,'0,'506,'静岡理工科大　,'情報　　,'　　　　　　,'　,'　　　,'情報科学　,'0,'22
'3502,'37,'06,'0,'0,'506,'静岡理工科大　,'情報　　,'情報　　　　,'　,'　　　,'情報科学　,'1,'22
'3502,'47,'00,'0,'0,'551,'静岡理工科大　,'理工　　,'　　　　　　,'　,'　　　,'機械工学　,'0,'22
'3502,'47,'08,'0,'0,'551,'静岡理工科大　,'理工　　,'理工／機械工,'　,'　　　,'機械工学　,'1,'22
'3502,'47,'09,'0,'0,'552,'静岡理工科大　,'理工　　,'理工／電気電,'　,'　　　,'電気・電子,'1,'22
'3502,'47,'10,'0,'0,'555,'静岡理工科大　,'理工　　,'理工／物質生,'　,'　　　,'応用化学　,'1,'22
'3502,'48,'00,'0,'0,'554,'静岡理工科大　,'建築都市,'　　　　　　,'　,'　　　,'建築・土木,'0,'22
'3502,'48,'01,'0,'0,'554,'静岡理工科大　,'建築都市,'建築／建築学,'　,'　　　,'建築・土木,'1,'22
'3502,'48,'02,'0,'0,'554,'静岡理工科大　,'建築都市,'建築／都市デ,'　,'　　　,'建築・土木,'1,'22
'3503,'26,'00,'0,'0,'242,'聖隷クリスト大,'社会福祉,'　　　　　　,'　,'　　　,'社会福祉学,'0,'22
'3503,'26,'03,'0,'0,'242,'聖隷クリスト大,'社会福祉,'社会福祉　　,'　,'　　　,'社会福祉学,'1,'22
'3503,'31,'00,'0,'0,'105,'聖隷クリスト大,'国際教育,'　　　　　　,'　,'　　　,'心理学　　,'0,'22
'3503,'31,'01,'0,'0,'105,'聖隷クリスト大,'国際教育,'こども教育　,'　,'　　　,'心理学　　,'1,'22
'3503,'64,'00,'0,'0,'651,'聖隷クリスト大,'看護　　,'　　　　　　,'　,'　　　,'看護　　　,'0,'22
'3503,'64,'01,'0,'0,'651,'聖隷クリスト大,'看護　　,'看護　　　　,'　,'　　　,'看護　　　,'1,'22
'3503,'65,'00,'0,'0,'652,'聖隷クリスト大,'リハビリ,'　　　　　　,'　,'　　　,'医療技術　,'0,'22
'3503,'65,'04,'0,'0,'655,'聖隷クリスト大,'リハビリ,'理学療法　　,'　,'　　　,'理学療法　,'1,'22
'3503,'65,'05,'0,'0,'656,'聖隷クリスト大,'リハビリ,'作業療法　　,'　,'　　　,'作業療法　,'1,'22
'3503,'65,'06,'0,'0,'652,'聖隷クリスト大,'リハビリ,'言語聴覚　　,'　,'　　　,'医療技術　,'1,'22
'3504,'08,'00,'0,'0,'151,'常葉大　　　　,'外国語　,'　　　　　　,'　,'　　　,'英米語　　,'0,'22
'3504,'08,'01,'0,'0,'106,'常葉大　　　　,'外国語　,'英米語　　　,'　,'　　　,'文化学　　,'1,'22
'3504,'08,'03,'0,'0,'151,'常葉大　　　　,'外国語　,'グローバルコ,'　,'　　　,'英米語　　,'1,'22
'3504,'12,'00,'0,'0,'201,'常葉大　　　　,'法　　　,'　　　　　　,'　,'　　　,'法学　　　,'0,'22
'3504,'12,'01,'0,'0,'201,'常葉大　　　　,'法　　　,'法律　　　　,'　,'　　　,'法学　　　,'1,'22
'3504,'19,'00,'0,'0,'222,'常葉大　　　　,'経営　　,'　　　　　　,'　,'　　　,'経営学・商,'0,'22
'3504,'19,'01,'0,'0,'222,'常葉大　　　　,'経営　　,'経営　　　　,'　,'　　　,'経営学・商,'1,'22
'3504,'27,'00,'0,'0,'753,'常葉大　　　　,'社会環境,'　　　　　　,'　,'　　　,'総合科学　,'0,'22
'3504,'27,'01,'0,'0,'753,'常葉大　　　　,'社会環境,'社会環境　　,'　,'　　　,'総合科学　,'1,'22
'3504,'30,'00,'0,'0,'316,'常葉大　　　　,'教育　　,'　　　　　　,'　,'　　　,'０免課程　,'0,'22
'3504,'30,'09,'0,'0,'301,'常葉大　　　　,'教育　　,'学校教育　　,'　,'　　　,'小学校　　,'1,'22
'3504,'30,'10,'0,'0,'105,'常葉大　　　　,'教育　　,'心理教育　　,'　,'　　　,'心理学　　,'1,'22
'3504,'30,'11,'0,'0,'316,'常葉大　　　　,'教育　　,'生涯／生涯学,'　,'　　　,'０免課程　,'1,'22
'3504,'30,'12,'0,'0,'316,'常葉大　　　　,'教育　　,'生涯／生涯ス,'　,'　　　,'０免課程　,'1,'22
'3504,'64,'00,'0,'0,'651,'常葉大　　　　,'健康科学,'　　　　　　,'　,'　　　,'看護　　　,'0,'22
'3504,'64,'01,'0,'0,'651,'常葉大　　　　,'健康科学,'看護　　　　,'　,'　　　,'看護　　　,'1,'22
'3504,'64,'02,'0,'0,'655,'常葉大　　　　,'健康科学,'静岡理学療法,'　,'　　　,'理学療法　,'1,'22
'3504,'65,'00,'0,'0,'652,'常葉大　　　　,'健康プロ,'　　　　　　,'　,'　　　,'医療技術　,'0,'22
'3504,'65,'01,'0,'0,'402,'常葉大　　　　,'健康プロ,'健康栄養　　,'　,'　　　,'食物・栄養,'1,'22
'3504,'65,'02,'0,'0,'404,'常葉大　　　　,'健康プロ,'保育健康　　,'　,'　　　,'児童学　　,'1,'22
'3504,'65,'03,'0,'0,'654,'常葉大　　　　,'健康プロ,'スポーツ健康,'　,'　　　,'体育・健康,'1,'22
'3504,'65,'04,'0,'0,'652,'常葉大　　　　,'健康プロ,'健康鍼灸　　,'　,'　　　,'医療技術　,'1,'22
'3504,'65,'05,'0,'0,'652,'常葉大　　　　,'健康プロ,'健康柔道整復,'　,'　　　,'医療技術　,'1,'22
'3504,'66,'00,'0,'0,'655,'常葉大　　　　,'保健医療,'　　　　　　,'　,'　　　,'理学療法　,'0,'22
'3504,'66,'01,'0,'0,'655,'常葉大　　　　,'保健医療,'理学療法　　,'　,'　　　,'理学療法　,'1,'22
'3504,'66,'02,'0,'0,'656,'常葉大　　　　,'保健医療,'作業療法　　,'　,'　　　,'作業療法　,'1,'22
'3504,'79,'00,'0,'0,'404,'常葉大　　　　,'保育　　,'　　　　　　,'　,'　　　,'児童学　　,'0,'22
'3504,'79,'01,'0,'0,'404,'常葉大　　　　,'保育　　,'保育　　　　,'　,'　　　,'児童学　　,'1,'22
'3504,'83,'00,'0,'0,'405,'常葉大　　　　,'造形　　,'　　　　　　,'　,'　　　,'住居学　　,'0,'22
'3504,'83,'01,'0,'0,'405,'常葉大　　　　,'造形　　,'造形　　　　,'　,'　　　,'住居学　　,'1,'22
'3508,'27,'00,'0,'0,'105,'静岡英和学院大,'人間社会,'　　　　　　,'　,'　　　,'心理学　　,'1,'22
'3509,'27,'00,'0,'0,'106,'浜松学院大　　,'地域共創,'　　　　　　,'　,'　　　,'文化学　　,'0,'22
'3509,'27,'01,'0,'0,'106,'浜松学院大　　,'地域共創,'地域経営　　,'　,'　　　,'文化学　　,'1,'22
'3509,'27,'02,'0,'0,'301,'浜松学院大　　,'地域共創,'地域子ども教,'　,'　　　,'小学校　　,'1,'22
'3510,'26,'00,'0,'0,'242,'静岡福祉大　　,'社会福祉,'　　　　　　,'　,'　　　,'社会福祉学,'0,'22
'3510,'26,'02,'0,'0,'105,'静岡福祉大　　,'社会福祉,'福祉心理　　,'　,'　　　,'心理学　　,'1,'22
'3510,'26,'04,'0,'0,'242,'静岡福祉大　　,'社会福祉,'健康福祉　　,'　,'　　　,'社会福祉学,'1,'22
'3510,'79,'00,'0,'0,'301,'静岡福祉大　　,'子ども　,'　　　　　　,'　,'　　　,'小学校　　,'0,'22
'3510,'79,'01,'0,'0,'301,'静岡福祉大　　,'子ども　,'子ども　　　,'　,'　　　,'小学校　　,'1,'22
'3521,'01,'00,'0,'0,'106,'愛知大　　　　,'文　　　,'　　　　　　,'　,'　　　,'文化学　　,'0,'23
'3521,'01,'25,'0,'0,'104,'愛知大　　　　,'文　　　,'人文／現代文,'　,'　　　,'哲学倫理宗,'1,'23
'3521,'01,'26,'0,'0,'241,'愛知大　　　　,'文　　　,'人文／社会学,'　,'　　　,'社会学　　,'1,'23
'3521,'01,'30,'0,'0,'106,'愛知大　　　　,'文　　　,'人文／欧米言,'　,'　　　,'文化学　　,'1,'23
'3521,'01,'31,'0,'0,'105,'愛知大　　　　,'文　　　,'心理　　　　,'　,'　　　,'心理学　　,'1,'23
'3521,'01,'32,'0,'0,'103,'愛知大　　　　,'文　　　,'歴史地理　　,'　,'　　　,'地理学　　,'1,'23
'3521,'01,'33,'0,'0,'101,'愛知大　　　　,'文　　　,'日本語日本文,'　,'　　　,'日本文学　,'1,'23
'3521,'03,'00,'0,'0,'152,'愛知大　　　　,'現代中国,'　　　　　　,'　,'　　　,'中国語　　,'0,'23
'3521,'03,'01,'0,'0,'152,'愛知大　　　　,'現代中国,'現代中国　　,'　,'　　　,'中国語　　,'1,'23
'3521,'12,'00,'0,'0,'201,'愛知大　　　　,'法　　　,'　　　　　　,'　,'　　　,'法学　　　,'0,'23
'3521,'12,'01,'0,'0,'201,'愛知大　　　　,'法　　　,'法　　　　　,'　,'　　　,'法学　　　,'1,'23
'3521,'13,'00,'0,'0,'202,'愛知大　　　　,'地域政策,'　　　　　　,'　,'　　　,'政治学　　,'0,'23
'3521,'13,'01,'0,'0,'202,'愛知大　　　　,'地域政策,'地域／公共政,'　,'　　　,'政治学　　,'1,'23
'3521,'13,'02,'0,'0,'202,'愛知大　　　　,'地域政策,'地域／経済産,'　,'　　　,'政治学　　,'1,'23
'3521,'13,'05,'0,'0,'654,'愛知大　　　　,'地域政策,'地域／健康ス,'　,'　　　,'体育・健康,'1,'23
'3521,'13,'06,'0,'0,'701,'愛知大　　　　,'地域政策,'地域／食農環,'　,'　　　,'農学　　　,'1,'23
'3521,'13,'07,'0,'0,'753,'愛知大　　　　,'地域政策,'地域／まちづ,'　,'　　　,'総合科学　,'1,'23
'3521,'18,'00,'0,'0,'221,'愛知大　　　　,'経済　　,'　　　　　　,'　,'　　　,'経済学　　,'0,'23
'3521,'18,'01,'0,'0,'221,'愛知大　　　　,'経済　　,'経済　　　　,'　,'　　　,'経済学　　,'1,'23
'3521,'19,'00,'0,'0,'222,'愛知大　　　　,'経営　　,'　　　　　　,'　,'　　　,'経営学・商,'0,'23
'3521,'19,'01,'0,'0,'222,'愛知大　　　　,'経営　　,'経営　　　　,'　,'　　　,'経営学・商,'1,'23
'3521,'19,'02,'0,'0,'222,'愛知大　　　　,'経営　　,'会計ファイナ,'　,'　　　,'経営学・商,'1,'23
'3521,'37,'00,'0,'0,'106,'愛知大　　　　,'国際コミ,'　　　　　　,'　,'　　　,'文化学　　,'0,'23
'3521,'37,'01,'0,'0,'151,'愛知大　　　　,'国際コミ,'英語　　　　,'　,'　　　,'英米語　　,'1,'23
'3521,'37,'02,'0,'0,'106,'愛知大　　　　,'国際コミ,'国際教養　　,'　,'　　　,'文化学　　,'1,'23
'3522,'55,'00,'0,'0,'601,'愛知医大　　　,'医　　　,'　　　　　　,'　,'　　　,'医　　　　,'0,'23
'3522,'55,'01,'0,'0,'601,'愛知医大　　　,'医　　　,'医　　　　　,'　,'　　　,'医　　　　,'1,'23
'3522,'64,'00,'0,'0,'651,'愛知医大　　　,'看護　　,'　　　　　　,'　,'　　　,'看護　　　,'0,'23
'3522,'64,'01,'0,'0,'651,'愛知医大　　　,'看護　　,'看護　　　　,'　,'　　　,'看護　　　,'1,'23
'3523,'01,'00,'0,'0,'106,'愛知学院大　　,'文　　　,'　　　　　　,'　,'　　　,'文化学　　,'0,'23
'3523,'01,'01,'0,'0,'106,'愛知学院大　　,'文　　　,'英語英米文化,'　,'　　　,'文化学　　,'1,'23
'3523,'01,'02,'0,'0,'104,'愛知学院大　　,'文　　　,'宗教文化　　,'　,'　　　,'哲学倫理宗,'1,'23
'3523,'01,'04,'0,'0,'106,'愛知学院大　　,'文　　　,'日本文化　　,'　,'　　　,'文化学　　,'1,'23
'3523,'01,'05,'0,'0,'107,'愛知学院大　　,'文　　　,'歴史　　　　,'　,'　　　,'西洋史　　,'1,'23
'3523,'01,'06,'0,'0,'151,'愛知学院大　　,'文　　　,'グローバル英,'　,'　　　,'英米語　　,'1,'23
'3523,'04,'00,'0,'0,'105,'愛知学院大　　,'心理　　,'　　　　　　,'　,'　　　,'心理学　　,'0,'23
'3523,'04,'01,'0,'0,'105,'愛知学院大　　,'心理　　,'心理　　　　,'　,'　　　,'心理学　　,'1,'23
'3523,'12,'00,'0,'0,'201,'愛知学院大　　,'法　　　,'　　　　　　,'　,'　　　,'法学　　　,'0,'23
'3523,'12,'01,'0,'0,'201,'愛知学院大　　,'法　　　,'法律　　　　,'　,'　　　,'法学　　　,'1,'23
'3523,'12,'02,'0,'0,'201,'愛知学院大　　,'法　　　,'現代社会法　,'　,'　　　,'法学　　　,'1,'23
'3523,'13,'00,'0,'0,'753,'愛知学院大　　,'総合政策,'　　　　　　,'　,'　　　,'総合科学　,'0,'23
'3523,'13,'01,'0,'0,'753,'愛知学院大　　,'総合政策,'総合政策　　,'　,'　　　,'総合科学　,'1,'23
'3523,'18,'00,'0,'0,'221,'愛知学院大　　,'経済　　,'　　　　　　,'　,'　　　,'経済学　　,'0,'23
'3523,'18,'01,'0,'0,'221,'愛知学院大　　,'経済　　,'経済　　　　,'　,'　　　,'経済学　　,'1,'23
'3523,'19,'00,'0,'0,'222,'愛知学院大　　,'経営　　,'　　　　　　,'　,'　　　,'経営学・商,'0,'23
'3523,'19,'01,'0,'0,'222,'愛知学院大　　,'経営　　,'経営　　　　,'　,'　　　,'経営学・商,'1,'23
'3523,'20,'00,'0,'0,'222,'愛知学院大　　,'商　　　,'　　　　　　,'　,'　　　,'経営学・商,'0,'23
'3523,'20,'01,'0,'0,'222,'愛知学院大　　,'商　　　,'商　　　　　,'　,'　　　,'経営学・商,'1,'23
'3523,'58,'00,'0,'0,'611,'愛知学院大　　,'歯　　　,'　　　　　　,'　,'　　　,'歯　　　　,'0,'23
'3523,'58,'01,'0,'0,'611,'愛知学院大　　,'歯　　　,'歯　　　　　,'　,'　　　,'歯　　　　,'1,'23
'3523,'61,'00,'0,'0,'621,'愛知学院大　　,'薬　　　,'　　　　　　,'　,'　　　,'薬　　　　,'0,'23
'3523,'61,'01,'0,'0,'621,'愛知学院大　　,'薬　　　,'医療薬　　　,'　,'　　　,'薬　　　　,'1,'23
'3523,'64,'00,'0,'0,'314,'愛知学院大　　,'健康科学,'　　　　　　,'　,'　　　,'養護　　　,'0,'23
'3523,'64,'01,'0,'0,'314,'愛知学院大　　,'健康科学,'健康科学　　,'　,'　　　,'養護　　　,'1,'23
'3523,'64,'02,'0,'0,'402,'愛知学院大　　,'健康科学,'健康栄養　　,'　,'　　　,'食物・栄養,'1,'23
'3524,'79,'00,'0,'0,'301,'愛知学泉大　　,'家政　　,'　　　　　　,'　,'　　　,'小学校　　,'0,'23
'3524,'79,'05,'0,'0,'401,'愛知学泉大　　,'家政　　,'ライフスタイ,'　,'　　　,'生活科学　,'1,'23
'3524,'79,'06,'0,'0,'402,'愛知学泉大　　,'家政　　,'管理栄養　　,'　,'　　　,'食物・栄養,'1,'23
'3524,'79,'07,'0,'0,'301,'愛知学泉大　　,'家政　　,'こどもの生活,'　,'　　　,'小学校　　,'1,'23
'3525,'19,'00,'0,'0,'222,'愛知工業大　　,'経営　　,'　　　　　　,'　,'　　　,'経営学・商,'0,'23
'3525,'19,'01,'0,'0,'223,'愛知工業大　　,'経営　　,'経営／経営情,'　,'　　　,'経営情報学,'1,'23
'3525,'19,'03,'0,'0,'222,'愛知工業大　　,'経営　　,'経営／スポー,'　,'　　　,'経営学・商,'1,'23
'3525,'37,'00,'0,'0,'553,'愛知工業大　　,'情報科学,'　　　　　　,'　,'　　　,'情報工学　,'0,'23
'3525,'37,'01,'0,'0,'553,'愛知工業大　　,'情報科学,'情報／コンピ,'　,'　　　,'情報工学　,'1,'23
'3525,'37,'02,'0,'0,'455,'愛知工業大　　,'情報科学,'情報／メディ,'　,'　　　,'映像　　　,'1,'23
'3525,'46,'00,'0,'0,'554,'愛知工業大　　,'工　　　,'　　　　　　,'　,'　　　,'建築・土木,'0,'23
'3525,'46,'11,'0,'0,'552,'愛知工業大　　,'工　　　,'電気／電気工,'　,'　　　,'電気・電子,'1,'23
'3525,'46,'13,'0,'0,'555,'愛知工業大　　,'工　　　,'応用／応用化,'　,'　　　,'応用化学　,'1,'23
'3525,'46,'14,'0,'0,'551,'愛知工業大　　,'工　　　,'機械／機械工,'　,'　　　,'機械工学　,'1,'23
'3525,'46,'16,'0,'0,'554,'愛知工業大　　,'工　　　,'社会／土木工,'　,'　　　,'建築・土木,'1,'23
'3525,'46,'21,'0,'0,'555,'愛知工業大　　,'工　　　,'応用／バイオ,'　,'　　　,'応用化学　,'1,'23
'3525,'46,'22,'0,'0,'552,'愛知工業大　　,'工　　　,'電気／電子情,'　,'　　　,'電気・電子,'1,'23
'3525,'46,'23,'0,'0,'551,'愛知工業大　　,'工　　　,'機械／機械創,'　,'　　　,'機械工学　,'1,'23
'3525,'46,'25,'0,'0,'554,'愛知工業大　　,'工　　　,'建築／建築学,'　,'　　　,'建築・土木,'1,'23
'3525,'46,'26,'0,'0,'405,'愛知工業大　　,'工　　　,'建築／住居デ,'　,'　　　,'住居学　　,'1,'23
'3525,'46,'27,'0,'0,'554,'愛知工業大　　,'工　　　,'社会／都市デ,'　,'　　　,'建築・土木,'1,'23
'3526,'19,'00,'0,'0,'222,'愛知産業大　　,'経営　　,'　　　　　　,'　,'　　　,'経営学・商,'0,'23
'3526,'19,'03,'0,'0,'222,'愛知産業大　　,'経営　　,'総合経営　　,'　,'　　　,'経営学・商,'1,'23
'3526,'83,'00,'0,'0,'451,'愛知産業大　　,'造形　　,'　　　　　　,'　,'　　　,'美術・デザ,'0,'23
'3526,'83,'01,'0,'0,'554,'愛知産業大　　,'造形　　,'建築　　　　,'　,'　　　,'建築・土木,'1,'23
'3526,'83,'03,'0,'0,'451,'愛知産業大　　,'造形　　,'スマートデザ,'　,'　　　,'美術・デザ,'1,'23
'3527,'01,'00,'0,'0,'101,'愛知淑徳大　　,'文　　　,'　　　　　　,'　,'　　　,'日本文学　,'0,'23
'3527,'01,'09,'0,'0,'101,'愛知淑徳大　　,'文　　　,'国文　　　　,'　,'　　　,'日本文学　,'1,'23
'3527,'04,'00,'0,'0,'105,'愛知淑徳大　　,'心理　　,'　　　　　　,'　,'　　　,'心理学　　,'0,'23
'3527,'04,'01,'0,'0,'105,'愛知淑徳大　　,'心理　　,'心理　　　　,'　,'　　　,'心理学　　,'1,'23
'3527,'21,'00,'0,'0,'222,'愛知淑徳大　　,'ビジネス,'　　　　　　,'　,'　　　,'経営学・商,'0,'23
'3527,'21,'01,'0,'0,'222,'愛知淑徳大　　,'ビジネス,'ビジネス　　,'　,'　　　,'経営学・商,'1,'23
'3527,'28,'00,'0,'0,'242,'愛知淑徳大　　,'福祉貢献,'　　　　　　,'　,'　　　,'社会福祉学,'0,'23
'3527,'28,'01,'0,'0,'242,'愛知淑徳大　　,'福祉貢献,'福祉／社会福,'　,'　　　,'社会福祉学,'1,'23
'3527,'28,'02,'0,'0,'312,'愛知淑徳大　　,'福祉貢献,'福祉／子ども,'　,'　　　,'幼稚園　　,'1,'23
'3527,'30,'00,'0,'0,'301,'愛知淑徳大　　,'教育　　,'　　　　　　,'　,'　　　,'小学校　　,'0,'23
'3527,'30,'01,'0,'0,'301,'愛知淑徳大　　,'教育　　,'教育　　　　,'　,'　　　,'小学校　　,'1,'23
'3527,'33,'00,'0,'0,'151,'愛知淑徳大　　,'交流文化,'　　　　　　,'　,'　　　,'英米語　　,'0,'23
'3527,'33,'02,'0,'0,'151,'愛知淑徳大　　,'交流文化,'交流／ランゲ,'　,'　　　,'英米語　　,'1,'23
'3527,'33,'03,'0,'0,'243,'愛知淑徳大　　,'交流文化,'交流／観光　,'　,'　　　,'観光学　　,'1,'23
'3527,'34,'00,'0,'0,'151,'愛知淑徳大　　,'グローバ,'　　　　　　,'　,'　　　,'英米語　　,'0,'23
'3527,'34,'01,'0,'0,'151,'愛知淑徳大　　,'グローバ,'グローバルコ,'　,'　　　,'英米語　　,'1,'23
'3527,'38,'00,'0,'0,'303,'愛知淑徳大　　,'人間情報,'　　　　　　,'　,'　　　,'中高－数学,'0,'23
'3527,'38,'02,'0,'0,'553,'愛知淑徳大　　,'人間情報,'人間／感性工,'　,'　　　,'情報工学　,'1,'23
'3527,'38,'03,'0,'0,'751,'愛知淑徳大　　,'人間情報,'人間／データ,'　,'　　　,'人間科学　,'1,'23
'3527,'38,'04,'0,'0,'303,'愛知淑徳大　　,'人間情報,'人間／数学情,'　,'　　　,'中高－数学,'1,'23
'3527,'47,'00,'0,'0,'554,'愛知淑徳大　　,'建築　　,'　　　　　　,'　,'　　　,'建築・土木,'0,'23
'3527,'47,'01,'0,'0,'554,'愛知淑徳大　　,'建築　　,'建築／建築ま,'　,'　　　,'建築・土木,'1,'23
'3527,'47,'02,'0,'0,'405,'愛知淑徳大　　,'建築　　,'建築／住居イ,'　,'　　　,'住居学　　,'1,'23
'3527,'65,'00,'0,'0,'652,'愛知淑徳大　　,'健康医療,'　　　　　　,'　,'　　　,'医療技術　,'0,'23
'3527,'65,'01,'0,'0,'652,'愛知淑徳大　　,'健康医療,'医療／言語聴,'　,'　　　,'医療技術　,'1,'23
'3527,'65,'02,'0,'0,'652,'愛知淑徳大　　,'健康医療,'医療／視覚科,'　,'　　　,'医療技術　,'1,'23
'3527,'65,'05,'0,'0,'653,'愛知淑徳大　　,'健康医療,'スポ／スポー,'　,'　　　,'保健　　　,'1,'23
'3527,'65,'06,'0,'0,'652,'愛知淑徳大　　,'健康医療,'スポ／救急救,'　,'　　　,'医療技術　,'1,'23
'3527,'65,'07,'0,'0,'655,'愛知淑徳大　　,'健康医療,'医療／理学療,'　,'　　　,'理学療法　,'1,'23
'3527,'65,'08,'0,'0,'658,'愛知淑徳大　　,'健康医療,'医療／臨床検,'　,'　　　,'検査技術　,'1,'23
'3527,'79,'00,'0,'0,'402,'愛知淑徳大　　,'食健康科,'　　　　　　,'　,'　　　,'食物・栄養,'0,'23
'3527,'79,'01,'0,'0,'402,'愛知淑徳大　　,'食健康科,'健康栄養　　,'　,'　　　,'食物・栄養,'1,'23
'3527,'79,'02,'0,'0,'402,'愛知淑徳大　　,'食健康科,'食創造科学　,'　,'　　　,'食物・栄養,'1,'23
'3527,'83,'00,'0,'0,'455,'愛知淑徳大　　,'創造表現,'　　　　　　,'　,'　　　,'映像　　　,'0,'23
'3527,'83,'02,'0,'0,'458,'愛知淑徳大　　,'創造表現,'創造／創作表,'　,'　　　,'その他芸術,'1,'23
'3527,'83,'03,'0,'0,'455,'愛知淑徳大　　,'創造表現,'創造／メディ,'　,'　　　,'映像　　　,'1,'23
'3528,'37,'00,'0,'0,'105,'愛知みずほ大　,'人間科学,'　　　　　　,'　,'　　　,'心理学　　,'0,'23
'3528,'37,'04,'0,'0,'105,'愛知みずほ大　,'人間科学,'心身健康科学,'　,'　　　,'心理学　　,'1,'23
'3529,'01,'00,'0,'0,'106,'金城学院大　　,'文　　　,'　　　　　　,'　,'　　　,'文化学　　,'0,'23
'3529,'01,'01,'0,'0,'106,'金城学院大　　,'文　　　,'国際英語　　,'　,'　　　,'文化学　　,'1,'23
'3529,'01,'02,'0,'0,'101,'金城学院大　　,'文　　　,'日本語日本文,'　,'　　　,'日本文学　,'1,'23
'3529,'01,'05,'0,'0,'453,'金城学院大　　,'文　　　,'音楽芸術　　,'　,'　　　,'音楽　　　,'1,'23
'3529,'01,'06,'0,'0,'107,'金城学院大　　,'文　　　,'総合歴史　　,'　,'　　　,'西洋史　　,'1,'23
'3529,'19,'00,'0,'0,'222,'金城学院大　　,'経営　　,'　　　　　　,'　,'　　　,'経営学・商,'0,'23
'3529,'19,'01,'0,'0,'222,'金城学院大　　,'経営　　,'経営　　　　,'　,'　　　,'経営学・商,'1,'23
'3529,'37,'00,'0,'0,'105,'金城学院大　　,'人間科学,'　　　　　　,'　,'　　　,'心理学　　,'0,'23
'3529,'37,'01,'0,'0,'301,'金城学院大　　,'人間科学,'現代子ども教,'　,'　　　,'小学校　　,'1,'23
'3529,'37,'05,'0,'0,'105,'金城学院大　　,'人間科学,'多元心理　　,'　,'　　　,'心理学　　,'1,'23
'3529,'47,'00,'0,'0,'405,'金城学院大　　,'デザイン,'　　　　　　,'　,'　　　,'住居学　　,'0,'23
'3529,'47,'01,'0,'0,'405,'金城学院大　　,'デザイン,'建築デザイン,'　,'　　　,'住居学　　,'1,'23
'3529,'47,'02,'0,'0,'455,'金城学院大　　,'デザイン,'情報デザイン,'　,'　　　,'映像　　　,'1,'23
'3529,'61,'00,'0,'0,'621,'金城学院大　　,'薬　　　,'　　　　　　,'　,'　　　,'薬　　　　,'0,'23
'3529,'61,'01,'0,'0,'621,'金城学院大　　,'薬　　　,'薬　　　　　,'　,'　　　,'薬　　　　,'1,'23
'3529,'64,'00,'0,'0,'651,'金城学院大　　,'看護　　,'　　　　　　,'　,'　　　,'看護　　　,'0,'23
'3529,'64,'01,'0,'0,'651,'金城学院大　　,'看護　　,'看護　　　　,'　,'　　　,'看護　　　,'1,'23
'3529,'79,'00,'0,'0,'402,'金城学院大　　,'生活環境,'　　　　　　,'　,'　　　,'食物・栄養,'0,'23
'3529,'79,'05,'0,'0,'402,'金城学院大　　,'生活環境,'食環境栄養　,'　,'　　　,'食物・栄養,'1,'23
'3530,'08,'00,'0,'0,'151,'椙山女学園大　,'外国語　,'　　　　　　,'　,'　　　,'英米語　　,'0,'23
'3530,'08,'01,'0,'0,'151,'椙山女学園大　,'外国語　,'英語英米　　,'　,'　　　,'英米語　　,'1,'23
'3530,'08,'02,'0,'0,'261,'椙山女学園大　,'外国語　,'国際教養　　,'　,'　　　,'国際関係学,'1,'23
'3530,'21,'00,'0,'0,'202,'椙山女学園大　,'現代マネ,'　　　　　　,'　,'　　　,'政治学　　,'0,'23
'3530,'21,'01,'0,'0,'202,'椙山女学園大　,'現代マネ,'現代マネジメ,'　,'　　　,'政治学　　,'1,'23
'3530,'27,'00,'0,'0,'243,'椙山女学園大　,'情報社会,'　　　　　　,'　,'　　　,'観光学　　,'0,'23
'3530,'27,'01,'0,'0,'752,'椙山女学園大　,'情報社会,'情報デザイン,'　,'　　　,'総合情報学,'1,'23
'3530,'27,'02,'0,'0,'243,'椙山女学園大　,'情報社会,'現代社会　　,'　,'　　　,'観光学　　,'1,'23
'3530,'30,'00,'0,'0,'301,'椙山女学園大　,'教育　　,'　　　　　　,'　,'　　　,'小学校　　,'0,'23
'3530,'30,'02,'0,'0,'312,'椙山女学園大　,'教育　　,'子ど／保育初,'　,'　　　,'幼稚園　　,'1,'23
'3530,'30,'03,'0,'0,'301,'椙山女学園大　,'教育　　,'子ど／初等中,'　,'　　　,'小学校　　,'1,'23
'3530,'37,'00,'0,'0,'105,'椙山女学園大　,'人間関係,'　　　　　　,'　,'　　　,'心理学　　,'0,'23
'3530,'37,'05,'0,'0,'105,'椙山女学園大　,'人間関係,'心理　　　　,'　,'　　　,'心理学　　,'1,'23
'3530,'37,'06,'0,'0,'241,'椙山女学園大　,'人間関係,'人間共生　　,'　,'　　　,'社会学　　,'1,'23
'3530,'64,'00,'0,'0,'651,'椙山女学園大　,'看護　　,'　　　　　　,'　,'　　　,'看護　　　,'0,'23
'3530,'64,'01,'0,'0,'651,'椙山女学園大　,'看護　　,'看護　　　　,'　,'　　　,'看護　　　,'1,'23
'3530,'79,'00,'0,'0,'401,'椙山女学園大　,'生活科学,'　　　　　　,'　,'　　　,'生活科学　,'0,'23
'3530,'79,'01,'0,'0,'402,'椙山女学園大　,'生活科学,'管理栄養　　,'　,'　　　,'食物・栄養,'1,'23
'3530,'79,'02,'0,'0,'401,'椙山女学園大　,'生活科学,'生活環境デザ,'　,'　　　,'生活科学　,'1,'23
'3531,'37,'00,'0,'0,'223,'大同大　　　　,'情報　　,'　　　　　　,'　,'　　　,'経営情報学,'0,'23
'3531,'37,'18,'0,'0,'223,'大同大　　　　,'情報　　,'総合情報　　,'　,'　　　,'経営情報学,'1,'23
'3531,'37,'21,'0,'0,'553,'大同大　　　　,'情報　　,'情報システム,'　,'　　　,'情報工学　,'1,'23
'3531,'37,'22,'0,'0,'455,'大同大　　　　,'情報　　,'情報デザイン,'　,'　　　,'映像　　　,'1,'23
'3531,'46,'00,'0,'0,'551,'大同大　　　　,'工　　　,'　　　　　　,'　,'　　　,'機械工学　,'0,'23
'3531,'46,'02,'0,'0,'551,'大同大　　　　,'工　　　,'機械工　　　,'　,'　　　,'機械工学　,'1,'23
'3531,'46,'05,'0,'0,'552,'大同大　　　　,'工　　　,'電気電子工　,'　,'　　　,'電気・電子,'1,'23
'3531,'46,'20,'0,'0,'551,'大同大　　　　,'工　　　,'機械シス工　,'　,'　　　,'機械工学　,'1,'23
'3531,'47,'00,'0,'0,'554,'大同大　　　　,'建築　　,'　　　　　　,'　,'　　　,'建築・土木,'0,'23
'3531,'47,'01,'0,'0,'554,'大同大　　　　,'建築　　,'建築／建築　,'　,'　　　,'建築・土木,'1,'23
'3531,'47,'02,'0,'0,'405,'大同大　　　　,'建築　　,'建築／インテ,'　,'　　　,'住居学　　,'1,'23
'3531,'47,'03,'0,'0,'401,'大同大　　　　,'建築　　,'建築／かおり,'　,'　　　,'生活科学　,'1,'23
'3531,'47,'04,'0,'0,'554,'大同大　　　　,'建築　　,'建築／都市空,'　,'　　　,'建築・土木,'1,'23
'3532,'01,'00,'0,'0,'101,'中京大　　　　,'文　　　,'　　　　　　,'　,'　　　,'日本文学　,'0,'23
'3532,'01,'02,'0,'0,'101,'中京大　　　　,'文　　　,'日本文　　　,'　,'　　　,'日本文学　,'1,'23
'3532,'01,'04,'0,'0,'160,'中京大　　　　,'文　　　,'言語表現　　,'　,'　　　,'日本語　　,'1,'23
'3532,'01,'05,'0,'0,'109,'中京大　　　　,'文　　　,'歴史文化　　,'　,'　　　,'日本史　　,'1,'23
'3532,'03,'00,'0,'0,'105,'中京大　　　　,'心理　　,'　　　　　　,'　,'　　　,'心理学　　,'0,'23
'3532,'03,'01,'0,'0,'105,'中京大　　　　,'心理　　,'心理　　　　,'　,'　　　,'心理学　　,'1,'23
'3532,'12,'00,'0,'0,'201,'中京大　　　　,'法　　　,'　　　　　　,'　,'　　　,'法学　　　,'0,'23
'3532,'12,'01,'0,'0,'201,'中京大　　　　,'法　　　,'法律　　　　,'　,'　　　,'法学　　　,'1,'23
'3532,'13,'00,'0,'0,'202,'中京大　　　　,'総合政策,'　　　　　　,'　,'　　　,'政治学　　,'0,'23
'3532,'13,'01,'0,'0,'202,'中京大　　　　,'総合政策,'総合政策　　,'　,'　　　,'政治学　　,'1,'23
'3532,'18,'00,'0,'0,'202,'中京大　　　　,'経済　　,'　　　　　　,'　,'　　　,'政治学　　,'0,'23
'3532,'18,'01,'0,'0,'202,'中京大　　　　,'経済　　,'経済　　　　,'　,'　　　,'政治学　　,'1,'23
'3532,'19,'00,'0,'0,'222,'中京大　　　　,'経営　　,'　　　　　　,'　,'　　　,'経営学・商,'0,'23
'3532,'19,'01,'0,'0,'222,'中京大　　　　,'経営　　,'経営　　　　,'　,'　　　,'経営学・商,'1,'23
'3532,'27,'00,'0,'0,'241,'中京大　　　　,'現代社会,'　　　　　　,'　,'　　　,'社会学　　,'0,'23
'3532,'27,'02,'0,'0,'241,'中京大　　　　,'現代社会,'現代／社会学,'　,'　　　,'社会学　　,'1,'23
'3532,'27,'03,'0,'0,'105,'中京大　　　　,'現代社会,'現代／コミュ,'　,'　　　,'心理学　　,'1,'23
'3532,'27,'04,'0,'0,'242,'中京大　　　　,'現代社会,'現代／社会福,'　,'　　　,'社会福祉学,'1,'23
'3532,'27,'05,'0,'0,'106,'中京大　　　　,'現代社会,'現代／国際文,'　,'　　　,'文化学　　,'1,'23
'3532,'34,'00,'0,'0,'151,'中京大　　　　,'国際　　,'　　　　　　,'　,'　　　,'英米語　　,'0,'23
'3532,'34,'01,'0,'0,'104,'中京大　　　　,'国際　　,'国際／国際人,'　,'　　　,'哲学倫理宗,'1,'23
'3532,'34,'02,'0,'0,'151,'中京大　　　　,'国際　　,'国際／国際関,'　,'　　　,'英米語　　,'1,'23
'3532,'34,'03,'0,'0,'151,'中京大　　　　,'国際　　,'国際／ビジネ,'　,'　　　,'英米語　　,'1,'23
'3532,'34,'04,'0,'0,'106,'中京大　　　　,'国際　　,'言語／言語文,'　,'　　　,'文化学　　,'1,'23
'3532,'34,'05,'0,'0,'102,'中京大　　　　,'国際　　,'言語／英米学,'　,'　　　,'外国文学　,'1,'23
'3532,'46,'00,'0,'0,'553,'中京大　　　　,'工　　　,'　　　　　　,'　,'　　　,'情報工学　,'0,'23
'3532,'46,'01,'0,'0,'551,'中京大　　　　,'工　　　,'機械シス工　,'　,'　　　,'機械工学　,'1,'23
'3532,'46,'02,'0,'0,'552,'中京大　　　　,'工　　　,'電気電子工　,'　,'　　　,'電気・電子,'1,'23
'3532,'46,'03,'0,'0,'553,'中京大　　　　,'工　　　,'情報工　　　,'　,'　　　,'情報工学　,'1,'23
'3532,'46,'04,'0,'0,'455,'中京大　　　　,'工　　　,'メディア工　,'　,'　　　,'映像　　　,'1,'23
'3532,'65,'00,'0,'0,'654,'中京大　　　　,'スポーツ,'　　　　　　,'　,'　　　,'体育・健康,'0,'23
'3532,'65,'01,'0,'0,'654,'中京大　　　　,'スポーツ,'スポーツ健康,'　,'　　　,'体育・健康,'1,'23
'3532,'65,'02,'0,'0,'654,'中京大　　　　,'スポーツ,'競技スポーツ,'　,'　　　,'体育・健康,'1,'23
'3532,'65,'03,'0,'0,'311,'中京大　　　　,'スポーツ,'スポーツ教育,'　,'　　　,'中高－体育,'1,'23
'3532,'65,'04,'0,'0,'654,'中京大　　　　,'スポーツ,'トレーナー　,'　,'　　　,'体育・健康,'1,'23
'3532,'65,'05,'0,'0,'222,'中京大　　　　,'スポーツ,'スポーツマネ,'　,'　　　,'経営学・商,'1,'23
'3533,'64,'00,'0,'0,'311,'至学館大　　　,'健康科学,'　　　　　　,'　,'　　　,'中高－体育,'0,'23
'3533,'64,'01,'0,'0,'402,'至学館大　　　,'健康科学,'栄養科学　　,'　,'　　　,'食物・栄養,'1,'23
'3533,'64,'02,'0,'0,'654,'至学館大　　　,'健康科学,'健康スポーツ,'　,'　　　,'体育・健康,'1,'23
'3533,'64,'03,'0,'0,'301,'至学館大　　　,'健康科学,'こども健康教,'　,'　　　,'小学校　　,'1,'23
'3533,'64,'04,'0,'0,'311,'至学館大　　　,'健康科学,'体育科学　　,'　,'　　　,'中高－体育,'1,'23
'3534,'02,'00,'0,'0,'106,'中部大　　　　,'人文　　,'　　　　　　,'　,'　　　,'文化学　　,'0,'23
'3534,'02,'01,'0,'0,'106,'中部大　　　　,'人文　　,'日本語日本文,'　,'　　　,'文化学　　,'1,'23
'3534,'02,'02,'0,'0,'106,'中部大　　　　,'人文　　,'英語英米文化,'　,'　　　,'文化学　　,'1,'23
'3534,'02,'03,'0,'0,'244,'中部大　　　　,'人文　　,'メディア情報,'　,'　　　,'マスコミ　,'1,'23
'3534,'02,'04,'0,'0,'105,'中部大　　　　,'人文　　,'心理　　　　,'　,'　　　,'心理学　　,'1,'23
'3534,'02,'05,'0,'0,'103,'中部大　　　　,'人文　　,'歴史地理　　,'　,'　　　,'地理学　　,'1,'23
'3534,'21,'00,'0,'0,'222,'中部大　　　　,'経営情報,'　　　　　　,'　,'　　　,'経営学・商,'0,'23
'3534,'21,'04,'0,'0,'222,'中部大　　　　,'経営情報,'経営総合　　,'　,'　　　,'経営学・商,'1,'23
'3534,'31,'00,'0,'0,'301,'中部大　　　　,'現代教育,'　　　　　　,'　,'　　　,'小学校　　,'0,'23
'3534,'31,'01,'0,'0,'312,'中部大　　　　,'現代教育,'幼児教育　　,'　,'　　　,'幼稚園　　,'1,'23
'3534,'31,'03,'0,'0,'301,'中部大　　　　,'現代教育,'現代／現代教,'　,'　　　,'小学校　　,'1,'23
'3534,'31,'04,'0,'0,'302,'中部大　　　　,'現代教育,'現代／中等教,'　,'　　　,'中高－国語,'1,'23
'3534,'33,'00,'0,'0,'261,'中部大　　　　,'国際関係,'　　　　　　,'　,'　　　,'国際関係学,'0,'23
'3534,'33,'08,'0,'0,'261,'中部大　　　　,'国際関係,'国際　　　　,'　,'　　　,'国際関係学,'1,'23
'3534,'46,'00,'0,'0,'553,'中部大　　　　,'工　　　,'　　　　　　,'　,'　　　,'情報工学　,'0,'23
'3534,'46,'01,'0,'0,'551,'中部大　　　　,'工　　　,'機械工　　　,'　,'　　　,'機械工学　,'1,'23
'3534,'46,'02,'0,'0,'554,'中部大　　　　,'工　　　,'建築　　　　,'　,'　　　,'建築・土木,'1,'23
'3534,'46,'03,'0,'0,'555,'中部大　　　　,'工　　　,'応用化　　　,'　,'　　　,'応用化学　,'1,'23
'3534,'46,'07,'0,'0,'554,'中部大　　　　,'工　　　,'都市建設工　,'　,'　　　,'建築・土木,'1,'23
'3534,'46,'08,'0,'0,'553,'中部大　　　　,'工　　　,'情報工　　　,'　,'　　　,'情報工学　,'1,'23
'3534,'46,'10,'0,'0,'552,'中部大　　　　,'工　　　,'電気電子シス,'　,'　　　,'電気・電子,'1,'23
'3534,'47,'00,'0,'0,'502,'中部大　　　　,'理工　　,'　　　　　　,'　,'　　　,'物理学　　,'0,'23
'3534,'47,'01,'0,'0,'502,'中部大　　　　,'理工　　,'数理・物理サ,'　,'　　　,'物理学　　,'1,'23
'3534,'47,'02,'0,'0,'551,'中部大　　　　,'理工　　,'ＡＩロボティ,'　,'　　　,'機械工学　,'1,'23
'3534,'47,'03,'0,'0,'561,'中部大　　　　,'理工　　,'宇宙航空　　,'　,'　　　,'航空・宇宙,'1,'23
'3534,'64,'00,'0,'0,'652,'中部大　　　　,'生命健康,'　　　　　　,'　,'　　　,'医療技術　,'0,'23
'3534,'64,'01,'0,'0,'564,'中部大　　　　,'生命健康,'生命医科学　,'　,'　　　,'生物工学　,'1,'23
'3534,'64,'02,'0,'0,'651,'中部大　　　　,'生命健康,'保健看護　　,'　,'　　　,'看護　　　,'1,'23
'3534,'64,'03,'0,'0,'655,'中部大　　　　,'生命健康,'理学療法　　,'　,'　　　,'理学療法　,'1,'23
'3534,'64,'04,'0,'0,'656,'中部大　　　　,'生命健康,'作業療法　　,'　,'　　　,'作業療法　,'1,'23
'3534,'64,'05,'0,'0,'652,'中部大　　　　,'生命健康,'臨床工　　　,'　,'　　　,'医療技術　,'1,'23
'3534,'64,'06,'0,'0,'652,'中部大　　　　,'生命健康,'スポーツ保健,'　,'　　　,'医療技術　,'1,'23
'3534,'74,'00,'0,'0,'703,'中部大　　　　,'応用生物,'　　　　　　,'　,'　　　,'農芸化学　,'0,'23
'3534,'74,'01,'0,'0,'564,'中部大　　　　,'応用生物,'応用生物化　,'　,'　　　,'生物工学　,'1,'23
'3534,'74,'02,'0,'0,'504,'中部大　　　　,'応用生物,'環境生物科学,'　,'　　　,'生物学　　,'1,'23
'3534,'74,'04,'0,'0,'703,'中部大　　　　,'応用生物,'食品／食品栄,'　,'　　　,'農芸化学　,'1,'23
'3534,'74,'05,'0,'0,'402,'中部大　　　　,'応用生物,'食品／管理栄,'　,'　　　,'食物・栄養,'1,'23
'3535,'02,'00,'0,'0,'101,'東海学園大　　,'人文　　,'　　　　　　,'　,'　　　,'日本文学　,'0,'23
'3535,'02,'01,'0,'0,'101,'東海学園大　　,'人文　　,'人文　　　　,'　,'　　　,'日本文学　,'1,'23
'3535,'03,'00,'0,'0,'105,'東海学園大　　,'心理　　,'　　　　　　,'　,'　　　,'心理学　　,'0,'23
'3535,'03,'01,'0,'0,'105,'東海学園大　　,'心理　　,'心理　　　　,'　,'　　　,'心理学　　,'1,'23
'3535,'19,'00,'0,'0,'201,'東海学園大　　,'経営　　,'　　　　　　,'　,'　　　,'法学　　　,'0,'23
'3535,'19,'01,'0,'0,'201,'東海学園大　　,'経営　　,'経営　　　　,'　,'　　　,'法学　　　,'1,'23
'3535,'30,'00,'0,'0,'316,'東海学園大　　,'教育　　,'　　　　　　,'　,'　　　,'０免課程　,'0,'23
'3535,'30,'01,'0,'0,'301,'東海学園大　　,'教育　　,'教育／学校教,'　,'　　　,'小学校　　,'1,'23
'3535,'30,'02,'0,'0,'312,'東海学園大　　,'教育　　,'教育／保育　,'　,'　　　,'幼稚園　　,'1,'23
'3535,'30,'03,'0,'0,'314,'東海学園大　　,'教育　　,'教育／養護教,'　,'　　　,'養護　　　,'1,'23
'3535,'65,'00,'0,'0,'402,'東海学園大　　,'健康栄養,'　　　　　　,'　,'　　　,'食物・栄養,'0,'23
'3535,'65,'02,'0,'0,'402,'東海学園大　　,'健康栄養,'健康／管理栄,'　,'　　　,'食物・栄養,'1,'23
'3535,'65,'03,'0,'0,'402,'東海学園大　　,'健康栄養,'健康／食品開,'　,'　　　,'食物・栄養,'1,'23
'3535,'66,'00,'0,'0,'311,'東海学園大　　,'スポーツ,'　　　　　　,'　,'　　　,'中高－体育,'0,'23
'3535,'66,'01,'0,'0,'311,'東海学園大　　,'スポーツ,'スポーツ健康,'　,'　　　,'中高－体育,'1,'23
'3536,'01,'00,'0,'0,'101,'同朋大　　　　,'文　　　,'　　　　　　,'　,'　　　,'日本文学　,'0,'23
'3536,'01,'01,'0,'0,'101,'同朋大　　　　,'文　　　,'人文　　　　,'　,'　　　,'日本文学　,'1,'23
'3536,'01,'02,'0,'0,'104,'同朋大　　　　,'文　　　,'仏教　　　　,'　,'　　　,'哲学倫理宗,'1,'23
'3536,'26,'00,'0,'0,'105,'同朋大　　　　,'社会福祉,'　　　　　　,'　,'　　　,'心理学　　,'0,'23
'3536,'26,'02,'0,'0,'242,'同朋大　　　　,'社会福祉,'社会／社会福,'　,'　　　,'社会福祉学,'1,'23
'3536,'26,'03,'0,'0,'105,'同朋大　　　　,'社会福祉,'社会／子ども,'　,'　　　,'心理学　　,'1,'23
'3536,'26,'04,'0,'0,'105,'同朋大　　　　,'社会福祉,'社会／心理学,'　,'　　　,'心理学　　,'1,'23
'3537,'46,'00,'0,'0,'551,'豊田工大　　　,'工　　　,'　　　　　　,'　,'　　　,'機械工学　,'0,'23
'3537,'46,'03,'0,'0,'551,'豊田工大　　　,'工　　　,'先端工学基礎,'　,'　　　,'機械工学　,'1,'23
'3538,'83,'00,'0,'0,'453,'名古屋音大　　,'音楽　　,'　　　　　　,'　,'　　　,'音楽　　　,'0,'23
'3538,'83,'05,'0,'0,'453,'名古屋音大　　,'音楽　　,'音楽／演奏家,'　,'　　　,'音楽　　　,'1,'23
'3538,'83,'06,'0,'0,'453,'名古屋音大　　,'音楽　　,'音楽／ピアノ,'　,'　　　,'音楽　　　,'1,'23
'3538,'83,'07,'0,'0,'453,'名古屋音大　　,'音楽　　,'音楽／管楽　,'　,'　　　,'音楽　　　,'1,'23
'3538,'83,'08,'0,'0,'453,'名古屋音大　　,'音楽　　,'音楽／弦楽　,'　,'　　　,'音楽　　　,'1,'23
'3538,'83,'09,'0,'0,'453,'名古屋音大　　,'音楽　　,'音楽／打楽　,'　,'　　　,'音楽　　　,'1,'23
'3538,'83,'10,'0,'0,'453,'名古屋音大　　,'音楽　　,'音楽／邦楽　,'　,'　　　,'音楽　　　,'1,'23
'3538,'83,'11,'0,'0,'453,'名古屋音大　　,'音楽　　,'音楽／声楽　,'　,'　　　,'音楽　　　,'1,'23
'3538,'83,'12,'0,'0,'453,'名古屋音大　　,'音楽　　,'音楽／ミュー,'　,'　　　,'音楽　　　,'1,'23
'3538,'83,'13,'0,'0,'453,'名古屋音大　　,'音楽　　,'音楽／作曲音,'　,'　　　,'音楽　　　,'1,'23
'3538,'83,'14,'0,'0,'453,'名古屋音大　　,'音楽　　,'音楽／電子オ,'　,'　　　,'音楽　　　,'1,'23
'3538,'83,'15,'0,'0,'453,'名古屋音大　　,'音楽　　,'音楽／ジャズ,'　,'　　　,'音楽　　　,'1,'23
'3538,'83,'16,'0,'0,'309,'名古屋音大　　,'音楽　　,'音楽／音楽教,'　,'　　　,'中高－音楽,'1,'23
'3538,'83,'17,'0,'0,'453,'名古屋音大　　,'音楽　　,'音楽／音楽療,'　,'　　　,'音楽　　　,'1,'23
'3538,'83,'18,'0,'0,'453,'名古屋音大　　,'音楽　　,'音楽／音楽総,'　,'　　　,'音楽　　　,'1,'23
'3538,'83,'19,'0,'0,'452,'名古屋音大　　,'音楽　　,'音楽／音楽ビ,'　,'　　　,'芸術理論　,'1,'23
'3538,'83,'20,'0,'0,'453,'名古屋音大　　,'音楽　　,'音楽／指揮　,'　,'　　　,'音楽　　　,'1,'23
'3538,'83,'21,'0,'0,'453,'名古屋音大　　,'音楽　　,'音楽／メディ,'　,'　　　,'音楽　　　,'1,'23
'3539,'08,'00,'0,'0,'151,'名古屋外大　　,'外国語　,'　　　　　　,'　,'　　　,'英米語　　,'0,'23
'3539,'08,'02,'0,'0,'152,'名古屋外大　　,'外国語　,'中国語　　　,'　,'　　　,'中国語　　,'1,'23
'3539,'08,'03,'0,'0,'153,'名古屋外大　　,'外国語　,'フランス語　,'　,'　　　,'フランス語,'1,'23
'3539,'08,'06,'0,'0,'106,'名古屋外大　　,'外国語　,'英米／英米語,'　,'　　　,'文化学　　,'1,'23
'3539,'08,'07,'0,'0,'151,'名古屋外大　　,'外国語　,'英米／英語コ,'　,'　　　,'英米語　　,'1,'23
'3539,'08,'09,'0,'0,'151,'名古屋外大　　,'外国語　,'英米／英語教,'　,'　　　,'英米語　　,'1,'23
'3539,'10,'00,'0,'0,'106,'名古屋外大　　,'世界教養,'　　　　　　,'　,'　　　,'文化学　　,'0,'23
'3539,'10,'01,'0,'0,'106,'名古屋外大　　,'世界教養,'世界教養　　,'　,'　　　,'文化学　　,'1,'23
'3539,'10,'02,'0,'0,'106,'名古屋外大　　,'世界教養,'国際日本　　,'　,'　　　,'文化学　　,'1,'23
'3539,'33,'00,'0,'0,'151,'名古屋外大　　,'現代国際,'　　　　　　,'　,'　　　,'英米語　　,'0,'23
'3539,'33,'01,'0,'0,'151,'名古屋外大　　,'現代国際,'現代英語　　,'　,'　　　,'英米語　　,'1,'23
'3539,'33,'02,'0,'0,'151,'名古屋外大　　,'現代国際,'グローバルビ,'　,'　　　,'英米語　　,'1,'23
'3539,'33,'03,'0,'0,'106,'名古屋外大　　,'現代国際,'国際教養　　,'　,'　　　,'文化学　　,'1,'23
'3539,'33,'04,'0,'0,'106,'名古屋外大　　,'現代国際,'グローバル共,'　,'　　　,'文化学　　,'1,'23
'3540,'08,'00,'0,'0,'151,'名古屋学院大　,'外国語　,'　　　　　　,'　,'　　　,'英米語　　,'0,'23
'3540,'08,'01,'0,'0,'151,'名古屋学院大　,'外国語　,'英米語　　　,'　,'　　　,'英米語　　,'1,'23
'3540,'12,'00,'0,'0,'201,'名古屋学院大　,'法　　　,'　　　　　　,'　,'　　　,'法学　　　,'0,'23
'3540,'12,'01,'0,'0,'201,'名古屋学院大　,'法　　　,'法　　　　　,'　,'　　　,'法学　　　,'1,'23
'3540,'18,'00,'0,'0,'221,'名古屋学院大　,'経済　　,'　　　　　　,'　,'　　　,'経済学　　,'0,'23
'3540,'18,'01,'0,'0,'221,'名古屋学院大　,'経済　　,'経済　　　　,'　,'　　　,'経済学　　,'1,'23
'3540,'19,'00,'0,'0,'223,'名古屋学院大　,'経営　　,'　　　　　　,'　,'　　　,'経営情報学,'0,'23
'3540,'19,'01,'0,'0,'223,'名古屋学院大　,'経営　　,'データ経営　,'　,'　　　,'経営情報学,'1,'23
'3540,'20,'00,'0,'0,'222,'名古屋学院大　,'商　　　,'　　　　　　,'　,'　　　,'経営学・商,'0,'23
'3540,'20,'01,'0,'0,'222,'名古屋学院大　,'商　　　,'商　　　　　,'　,'　　　,'経営学・商,'1,'23
'3540,'27,'00,'0,'0,'241,'名古屋学院大　,'現代社会,'　　　　　　,'　,'　　　,'社会学　　,'0,'23
'3540,'27,'01,'0,'0,'241,'名古屋学院大　,'現代社会,'現代社会　　,'　,'　　　,'社会学　　,'1,'23
'3540,'33,'00,'0,'0,'151,'名古屋学院大　,'国際文化,'　　　　　　,'　,'　　　,'英米語　　,'0,'23
'3540,'33,'03,'0,'0,'106,'名古屋学院大　,'国際文化,'国際／グロー,'　,'　　　,'文化学　　,'1,'23
'3540,'33,'04,'0,'0,'106,'名古屋学院大　,'国際文化,'国際／国際日,'　,'　　　,'文化学　　,'1,'23
'3540,'33,'05,'0,'0,'151,'名古屋学院大　,'国際文化,'国際／国際協,'　,'　　　,'英米語　　,'1,'23
'3540,'65,'00,'0,'0,'654,'名古屋学院大　,'スポーツ,'　　　　　　,'　,'　　　,'体育・健康,'0,'23
'3540,'65,'01,'0,'0,'654,'名古屋学院大　,'スポーツ,'スポーツ健康,'　,'　　　,'体育・健康,'1,'23
'3540,'66,'00,'0,'0,'655,'名古屋学院大　,'リハビリ,'　　　　　　,'　,'　　　,'理学療法　,'0,'23
'3540,'66,'01,'0,'0,'655,'名古屋学院大　,'リハビリ,'理学療法　　,'　,'　　　,'理学療法　,'1,'23
'3541,'12,'00,'0,'0,'201,'名古屋経大　　,'法　　　,'　　　　　　,'　,'　　　,'法学　　　,'0,'23
'3541,'12,'03,'0,'0,'201,'名古屋経大　　,'法　　　,'ビジネス法　,'　,'　　　,'法学　　　,'1,'23
'3541,'18,'00,'0,'0,'221,'名古屋経大　　,'経済　　,'　　　　　　,'　,'　　　,'経済学　　,'0,'23
'3541,'18,'02,'0,'0,'221,'名古屋経大　　,'経済　　,'現代経済　　,'　,'　　　,'経済学　　,'1,'23
'3541,'19,'00,'0,'0,'222,'名古屋経大　　,'経営　　,'　　　　　　,'　,'　　　,'経営学・商,'0,'23
'3541,'19,'01,'0,'0,'222,'名古屋経大　　,'経営　　,'経営　　　　,'　,'　　　,'経営学・商,'1,'23
'3541,'79,'00,'0,'0,'301,'名古屋経大　　,'人間生活,'　　　　　　,'　,'　　　,'小学校　　,'0,'23
'3541,'79,'01,'0,'0,'301,'名古屋経大　　,'人間生活,'教育保育　　,'　,'　　　,'小学校　　,'1,'23
'3541,'79,'02,'0,'0,'402,'名古屋経大　　,'人間生活,'管理栄養　　,'　,'　　　,'食物・栄養,'1,'23
'3542,'30,'00,'0,'0,'301,'名古屋芸大　　,'教育　　,'　　　　　　,'　,'　　　,'小学校　　,'0,'23
'3542,'30,'01,'0,'0,'301,'名古屋芸大　　,'教育　　,'子ども　　　,'　,'　　　,'小学校　　,'1,'23
'3542,'86,'00,'0,'0,'453,'名古屋芸大　　,'芸術　　,'　　　　　　,'　,'　　　,'音楽　　　,'0,'23
'3542,'86,'03,'0,'0,'451,'名古屋芸大　　,'芸術　　,'芸術／美術　,'　,'　　　,'美術・デザ,'1,'23
'3542,'86,'05,'0,'0,'452,'名古屋芸大　　,'芸術　　,'芸術／芸術教,'　,'　　　,'芸術理論　,'1,'23
'3542,'86,'06,'0,'0,'453,'名古屋芸大　　,'芸術　　,'芸術／声楽　,'　,'　　　,'音楽　　　,'1,'23
'3542,'86,'07,'0,'0,'453,'名古屋芸大　　,'芸術　　,'芸術／鍵盤楽,'　,'　　　,'音楽　　　,'1,'23
'3542,'86,'08,'0,'0,'453,'名古屋芸大　　,'芸術　　,'芸術／弦管打,'　,'　　　,'音楽　　　,'1,'23
'3542,'86,'09,'0,'0,'453,'名古屋芸大　　,'芸術　　,'芸術／サウン,'　,'　　　,'音楽　　　,'1,'23
'3542,'86,'10,'0,'0,'453,'名古屋芸大　　,'芸術　　,'芸術／音楽ケ,'　,'　　　,'音楽　　　,'1,'23
'3542,'86,'12,'0,'0,'453,'名古屋芸大　　,'芸術　　,'芸術／ポップ,'　,'　　　,'音楽　　　,'1,'23
'3542,'86,'13,'0,'0,'453,'名古屋芸大　　,'芸術　　,'芸術／ディレ,'　,'　　　,'音楽　　　,'1,'23
'3542,'86,'14,'0,'0,'452,'名古屋芸大　　,'芸術　　,'芸術／音楽総,'　,'　　　,'芸術理論　,'1,'23
'3542,'86,'18,'0,'0,'453,'名古屋芸大　　,'芸術　　,'芸術／声優ア,'　,'　　　,'音楽　　　,'1,'23
'3542,'86,'19,'0,'0,'458,'名古屋芸大　　,'芸術　　,'芸術／文芸ラ,'　,'　　　,'その他芸術,'1,'23
'3542,'86,'20,'0,'0,'453,'名古屋芸大　　,'芸術　　,'芸術／ウイン,'　,'　　　,'音楽　　　,'1,'23
'3542,'86,'21,'0,'0,'456,'名古屋芸大　　,'芸術　　,'芸術／ダンス,'　,'　　　,'演劇　　　,'1,'23
'3542,'86,'27,'0,'0,'455,'名古屋芸大　　,'芸術　　,'芸術／先端メ,'　,'　　　,'映像　　　,'1,'23
'3542,'86,'28,'0,'0,'456,'名古屋芸大　　,'芸術　　,'芸術／舞台芸,'　,'　　　,'演劇　　　,'1,'23
'3542,'86,'29,'0,'0,'405,'名古屋芸大　　,'芸術　　,'芸術／ファン,'　,'　　　,'住居学　　,'1,'23
'3543,'18,'00,'0,'0,'202,'名古屋商大　　,'経済　　,'　　　　　　,'　,'　　　,'政治学　　,'0,'23
'3543,'18,'01,'0,'0,'221,'名古屋商大　　,'経済　　,'経済　　　　,'　,'　　　,'経済学　　,'1,'23
'3543,'18,'02,'0,'0,'202,'名古屋商大　　,'経済　　,'総合政策　　,'　,'　　　,'政治学　　,'1,'23
'3543,'19,'00,'0,'0,'222,'名古屋商大　　,'経営　　,'　　　　　　,'　,'　　　,'経営学・商,'0,'23
'3543,'19,'01,'0,'0,'222,'名古屋商大　　,'経営　　,'経営　　　　,'　,'　　　,'経営学・商,'1,'23
'3543,'19,'02,'0,'0,'223,'名古屋商大　　,'経営　　,'経営情報　　,'　,'　　　,'経営情報学,'1,'23
'3543,'20,'00,'0,'0,'222,'名古屋商大　　,'商　　　,'　　　　　　,'　,'　　　,'経営学・商,'0,'23
'3543,'20,'05,'0,'0,'222,'名古屋商大　　,'商　　　,'会計　　　　,'　,'　　　,'経営学・商,'1,'23
'3543,'20,'06,'0,'0,'222,'名古屋商大　　,'商　　　,'マーケティン,'　,'　　　,'経営学・商,'1,'23
'3543,'22,'00,'0,'0,'221,'名古屋商大　　,'経営管理,'　　　　　　,'　,'　　　,'経済学　　,'1,'23
'3543,'33,'00,'0,'0,'151,'名古屋商大　　,'国際　　,'　　　　　　,'　,'　　　,'英米語　　,'0,'23
'3543,'33,'01,'0,'0,'151,'名古屋商大　　,'国際　　,'英米　　　　,'　,'　　　,'英米語　　,'1,'23
'3543,'33,'02,'0,'0,'261,'名古屋商大　　,'国際　　,'国際　　　　,'　,'　　　,'国際関係学,'1,'23
'3544,'31,'00,'0,'0,'105,'名古屋葵大　　,'児童教育,'　　　　　　,'　,'　　　,'心理学　　,'0,'23
'3544,'31,'01,'0,'0,'105,'名古屋葵大　　,'児童教育,'児童教育　　,'　,'　　　,'心理学　　,'1,'23
'3544,'64,'00,'0,'0,'402,'名古屋葵大　　,'健康科学,'　　　　　　,'　,'　　　,'食物・栄養,'0,'23
'3544,'64,'01,'0,'0,'651,'名古屋葵大　　,'健康科学,'看護　　　　,'　,'　　　,'看護　　　,'1,'23
'3544,'64,'05,'0,'0,'402,'名古屋葵大　　,'健康科学,'健康／管理栄,'　,'　　　,'食物・栄養,'1,'23
'3544,'64,'06,'0,'0,'402,'名古屋葵大　　,'健康科学,'健康／フード,'　,'　　　,'食物・栄養,'1,'23
'3544,'65,'00,'0,'0,'655,'名古屋葵大　　,'医療科学,'　　　　　　,'　,'　　　,'理学療法　,'0,'23
'3544,'65,'01,'0,'0,'655,'名古屋葵大　　,'医療科学,'理学療法　　,'　,'　　　,'理学療法　,'1,'23
'3544,'79,'00,'0,'0,'401,'名古屋葵大　　,'生活環境,'　　　　　　,'　,'　　　,'生活科学　,'0,'23
'3544,'79,'05,'0,'0,'401,'名古屋葵大　　,'生活環境,'生活環境　　,'　,'　　　,'生活科学　,'1,'23
'3545,'83,'00,'0,'0,'451,'名古屋造形大　,'造形　　,'　　　　　　,'　,'　　　,'美術・デザ,'0,'23
'3545,'83,'39,'0,'0,'451,'名古屋造形大　,'造形　　,'造形／美術表,'　,'　　　,'美術・デザ,'1,'23
'3545,'83,'40,'0,'0,'451,'名古屋造形大　,'造形　　,'造形／視覚表,'　,'　　　,'美術・デザ,'1,'23
'3545,'83,'41,'0,'0,'554,'名古屋造形大　,'造形　　,'造形／地域建,'　,'　　　,'建築・土木,'1,'23
'3545,'83,'42,'0,'0,'405,'名古屋造形大　,'造形　　,'造形／空間作,'　,'　　　,'住居学　　,'1,'23
'3545,'83,'43,'0,'0,'451,'名古屋造形大　,'造形　　,'造形／情報表,'　,'　　　,'美術・デザ,'1,'23
'3546,'02,'00,'0,'0,'104,'南山大　　　　,'人文　　,'　　　　　　,'　,'　　　,'哲学倫理宗,'0,'23
'3546,'02,'01,'0,'0,'104,'南山大　　　　,'人文　　,'キリスト教　,'　,'　　　,'哲学倫理宗,'1,'23
'3546,'02,'02,'0,'0,'104,'南山大　　　　,'人文　　,'人類文化　　,'　,'　　　,'哲学倫理宗,'1,'23
'3546,'02,'03,'0,'0,'751,'南山大　　　　,'人文　　,'心理人間　　,'　,'　　　,'人間科学　,'1,'23
'3546,'02,'04,'0,'0,'101,'南山大　　　　,'人文　　,'日本文化　　,'　,'　　　,'日本文学　,'1,'23
'3546,'08,'00,'0,'0,'106,'南山大　　　　,'外国語　,'　　　　　　,'　,'　　　,'文化学　　,'0,'23
'3546,'08,'01,'0,'0,'106,'南山大　　　　,'外国語　,'スペイン・ラ,'　,'　　　,'文化学　　,'1,'23
'3546,'08,'02,'0,'0,'106,'南山大　　　　,'外国語　,'英米　　　　,'　,'　　　,'文化学　　,'1,'23
'3546,'08,'04,'0,'0,'106,'南山大　　　　,'外国語　,'アジア　　　,'　,'　　　,'文化学　　,'1,'23
'3546,'08,'05,'0,'0,'106,'南山大　　　　,'外国語　,'フランス　　,'　,'　　　,'文化学　　,'1,'23
'3546,'08,'06,'0,'0,'106,'南山大　　　　,'外国語　,'ドイツ　　　,'　,'　　　,'文化学　　,'1,'23
'3546,'12,'00,'0,'0,'201,'南山大　　　　,'法　　　,'　　　　　　,'　,'　　　,'法学　　　,'0,'23
'3546,'12,'01,'0,'0,'201,'南山大　　　　,'法　　　,'法律　　　　,'　,'　　　,'法学　　　,'1,'23
'3546,'13,'00,'0,'0,'202,'南山大　　　　,'総合政策,'　　　　　　,'　,'　　　,'政治学　　,'0,'23
'3546,'13,'01,'0,'0,'202,'南山大　　　　,'総合政策,'総合政策　　,'　,'　　　,'政治学　　,'1,'23
'3546,'18,'00,'0,'0,'221,'南山大　　　　,'経済　　,'　　　　　　,'　,'　　　,'経済学　　,'0,'23
'3546,'18,'01,'0,'0,'221,'南山大　　　　,'経済　　,'経済　　　　,'　,'　　　,'経済学　　,'1,'23
'3546,'19,'00,'0,'0,'222,'南山大　　　　,'経営　　,'　　　　　　,'　,'　　　,'経営学・商,'0,'23
'3546,'19,'01,'0,'0,'222,'南山大　　　　,'経営　　,'経営　　　　,'　,'　　　,'経営学・商,'1,'23
'3546,'37,'00,'0,'0,'261,'南山大　　　　,'国際教養,'　　　　　　,'　,'　　　,'国際関係学,'0,'23
'3546,'37,'01,'0,'0,'261,'南山大　　　　,'国際教養,'国際教養　　,'　,'　　　,'国際関係学,'1,'23
'3546,'47,'00,'0,'0,'551,'南山大　　　　,'理工　　,'　　　　　　,'　,'　　　,'機械工学　,'0,'23
'3546,'47,'01,'0,'0,'553,'南山大　　　　,'理工　　,'ソフトウェア,'　,'　　　,'情報工学　,'1,'23
'3546,'47,'04,'0,'0,'752,'南山大　　　　,'理工　　,'データサイエ,'　,'　　　,'総合情報学,'1,'23
'3546,'47,'05,'0,'0,'552,'南山大　　　　,'理工　　,'電子情報工　,'　,'　　　,'電気・電子,'1,'23
'3546,'47,'06,'0,'0,'551,'南山大　　　　,'理工　　,'機械シス工　,'　,'　　　,'機械工学　,'1,'23
'3547,'18,'00,'0,'0,'221,'日本福祉大　　,'経済　　,'　　　　　　,'　,'　　　,'経済学　　,'0,'23
'3547,'18,'03,'0,'0,'221,'日本福祉大　　,'経済　　,'経済／経済　,'　,'　　　,'経済学　　,'1,'23
'3547,'18,'04,'0,'0,'222,'日本福祉大　　,'経済　　,'経済／経営　,'　,'　　　,'経営学・商,'1,'23
'3547,'26,'00,'0,'0,'242,'日本福祉大　　,'社会福祉,'　　　　　　,'　,'　　　,'社会福祉学,'0,'23
'3547,'26,'08,'0,'0,'202,'日本福祉大　　,'社会福祉,'社会／総合政,'　,'　　　,'政治学　　,'1,'23
'3547,'26,'09,'0,'0,'242,'日本福祉大　　,'社会福祉,'社会／現代社,'　,'　　　,'社会福祉学,'1,'23
'3547,'31,'00,'0,'0,'105,'日本福祉大　　,'教育心理,'　　　　　　,'　,'　　　,'心理学　　,'0,'23
'3547,'31,'04,'0,'0,'105,'日本福祉大　　,'教育心理,'心理　　　　,'　,'　　　,'心理学　　,'1,'23
'3547,'31,'05,'0,'0,'312,'日本福祉大　　,'教育心理,'こども　　　,'　,'　　　,'幼稚園　　,'1,'23
'3547,'31,'06,'0,'0,'301,'日本福祉大　　,'教育心理,'学校教育　　,'　,'　　　,'小学校　　,'1,'23
'3547,'33,'00,'0,'0,'261,'日本福祉大　　,'国際　　,'　　　　　　,'　,'　　　,'国際関係学,'0,'23
'3547,'33,'01,'0,'0,'261,'日本福祉大　　,'国際　　,'国際　　　　,'　,'　　　,'国際関係学,'1,'23
'3547,'46,'00,'0,'0,'553,'日本福祉大　　,'工　　　,'　　　　　　,'　,'　　　,'情報工学　,'0,'23
'3547,'46,'01,'0,'0,'553,'日本福祉大　　,'工　　　,'工／情報工学,'　,'　　　,'情報工学　,'1,'23
'3547,'46,'02,'0,'0,'554,'日本福祉大　　,'工　　　,'工／建築学　,'　,'　　　,'建築・土木,'1,'23
'3547,'64,'00,'0,'0,'655,'日本福祉大　　,'健康科学,'　　　　　　,'　,'　　　,'理学療法　,'0,'23
'3547,'64,'01,'0,'0,'655,'日本福祉大　　,'健康科学,'リハ／理学療,'　,'　　　,'理学療法　,'1,'23
'3547,'64,'02,'0,'0,'656,'日本福祉大　　,'健康科学,'リハ／作業療,'　,'　　　,'作業療法　,'1,'23
'3547,'65,'00,'0,'0,'651,'日本福祉大　　,'看護　　,'　　　　　　,'　,'　　　,'看護　　　,'0,'23
'3547,'65,'01,'0,'0,'651,'日本福祉大　　,'看護　　,'看護　　　　,'　,'　　　,'看護　　　,'1,'23
'3547,'66,'00,'0,'0,'654,'日本福祉大　　,'スポーツ,'　　　　　　,'　,'　　　,'体育・健康,'0,'23
'3547,'66,'01,'0,'0,'654,'日本福祉大　　,'スポーツ,'スポーツ科学,'　,'　　　,'体育・健康,'1,'23
'3548,'55,'00,'0,'0,'601,'藤田医大　　　,'医　　　,'　　　　　　,'　,'　　　,'医　　　　,'0,'23
'3548,'55,'01,'0,'0,'601,'藤田医大　　　,'医　　　,'医　　　　　,'　,'　　　,'医　　　　,'1,'23
'3548,'65,'00,'0,'0,'652,'藤田医大　　　,'医療科学,'　　　　　　,'　,'　　　,'医療技術　,'0,'23
'3548,'65,'03,'0,'0,'657,'藤田医大　　　,'医療科学,'放射線　　　,'　,'　　　,'放射線技術,'1,'23
'3548,'65,'08,'0,'0,'652,'藤田医大　　　,'医療科学,'医療検査　　,'　,'　　　,'医療技術　,'1,'23
'3548,'66,'00,'0,'0,'651,'藤田医大　　　,'保健衛生,'　　　　　　,'　,'　　　,'看護　　　,'0,'23
'3548,'66,'01,'0,'0,'651,'藤田医大　　　,'保健衛生,'看護　　　　,'　,'　　　,'看護　　　,'1,'23
'3548,'66,'04,'0,'0,'655,'藤田医大　　　,'保健衛生,'リハビリテー,'　,'　　　,'理学療法　,'1,'23
'3549,'08,'00,'0,'0,'151,'名城大　　　　,'外国語　,'　　　　　　,'　,'　　　,'英米語　　,'0,'23
'3549,'08,'02,'0,'0,'261,'名城大　　　　,'外国語　,'国際／国際キ,'　,'　　　,'国際関係学,'1,'23
'3549,'08,'03,'0,'0,'151,'名城大　　　　,'外国語　,'国際／国際英,'　,'　　　,'英米語　　,'1,'23
'3549,'12,'00,'0,'0,'201,'名城大　　　　,'法　　　,'　　　　　　,'　,'　　　,'法学　　　,'0,'23
'3549,'12,'01,'0,'0,'201,'名城大　　　　,'法　　　,'法　　　　　,'　,'　　　,'法学　　　,'1,'23
'3549,'18,'00,'0,'0,'221,'名城大　　　　,'経済　　,'　　　　　　,'　,'　　　,'経済学　　,'0,'23
'3549,'18,'01,'0,'0,'221,'名城大　　　　,'経済　　,'経済　　　　,'　,'　　　,'経済学　　,'1,'23
'3549,'18,'02,'0,'0,'221,'名城大　　　　,'経済　　,'産業社会　　,'　,'　　　,'経済学　　,'1,'23
'3549,'19,'00,'0,'0,'222,'名城大　　　　,'経営　　,'　　　　　　,'　,'　　　,'経営学・商,'0,'23
'3549,'19,'01,'0,'0,'222,'名城大　　　　,'経営　　,'経営　　　　,'　,'　　　,'経営学・商,'1,'23
'3549,'19,'02,'0,'0,'222,'名城大　　　　,'経営　　,'国際経営　　,'　,'　　　,'経営学・商,'1,'23
'3549,'37,'00,'0,'0,'753,'名城大　　　　,'都市情報,'　　　　　　,'　,'　　　,'総合科学　,'0,'23
'3549,'37,'01,'0,'0,'753,'名城大　　　　,'都市情報,'都市情報　　,'　,'　　　,'総合科学　,'1,'23
'3549,'38,'00,'0,'0,'751,'名城大　　　　,'人間　　,'　　　　　　,'　,'　　　,'人間科学　,'0,'23
'3549,'38,'01,'0,'0,'751,'名城大　　　　,'人間　　,'人間　　　　,'　,'　　　,'人間科学　,'1,'23
'3549,'47,'00,'0,'0,'551,'名城大　　　　,'理工　　,'　　　　　　,'　,'　　　,'機械工学　,'0,'23
'3549,'47,'01,'0,'0,'551,'名城大　　　　,'理工　　,'機械工　　　,'　,'　　　,'機械工学　,'1,'23
'3549,'47,'02,'0,'0,'554,'名城大　　　　,'理工　　,'建築　　　　,'　,'　　　,'建築・土木,'1,'23
'3549,'47,'03,'0,'0,'551,'名城大　　　　,'理工　　,'交通機械工　,'　,'　　　,'機械工学　,'1,'23
'3549,'47,'04,'0,'0,'501,'名城大　　　　,'理工　　,'数学　　　　,'　,'　　　,'数学　　　,'1,'23
'3549,'47,'05,'0,'0,'552,'名城大　　　　,'理工　　,'電気電子工　,'　,'　　　,'電気・電子,'1,'23
'3549,'47,'09,'0,'0,'554,'名城大　　　　,'理工　　,'社会基盤デザ,'　,'　　　,'建築・土木,'1,'23
'3549,'47,'15,'0,'0,'551,'名城大　　　　,'理工　　,'メカトロニク,'　,'　　　,'機械工学　,'1,'23
'3549,'47,'16,'0,'0,'554,'名城大　　　　,'理工　　,'環境創造工　,'　,'　　　,'建築・土木,'1,'23
'3549,'47,'17,'0,'0,'555,'名城大　　　　,'理工　　,'化学／応用化,'　,'　　　,'応用化学　,'1,'23
'3549,'47,'18,'0,'0,'558,'名城大　　　　,'理工　　,'化学／材料機,'　,'　　　,'金属・材料,'1,'23
'3549,'48,'00,'0,'0,'553,'名城大　　　　,'情報工　,'　　　　　　,'　,'　　　,'情報工学　,'0,'23
'3549,'48,'01,'0,'0,'553,'名城大　　　　,'情報工　,'情報工　　　,'　,'　　　,'情報工学　,'1,'23
'3549,'61,'00,'0,'0,'621,'名城大　　　　,'薬　　　,'　　　　　　,'　,'　　　,'薬　　　　,'0,'23
'3549,'61,'04,'0,'0,'621,'名城大　　　　,'薬　　　,'薬　　　　　,'　,'　　　,'薬　　　　,'1,'23
'3549,'72,'00,'0,'0,'701,'名城大　　　　,'農　　　,'　　　　　　,'　,'　　　,'農学　　　,'0,'23
'3549,'72,'01,'0,'0,'701,'名城大　　　　,'農　　　,'生物資源　　,'　,'　　　,'農学　　　,'1,'23
'3549,'72,'02,'0,'0,'703,'名城大　　　　,'農　　　,'応用生物化　,'　,'　　　,'農芸化学　,'1,'23
'3549,'72,'03,'0,'0,'701,'名城大　　　　,'農　　　,'生物環境科学,'　,'　　　,'農学　　　,'1,'23
'3550,'19,'00,'0,'0,'222,'豊橋創造大　　,'経営　　,'　　　　　　,'　,'　　　,'経営学・商,'0,'23
'3550,'19,'01,'0,'0,'222,'豊橋創造大　　,'経営　　,'経営　　　　,'　,'　　　,'経営学・商,'1,'23
'3550,'64,'00,'0,'0,'651,'豊橋創造大　　,'保健医療,'　　　　　　,'　,'　　　,'看護　　　,'0,'23
'3550,'64,'01,'0,'0,'655,'豊橋創造大　　,'保健医療,'理学療法　　,'　,'　　　,'理学療法　,'1,'23
'3550,'64,'02,'0,'0,'651,'豊橋創造大　　,'保健医療,'看護　　　　,'　,'　　　,'看護　　　,'1,'23
'3551,'02,'00,'0,'0,'106,'愛知文教大　　,'人文　　,'　　　　　　,'　,'　　　,'文化学　　,'0,'23
'3551,'02,'01,'0,'0,'106,'愛知文教大　　,'人文　　,'人文　　　　,'　,'　　　,'文化学　　,'1,'23
'3552,'33,'00,'0,'0,'158,'桜花学園大　　,'国際　　,'　　　　　　,'　,'　　　,'韓国語（朝,'0,'23
'3552,'33,'01,'0,'0,'158,'桜花学園大　　,'国際　　,'国際　　　　,'　,'　　　,'韓国語（朝,'1,'23
'3552,'79,'00,'0,'0,'312,'桜花学園大　　,'教育保育,'　　　　　　,'　,'　　　,'幼稚園　　,'0,'23
'3552,'79,'01,'0,'0,'301,'桜花学園大　　,'教育保育,'教育保育　　,'　,'　　　,'小学校　　,'1,'23
'3552,'79,'02,'0,'0,'151,'桜花学園大　　,'教育保育,'国際教養こど,'　,'　　　,'英米語　　,'1,'23
'3553,'38,'00,'0,'0,'752,'名古屋文理大　,'情報メデ,'　　　　　　,'　,'　　　,'総合情報学,'0,'23
'3553,'38,'01,'0,'0,'752,'名古屋文理大　,'情報メデ,'情報メディア,'　,'　　　,'総合情報学,'1,'23
'3553,'79,'00,'0,'0,'402,'名古屋文理大　,'健康生活,'　　　　　　,'　,'　　　,'食物・栄養,'0,'23
'3553,'79,'01,'0,'0,'402,'名古屋文理大　,'健康生活,'健康栄養　　,'　,'　　　,'食物・栄養,'1,'23
'3553,'79,'02,'0,'0,'222,'名古屋文理大　,'健康生活,'フードビジネ,'　,'　　　,'経営学・商,'1,'23
'3554,'46,'00,'0,'0,'551,'愛知工科大　　,'工　　　,'　　　　　　,'　,'　　　,'機械工学　,'0,'23
'3554,'46,'02,'0,'0,'551,'愛知工科大　　,'工　　　,'機械シス工　,'　,'　　　,'機械工学　,'1,'23
'3554,'46,'03,'0,'0,'551,'愛知工科大　　,'工　　　,'電子ロボット,'　,'　　　,'機械工学　,'1,'23
'3554,'46,'04,'0,'0,'553,'愛知工科大　　,'工　　　,'情報メディア,'　,'　　　,'情報工学　,'1,'23
'3555,'21,'00,'0,'0,'223,'名古屋産大　　,'現代ビジ,'　　　　　　,'　,'　　　,'経営情報学,'0,'23
'3555,'21,'01,'0,'0,'105,'名古屋産大　　,'現代ビジ,'現代ビジネス,'　,'　　　,'心理学　　,'1,'23
'3555,'21,'02,'0,'0,'223,'名古屋産大　　,'現代ビジ,'経営専門職　,'　,'　　　,'経営情報学,'1,'23
'3556,'03,'00,'0,'0,'105,'人間環境大　　,'心理　　,'　　　　　　,'　,'　　　,'心理学　　,'0,'23
'3556,'03,'01,'0,'0,'105,'人間環境大　　,'心理　　,'心理　　　　,'　,'　　　,'心理学　　,'1,'23
'3556,'03,'02,'0,'0,'105,'人間環境大　　,'心理　　,'犯罪心理　　,'　,'　　　,'心理学　　,'1,'23
'3556,'04,'00,'0,'0,'105,'人間環境大　　,'総合心理,'　　　　　　,'　,'　　　,'心理学　　,'0,'23
'3556,'04,'01,'0,'0,'105,'人間環境大　　,'総合心理,'総合心理　　,'　,'　　　,'心理学　　,'1,'23
'3556,'04,'02,'0,'0,'105,'人間環境大　　,'総合心理,'総合犯罪心理,'　,'　　　,'心理学　　,'1,'23
'3556,'38,'00,'0,'0,'504,'人間環境大　　,'環境科学,'　　　　　　,'　,'　　　,'生物学　　,'0,'23
'3556,'38,'01,'0,'0,'504,'人間環境大　　,'環境科学,'フィールド生,'　,'　　　,'生物学　　,'1,'23
'3556,'38,'02,'0,'0,'752,'人間環境大　　,'環境科学,'環境データサ,'　,'　　　,'総合情報学,'1,'23
'3556,'39,'00,'0,'0,'504,'人間環境大　　,'総合環境,'　　　　　　,'　,'　　　,'生物学　　,'0,'23
'3556,'39,'01,'0,'0,'504,'人間環境大　　,'総合環境,'フィールド自,'　,'　　　,'生物学　　,'1,'23
'3556,'39,'02,'0,'0,'506,'人間環境大　　,'総合環境,'環境情報　　,'　,'　　　,'情報科学　,'1,'23
'3556,'64,'00,'0,'0,'651,'人間環境大　　,'看護　　,'　　　　　　,'　,'　　　,'看護　　　,'0,'23
'3556,'64,'01,'0,'0,'651,'人間環境大　　,'看護　　,'看護　　　　,'　,'　　　,'看護　　　,'1,'23
'3556,'65,'00,'0,'0,'651,'人間環境大　　,'松山看護,'　　　　　　,'　,'　　　,'看護　　　,'0,'23
'3556,'65,'01,'0,'0,'651,'人間環境大　　,'松山看護,'看護　　　　,'　,'　　　,'看護　　　,'1,'23
'3557,'19,'00,'0,'0,'222,'愛知東邦大　　,'経営　　,'　　　　　　,'　,'　　　,'経営学・商,'1,'23
'3557,'30,'00,'0,'0,'301,'愛知東邦大　　,'教育　　,'　　　　　　,'　,'　　　,'小学校　　,'0,'23
'3557,'30,'01,'0,'0,'301,'愛知東邦大　　,'教育　　,'子ども発達　,'　,'　　　,'小学校　　,'1,'23
'3557,'64,'00,'0,'0,'105,'愛知東邦大　　,'人間健康,'　　　　　　,'　,'　　　,'心理学　　,'0,'23
'3557,'64,'01,'0,'0,'105,'愛知東邦大　　,'人間健康,'人間健康　　,'　,'　　　,'心理学　　,'1,'23
'3558,'19,'00,'0,'0,'222,'星城大　　　　,'経営　　,'　　　　　　,'　,'　　　,'経営学・商,'0,'23
'3558,'19,'01,'0,'0,'222,'星城大　　　　,'経営　　,'経営　　　　,'　,'　　　,'経営学・商,'1,'23
'3558,'64,'00,'0,'0,'655,'星城大　　　　,'リハビリ,'　　　　　　,'　,'　　　,'理学療法　,'0,'23
'3558,'64,'01,'0,'0,'655,'星城大　　　　,'リハビリ,'リハ／理学療,'　,'　　　,'理学療法　,'1,'23
'3558,'64,'02,'0,'0,'656,'星城大　　　　,'リハビリ,'リハ／作業療,'　,'　　　,'作業療法　,'1,'23
'3559,'64,'00,'0,'0,'105,'名古屋学芸大　,'ヒューマ,'　　　　　　,'　,'　　　,'心理学　　,'0,'23
'3559,'64,'03,'0,'0,'312,'名古屋学芸大　,'ヒューマ,'子ど／幼児保,'　,'　　　,'幼稚園　　,'1,'23
'3559,'64,'04,'0,'0,'314,'名古屋学芸大　,'ヒューマ,'子ど／養護教,'　,'　　　,'養護　　　,'1,'23
'3559,'64,'06,'0,'0,'105,'名古屋学芸大　,'ヒューマ,'子ど／児童発,'　,'　　　,'心理学　　,'1,'23
'3559,'65,'00,'0,'0,'651,'名古屋学芸大　,'看護　　,'　　　　　　,'　,'　　　,'看護　　　,'0,'23
'3559,'65,'01,'0,'0,'651,'名古屋学芸大　,'看護　　,'看護　　　　,'　,'　　　,'看護　　　,'1,'23
'3559,'79,'00,'0,'0,'402,'名古屋学芸大　,'管理栄養,'　　　　　　,'　,'　　　,'食物・栄養,'0,'23
'3559,'79,'01,'0,'0,'402,'名古屋学芸大　,'管理栄養,'管理栄養　　,'　,'　　　,'食物・栄養,'1,'23
'3559,'83,'00,'0,'0,'403,'名古屋学芸大　,'メディア,'　　　　　　,'　,'　　　,'被服・服飾,'0,'23
'3559,'83,'01,'0,'0,'455,'名古屋学芸大　,'メディア,'映像メディア,'　,'　　　,'映像　　　,'1,'23
'3559,'83,'02,'0,'0,'405,'名古屋学芸大　,'メディア,'デザイン　　,'　,'　　　,'住居学　　,'1,'23
'3559,'83,'03,'0,'0,'403,'名古屋学芸大　,'メディア,'ファッション,'　,'　　　,'被服・服飾,'1,'23
'3560,'64,'00,'0,'0,'651,'日赤豊田看護大,'看護　　,'　　　　　　,'　,'　　　,'看護　　　,'0,'23
'3560,'64,'01,'0,'0,'651,'日赤豊田看護大,'看護　　,'看護　　　　,'　,'　　　,'看護　　　,'1,'23
'3562,'64,'00,'0,'0,'402,'修文大　　　　,'健康栄養,'　　　　　　,'　,'　　　,'食物・栄養,'0,'23
'3562,'64,'01,'0,'0,'402,'修文大　　　　,'健康栄養,'管理栄養　　,'　,'　　　,'食物・栄養,'1,'23
'3562,'65,'00,'0,'0,'651,'修文大　　　　,'看護　　,'　　　　　　,'　,'　　　,'看護　　　,'0,'23
'3562,'65,'01,'0,'0,'651,'修文大　　　　,'看護　　,'看護　　　　,'　,'　　　,'看護　　　,'1,'23
'3562,'66,'00,'0,'0,'658,'修文大　　　　,'医療科学,'　　　　　　,'　,'　　　,'検査技術　,'0,'23
'3562,'66,'01,'0,'0,'658,'修文大　　　　,'医療科学,'臨床検査　　,'　,'　　　,'検査技術　,'1,'23
'3563,'30,'00,'0,'0,'311,'岡崎大　　　　,'教育　　,'　　　　　　,'　,'　　　,'中高－体育,'0,'23
'3563,'30,'01,'0,'0,'311,'岡崎大　　　　,'教育　　,'子ども教育　,'　,'　　　,'中高－体育,'1,'23
'3564,'64,'00,'0,'0,'651,'一宮研伸大　　,'看護　　,'　　　　　　,'　,'　　　,'看護　　　,'0,'23
'3564,'64,'01,'0,'0,'651,'一宮研伸大　　,'看護　　,'看護　　　　,'　,'　　　,'看護　　　,'1,'23
'3568,'64,'00,'0,'0,'655,'愛知医療学院大,'リハビリ,'　　　　　　,'　,'　　　,'理学療法　,'0,'23
'3568,'64,'01,'0,'0,'655,'愛知医療学院大,'リハビリ,'リハ／理学療,'　,'　　　,'理学療法　,'1,'23
'3568,'64,'02,'0,'0,'656,'愛知医療学院大,'リハビリ,'リハ／作業療,'　,'　　　,'作業療法　,'1,'23
'3571,'01,'00,'0,'0,'101,'皇学館大　　　,'文　　　,'　　　　　　,'　,'　　　,'日本文学　,'0,'24
'3571,'01,'02,'0,'0,'109,'皇学館大　　　,'文　　　,'国史　　　　,'　,'　　　,'日本史　　,'1,'24
'3571,'01,'03,'0,'0,'101,'皇学館大　　　,'文　　　,'国文　　　　,'　,'　　　,'日本文学　,'1,'24
'3571,'01,'04,'0,'0,'104,'皇学館大　　　,'文　　　,'神道　　　　,'　,'　　　,'哲学倫理宗,'1,'24
'3571,'01,'05,'0,'0,'105,'皇学館大　　　,'文　　　,'コミュニケー,'　,'　　　,'心理学　　,'1,'24
'3571,'27,'00,'0,'0,'106,'皇学館大　　　,'現代日本,'　　　　　　,'　,'　　　,'文化学　　,'0,'24
'3571,'27,'01,'0,'0,'106,'皇学館大　　　,'現代日本,'現代日本社会,'　,'　　　,'文化学　　,'1,'24
'3571,'30,'00,'0,'0,'303,'皇学館大　　　,'教育　　,'　　　　　　,'　,'　　　,'中高－数学,'0,'24
'3571,'30,'01,'0,'0,'301,'皇学館大　　　,'教育　　,'教育　　　　,'　,'　　　,'小学校　　,'1,'24
'3571,'30,'03,'0,'0,'316,'皇学館大　　　,'教育　　,'教育／数理教,'　,'　　　,'０免課程　,'1,'24
'3572,'47,'00,'0,'0,'652,'鈴鹿医療科学大,'医用工　,'　　　　　　,'　,'　　　,'医療技術　,'0,'24
'3572,'47,'02,'0,'0,'652,'鈴鹿医療科学大,'医用工　,'臨床工　　　,'　,'　　　,'医療技術　,'1,'24
'3572,'61,'00,'0,'0,'555,'鈴鹿医療科学大,'薬　　　,'　　　　　　,'　,'　　　,'応用化学　,'0,'24
'3572,'61,'01,'0,'0,'621,'鈴鹿医療科学大,'薬　　　,'薬　　　　　,'　,'　　　,'薬　　　　,'1,'24
'3572,'61,'02,'0,'0,'555,'鈴鹿医療科学大,'薬　　　,'薬科学　　　,'　,'　　　,'応用化学　,'1,'24
'3572,'64,'00,'0,'0,'105,'鈴鹿医療科学大,'保健衛生,'　　　　　　,'　,'　　　,'心理学　　,'0,'24
'3572,'64,'01,'0,'0,'402,'鈴鹿医療科学大,'保健衛生,'医療栄養　　,'　,'　　　,'食物・栄養,'1,'24
'3572,'64,'02,'0,'0,'657,'鈴鹿医療科学大,'保健衛生,'放射線技術科,'　,'　　　,'放射線技術,'1,'24
'3572,'64,'07,'0,'0,'105,'鈴鹿医療科学大,'保健衛生,'医療／医療福,'　,'　　　,'心理学　　,'1,'24
'3572,'64,'08,'0,'0,'105,'鈴鹿医療科学大,'保健衛生,'医療／臨床心,'　,'　　　,'心理学　　,'1,'24
'3572,'64,'09,'0,'0,'652,'鈴鹿医療科学大,'保健衛生,'鍼灸サイエン,'　,'　　　,'医療技術　,'1,'24
'3572,'64,'10,'0,'0,'655,'鈴鹿医療科学大,'保健衛生,'リハ／理学療,'　,'　　　,'理学療法　,'1,'24
'3572,'64,'11,'0,'0,'656,'鈴鹿医療科学大,'保健衛生,'リハ／作業療,'　,'　　　,'作業療法　,'1,'24
'3572,'64,'12,'0,'0,'652,'鈴鹿医療科学大,'保健衛生,'救急救命　　,'　,'　　　,'医療技術　,'1,'24
'3572,'64,'13,'0,'0,'658,'鈴鹿医療科学大,'保健衛生,'臨床検査　　,'　,'　　　,'検査技術　,'1,'24
'3572,'66,'00,'0,'0,'651,'鈴鹿医療科学大,'看護　　,'　　　　　　,'　,'　　　,'看護　　　,'0,'24
'3572,'66,'01,'0,'0,'651,'鈴鹿医療科学大,'看護　　,'看護　　　　,'　,'　　　,'看護　　　,'1,'24
'3573,'31,'00,'0,'0,'301,'鈴鹿大　　　　,'こども教,'　　　　　　,'　,'　　　,'小学校　　,'0,'24
'3573,'31,'03,'0,'0,'301,'鈴鹿大　　　　,'こども教,'こども教育　,'　,'　　　,'小学校　　,'1,'24
'3573,'33,'00,'0,'0,'222,'鈴鹿大　　　　,'国際地域,'　　　　　　,'　,'　　　,'経営学・商,'0,'24
'3573,'33,'05,'0,'0,'222,'鈴鹿大　　　　,'国際地域,'国際地域　　,'　,'　　　,'経営学・商,'1,'24
'3575,'13,'00,'0,'0,'202,'四日市大　　　,'総合政策,'　　　　　　,'　,'　　　,'政治学　　,'0,'24
'3575,'13,'01,'0,'0,'202,'四日市大　　　,'総合政策,'総合政策　　,'　,'　　　,'政治学　　,'1,'24
'3575,'47,'00,'0,'0,'458,'四日市大　　　,'環境情報,'　　　　　　,'　,'　　　,'その他芸術,'0,'24
'3575,'47,'01,'0,'0,'458,'四日市大　　　,'環境情報,'環境情報　　,'　,'　　　,'その他芸術,'1,'24
'3576,'64,'00,'0,'0,'651,'四日市看護医大,'看護医療,'　　　　　　,'　,'　　　,'看護　　　,'0,'24
'3576,'64,'01,'0,'0,'651,'四日市看護医大,'看護医療,'看護　　　　,'　,'　　　,'看護　　　,'1,'24
'3576,'64,'02,'0,'0,'652,'四日市看護医大,'看護医療,'臨床検査　　,'　,'　　　,'医療技術　,'1,'24
'3581,'83,'00,'0,'0,'451,'成安造形大　　,'芸術　　,'　　　　　　,'　,'　　　,'美術・デザ,'0,'25
'3581,'83,'05,'0,'0,'451,'成安造形大　　,'芸術　　,'芸術／総合　,'　,'　　　,'美術・デザ,'1,'25
'3581,'83,'06,'0,'0,'451,'成安造形大　　,'芸術　　,'芸術／イラス,'　,'　　　,'美術・デザ,'1,'25
'3581,'83,'07,'0,'0,'451,'成安造形大　　,'芸術　　,'芸術／美術　,'　,'　　　,'美術・デザ,'1,'25
'3581,'83,'08,'0,'0,'451,'成安造形大　　,'芸術　　,'芸術／情報デ,'　,'　　　,'美術・デザ,'1,'25
'3581,'83,'09,'0,'0,'403,'成安造形大　　,'芸術　　,'芸術／空間デ,'　,'　　　,'被服・服飾,'1,'25
'3581,'83,'10,'0,'0,'753,'成安造形大　　,'芸術　　,'芸術／地域実,'　,'　　　,'総合科学　,'1,'25
'3582,'28,'00,'0,'0,'106,'平安女学院大　,'国際観光,'　　　　　　,'　,'　　　,'文化学　　,'0,'26
'3582,'28,'01,'0,'0,'106,'平安女学院大　,'国際観光,'国際観光　　,'　,'　　　,'文化学　　,'1,'26
'3582,'31,'00,'0,'0,'105,'平安女学院大　,'子ども教,'　　　　　　,'　,'　　　,'心理学　　,'0,'26
'3582,'31,'03,'0,'0,'105,'平安女学院大　,'子ども教,'子ども教育　,'　,'　　　,'心理学　　,'1,'26
'3583,'74,'00,'0,'0,'504,'長浜バイオ大　,'バイオサ,'　　　　　　,'　,'　　　,'生物学　　,'0,'25
'3583,'74,'01,'0,'0,'504,'長浜バイオ大　,'バイオサ,'フロンティア,'　,'　　　,'生物学　　,'1,'25
'3583,'74,'04,'0,'0,'504,'長浜バイオ大　,'バイオサ,'アニマルバイ,'　,'　　　,'生物学　　,'1,'25
'3583,'74,'05,'0,'0,'658,'長浜バイオ大　,'バイオサ,'フロ／臨床検,'　,'　　　,'検査技術　,'1,'25
'3583,'74,'06,'0,'0,'504,'長浜バイオ大　,'バイオサ,'バイオデータ,'　,'　　　,'生物学　　,'1,'25
'3584,'64,'00,'0,'0,'222,'びわこ成蹊大　,'スポーツ,'　　　　　　,'　,'　　　,'経営学・商,'0,'25
'3584,'64,'03,'0,'0,'222,'びわこ成蹊大　,'スポーツ,'スポーツ　　,'　,'　　　,'経営学・商,'1,'25
'3585,'64,'00,'0,'0,'651,'聖泉大　　　　,'看護　　,'　　　　　　,'　,'　　　,'看護　　　,'0,'25
'3585,'64,'01,'0,'0,'651,'聖泉大　　　　,'看護　　,'看護　　　　,'　,'　　　,'看護　　　,'1,'25
'3586,'31,'00,'0,'0,'242,'びわこ学院大　,'教育福祉,'　　　　　　,'　,'　　　,'社会福祉学,'0,'25
'3586,'31,'01,'0,'0,'242,'びわこ学院大　,'教育福祉,'子ども　　　,'　,'　　　,'社会福祉学,'1,'25
'3586,'31,'02,'0,'0,'311,'びわこ学院大　,'教育福祉,'スポーツ教育,'　,'　　　,'中高－体育,'1,'25
'3587,'64,'00,'0,'0,'652,'びわこリハ職大,'リハビリ,'　　　　　　,'　,'　　　,'医療技術　,'0,'25
'3587,'64,'01,'0,'0,'655,'びわこリハ職大,'リハビリ,'理学療法　　,'　,'　　　,'理学療法　,'1,'25
'3587,'64,'02,'0,'0,'656,'びわこリハ職大,'リハビリ,'作業療法　　,'　,'　　　,'作業療法　,'1,'25
'3587,'64,'03,'0,'0,'652,'びわこリハ職大,'リハビリ,'言語聴覚療法,'　,'　　　,'医療技術　,'1,'25
'3591,'01,'00,'0,'0,'104,'大谷大　　　　,'文　　　,'　　　　　　,'　,'　　　,'哲学倫理宗,'0,'26
'3591,'01,'02,'0,'0,'108,'大谷大　　　　,'文　　　,'歴史　　　　,'　,'　　　,'東洋史　　,'1,'26
'3591,'01,'04,'0,'0,'104,'大谷大　　　　,'文　　　,'真宗　　　　,'　,'　　　,'哲学倫理宗,'1,'26
'3591,'01,'05,'0,'0,'104,'大谷大　　　　,'文　　　,'哲学　　　　,'　,'　　　,'哲学倫理宗,'1,'26
'3591,'01,'06,'0,'0,'104,'大谷大　　　　,'文　　　,'仏教　　　　,'　,'　　　,'哲学倫理宗,'1,'26
'3591,'01,'07,'0,'0,'101,'大谷大　　　　,'文　　　,'文学　　　　,'　,'　　　,'日本文学　,'1,'26
'3591,'25,'00,'0,'0,'241,'大谷大　　　　,'社会　　,'　　　　　　,'　,'　　　,'社会学　　,'0,'26
'3591,'25,'01,'0,'0,'241,'大谷大　　　　,'社会　　,'コミュニティ,'　,'　　　,'社会学　　,'1,'26
'3591,'25,'02,'0,'0,'241,'大谷大　　　　,'社会　　,'現代社会　　,'　,'　　　,'社会学　　,'1,'26
'3591,'30,'00,'0,'0,'316,'大谷大　　　　,'教育　　,'　　　　　　,'　,'　　　,'０免課程　,'0,'26
'3591,'30,'01,'0,'0,'301,'大谷大　　　　,'教育　　,'教育／初等教,'　,'　　　,'小学校　　,'1,'26
'3591,'30,'02,'0,'0,'312,'大谷大　　　　,'教育　　,'教育／幼児教,'　,'　　　,'幼稚園　　,'1,'26
'3591,'30,'03,'0,'0,'301,'大谷大　　　　,'教育　　,'教育／数理教,'　,'　　　,'小学校　　,'1,'26
'3591,'33,'00,'0,'0,'106,'大谷大　　　　,'国際　　,'　　　　　　,'　,'　　　,'文化学　　,'0,'26
'3591,'33,'01,'0,'0,'106,'大谷大　　　　,'国際　　,'国際文化　　,'　,'　　　,'文化学　　,'1,'26
'3592,'08,'00,'0,'0,'151,'京都外大　　　,'外国語　,'　　　　　　,'　,'　　　,'英米語　　,'0,'26
'3592,'08,'01,'0,'0,'155,'京都外大　　　,'外国語　,'スペイン語　,'　,'　　　,'スペイン語,'1,'26
'3592,'08,'02,'0,'0,'151,'京都外大　　　,'外国語　,'英米語　　　,'　,'　　　,'英米語　　,'1,'26
'3592,'08,'03,'0,'0,'152,'京都外大　　　,'外国語　,'中国語　　　,'　,'　　　,'中国語　　,'1,'26
'3592,'08,'04,'0,'0,'157,'京都外大　　　,'外国語　,'ドイツ語　　,'　,'　　　,'ドイツ語　,'1,'26
'3592,'08,'05,'0,'0,'160,'京都外大　　　,'外国語　,'日本語　　　,'　,'　　　,'日本語　　,'1,'26
'3592,'08,'06,'0,'0,'153,'京都外大　　　,'外国語　,'フランス語　,'　,'　　　,'フランス語,'1,'26
'3592,'08,'07,'0,'0,'159,'京都外大　　　,'外国語　,'ブラジルポル,'　,'　　　,'ポルトガル,'1,'26
'3592,'08,'08,'0,'0,'154,'京都外大　　　,'外国語　,'イタリア語　,'　,'　　　,'イタリア語,'1,'26
'3592,'08,'10,'0,'0,'156,'京都外大　　　,'外国語　,'ロシア語　　,'　,'　　　,'ロシア語　,'1,'26
'3592,'33,'00,'0,'0,'222,'京都外大　　　,'国際貢献,'　　　　　　,'　,'　　　,'経営学・商,'0,'26
'3592,'33,'01,'0,'0,'222,'京都外大　　　,'国際貢献,'グローバルス,'　,'　　　,'経営学・商,'1,'26
'3592,'33,'02,'0,'0,'222,'京都外大　　　,'国際貢献,'グローバル観,'　,'　　　,'経営学・商,'1,'26
'3593,'02,'00,'0,'0,'105,'京都先端科学大,'人文　　,'　　　　　　,'　,'　　　,'心理学　　,'0,'26
'3593,'02,'01,'0,'0,'106,'京都先端科学大,'人文　　,'歴史文化　　,'　,'　　　,'文化学　　,'1,'26
'3593,'02,'02,'0,'0,'105,'京都先端科学大,'人文　　,'心理　　　　,'　,'　　　,'心理学　　,'1,'26
'3593,'21,'00,'0,'0,'222,'京都先端科学大,'経済経営,'　　　　　　,'　,'　　　,'経営学・商,'0,'26
'3593,'21,'01,'0,'0,'221,'京都先端科学大,'経済経営,'経済　　　　,'　,'　　　,'経済学　　,'1,'26
'3593,'21,'02,'0,'0,'222,'京都先端科学大,'経済経営,'経営　　　　,'　,'　　　,'経営学・商,'1,'26
'3593,'46,'00,'0,'0,'551,'京都先端科学大,'工　　　,'　　　　　　,'　,'　　　,'機械工学　,'0,'26
'3593,'46,'01,'0,'0,'551,'京都先端科学大,'工　　　,'機械電気シス,'　,'　　　,'機械工学　,'1,'26
'3593,'64,'00,'0,'0,'222,'京都先端科学大,'健康医療,'　　　　　　,'　,'　　　,'経営学・商,'0,'26
'3593,'64,'01,'0,'0,'651,'京都先端科学大,'健康医療,'看護　　　　,'　,'　　　,'看護　　　,'1,'26
'3593,'64,'02,'0,'0,'652,'京都先端科学大,'健康医療,'言語聴覚　　,'　,'　　　,'医療技術　,'1,'26
'3593,'64,'03,'0,'0,'222,'京都先端科学大,'健康医療,'健康スポーツ,'　,'　　　,'経営学・商,'1,'26
'3593,'74,'00,'0,'0,'564,'京都先端科学大,'バイオ環,'　　　　　　,'　,'　　　,'生物工学　,'0,'26
'3593,'74,'04,'0,'0,'564,'京都先端科学大,'バイオ環,'応用生命科学,'　,'　　　,'生物工学　,'1,'26
'3593,'74,'05,'0,'0,'701,'京都先端科学大,'バイオ環,'生物環境科学,'　,'　　　,'農学　　　,'1,'26
'3594,'03,'00,'0,'0,'106,'京都産業大　　,'文化　　,'　　　　　　,'　,'　　　,'文化学　　,'0,'26
'3594,'03,'01,'0,'0,'106,'京都産業大　　,'文化　　,'文化構想　　,'　,'　　　,'文化学　　,'1,'26
'3594,'03,'02,'0,'0,'106,'京都産業大　　,'文化　　,'京都文化　　,'　,'　　　,'文化学　　,'1,'26
'3594,'03,'03,'0,'0,'243,'京都産業大　　,'文化　　,'文化観光　　,'　,'　　　,'観光学　　,'1,'26
'3594,'08,'00,'0,'0,'151,'京都産業大　　,'外国語　,'　　　　　　,'　,'　　　,'英米語　　,'0,'26
'3594,'08,'01,'0,'0,'151,'京都産業大　　,'外国語　,'英語　　　　,'　,'　　　,'英米語　　,'1,'26
'3594,'08,'14,'0,'0,'153,'京都産業大　　,'外国語　,'ヨーロッパ言,'　,'　　　,'フランス語,'1,'26
'3594,'08,'15,'0,'0,'152,'京都産業大　　,'外国語　,'アジア言語　,'　,'　　　,'中国語　　,'1,'26
'3594,'12,'00,'0,'0,'201,'京都産業大　　,'法　　　,'　　　　　　,'　,'　　　,'法学　　　,'0,'26
'3594,'12,'01,'0,'0,'201,'京都産業大　　,'法　　　,'法律　　　　,'　,'　　　,'法学　　　,'1,'26
'3594,'12,'02,'0,'0,'201,'京都産業大　　,'法　　　,'法政策　　　,'　,'　　　,'法学　　　,'1,'26
'3594,'18,'00,'0,'0,'202,'京都産業大　　,'経済　　,'　　　　　　,'　,'　　　,'政治学　　,'0,'26
'3594,'18,'01,'0,'0,'202,'京都産業大　　,'経済　　,'経済　　　　,'　,'　　　,'政治学　　,'1,'26
'3594,'19,'00,'0,'0,'222,'京都産業大　　,'経営　　,'　　　　　　,'　,'　　　,'経営学・商,'0,'26
'3594,'19,'02,'0,'0,'222,'京都産業大　　,'経営　　,'マネジメント,'　,'　　　,'経営学・商,'1,'26
'3594,'21,'00,'0,'0,'201,'京都産業大　　,'アントレ,'　　　　　　,'　,'　　　,'法学　　　,'1,'26
'3594,'27,'00,'0,'0,'241,'京都産業大　　,'現代社会,'　　　　　　,'　,'　　　,'社会学　　,'0,'26
'3594,'27,'01,'0,'0,'241,'京都産業大　　,'現代社会,'現代社会　　,'　,'　　　,'社会学　　,'1,'26
'3594,'27,'02,'0,'0,'654,'京都産業大　　,'現代社会,'健康スポーツ,'　,'　　　,'体育・健康,'1,'26
'3594,'33,'00,'0,'0,'261,'京都産業大　　,'国際関係,'　　　　　　,'　,'　　　,'国際関係学,'0,'26
'3594,'33,'01,'0,'0,'261,'京都産業大　　,'国際関係,'国際関係　　,'　,'　　　,'国際関係学,'1,'26
'3594,'42,'00,'0,'0,'502,'京都産業大　　,'理　　　,'　　　　　　,'　,'　　　,'物理学　　,'0,'26
'3594,'42,'02,'0,'0,'303,'京都産業大　　,'理　　　,'数理科学　　,'　,'　　　,'中高－数学,'1,'26
'3594,'42,'03,'0,'0,'502,'京都産業大　　,'理　　　,'物理科学　　,'　,'　　　,'物理学　　,'1,'26
'3594,'42,'04,'0,'0,'502,'京都産業大　　,'理　　　,'宇宙物理・気,'　,'　　　,'物理学　　,'1,'26
'3594,'48,'00,'0,'0,'506,'京都産業大　　,'情報理工,'　　　　　　,'　,'　　　,'情報科学　,'0,'26
'3594,'48,'01,'0,'0,'506,'京都産業大　　,'情報理工,'情報理工　　,'　,'　　　,'情報科学　,'1,'26
'3594,'75,'00,'0,'0,'564,'京都産業大　　,'生命科学,'　　　　　　,'　,'　　　,'生物工学　,'0,'26
'3594,'75,'01,'0,'0,'564,'京都産業大　　,'生命科学,'先端生命科学,'　,'　　　,'生物工学　,'1,'26
'3594,'75,'02,'0,'0,'564,'京都産業大　　,'生命科学,'産業生命科学,'　,'　　　,'生物工学　,'1,'26
'3595,'01,'00,'0,'0,'101,'京都女子大　　,'文　　　,'　　　　　　,'　,'　　　,'日本文学　,'0,'26
'3595,'01,'01,'0,'0,'102,'京都女子大　　,'文　　　,'英語文化コミ,'　,'　　　,'外国文学　,'1,'26
'3595,'01,'04,'0,'0,'101,'京都女子大　　,'文　　　,'日本語日本文,'　,'　　　,'日本文学　,'1,'26
'3595,'01,'05,'0,'0,'107,'京都女子大　　,'文　　　,'歴史　　　　,'　,'　　　,'西洋史　　,'1,'26
'3595,'03,'00,'0,'0,'105,'京都女子大　　,'心理共生,'　　　　　　,'　,'　　　,'心理学　　,'0,'26
'3595,'03,'01,'0,'0,'105,'京都女子大　　,'心理共生,'心理共生　　,'　,'　　　,'心理学　　,'1,'26
'3595,'12,'00,'0,'0,'201,'京都女子大　　,'法　　　,'　　　　　　,'　,'　　　,'法学　　　,'0,'26
'3595,'12,'01,'0,'0,'201,'京都女子大　　,'法　　　,'法　　　　　,'　,'　　　,'法学　　　,'1,'26
'3595,'27,'00,'0,'0,'202,'京都女子大　　,'現代社会,'　　　　　　,'　,'　　　,'政治学　　,'0,'26
'3595,'27,'05,'0,'0,'202,'京都女子大　　,'現代社会,'現代／現代社,'　,'　　　,'政治学　　,'1,'26
'3595,'27,'06,'0,'0,'751,'京都女子大　　,'現代社会,'現代／メディ,'　,'　　　,'人間科学　,'1,'26
'3595,'27,'07,'0,'0,'222,'京都女子大　　,'現代社会,'現代／経済ビ,'　,'　　　,'経営学・商,'1,'26
'3595,'31,'00,'0,'0,'301,'京都女子大　　,'発達教育,'　　　　　　,'　,'　　　,'小学校　　,'0,'26
'3595,'31,'07,'0,'0,'301,'京都女子大　　,'発達教育,'教育　　　　,'　,'　　　,'小学校　　,'1,'26
'3595,'37,'00,'0,'0,'752,'京都女子大　　,'データサ,'　　　　　　,'　,'　　　,'総合情報学,'0,'26
'3595,'37,'01,'0,'0,'752,'京都女子大　　,'データサ,'データサイエ,'　,'　　　,'総合情報学,'1,'26
'3595,'79,'00,'0,'0,'402,'京都女子大　　,'家政　　,'　　　　　　,'　,'　　　,'食物・栄養,'0,'26
'3595,'79,'01,'0,'0,'402,'京都女子大　　,'家政　　,'食物栄養　　,'　,'　　　,'食物・栄養,'1,'26
'3595,'79,'03,'0,'0,'403,'京都女子大　　,'家政　　,'生活造形　　,'　,'　　　,'被服・服飾,'1,'26
'3596,'02,'00,'0,'0,'106,'京都精華大　　,'人文　　,'　　　　　　,'　,'　　　,'文化学　　,'0,'26
'3596,'02,'08,'0,'0,'109,'京都精華大　　,'人文　　,'人文／歴史　,'　,'　　　,'日本史　　,'1,'26
'3596,'02,'09,'0,'0,'106,'京都精華大　　,'人文　　,'人文／文学　,'　,'　　　,'文化学　　,'1,'26
'3596,'02,'10,'0,'0,'241,'京都精華大　　,'人文　　,'人文／社会　,'　,'　　　,'社会学　　,'1,'26
'3596,'02,'11,'0,'0,'106,'京都精華大　　,'人文　　,'国際／国際文,'　,'　　　,'文化学　　,'1,'26
'3596,'02,'12,'0,'0,'106,'京都精華大　　,'人文　　,'国際／国際日,'　,'　　　,'文化学　　,'1,'26
'3596,'83,'00,'0,'0,'451,'京都精華大　　,'芸術　　,'　　　　　　,'　,'　　　,'美術・デザ,'0,'26
'3596,'83,'01,'0,'0,'451,'京都精華大　　,'芸術　　,'造形　　　　,'　,'　　　,'美術・デザ,'1,'26
'3596,'84,'00,'0,'0,'451,'京都精華大　　,'デザイン,'　　　　　　,'　,'　　　,'美術・デザ,'0,'26
'3596,'84,'02,'0,'0,'403,'京都精華大　　,'デザイン,'プロダクトデ,'　,'　　　,'被服・服飾,'1,'26
'3596,'84,'03,'0,'0,'554,'京都精華大　　,'デザイン,'建築　　　　,'　,'　　　,'建築・土木,'1,'26
'3596,'84,'04,'0,'0,'451,'京都精華大　　,'デザイン,'ビジ／グラフ,'　,'　　　,'美術・デザ,'1,'26
'3596,'84,'06,'0,'0,'455,'京都精華大　　,'デザイン,'ビジ／デジタ,'　,'　　　,'映像　　　,'1,'26
'3596,'84,'09,'0,'0,'451,'京都精華大　　,'デザイン,'イラスト　　,'　,'　　　,'美術・デザ,'1,'26
'3596,'85,'00,'0,'0,'458,'京都精華大　　,'マンガ　,'　　　　　　,'　,'　　　,'その他芸術,'0,'26
'3596,'85,'03,'0,'0,'455,'京都精華大　　,'マンガ　,'アニメーショ,'　,'　　　,'映像　　　,'1,'26
'3596,'85,'05,'0,'0,'458,'京都精華大　　,'マンガ　,'マン／ストー,'　,'　　　,'その他芸術,'1,'26
'3596,'85,'09,'0,'0,'458,'京都精華大　　,'マンガ　,'マン／新世代,'　,'　　　,'その他芸術,'1,'26
'3596,'85,'10,'0,'0,'451,'京都精華大　　,'マンガ　,'キャラクター,'　,'　　　,'美術・デザ,'1,'26
'3596,'87,'00,'0,'0,'453,'京都精華大　　,'メディア,'　　　　　　,'　,'　　　,'音楽　　　,'0,'26
'3596,'87,'01,'0,'0,'453,'京都精華大　　,'メディア,'メディア表現,'　,'　　　,'音楽　　　,'1,'26
'3597,'83,'00,'0,'0,'451,'京都芸術大　　,'芸術　　,'　　　　　　,'　,'　　　,'美術・デザ,'0,'26
'3597,'83,'08,'0,'0,'451,'京都芸術大　　,'芸術　　,'美術／日本画,'　,'　　　,'美術・デザ,'1,'26
'3597,'83,'09,'0,'0,'451,'京都芸術大　　,'芸術　　,'美術／油画　,'　,'　　　,'美術・デザ,'1,'26
'3597,'83,'12,'0,'0,'451,'京都芸術大　　,'芸術　　,'美術／染織テ,'　,'　　　,'美術・デザ,'1,'26
'3597,'83,'13,'0,'0,'403,'京都芸術大　　,'芸術　　,'空間／ファッ,'　,'　　　,'被服・服飾,'1,'26
'3597,'83,'14,'0,'0,'405,'京都芸術大　　,'芸術　　,'空間／空間デ,'　,'　　　,'住居学　　,'1,'26
'3597,'83,'22,'0,'0,'405,'京都芸術大　　,'芸術　　,'環境デザイン,'　,'　　　,'住居学　　,'1,'26
'3597,'83,'33,'0,'0,'456,'京都芸術大　　,'芸術　　,'映画／俳優　,'　,'　　　,'演劇　　　,'1,'26
'3597,'83,'35,'0,'0,'404,'京都芸術大　　,'芸術　　,'こども芸術　,'　,'　　　,'児童学　　,'1,'26
'3597,'83,'39,'0,'0,'451,'京都芸術大　　,'芸術　　,'情報／イラス,'　,'　　　,'美術・デザ,'1,'26
'3597,'83,'45,'0,'0,'455,'京都芸術大　　,'芸術　　,'キャ／キャラ,'　,'　　　,'映像　　　,'1,'26
'3597,'83,'49,'0,'0,'456,'京都芸術大　　,'芸術　　,'舞台／舞台デ,'　,'　　　,'演劇　　　,'1,'26
'3597,'83,'53,'0,'0,'458,'京都芸術大　　,'芸術　　,'文芸表現　　,'　,'　　　,'その他芸術,'1,'26
'3597,'83,'55,'0,'0,'451,'京都芸術大　　,'芸術　　,'美術／総合造,'　,'　　　,'美術・デザ,'1,'26
'3597,'83,'58,'0,'0,'455,'京都芸術大　　,'芸術　　,'映画／映画製,'　,'　　　,'映像　　　,'1,'26
'3597,'83,'59,'0,'0,'456,'京都芸術大　　,'芸術　　,'舞台／演技演,'　,'　　　,'演劇　　　,'1,'26
'3597,'83,'60,'0,'0,'455,'京都芸術大　　,'芸術　　,'美術／写真映,'　,'　　　,'映像　　　,'1,'26
'3597,'83,'63,'0,'0,'451,'京都芸術大　　,'芸術　　,'情報／ビジュ,'　,'　　　,'美術・デザ,'1,'26
'3597,'83,'66,'0,'0,'458,'京都芸術大　　,'芸術　　,'キャ／マンガ,'　,'　　　,'その他芸術,'1,'26
'3597,'83,'67,'0,'0,'452,'京都芸術大　　,'芸術　　,'美術／アート,'　,'　　　,'芸術理論　,'1,'26
'3597,'83,'68,'0,'0,'111,'京都芸術大　　,'芸術　　,'美術／文化財,'　,'　　　,'考古学・文,'1,'26
'3597,'83,'69,'0,'0,'455,'京都芸術大　　,'芸術　　,'情報／ゲーム,'　,'　　　,'映像　　　,'1,'26
'3597,'83,'70,'0,'0,'455,'京都芸術大　　,'芸術　　,'情報／映像ク,'　,'　　　,'映像　　　,'1,'26
'3597,'83,'71,'0,'0,'566,'京都芸術大　　,'芸術　　,'プロ／プロダ,'　,'　　　,'デザイン工,'1,'26
'3597,'83,'72,'0,'0,'566,'京都芸術大　　,'芸術　　,'プロ／クロス,'　,'　　　,'デザイン工,'1,'26
'3598,'01,'00,'0,'0,'454,'京都橘大　　　,'文　　　,'　　　　　　,'　,'　　　,'書道　　　,'0,'26
'3598,'01,'02,'0,'0,'101,'京都橘大　　　,'文　　　,'日本語日本文,'　,'　　　,'日本文学　,'1,'26
'3598,'01,'03,'0,'0,'107,'京都橘大　　　,'文　　　,'歴史　　　　,'　,'　　　,'西洋史　　,'1,'26
'3598,'01,'04,'0,'0,'111,'京都橘大　　　,'文　　　,'歴史遺産　　,'　,'　　　,'考古学・文,'1,'26
'3598,'01,'09,'0,'0,'454,'京都橘大　　　,'文　　　,'日本／書道　,'　,'　　　,'書道　　　,'1,'26
'3598,'04,'00,'0,'0,'105,'京都橘大　　　,'総合心理,'　　　　　　,'　,'　　　,'心理学　　,'0,'26
'3598,'04,'01,'0,'0,'105,'京都橘大　　　,'総合心理,'総合心理　　,'　,'　　　,'心理学　　,'1,'26
'3598,'18,'00,'0,'0,'106,'京都橘大　　　,'経済　　,'　　　　　　,'　,'　　　,'文化学　　,'0,'26
'3598,'18,'02,'0,'0,'202,'京都橘大　　　,'経済　　,'経済／経済学,'　,'　　　,'政治学　　,'1,'26
'3598,'18,'03,'0,'0,'106,'京都橘大　　　,'経済　　,'経済／現代社,'　,'　　　,'文化学　　,'1,'26
'3598,'19,'00,'0,'0,'222,'京都橘大　　　,'経営　　,'　　　　　　,'　,'　　　,'経営学・商,'0,'26
'3598,'19,'02,'0,'0,'222,'京都橘大　　　,'経営　　,'経営／経営学,'　,'　　　,'経営学・商,'1,'26
'3598,'19,'03,'0,'0,'222,'京都橘大　　　,'経営　　,'経営／スポー,'　,'　　　,'経営学・商,'1,'26
'3598,'31,'00,'0,'0,'301,'京都橘大　　　,'発達教育,'　　　　　　,'　,'　　　,'小学校　　,'0,'26
'3598,'31,'01,'0,'0,'301,'京都橘大　　　,'発達教育,'児童教育　　,'　,'　　　,'小学校　　,'1,'26
'3598,'33,'00,'0,'0,'151,'京都橘大　　　,'国際英語,'　　　　　　,'　,'　　　,'英米語　　,'0,'26
'3598,'33,'02,'0,'0,'151,'京都橘大　　　,'国際英語,'国際／グロー,'　,'　　　,'英米語　　,'1,'26
'3598,'33,'03,'0,'0,'151,'京都橘大　　　,'国際英語,'国際／国際共,'　,'　　　,'英米語　　,'1,'26
'3598,'37,'00,'0,'0,'752,'京都橘大　　　,'デジタル,'　　　　　　,'　,'　　　,'総合情報学,'0,'26
'3598,'37,'01,'0,'0,'752,'京都橘大　　　,'デジタル,'デジタルメデ,'　,'　　　,'総合情報学,'1,'26
'3598,'46,'00,'0,'0,'405,'京都橘大　　　,'工　　　,'　　　　　　,'　,'　　　,'住居学　　,'0,'26
'3598,'46,'01,'0,'0,'553,'京都橘大　　　,'工　　　,'情報工　　　,'　,'　　　,'情報工学　,'1,'26
'3598,'46,'02,'0,'0,'405,'京都橘大　　　,'工　　　,'建築デザイン,'　,'　　　,'住居学　　,'1,'26
'3598,'46,'03,'0,'0,'551,'京都橘大　　　,'工　　　,'ロボティクス,'　,'　　　,'機械工学　,'1,'26
'3598,'64,'00,'0,'0,'651,'京都橘大　　　,'看護　　,'　　　　　　,'　,'　　　,'看護　　　,'0,'26
'3598,'64,'01,'0,'0,'651,'京都橘大　　　,'看護　　,'看護　　　　,'　,'　　　,'看護　　　,'1,'26
'3598,'65,'00,'0,'0,'652,'京都橘大　　　,'健康科学,'　　　　　　,'　,'　　　,'医療技術　,'0,'26
'3598,'65,'01,'0,'0,'655,'京都橘大　　　,'健康科学,'理学療法　　,'　,'　　　,'理学療法　,'1,'26
'3598,'65,'03,'0,'0,'652,'京都橘大　　　,'健康科学,'救急救命　　,'　,'　　　,'医療技術　,'1,'26
'3598,'65,'04,'0,'0,'656,'京都橘大　　　,'健康科学,'作業療法　　,'　,'　　　,'作業療法　,'1,'26
'3598,'65,'05,'0,'0,'658,'京都橘大　　　,'健康科学,'臨床検査　　,'　,'　　　,'検査技術　,'1,'26
'3598,'65,'06,'0,'0,'652,'京都橘大　　　,'健康科学,'臨床工　　　,'　,'　　　,'医療技術　,'1,'26
'3599,'61,'00,'0,'0,'621,'京都薬大　　　,'薬　　　,'　　　　　　,'　,'　　　,'薬　　　　,'0,'26
'3599,'61,'03,'0,'0,'621,'京都薬大　　　,'薬　　　,'薬　　　　　,'　,'　　　,'薬　　　　,'1,'26
'3600,'25,'00,'0,'0,'106,'京都光華大　　,'社会　　,'　　　　　　,'　,'　　　,'文化学　　,'0,'26
'3600,'25,'01,'0,'0,'106,'京都光華大　　,'社会　　,'社会共創　　,'　,'　　　,'文化学　　,'1,'26
'3600,'31,'00,'0,'0,'301,'京都光華大　　,'こども教,'　　　　　　,'　,'　　　,'小学校　　,'0,'26
'3600,'31,'01,'0,'0,'301,'京都光華大　　,'こども教,'こども教育　,'　,'　　　,'小学校　　,'1,'26
'3600,'64,'00,'0,'0,'402,'京都光華大　　,'健康科学,'　　　　　　,'　,'　　　,'食物・栄養,'0,'26
'3600,'64,'03,'0,'0,'402,'京都光華大　　,'健康科学,'健康／管理栄,'　,'　　　,'食物・栄養,'1,'26
'3600,'64,'04,'0,'0,'402,'京都光華大　　,'健康科学,'健康／健康ス,'　,'　　　,'食物・栄養,'1,'26
'3600,'64,'05,'0,'0,'105,'京都光華大　　,'健康科学,'心理　　　　,'　,'　　　,'心理学　　,'1,'26
'3600,'66,'00,'0,'0,'651,'京都光華大　　,'看護福祉,'　　　　　　,'　,'　　　,'看護　　　,'0,'26
'3600,'66,'01,'0,'0,'656,'京都光華大　　,'看護福祉,'福祉／作業療,'　,'　　　,'作業療法　,'1,'26
'3600,'66,'03,'0,'0,'652,'京都光華大　　,'看護福祉,'福祉／言語聴,'　,'　　　,'医療技術　,'1,'26
'3600,'66,'04,'0,'0,'651,'京都光華大　　,'看護福祉,'看護　　　　,'　,'　　　,'看護　　　,'1,'26
'3601,'02,'00,'0,'0,'104,'種智院大　　　,'人文　　,'　　　　　　,'　,'　　　,'哲学倫理宗,'0,'26
'3601,'02,'01,'0,'0,'104,'種智院大　　　,'人文　　,'仏教　　　　,'　,'　　　,'哲学倫理宗,'1,'26
'3601,'02,'02,'0,'0,'242,'種智院大　　　,'人文　　,'社会福祉　　,'　,'　　　,'社会福祉学,'1,'26
'3602,'01,'00,'0,'0,'104,'同志社大　　　,'文　　　,'　　　　　　,'　,'　　　,'哲学倫理宗,'0,'26
'3602,'01,'01,'0,'0,'102,'同志社大　　　,'文　　　,'英文　　　　,'　,'　　　,'外国文学　,'1,'26
'3602,'01,'14,'0,'0,'104,'同志社大　　　,'文　　　,'哲学　　　　,'　,'　　　,'哲学倫理宗,'1,'26
'3602,'01,'15,'0,'0,'101,'同志社大　　　,'文　　　,'国文　　　　,'　,'　　　,'日本文学　,'1,'26
'3602,'01,'17,'0,'0,'104,'同志社大　　　,'文　　　,'美学芸術　　,'　,'　　　,'哲学倫理宗,'1,'26
'3602,'01,'18,'0,'0,'106,'同志社大　　　,'文　　　,'文化史　　　,'　,'　　　,'文化学　　,'1,'26
'3602,'03,'00,'0,'0,'104,'同志社大　　　,'神　　　,'　　　　　　,'　,'　　　,'哲学倫理宗,'0,'26
'3602,'03,'01,'0,'0,'104,'同志社大　　　,'神　　　,'神　　　　　,'　,'　　　,'哲学倫理宗,'1,'26
'3602,'04,'00,'0,'0,'752,'同志社大　　　,'文化情報,'　　　　　　,'　,'　　　,'総合情報学,'0,'26
'3602,'04,'01,'0,'0,'752,'同志社大　　　,'文化情報,'文化情報　　,'　,'　　　,'総合情報学,'1,'26
'3602,'05,'00,'0,'0,'105,'同志社大　　　,'心理　　,'　　　　　　,'　,'　　　,'心理学　　,'0,'26
'3602,'05,'01,'0,'0,'105,'同志社大　　　,'心理　　,'心理　　　　,'　,'　　　,'心理学　　,'1,'26
'3602,'06,'00,'0,'0,'106,'同志社大　　　,'地域文化,'　　　　　　,'　,'　　　,'文化学　　,'0,'26
'3602,'06,'02,'0,'0,'106,'同志社大　　　,'地域文化,'グロ／ヨーロ,'　,'　　　,'文化学　　,'1,'26
'3602,'06,'03,'0,'0,'106,'同志社大　　　,'地域文化,'グロ／アジア,'　,'　　　,'文化学　　,'1,'26
'3602,'06,'04,'0,'0,'106,'同志社大　　　,'地域文化,'グロ／アメリ,'　,'　　　,'文化学　　,'1,'26
'3602,'12,'00,'0,'0,'201,'同志社大　　　,'法　　　,'　　　　　　,'　,'　　　,'法学　　　,'0,'26
'3602,'12,'01,'0,'0,'202,'同志社大　　　,'法　　　,'政治　　　　,'　,'　　　,'政治学　　,'1,'26
'3602,'12,'02,'0,'0,'201,'同志社大　　　,'法　　　,'法律　　　　,'　,'　　　,'法学　　　,'1,'26
'3602,'13,'00,'0,'0,'202,'同志社大　　　,'政策　　,'　　　　　　,'　,'　　　,'政治学　　,'0,'26
'3602,'13,'01,'0,'0,'202,'同志社大　　　,'政策　　,'政策　　　　,'　,'　　　,'政治学　　,'1,'26
'3602,'18,'00,'0,'0,'221,'同志社大　　　,'経済　　,'　　　　　　,'　,'　　　,'経済学　　,'0,'26
'3602,'18,'01,'0,'0,'221,'同志社大　　　,'経済　　,'経済　　　　,'　,'　　　,'経済学　　,'1,'26
'3602,'20,'00,'0,'0,'222,'同志社大　　　,'商　　　,'　　　　　　,'　,'　　　,'経営学・商,'0,'26
'3602,'20,'02,'0,'0,'222,'同志社大　　　,'商　　　,'商／商学総合,'　,'　　　,'経営学・商,'1,'26
'3602,'20,'03,'0,'0,'222,'同志社大　　　,'商　　　,'商／フレック,'　,'　　　,'経営学・商,'1,'26
'3602,'25,'00,'0,'0,'241,'同志社大　　　,'社会　　,'　　　　　　,'　,'　　　,'社会学　　,'0,'26
'3602,'25,'01,'0,'0,'241,'同志社大　　　,'社会　　,'社会　　　　,'　,'　　　,'社会学　　,'1,'26
'3602,'25,'02,'0,'0,'242,'同志社大　　　,'社会　　,'社会福祉　　,'　,'　　　,'社会福祉学,'1,'26
'3602,'25,'03,'0,'0,'244,'同志社大　　　,'社会　　,'メディア　　,'　,'　　　,'マスコミ　,'1,'26
'3602,'25,'04,'0,'0,'241,'同志社大　　　,'社会　　,'産業関係　　,'　,'　　　,'社会学　　,'1,'26
'3602,'25,'05,'0,'0,'317,'同志社大　　　,'社会　　,'教育文化　　,'　,'　　　,'教育学　　,'1,'26
'3602,'33,'00,'0,'0,'151,'同志社大　　　,'コミュニ,'　　　　　　,'　,'　　　,'英米語　　,'0,'26
'3602,'33,'01,'0,'0,'151,'同志社大　　　,'コミュニ,'グロ／英語　,'　,'　　　,'英米語　　,'1,'26
'3602,'33,'02,'0,'0,'152,'同志社大　　　,'コミュニ,'グロ／中国語,'　,'　　　,'中国語　　,'1,'26
'3602,'47,'00,'0,'0,'551,'同志社大　　　,'理工　　,'　　　　　　,'　,'　　　,'機械工学　,'0,'26
'3602,'47,'01,'0,'0,'553,'同志社大　　　,'理工　　,'インテリジェ,'　,'　　　,'情報工学　,'1,'26
'3602,'47,'02,'0,'0,'553,'同志社大　　　,'理工　　,'情報システム,'　,'　　　,'情報工学　,'1,'26
'3602,'47,'03,'0,'0,'552,'同志社大　　　,'理工　　,'電気工　　　,'　,'　　　,'電気・電子,'1,'26
'3602,'47,'04,'0,'0,'552,'同志社大　　　,'理工　　,'電子工　　　,'　,'　　　,'電気・電子,'1,'26
'3602,'47,'05,'0,'0,'503,'同志社大　　　,'理工　　,'機能分子・生,'　,'　　　,'化学　　　,'1,'26
'3602,'47,'06,'0,'0,'555,'同志社大　　　,'理工　　,'化学システム,'　,'　　　,'応用化学　,'1,'26
'3602,'47,'07,'0,'0,'551,'同志社大　　　,'理工　　,'機械シス工　,'　,'　　　,'機械工学　,'1,'26
'3602,'47,'08,'0,'0,'551,'同志社大　　　,'理工　　,'機械理工　　,'　,'　　　,'機械工学　,'1,'26
'3602,'47,'09,'0,'0,'507,'同志社大　　　,'理工　　,'環境システム,'　,'　　　,'総合理学　,'1,'26
'3602,'47,'10,'0,'0,'501,'同志社大　　　,'理工　　,'数理システム,'　,'　　　,'数学　　　,'1,'26
'3602,'48,'00,'0,'0,'551,'同志社大　　　,'生命医科,'　　　　　　,'　,'　　　,'機械工学　,'0,'26
'3602,'48,'01,'0,'0,'551,'同志社大　　　,'生命医科,'医工　　　　,'　,'　　　,'機械工学　,'1,'26
'3602,'48,'02,'0,'0,'552,'同志社大　　　,'生命医科,'医情報　　　,'　,'　　　,'電気・電子,'1,'26
'3602,'48,'03,'0,'0,'564,'同志社大　　　,'生命医科,'医生命システ,'　,'　　　,'生物工学　,'1,'26
'3602,'64,'00,'0,'0,'654,'同志社大　　　,'スポーツ,'　　　　　　,'　,'　　　,'体育・健康,'0,'26
'3602,'64,'01,'0,'0,'654,'同志社大　　　,'スポーツ,'スポーツ健康,'　,'　　　,'体育・健康,'1,'26
'3603,'03,'00,'0,'0,'453,'同志社女子大　,'学芸　　,'　　　　　　,'　,'　　　,'音楽　　　,'0,'26
'3603,'03,'04,'0,'0,'453,'同志社女子大　,'学芸　　,'音楽／演奏　,'　,'　　　,'音楽　　　,'1,'26
'3603,'03,'05,'0,'0,'452,'同志社女子大　,'学芸　　,'音楽／音楽文,'　,'　　　,'芸術理論　,'1,'26
'3603,'03,'06,'0,'0,'752,'同志社女子大　,'学芸　　,'メディア創造,'　,'　　　,'総合情報学,'1,'26
'3603,'03,'07,'0,'0,'151,'同志社女子大　,'学芸　　,'国際教養　　,'　,'　　　,'英米語　　,'1,'26
'3603,'04,'00,'0,'0,'106,'同志社女子大　,'表象文化,'　　　　　　,'　,'　　　,'文化学　　,'0,'26
'3603,'04,'01,'0,'0,'102,'同志社女子大　,'表象文化,'英語英文　　,'　,'　　　,'外国文学　,'1,'26
'3603,'04,'02,'0,'0,'101,'同志社女子大　,'表象文化,'日本語日本文,'　,'　　　,'日本文学　,'1,'26
'3603,'27,'00,'0,'0,'105,'同志社女子大　,'現代社会,'　　　　　　,'　,'　　　,'心理学　　,'0,'26
'3603,'27,'01,'0,'0,'105,'同志社女子大　,'現代社会,'社会システム,'　,'　　　,'心理学　　,'1,'26
'3603,'27,'02,'0,'0,'301,'同志社女子大　,'現代社会,'現代こども　,'　,'　　　,'小学校　　,'1,'26
'3603,'61,'00,'0,'0,'621,'同志社女子大　,'薬　　　,'　　　　　　,'　,'　　　,'薬　　　　,'0,'26
'3603,'61,'01,'0,'0,'621,'同志社女子大　,'薬　　　,'医療薬　　　,'　,'　　　,'薬　　　　,'1,'26
'3603,'64,'00,'0,'0,'651,'同志社女子大　,'看護　　,'　　　　　　,'　,'　　　,'看護　　　,'0,'26
'3603,'64,'01,'0,'0,'651,'同志社女子大　,'看護　　,'看護　　　　,'　,'　　　,'看護　　　,'1,'26
'3603,'79,'00,'0,'0,'402,'同志社女子大　,'生活科学,'　　　　　　,'　,'　　　,'食物・栄養,'0,'26
'3603,'79,'01,'0,'0,'401,'同志社女子大　,'生活科学,'人間生活　　,'　,'　　　,'生活科学　,'1,'26
'3603,'79,'02,'0,'0,'402,'同志社女子大　,'生活科学,'食物／管理栄,'　,'　　　,'食物・栄養,'1,'26
'3603,'79,'03,'0,'0,'402,'同志社女子大　,'生活科学,'食物／食物科,'　,'　　　,'食物・栄養,'1,'26
'3605,'01,'00,'0,'0,'454,'花園大　　　　,'文　　　,'　　　　　　,'　,'　　　,'書道　　　,'0,'26
'3605,'01,'01,'0,'0,'101,'花園大　　　　,'文　　　,'日本文　　　,'　,'　　　,'日本文学　,'1,'26
'3605,'01,'02,'0,'0,'109,'花園大　　　　,'文　　　,'日本史　　　,'　,'　　　,'日本史　　,'1,'26
'3605,'01,'03,'0,'0,'104,'花園大　　　　,'文　　　,'仏教　　　　,'　,'　　　,'哲学倫理宗,'1,'26
'3605,'01,'04,'0,'0,'454,'花園大　　　　,'文　　　,'日本／書道　,'　,'　　　,'書道　　　,'1,'26
'3605,'26,'00,'0,'0,'242,'花園大　　　　,'社会福祉,'　　　　　　,'　,'　　　,'社会福祉学,'0,'26
'3605,'26,'01,'0,'0,'242,'花園大　　　　,'社会福祉,'社会福祉　　,'　,'　　　,'社会福祉学,'1,'26
'3605,'26,'02,'0,'0,'105,'花園大　　　　,'社会福祉,'臨床心理　　,'　,'　　　,'心理学　　,'1,'26
'3605,'30,'00,'0,'0,'301,'花園大　　　　,'教育　　,'　　　　　　,'　,'　　　,'小学校　　,'0,'26
'3605,'30,'03,'0,'0,'301,'花園大　　　　,'教育　　,'初等教育　　,'　,'　　　,'小学校　　,'1,'26
'3606,'01,'00,'0,'0,'101,'佛教大　　　　,'文　　　,'　　　　　　,'　,'　　　,'日本文学　,'0,'26
'3606,'01,'01,'0,'0,'106,'佛教大　　　　,'文　　　,'英米　　　　,'　,'　　　,'文化学　　,'1,'26
'3606,'01,'04,'0,'0,'102,'佛教大　　　　,'文　　　,'中国　　　　,'　,'　　　,'外国文学　,'1,'26
'3606,'01,'08,'0,'0,'101,'佛教大　　　　,'文　　　,'日本文　　　,'　,'　　　,'日本文学　,'1,'26
'3606,'03,'00,'0,'0,'104,'佛教大　　　　,'仏教　　,'　　　　　　,'　,'　　　,'哲学倫理宗,'0,'26
'3606,'03,'01,'0,'0,'104,'佛教大　　　　,'仏教　　,'仏教　　　　,'　,'　　　,'哲学倫理宗,'1,'26
'3606,'04,'00,'0,'0,'106,'佛教大　　　　,'歴史　　,'　　　　　　,'　,'　　　,'文化学　　,'0,'26
'3606,'04,'01,'0,'0,'107,'佛教大　　　　,'歴史　　,'歴史　　　　,'　,'　　　,'西洋史　　,'1,'26
'3606,'04,'02,'0,'0,'106,'佛教大　　　　,'歴史　　,'歴史文化　　,'　,'　　　,'文化学　　,'1,'26
'3606,'25,'00,'0,'0,'106,'佛教大　　　　,'社会　　,'　　　　　　,'　,'　　　,'文化学　　,'0,'26
'3606,'25,'01,'0,'0,'202,'佛教大　　　　,'社会　　,'公共政策　　,'　,'　　　,'政治学　　,'1,'26
'3606,'25,'02,'0,'0,'106,'佛教大　　　　,'社会　　,'現代社会　　,'　,'　　　,'文化学　　,'1,'26
'3606,'26,'00,'0,'0,'242,'佛教大　　　　,'社会福祉,'　　　　　　,'　,'　　　,'社会福祉学,'0,'26
'3606,'26,'01,'0,'0,'242,'佛教大　　　　,'社会福祉,'社会福祉　　,'　,'　　　,'社会福祉学,'1,'26
'3606,'30,'00,'0,'0,'316,'佛教大　　　　,'教育　　,'　　　　　　,'　,'　　　,'０免課程　,'0,'26
'3606,'30,'01,'0,'0,'301,'佛教大　　　　,'教育　　,'教育　　　　,'　,'　　　,'小学校　　,'1,'26
'3606,'30,'03,'0,'0,'105,'佛教大　　　　,'教育　　,'臨床心理　　,'　,'　　　,'心理学　　,'1,'26
'3606,'30,'04,'0,'0,'312,'佛教大　　　　,'教育　　,'幼児教育　　,'　,'　　　,'幼稚園　　,'1,'26
'3606,'64,'00,'0,'0,'655,'佛教大　　　　,'保健医療,'　　　　　　,'　,'　　　,'理学療法　,'0,'26
'3606,'64,'01,'0,'0,'655,'佛教大　　　　,'保健医療,'理学療法　　,'　,'　　　,'理学療法　,'1,'26
'3606,'64,'02,'0,'0,'656,'佛教大　　　　,'保健医療,'作業療法　　,'　,'　　　,'作業療法　,'1,'26
'3606,'65,'00,'0,'0,'651,'佛教大　　　　,'看護　　,'　　　　　　,'　,'　　　,'看護　　　,'0,'26
'3606,'65,'01,'0,'0,'651,'佛教大　　　　,'看護　　,'看護　　　　,'　,'　　　,'看護　　　,'1,'26
'3607,'64,'00,'0,'0,'652,'明治国際医療大,'鍼灸　　,'　　　　　　,'　,'　　　,'医療技術　,'0,'26
'3607,'64,'01,'0,'0,'652,'明治国際医療大,'鍼灸　　,'鍼灸　　　　,'　,'　　　,'医療技術　,'1,'26
'3607,'66,'00,'0,'0,'652,'明治国際医療大,'保健医療,'　　　　　　,'　,'　　　,'医療技術　,'0,'26
'3607,'66,'01,'0,'0,'652,'明治国際医療大,'保健医療,'柔道整復　　,'　,'　　　,'医療技術　,'1,'26
'3607,'66,'02,'0,'0,'652,'明治国際医療大,'保健医療,'救急救命　　,'　,'　　　,'医療技術　,'1,'26
'3607,'67,'00,'0,'0,'651,'明治国際医療大,'看護　　,'　　　　　　,'　,'　　　,'看護　　　,'0,'26
'3607,'67,'01,'0,'0,'651,'明治国際医療大,'看護　　,'看護　　　　,'　,'　　　,'看護　　　,'1,'26
'3608,'01,'00,'0,'0,'106,'立命館大　　　,'文　　　,'　　　　　　,'　,'　　　,'文化学　　,'0,'26
'3608,'01,'42,'0,'0,'104,'立命館大　　　,'文　　　,'人文／人間研,'　,'　　　,'哲学倫理宗,'1,'26
'3608,'01,'43,'0,'0,'101,'立命館大　　　,'文　　　,'人文／日本文,'　,'　　　,'日本文学　,'1,'26
'3608,'01,'44,'0,'0,'109,'立命館大　　　,'文　　　,'人文／日本史,'　,'　　　,'日本史　　,'1,'26
'3608,'01,'45,'0,'0,'102,'立命館大　　　,'文　　　,'人文／東アジ,'　,'　　　,'外国文学　,'1,'26
'3608,'01,'46,'0,'0,'102,'立命館大　　　,'文　　　,'人文／国際文,'　,'　　　,'外国文学　,'1,'26
'3608,'01,'47,'0,'0,'103,'立命館大　　　,'文　　　,'人文／地域研,'　,'　　　,'地理学　　,'1,'26
'3608,'01,'50,'0,'0,'106,'立命館大　　　,'文　　　,'人文／国際コ,'　,'　　　,'文化学　　,'1,'26
'3608,'01,'51,'0,'0,'160,'立命館大　　　,'文　　　,'人文／言語コ,'　,'　　　,'日本語　　,'1,'26
'3608,'03,'00,'0,'0,'105,'立命館大　　　,'総合心理,'　　　　　　,'　,'　　　,'心理学　　,'0,'26
'3608,'03,'01,'0,'0,'105,'立命館大　　　,'総合心理,'総合心理　　,'　,'　　　,'心理学　　,'1,'26
'3608,'12,'00,'0,'0,'201,'立命館大　　　,'法　　　,'　　　　　　,'　,'　　　,'法学　　　,'0,'26
'3608,'12,'01,'0,'0,'201,'立命館大　　　,'法　　　,'法　　　　　,'　,'　　　,'法学　　　,'1,'26
'3608,'13,'00,'0,'0,'202,'立命館大　　　,'政策科学,'　　　　　　,'　,'　　　,'政治学　　,'0,'26
'3608,'13,'01,'0,'0,'202,'立命館大　　　,'政策科学,'政策科学　　,'　,'　　　,'政治学　　,'1,'26
'3608,'18,'00,'0,'0,'221,'立命館大　　　,'経済　　,'　　　　　　,'　,'　　　,'経済学　　,'0,'26
'3608,'18,'14,'0,'0,'221,'立命館大　　　,'経済　　,'経済／経済　,'　,'　　　,'経済学　　,'1,'26
'3608,'18,'15,'0,'0,'151,'立命館大　　　,'経済　　,'経済／国際　,'　,'　　　,'英米語　　,'1,'26
'3608,'19,'00,'0,'0,'222,'立命館大　　　,'経営　　,'　　　　　　,'　,'　　　,'経営学・商,'0,'26
'3608,'19,'01,'0,'0,'222,'立命館大　　　,'経営　　,'経営　　　　,'　,'　　　,'経営学・商,'1,'26
'3608,'19,'05,'0,'0,'222,'立命館大　　　,'経営　　,'国際経営　　,'　,'　　　,'経営学・商,'1,'26
'3608,'27,'00,'0,'0,'241,'立命館大　　　,'産業社会,'　　　　　　,'　,'　　　,'社会学　　,'0,'26
'3608,'27,'30,'0,'0,'241,'立命館大　　　,'産業社会,'現代／現代社,'　,'　　　,'社会学　　,'1,'26
'3608,'27,'31,'0,'0,'244,'立命館大　　　,'産業社会,'現代／メディ,'　,'　　　,'マスコミ　,'1,'26
'3608,'27,'32,'0,'0,'654,'立命館大　　　,'産業社会,'現代／スポー,'　,'　　　,'体育・健康,'1,'26
'3608,'27,'33,'0,'0,'301,'立命館大　　　,'産業社会,'現代／子ども,'　,'　　　,'小学校　　,'1,'26
'3608,'27,'34,'0,'0,'242,'立命館大　　　,'産業社会,'現代／人間福,'　,'　　　,'社会福祉学,'1,'26
'3608,'33,'00,'0,'0,'261,'立命館大　　　,'国際関係,'　　　　　　,'　,'　　　,'国際関係学,'0,'26
'3608,'33,'06,'0,'0,'261,'立命館大　　　,'国際関係,'国際／国際関,'　,'　　　,'国際関係学,'1,'26
'3608,'33,'07,'0,'0,'151,'立命館大　　　,'国際関係,'国際／グロー,'　,'　　　,'英米語　　,'1,'26
'3608,'37,'00,'0,'0,'221,'立命館大　　　,'食マネジ,'　　　　　　,'　,'　　　,'経済学　　,'0,'26
'3608,'37,'01,'0,'0,'221,'立命館大　　　,'食マネジ,'食マネジメン,'　,'　　　,'経済学　　,'1,'26
'3608,'47,'00,'0,'0,'551,'立命館大　　　,'理工　　,'　　　　　　,'　,'　　　,'機械工学　,'0,'26
'3608,'47,'09,'0,'0,'552,'立命館大　　　,'理工　　,'電気電子工　,'　,'　　　,'電気・電子,'1,'26
'3608,'47,'12,'0,'0,'551,'立命館大　　　,'理工　　,'ロボティクス,'　,'　　　,'機械工学　,'1,'26
'3608,'47,'21,'0,'0,'502,'立命館大　　　,'理工　　,'物理科学　　,'　,'　　　,'物理学　　,'1,'26
'3608,'47,'24,'0,'0,'552,'立命館大　　　,'理工　　,'電子情報工　,'　,'　　　,'電気・電子,'1,'26
'3608,'47,'27,'0,'0,'554,'立命館大　　　,'理工　　,'建築都市デザ,'　,'　　　,'建築・土木,'1,'26
'3608,'47,'29,'0,'0,'554,'立命館大　　　,'理工　　,'環境都市工　,'　,'　　　,'建築・土木,'1,'26
'3608,'47,'30,'0,'0,'501,'立命館大　　　,'理工　　,'数理／数学　,'　,'　　　,'数学　　　,'1,'26
'3608,'47,'31,'0,'0,'501,'立命館大　　　,'理工　　,'数理／データ,'　,'　　　,'数学　　　,'1,'26
'3608,'47,'32,'0,'0,'551,'立命館大　　　,'理工　　,'機械／機械創,'　,'　　　,'機械工学　,'1,'26
'3608,'47,'33,'0,'0,'551,'立命館大　　　,'理工　　,'機械／機械情,'　,'　　　,'機械工学　,'1,'26
'3608,'48,'00,'0,'0,'151,'立命館大　　　,'情報理工,'　　　　　　,'　,'　　　,'英米語　　,'0,'26
'3608,'48,'06,'0,'0,'151,'立命館大　　　,'情報理工,'情報理工　　,'　,'　　　,'英米語　　,'1,'26
'3608,'61,'00,'0,'0,'621,'立命館大　　　,'薬　　　,'　　　　　　,'　,'　　　,'薬　　　　,'0,'26
'3608,'61,'01,'0,'0,'621,'立命館大　　　,'薬　　　,'薬　　　　　,'　,'　　　,'薬　　　　,'1,'26
'3608,'61,'02,'0,'0,'621,'立命館大　　　,'薬　　　,'創薬科学　　,'　,'　　　,'薬　　　　,'1,'26
'3608,'64,'00,'0,'0,'222,'立命館大　　　,'スポーツ,'　　　　　　,'　,'　　　,'経営学・商,'0,'26
'3608,'64,'01,'0,'0,'222,'立命館大　　　,'スポーツ,'スポーツ健康,'　,'　　　,'経営学・商,'1,'26
'3608,'74,'00,'0,'0,'564,'立命館大　　　,'生命科学,'　　　　　　,'　,'　　　,'生物工学　,'0,'26
'3608,'74,'01,'0,'0,'564,'立命館大　　　,'生命科学,'生命医科学　,'　,'　　　,'生物工学　,'1,'26
'3608,'74,'02,'0,'0,'555,'立命館大　　　,'生命科学,'応用化　　　,'　,'　　　,'応用化学　,'1,'26
'3608,'74,'03,'0,'0,'564,'立命館大　　　,'生命科学,'生物工　　　,'　,'　　　,'生物工学　,'1,'26
'3608,'74,'04,'0,'0,'564,'立命館大　　　,'生命科学,'生命情報　　,'　,'　　　,'生物工学　,'1,'26
'3608,'83,'00,'0,'0,'455,'立命館大　　　,'映像　　,'　　　　　　,'　,'　　　,'映像　　　,'0,'26
'3608,'83,'01,'0,'0,'455,'立命館大　　　,'映像　　,'映像　　　　,'　,'　　　,'映像　　　,'1,'26
'3608,'84,'00,'0,'0,'451,'立命館大　　　,'デザイン,'　　　　　　,'　,'　　　,'美術・デザ,'0,'26
'3608,'84,'01,'0,'0,'451,'立命館大　　　,'デザイン,'デザイン・ア,'　,'　　　,'美術・デザ,'1,'26
'3609,'01,'00,'0,'0,'104,'龍谷大　　　　,'文　　　,'　　　　　　,'　,'　　　,'哲学倫理宗,'0,'26
'3609,'01,'01,'0,'0,'102,'龍谷大　　　　,'文　　　,'英語英米文　,'　,'　　　,'外国文学　,'1,'26
'3609,'01,'02,'0,'0,'109,'龍谷大　　　　,'文　　　,'歴史／日本史,'　,'　　　,'日本史　　,'1,'26
'3609,'01,'03,'0,'0,'108,'龍谷大　　　　,'文　　　,'歴史／東洋史,'　,'　　　,'東洋史　　,'1,'26
'3609,'01,'04,'0,'0,'104,'龍谷大　　　　,'文　　　,'歴史／仏教史,'　,'　　　,'哲学倫理宗,'1,'26
'3609,'01,'05,'0,'0,'104,'龍谷大　　　　,'文　　　,'真宗　　　　,'　,'　　　,'哲学倫理宗,'1,'26
'3609,'01,'06,'0,'0,'105,'龍谷大　　　　,'文　　　,'哲／教育学　,'　,'　　　,'心理学　　,'1,'26
'3609,'01,'07,'0,'0,'104,'龍谷大　　　　,'文　　　,'哲／哲学　　,'　,'　　　,'哲学倫理宗,'1,'26
'3609,'01,'08,'0,'0,'101,'龍谷大　　　　,'文　　　,'日本語日本文,'　,'　　　,'日本文学　,'1,'26
'3609,'01,'09,'0,'0,'104,'龍谷大　　　　,'文　　　,'仏教　　　　,'　,'　　　,'哲学倫理宗,'1,'26
'3609,'01,'11,'0,'0,'111,'龍谷大　　　　,'文　　　,'歴史／文化遺,'　,'　　　,'考古学・文,'1,'26
'3609,'03,'00,'0,'0,'105,'龍谷大　　　　,'心理　　,'　　　　　　,'　,'　　　,'心理学　　,'0,'26
'3609,'03,'01,'0,'0,'105,'龍谷大　　　　,'心理　　,'心理　　　　,'　,'　　　,'心理学　　,'1,'26
'3609,'12,'00,'0,'0,'151,'龍谷大　　　　,'法　　　,'　　　　　　,'　,'　　　,'英米語　　,'0,'26
'3609,'12,'02,'0,'0,'151,'龍谷大　　　　,'法　　　,'法律　　　　,'　,'　　　,'英米語　　,'1,'26
'3609,'13,'00,'0,'0,'151,'龍谷大　　　　,'政策　　,'　　　　　　,'　,'　　　,'英米語　　,'0,'26
'3609,'13,'01,'0,'0,'151,'龍谷大　　　　,'政策　　,'政策　　　　,'　,'　　　,'英米語　　,'1,'26
'3609,'18,'00,'0,'0,'151,'龍谷大　　　　,'経済　　,'　　　　　　,'　,'　　　,'英米語　　,'1,'26
'3609,'19,'00,'0,'0,'222,'龍谷大　　　　,'経営　　,'　　　　　　,'　,'　　　,'経営学・商,'0,'26
'3609,'19,'01,'0,'0,'151,'龍谷大　　　　,'経営　　,'経営　　　　,'　,'　　　,'英米語　　,'1,'26
'3609,'19,'02,'0,'0,'222,'龍谷大　　　　,'経営　　,'商　　　　　,'　,'　　　,'経営学・商,'1,'26
'3609,'25,'00,'0,'0,'106,'龍谷大　　　　,'社会　　,'　　　　　　,'　,'　　　,'文化学　　,'0,'26
'3609,'25,'07,'0,'0,'241,'龍谷大　　　　,'社会　　,'総合／現代社,'　,'　　　,'社会学　　,'1,'26
'3609,'25,'08,'0,'0,'106,'龍谷大　　　　,'社会　　,'総合／文化メ,'　,'　　　,'文化学　　,'1,'26
'3609,'25,'09,'0,'0,'654,'龍谷大　　　　,'社会　　,'総合／健康ス,'　,'　　　,'体育・健康,'1,'26
'3609,'25,'10,'0,'0,'242,'龍谷大　　　　,'社会　　,'総合／現代福,'　,'　　　,'社会福祉学,'1,'26
'3609,'34,'00,'0,'0,'261,'龍谷大　　　　,'国際　　,'　　　　　　,'　,'　　　,'国際関係学,'0,'26
'3609,'34,'01,'0,'0,'151,'龍谷大　　　　,'国際　　,'グローバルス,'　,'　　　,'英米語　　,'1,'26
'3609,'34,'02,'0,'0,'106,'龍谷大　　　　,'国際　　,'国際文化　　,'　,'　　　,'文化学　　,'1,'26
'3609,'48,'00,'0,'0,'553,'龍谷大　　　　,'先端理工,'　　　　　　,'　,'　　　,'情報工学　,'0,'26
'3609,'48,'01,'0,'0,'501,'龍谷大　　　　,'先端理工,'数理・情報科,'　,'　　　,'数学　　　,'1,'26
'3609,'48,'02,'0,'0,'553,'龍谷大　　　　,'先端理工,'知能情報メデ,'　,'　　　,'情報工学　,'1,'26
'3609,'48,'03,'0,'0,'552,'龍谷大　　　　,'先端理工,'電子情報通信,'　,'　　　,'電気・電子,'1,'26
'3609,'48,'04,'0,'0,'551,'龍谷大　　　　,'先端理工,'機械工学・ロ,'　,'　　　,'機械工学　,'1,'26
'3609,'48,'05,'0,'0,'555,'龍谷大　　　　,'先端理工,'応用化学　　,'　,'　　　,'応用化学　,'1,'26
'3609,'48,'06,'0,'0,'554,'龍谷大　　　　,'先端理工,'環境科学　　,'　,'　　　,'建築・土木,'1,'26
'3609,'72,'00,'0,'0,'402,'龍谷大　　　　,'農　　　,'　　　　　　,'　,'　　　,'食物・栄養,'0,'26
'3609,'72,'01,'0,'0,'703,'龍谷大　　　　,'農　　　,'生命科学　　,'　,'　　　,'農芸化学　,'1,'26
'3609,'72,'02,'0,'0,'701,'龍谷大　　　　,'農　　　,'農　　　　　,'　,'　　　,'農学　　　,'1,'26
'3609,'72,'03,'0,'0,'402,'龍谷大　　　　,'農　　　,'食品栄養　　,'　,'　　　,'食物・栄養,'1,'26
'3609,'72,'04,'0,'0,'707,'龍谷大　　　　,'農　　　,'食料農業シス,'　,'　　　,'農業経済学,'1,'26
'3610,'27,'00,'0,'0,'241,'京都文教大　　,'総合社会,'　　　　　　,'　,'　　　,'社会学　　,'0,'26
'3610,'27,'04,'0,'0,'221,'京都文教大　　,'総合社会,'総合／経済経,'　,'　　　,'経済学　　,'1,'26
'3610,'27,'05,'0,'0,'241,'京都文教大　　,'総合社会,'総合／メディ,'　,'　　　,'社会学　　,'1,'26
'3610,'27,'06,'0,'0,'202,'京都文教大　　,'総合社会,'総合／公務員,'　,'　　　,'政治学　　,'1,'26
'3610,'27,'07,'0,'0,'243,'京都文教大　　,'総合社会,'総合／観光地,'　,'　　　,'観光学　　,'1,'26
'3610,'27,'09,'0,'0,'241,'京都文教大　　,'総合社会,'実践社会　　,'　,'　　　,'社会学　　,'1,'26
'3610,'27,'10,'0,'0,'654,'京都文教大　　,'総合社会,'総合／スポー,'　,'　　　,'体育・健康,'1,'26
'3610,'27,'11,'0,'0,'402,'京都文教大　　,'総合社会,'総合／食マネ,'　,'　　　,'食物・栄養,'1,'26
'3610,'31,'00,'0,'0,'301,'京都文教大　　,'こども教,'　　　　　　,'　,'　　　,'小学校　　,'0,'26
'3610,'31,'04,'0,'0,'301,'京都文教大　　,'こども教,'こども教育　,'　,'　　　,'小学校　　,'1,'26
'3610,'64,'00,'0,'0,'105,'京都文教大　　,'臨床心理,'　　　　　　,'　,'　　　,'心理学　　,'0,'26
'3610,'64,'09,'0,'0,'105,'京都文教大　　,'臨床心理,'臨床／深層心,'　,'　　　,'心理学　　,'1,'26
'3610,'64,'10,'0,'0,'105,'京都文教大　　,'臨床心理,'臨床／子ども,'　,'　　　,'心理学　　,'1,'26
'3610,'64,'11,'0,'0,'105,'京都文教大　　,'臨床心理,'臨床／医療福,'　,'　　　,'心理学　　,'1,'26
'3610,'64,'12,'0,'0,'105,'京都文教大　　,'臨床心理,'臨床／ビジネ,'　,'　　　,'心理学　　,'1,'26
'3612,'83,'00,'0,'0,'451,'嵯峨美大　　　,'芸術　　,'　　　　　　,'　,'　　　,'美術・デザ,'0,'26
'3612,'83,'23,'0,'0,'451,'嵯峨美大　　　,'芸術　　,'デザ／グラフ,'　,'　　　,'美術・デザ,'1,'26
'3612,'83,'25,'0,'0,'243,'嵯峨美大　　　,'芸術　　,'デザ／観光デ,'　,'　　　,'観光学　　,'1,'26
'3612,'83,'26,'0,'0,'451,'嵯峨美大　　　,'芸術　　,'デザ／イラス,'　,'　　　,'美術・デザ,'1,'26
'3612,'83,'27,'0,'0,'451,'嵯峨美大　　　,'芸術　　,'デザ／キャラ,'　,'　　　,'美術・デザ,'1,'26
'3612,'83,'30,'0,'0,'451,'嵯峨美大　　　,'芸術　　,'デザ／生活プ,'　,'　　　,'美術・デザ,'1,'26
'3612,'83,'31,'0,'0,'451,'嵯峨美大　　　,'芸術　　,'デザ／染織テ,'　,'　　　,'美術・デザ,'1,'26
'3612,'83,'32,'0,'0,'451,'嵯峨美大　　　,'芸術　　,'造形／日本画,'　,'　　　,'美術・デザ,'1,'26
'3612,'83,'33,'0,'0,'451,'嵯峨美大　　　,'芸術　　,'造形／油画版,'　,'　　　,'美術・デザ,'1,'26
'3612,'83,'34,'0,'0,'451,'嵯峨美大　　　,'芸術　　,'造形／複合　,'　,'　　　,'美術・デザ,'1,'26
'3613,'64,'00,'0,'0,'657,'京都医療科学大,'医療科学,'　　　　　　,'　,'　　　,'放射線技術,'0,'26
'3613,'64,'01,'0,'0,'657,'京都医療科学大,'医療科学,'放射線技術　,'　,'　　　,'放射線技術,'1,'26
'3614,'03,'00,'0,'0,'106,'京都華頂大　　,'日本文化,'　　　　　　,'　,'　　　,'文化学　　,'0,'26
'3614,'03,'01,'0,'0,'106,'京都華頂大　　,'日本文化,'日本文化　　,'　,'　　　,'文化学　　,'1,'26
'3614,'79,'00,'0,'0,'301,'京都華頂大　　,'現代生活,'　　　　　　,'　,'　　　,'小学校　　,'0,'26
'3614,'79,'01,'0,'0,'301,'京都華頂大　　,'現代生活,'こども生活　,'　,'　　　,'小学校　　,'1,'26
'3614,'79,'02,'0,'0,'402,'京都華頂大　　,'現代生活,'食物栄養　　,'　,'　　　,'食物・栄養,'1,'26
'3614,'79,'05,'0,'0,'401,'京都華頂大　　,'現代生活,'生活情報　　,'　,'　　　,'生活科学　,'1,'26
'3615,'48,'00,'0,'0,'554,'京都美術工芸大,'建築　　,'　　　　　　,'　,'　　　,'建築・土木,'0,'26
'3615,'48,'01,'0,'0,'554,'京都美術工芸大,'建築　　,'建築　　　　,'　,'　　　,'建築・土木,'1,'26
'3615,'83,'00,'0,'0,'405,'京都美術工芸大,'芸術　　,'　　　　　　,'　,'　　　,'住居学　　,'0,'26
'3615,'83,'01,'0,'0,'405,'京都美術工芸大,'芸術　　,'デザイン・工,'　,'　　　,'住居学　　,'1,'26
'3616,'64,'00,'0,'0,'651,'京都看護大　　,'看護　　,'　　　　　　,'　,'　　　,'看護　　　,'0,'26
'3616,'64,'01,'0,'0,'651,'京都看護大　　,'看護　　,'看護　　　　,'　,'　　　,'看護　　　,'1,'26
'3626,'01,'00,'0,'0,'101,'追手門学院大　,'文　　　,'　　　　　　,'　,'　　　,'日本文学　,'0,'27
'3626,'01,'06,'0,'0,'101,'追手門学院大　,'文　　　,'人文／日本文,'　,'　　　,'日本文学　,'1,'27
'3626,'01,'07,'0,'0,'109,'追手門学院大　,'文　　　,'人文／歴史文,'　,'　　　,'日本史　　,'1,'27
'3626,'01,'08,'0,'0,'405,'追手門学院大　,'文　　　,'人文／美学建,'　,'　　　,'住居学　　,'1,'27
'3626,'03,'00,'0,'0,'105,'追手門学院大　,'心理　　,'　　　　　　,'　,'　　　,'心理学　　,'0,'27
'3626,'03,'02,'0,'0,'105,'追手門学院大　,'心理　　,'心理／心理学,'　,'　　　,'心理学　　,'1,'27
'3626,'03,'03,'0,'0,'105,'追手門学院大　,'心理　　,'心理／人工知,'　,'　　　,'心理学　　,'1,'27
'3626,'12,'00,'0,'0,'201,'追手門学院大　,'法　　　,'　　　　　　,'　,'　　　,'法学　　　,'0,'27
'3626,'12,'01,'0,'0,'201,'追手門学院大　,'法　　　,'法律　　　　,'　,'　　　,'法学　　　,'1,'27
'3626,'18,'00,'0,'0,'221,'追手門学院大　,'経済　　,'　　　　　　,'　,'　　　,'経済学　　,'0,'27
'3626,'18,'02,'0,'0,'221,'追手門学院大　,'経済　　,'経済　　　　,'　,'　　　,'経済学　　,'1,'27
'3626,'19,'00,'0,'0,'222,'追手門学院大　,'経営　　,'　　　　　　,'　,'　　　,'経営学・商,'0,'27
'3626,'19,'04,'0,'0,'222,'追手門学院大　,'経営　　,'経営／経営マ,'　,'　　　,'経営学・商,'1,'27
'3626,'19,'05,'0,'0,'201,'追手門学院大　,'経営　　,'経営／ビジ法,'　,'　　　,'法学　　　,'1,'27
'3626,'19,'06,'0,'0,'105,'追手門学院大　,'経営　　,'経営／ビジ心,'　,'　　　,'心理学　　,'1,'27
'3626,'19,'07,'0,'0,'223,'追手門学院大　,'経営　　,'経営／情報シ,'　,'　　　,'経営情報学,'1,'27
'3626,'21,'00,'0,'0,'106,'追手門学院大　,'地域創造,'　　　　　　,'　,'　　　,'文化学　　,'0,'27
'3626,'21,'01,'0,'0,'106,'追手門学院大　,'地域創造,'地域創造　　,'　,'　　　,'文化学　　,'1,'27
'3626,'25,'00,'0,'0,'106,'追手門学院大　,'社会　　,'　　　　　　,'　,'　　　,'文化学　　,'0,'27
'3626,'25,'02,'0,'0,'241,'追手門学院大　,'社会　　,'社会／社会学,'　,'　　　,'社会学　　,'1,'27
'3626,'25,'03,'0,'0,'106,'追手門学院大　,'社会　　,'社会／スポー,'　,'　　　,'文化学　　,'1,'27
'3626,'33,'00,'0,'0,'151,'追手門学院大　,'国際　　,'　　　　　　,'　,'　　　,'英米語　　,'0,'27
'3626,'33,'01,'0,'0,'151,'追手門学院大　,'国際　　,'国際／グロー,'　,'　　　,'英米語　　,'1,'27
'3626,'33,'02,'0,'0,'106,'追手門学院大　,'国際　　,'国際／国際文,'　,'　　　,'文化学　　,'1,'27
'3626,'47,'00,'0,'0,'501,'追手門学院大　,'理工　　,'　　　　　　,'　,'　　　,'数学　　　,'0,'27
'3626,'47,'01,'0,'0,'501,'追手門学院大　,'理工　　,'数理・データ,'　,'　　　,'数学　　　,'1,'27
'3626,'47,'02,'0,'0,'551,'追手門学院大　,'理工　　,'機械工　　　,'　,'　　　,'機械工学　,'1,'27
'3626,'47,'03,'0,'0,'552,'追手門学院大　,'理工　　,'電気電子工　,'　,'　　　,'電気・電子,'1,'27
'3626,'47,'04,'0,'0,'553,'追手門学院大　,'理工　　,'情報工　　　,'　,'　　　,'情報工学　,'1,'27
'3627,'55,'00,'0,'0,'601,'大阪医薬大　　,'医　　　,'　　　　　　,'　,'　　　,'医　　　　,'0,'27
'3627,'55,'01,'0,'0,'601,'大阪医薬大　　,'医　　　,'医　　　　　,'　,'　　　,'医　　　　,'1,'27
'3627,'61,'00,'0,'0,'621,'大阪医薬大　　,'薬　　　,'　　　　　　,'　,'　　　,'薬　　　　,'0,'27
'3627,'61,'01,'0,'0,'621,'大阪医薬大　　,'薬　　　,'薬　　　　　,'　,'　　　,'薬　　　　,'1,'27
'3627,'64,'00,'0,'0,'651,'大阪医薬大　　,'看護　　,'　　　　　　,'　,'　　　,'看護　　　,'0,'27
'3627,'64,'01,'0,'0,'651,'大阪医薬大　　,'看護　　,'看護　　　　,'　,'　　　,'看護　　　,'1,'27
'3628,'83,'00,'0,'0,'222,'大阪音大　　　,'音楽　　,'　　　　　　,'　,'　　　,'経営学・商,'0,'27
'3628,'83,'22,'0,'0,'222,'大阪音大　　　,'音楽　　,'音楽　　　　,'　,'　　　,'経営学・商,'1,'27
'3629,'08,'00,'0,'0,'151,'大阪学院大　　,'外国語　,'　　　　　　,'　,'　　　,'英米語　　,'0,'27
'3629,'08,'03,'0,'0,'151,'大阪学院大　　,'外国語　,'英語／英語学,'　,'　　　,'英米語　　,'1,'27
'3629,'08,'04,'0,'0,'151,'大阪学院大　　,'外国語　,'英語／Ｇｌｏ,'　,'　　　,'英米語　　,'1,'27
'3629,'12,'00,'0,'0,'201,'大阪学院大　　,'法　　　,'　　　　　　,'　,'　　　,'法学　　　,'0,'27
'3629,'12,'03,'0,'0,'201,'大阪学院大　　,'法　　　,'法　　　　　,'　,'　　　,'法学　　　,'1,'27
'3629,'18,'00,'0,'0,'151,'大阪学院大　　,'経済　　,'　　　　　　,'　,'　　　,'英米語　　,'0,'27
'3629,'18,'01,'0,'0,'151,'大阪学院大　　,'経済　　,'経済　　　　,'　,'　　　,'英米語　　,'1,'27
'3629,'19,'00,'0,'0,'222,'大阪学院大　　,'経営　　,'　　　　　　,'　,'　　　,'経営学・商,'0,'27
'3629,'19,'01,'0,'0,'151,'大阪学院大　　,'経営　　,'経営　　　　,'　,'　　　,'英米語　　,'1,'27
'3629,'19,'02,'0,'0,'222,'大阪学院大　　,'経営　　,'ホスピタリテ,'　,'　　　,'経営学・商,'1,'27
'3629,'20,'00,'0,'0,'222,'大阪学院大　　,'商　　　,'　　　　　　,'　,'　　　,'経営学・商,'0,'27
'3629,'20,'01,'0,'0,'222,'大阪学院大　　,'商　　　,'商　　　　　,'　,'　　　,'経営学・商,'1,'27
'3629,'33,'00,'0,'0,'261,'大阪学院大　　,'国際　　,'　　　　　　,'　,'　　　,'国際関係学,'0,'27
'3629,'33,'01,'0,'0,'261,'大阪学院大　　,'国際　　,'国際　　　　,'　,'　　　,'国際関係学,'1,'27
'3629,'37,'00,'0,'0,'553,'大阪学院大　　,'情報　　,'　　　　　　,'　,'　　　,'情報工学　,'0,'27
'3629,'37,'01,'0,'0,'553,'大阪学院大　　,'情報　　,'情報　　　　,'　,'　　　,'情報工学　,'1,'27
'3630,'18,'00,'0,'0,'202,'大阪経大　　　,'経済　　,'　　　　　　,'　,'　　　,'政治学　　,'0,'27
'3630,'18,'01,'0,'0,'202,'大阪経大　　　,'経済　　,'経済　　　　,'　,'　　　,'政治学　　,'1,'27
'3630,'19,'00,'0,'0,'222,'大阪経大　　　,'経営　　,'　　　　　　,'　,'　　　,'経営学・商,'0,'27
'3630,'19,'01,'0,'0,'222,'大阪経大　　　,'経営　　,'経営　　　　,'　,'　　　,'経営学・商,'1,'27
'3630,'19,'03,'0,'0,'201,'大阪経大　　　,'経営　　,'ビジネス法　,'　,'　　　,'法学　　　,'1,'27
'3630,'23,'00,'0,'0,'222,'大阪経大　　　,'経営２　,'　　　　　　,'　,'　　　,'経営学・商,'0,'27
'3630,'23,'01,'0,'0,'222,'大阪経大　　　,'経営２　,'経営　　　　,'　,'　　　,'経営学・商,'1,'27
'3630,'27,'00,'0,'0,'222,'大阪経大　　　,'情報社会,'　　　　　　,'　,'　　　,'経営学・商,'0,'27
'3630,'27,'01,'0,'0,'222,'大阪経大　　　,'情報社会,'情報社会　　,'　,'　　　,'経営学・商,'1,'27
'3630,'33,'00,'0,'0,'151,'大阪経大　　　,'国際共創,'　　　　　　,'　,'　　　,'英米語　　,'0,'27
'3630,'33,'01,'0,'0,'151,'大阪経大　　　,'国際共創,'国際共創　　,'　,'　　　,'英米語　　,'1,'27
'3630,'37,'00,'0,'0,'105,'大阪経大　　　,'人間科学,'　　　　　　,'　,'　　　,'心理学　　,'0,'27
'3630,'37,'01,'0,'0,'105,'大阪経大　　　,'人間科学,'人間科学　　,'　,'　　　,'心理学　　,'1,'27
'3631,'83,'00,'0,'0,'455,'大阪芸大　　　,'芸術　　,'　　　　　　,'　,'　　　,'映像　　　,'0,'27
'3631,'83,'01,'0,'0,'455,'大阪芸大　　　,'芸術　　,'映像　　　　,'　,'　　　,'映像　　　,'1,'27
'3631,'83,'02,'0,'0,'453,'大阪芸大　　　,'芸術　　,'演奏　　　　,'　,'　　　,'音楽　　　,'1,'27
'3631,'83,'03,'0,'0,'309,'大阪芸大　　　,'芸術　　,'音楽　　　　,'　,'　　　,'中高－音楽,'1,'27
'3631,'83,'06,'0,'0,'554,'大阪芸大　　　,'芸術　　,'建築　　　　,'　,'　　　,'建築・土木,'1,'27
'3631,'83,'07,'0,'0,'452,'大阪芸大　　　,'芸術　　,'芸術計画　　,'　,'　　　,'芸術理論　,'1,'27
'3631,'83,'08,'0,'0,'451,'大阪芸大　　　,'芸術　　,'工芸　　　　,'　,'　　　,'美術・デザ,'1,'27
'3631,'83,'09,'0,'0,'455,'大阪芸大　　　,'芸術　　,'写真　　　　,'　,'　　　,'映像　　　,'1,'27
'3631,'83,'10,'0,'0,'405,'大阪芸大　　　,'芸術　　,'デザイン　　,'　,'　　　,'住居学　　,'1,'27
'3631,'83,'11,'0,'0,'451,'大阪芸大　　　,'芸術　　,'美術　　　　,'　,'　　　,'美術・デザ,'1,'27
'3631,'83,'12,'0,'0,'456,'大阪芸大　　　,'芸術　　,'舞台芸術　　,'　,'　　　,'演劇　　　,'1,'27
'3631,'83,'13,'0,'0,'458,'大阪芸大　　　,'芸術　　,'文芸　　　　,'　,'　　　,'その他芸術,'1,'27
'3631,'83,'14,'0,'0,'457,'大阪芸大　　　,'芸術　　,'放送　　　　,'　,'　　　,'放送　　　,'1,'27
'3631,'83,'15,'0,'0,'455,'大阪芸大　　　,'芸術　　,'キャラクター,'　,'　　　,'映像　　　,'1,'27
'3631,'83,'16,'0,'0,'301,'大阪芸大　　　,'芸術　　,'初等芸術教育,'　,'　　　,'小学校　　,'1,'27
'3631,'83,'17,'0,'0,'451,'大阪芸大　　　,'芸術　　,'アートサイエ,'　,'　　　,'美術・デザ,'1,'27
'3632,'12,'00,'0,'0,'201,'大阪経済法科大,'法　　　,'　　　　　　,'　,'　　　,'法学　　　,'0,'27
'3632,'12,'01,'0,'0,'201,'大阪経済法科大,'法　　　,'法律　　　　,'　,'　　　,'法学　　　,'1,'27
'3632,'18,'00,'0,'0,'202,'大阪経済法科大,'経済　　,'　　　　　　,'　,'　　　,'政治学　　,'0,'27
'3632,'18,'01,'0,'0,'202,'大阪経済法科大,'経済　　,'経済　　　　,'　,'　　　,'政治学　　,'1,'27
'3632,'19,'00,'0,'0,'222,'大阪経済法科大,'経営　　,'　　　　　　,'　,'　　　,'経営学・商,'0,'27
'3632,'19,'01,'0,'0,'222,'大阪経済法科大,'経営　　,'経営　　　　,'　,'　　　,'経営学・商,'1,'27
'3632,'33,'00,'0,'0,'151,'大阪経済法科大,'国際　　,'　　　　　　,'　,'　　　,'英米語　　,'0,'27
'3632,'33,'01,'0,'0,'151,'大阪経済法科大,'国際　　,'国際　　　　,'　,'　　　,'英米語　　,'1,'27
'3633,'21,'00,'0,'0,'201,'大阪工大　　　,'知的財産,'　　　　　　,'　,'　　　,'法学　　　,'0,'27
'3633,'21,'01,'0,'0,'201,'大阪工大　　　,'知的財産,'知的財産　　,'　,'　　　,'法学　　　,'1,'27
'3633,'37,'00,'0,'0,'553,'大阪工大　　　,'情報科学,'　　　　　　,'　,'　　　,'情報工学　,'0,'27
'3633,'37,'01,'0,'0,'553,'大阪工大　　　,'情報科学,'情報知能　　,'　,'　　　,'情報工学　,'1,'27
'3633,'37,'02,'0,'0,'553,'大阪工大　　　,'情報科学,'情報システム,'　,'　　　,'情報工学　,'1,'27
'3633,'37,'03,'0,'0,'553,'大阪工大　　　,'情報科学,'情報メディア,'　,'　　　,'情報工学　,'1,'27
'3633,'37,'05,'0,'0,'752,'大阪工大　　　,'情報科学,'データサイエ,'　,'　　　,'総合情報学,'1,'27
'3633,'37,'06,'0,'0,'506,'大阪工大　　　,'情報科学,'実世界情報　,'　,'　　　,'情報科学　,'1,'27
'3633,'46,'00,'0,'0,'554,'大阪工大　　　,'工　　　,'　　　　　　,'　,'　　　,'建築・土木,'0,'27
'3633,'46,'01,'0,'0,'555,'大阪工大　　　,'工　　　,'応用化　　　,'　,'　　　,'応用化学　,'1,'27
'3633,'46,'02,'0,'0,'551,'大阪工大　　　,'工　　　,'機械工　　　,'　,'　　　,'機械工学　,'1,'27
'3633,'46,'04,'0,'0,'554,'大阪工大　　　,'工　　　,'建築　　　　,'　,'　　　,'建築・土木,'1,'27
'3633,'46,'05,'0,'0,'552,'大阪工大　　　,'工　　　,'電気電子シス,'　,'　　　,'電気・電子,'1,'27
'3633,'46,'06,'0,'0,'552,'大阪工大　　　,'工　　　,'電子情報シス,'　,'　　　,'電気・電子,'1,'27
'3633,'46,'07,'0,'0,'554,'大阪工大　　　,'工　　　,'都市デザイン,'　,'　　　,'建築・土木,'1,'27
'3633,'46,'09,'0,'0,'554,'大阪工大　　　,'工　　　,'環境工　　　,'　,'　　　,'建築・土木,'1,'27
'3633,'46,'12,'0,'0,'564,'大阪工大　　　,'工　　　,'生命工　　　,'　,'　　　,'生物工学　,'1,'27
'3633,'47,'00,'0,'0,'551,'大阪工大　　　,'ロボティ,'　　　　　　,'　,'　　　,'機械工学　,'0,'27
'3633,'47,'01,'0,'0,'551,'大阪工大　　　,'ロボティ,'ロボット工　,'　,'　　　,'機械工学　,'1,'27
'3633,'47,'02,'0,'0,'551,'大阪工大　　　,'ロボティ,'システムデザ,'　,'　　　,'機械工学　,'1,'27
'3633,'47,'03,'0,'0,'554,'大阪工大　　　,'ロボティ,'空間デザイン,'　,'　　　,'建築・土木,'1,'27
'3634,'24,'00,'0,'0,'202,'大阪国際大　　,'経営経済,'　　　　　　,'　,'　　　,'政治学　　,'0,'27
'3634,'24,'01,'0,'0,'222,'大阪国際大　　,'経営経済,'経営　　　　,'　,'　　　,'経営学・商,'1,'27
'3634,'24,'02,'0,'0,'202,'大阪国際大　　,'経営経済,'経済　　　　,'　,'　　　,'政治学　　,'1,'27
'3634,'37,'00,'0,'0,'654,'大阪国際大　　,'人間科学,'　　　　　　,'　,'　　　,'体育・健康,'0,'27
'3634,'37,'01,'0,'0,'105,'大阪国際大　　,'人間科学,'心理コミュニ,'　,'　　　,'心理学　　,'1,'27
'3634,'37,'02,'0,'0,'654,'大阪国際大　　,'人間科学,'人間健康科学,'　,'　　　,'体育・健康,'1,'27
'3634,'37,'04,'0,'0,'311,'大阪国際大　　,'人間科学,'スポーツ行動,'　,'　　　,'中高－体育,'1,'27
'3634,'39,'00,'0,'0,'151,'大阪国際大　　,'国際教養,'　　　　　　,'　,'　　　,'英米語　　,'0,'27
'3634,'39,'01,'0,'0,'151,'大阪国際大　　,'国際教養,'国際コミュニ,'　,'　　　,'英米語　　,'1,'27
'3634,'39,'02,'0,'0,'106,'大阪国際大　　,'国際教養,'国際観光　　,'　,'　　　,'文化学　　,'1,'27
'3636,'18,'00,'0,'0,'221,'大阪産大　　　,'経済　　,'　　　　　　,'　,'　　　,'経済学　　,'0,'27
'3636,'18,'03,'0,'0,'221,'大阪産大　　　,'経済　　,'経済／経済　,'　,'　　　,'経済学　　,'1,'27
'3636,'18,'06,'0,'0,'221,'大阪産大　　　,'経済　　,'経済／観光ビ,'　,'　　　,'経済学　　,'1,'27
'3636,'19,'00,'0,'0,'222,'大阪産大　　　,'経営　　,'　　　　　　,'　,'　　　,'経営学・商,'0,'27
'3636,'19,'04,'0,'0,'222,'大阪産大　　　,'経営　　,'経営／ファッ,'　,'　　　,'経営学・商,'1,'27
'3636,'19,'07,'0,'0,'222,'大阪産大　　　,'経営　　,'経営／経営学,'　,'　　　,'経営学・商,'1,'27
'3636,'19,'10,'0,'0,'222,'大阪産大　　　,'経営　　,'経営／会計ス,'　,'　　　,'経営学・商,'1,'27
'3636,'19,'11,'0,'0,'222,'大阪産大　　　,'経営　　,'経営／交通ま,'　,'　　　,'経営学・商,'1,'27
'3636,'19,'12,'0,'0,'222,'大阪産大　　　,'経営　　,'経営／商学　,'　,'　　　,'経営学・商,'1,'27
'3636,'19,'13,'0,'0,'222,'大阪産大　　　,'経営　　,'経営／スポー,'　,'　　　,'経営学・商,'1,'27
'3636,'33,'00,'0,'0,'105,'大阪産大　　　,'国際　　,'　　　　　　,'　,'　　　,'心理学　　,'0,'27
'3636,'33,'01,'0,'0,'105,'大阪産大　　　,'国際　　,'国際　　　　,'　,'　　　,'心理学　　,'1,'27
'3636,'38,'00,'0,'0,'553,'大阪産大　　　,'情報デザ,'　　　　　　,'　,'　　　,'情報工学　,'0,'27
'3636,'38,'01,'0,'0,'553,'大阪産大　　　,'情報デザ,'情報システム,'　,'　　　,'情報工学　,'1,'27
'3636,'48,'00,'0,'0,'554,'大阪産大　　　,'建築環境,'　　　　　　,'　,'　　　,'建築・土木,'0,'27
'3636,'48,'01,'0,'0,'554,'大阪産大　　　,'建築環境,'建築・環境デ,'　,'　　　,'建築・土木,'1,'27
'3636,'49,'00,'0,'0,'551,'大阪産大　　　,'シス工　,'　　　　　　,'　,'　　　,'機械工学　,'0,'27
'3636,'49,'02,'0,'0,'551,'大阪産大　　　,'シス工　,'シス／機械シ,'　,'　　　,'機械工学　,'1,'27
'3636,'49,'03,'0,'0,'551,'大阪産大　　　,'シス工　,'シス／機械デ,'　,'　　　,'機械工学　,'1,'27
'3636,'49,'04,'0,'0,'551,'大阪産大　　　,'シス工　,'シス／自動車,'　,'　　　,'機械工学　,'1,'27
'3636,'49,'05,'0,'0,'551,'大阪産大　　　,'シス工　,'シス／鉄道工,'　,'　　　,'機械工学　,'1,'27
'3636,'49,'06,'0,'0,'551,'大阪産大　　　,'シス工　,'シス／交通シ,'　,'　　　,'機械工学　,'1,'27
'3636,'49,'07,'0,'0,'552,'大阪産大　　　,'シス工　,'シス／電気電,'　,'　　　,'電気・電子,'1,'27
'3636,'49,'08,'0,'0,'552,'大阪産大　　　,'シス工　,'シス／情報電,'　,'　　　,'電気・電子,'1,'27
'3636,'64,'00,'0,'0,'654,'大阪産大　　　,'スポーツ,'　　　　　　,'　,'　　　,'体育・健康,'0,'27
'3636,'64,'01,'0,'0,'654,'大阪産大　　　,'スポーツ,'スポーツ健康,'　,'　　　,'体育・健康,'1,'27
'3637,'58,'00,'0,'0,'611,'大阪歯大　　　,'歯　　　,'　　　　　　,'　,'　　　,'歯　　　　,'0,'27
'3637,'58,'01,'0,'0,'611,'大阪歯大　　　,'歯　　　,'歯　　　　　,'　,'　　　,'歯　　　　,'1,'27
'3637,'64,'00,'0,'0,'652,'大阪歯大　　　,'医療保健,'　　　　　　,'　,'　　　,'医療技術　,'0,'27
'3637,'64,'01,'0,'0,'652,'大阪歯大　　　,'医療保健,'口腔保健　　,'　,'　　　,'医療技術　,'1,'27
'3637,'64,'02,'0,'0,'652,'大阪歯大　　　,'医療保健,'口腔工　　　,'　,'　　　,'医療技術　,'1,'27
'3637,'65,'00,'0,'0,'651,'大阪歯大　　　,'看護　　,'　　　　　　,'　,'　　　,'看護　　　,'0,'27
'3637,'65,'01,'0,'0,'651,'大阪歯大　　　,'看護　　,'看護　　　　,'　,'　　　,'看護　　　,'1,'27
'3638,'18,'00,'0,'0,'221,'大阪商大　　　,'経済　　,'　　　　　　,'　,'　　　,'経済学　　,'0,'27
'3638,'18,'01,'0,'0,'221,'大阪商大　　　,'経済　　,'経済　　　　,'　,'　　　,'経済学　　,'1,'27
'3638,'21,'00,'0,'0,'222,'大阪商大　　　,'公共　　,'　　　　　　,'　,'　　　,'経営学・商,'0,'27
'3638,'21,'01,'0,'0,'222,'大阪商大　　　,'公共　　,'公共　　　　,'　,'　　　,'経営学・商,'1,'27
'3638,'22,'00,'0,'0,'222,'大阪商大　　　,'総合経営,'　　　　　　,'　,'　　　,'経営学・商,'0,'27
'3638,'22,'01,'0,'0,'222,'大阪商大　　　,'総合経営,'経営　　　　,'　,'　　　,'経営学・商,'1,'27
'3638,'22,'02,'0,'0,'222,'大阪商大　　　,'総合経営,'商　　　　　,'　,'　　　,'経営学・商,'1,'27
'3639,'03,'00,'0,'0,'458,'大阪樟蔭女子大,'学芸　　,'　　　　　　,'　,'　　　,'その他芸術,'0,'27
'3639,'03,'01,'0,'0,'106,'大阪樟蔭女子大,'学芸　　,'言語文化コミ,'　,'　　　,'文化学　　,'1,'27
'3639,'03,'02,'0,'0,'101,'大阪樟蔭女子大,'学芸　　,'国文　　　　,'　,'　　　,'日本文学　,'1,'27
'3639,'03,'05,'0,'0,'403,'大阪樟蔭女子大,'学芸　　,'化粧ファッシ,'　,'　　　,'被服・服飾,'1,'27
'3639,'03,'14,'0,'0,'222,'大阪樟蔭女子大,'学芸　　,'ライフプラン,'　,'　　　,'経営学・商,'1,'27
'3639,'03,'20,'0,'0,'105,'大阪樟蔭女子大,'学芸　　,'心理　　　　,'　,'　　　,'心理学　　,'1,'27
'3639,'03,'21,'0,'0,'753,'大阪樟蔭女子大,'学芸　　,'リベラルアー,'　,'　　　,'総合科学　,'1,'27
'3639,'31,'00,'0,'0,'301,'大阪樟蔭女子大,'児童教育,'　　　　　　,'　,'　　　,'小学校　　,'0,'27
'3639,'31,'01,'0,'0,'301,'大阪樟蔭女子大,'児童教育,'児童教育　　,'　,'　　　,'小学校　　,'1,'27
'3639,'64,'00,'0,'0,'402,'大阪樟蔭女子大,'健康栄養,'　　　　　　,'　,'　　　,'食物・栄養,'0,'27
'3639,'64,'02,'0,'0,'402,'大阪樟蔭女子大,'健康栄養,'健康／管理栄,'　,'　　　,'食物・栄養,'1,'27
'3639,'64,'03,'0,'0,'402,'大阪樟蔭女子大,'健康栄養,'健康／食物栄,'　,'　　　,'食物・栄養,'1,'27
'3640,'30,'00,'0,'0,'301,'大阪体育大　　,'教育　　,'　　　　　　,'　,'　　　,'小学校　　,'0,'27
'3640,'30,'03,'0,'0,'301,'大阪体育大　　,'教育　　,'教育　　　　,'　,'　　　,'小学校　　,'1,'27
'3640,'64,'00,'0,'0,'222,'大阪体育大　　,'スポーツ,'　　　　　　,'　,'　　　,'経営学・商,'0,'27
'3640,'64,'05,'0,'0,'222,'大阪体育大　　,'スポーツ,'スポーツ科学,'　,'　　　,'経営学・商,'1,'27
'3641,'37,'00,'0,'0,'752,'大阪電気通信大,'総合情報,'　　　　　　,'　,'　　　,'総合情報学,'0,'27
'3641,'37,'04,'0,'0,'455,'大阪電気通信大,'総合情報,'情報　　　　,'　,'　　　,'映像　　　,'1,'27
'3641,'37,'06,'0,'0,'752,'大阪電気通信大,'総合情報,'デジ／社会デ,'　,'　　　,'総合情報学,'1,'27
'3641,'37,'07,'0,'0,'752,'大阪電気通信大,'総合情報,'デジ／デジタ,'　,'　　　,'総合情報学,'1,'27
'3641,'37,'08,'0,'0,'752,'大阪電気通信大,'総合情報,'デジ／メディ,'　,'　　　,'総合情報学,'1,'27
'3641,'38,'00,'0,'0,'311,'大阪電気通信大,'健康情報,'　　　　　　,'　,'　　　,'中高－体育,'0,'27
'3641,'38,'01,'0,'0,'553,'大阪電気通信大,'健康情報,'健康／医療工,'　,'　　　,'情報工学　,'1,'27
'3641,'38,'02,'0,'0,'655,'大阪電気通信大,'健康情報,'健康／理学療,'　,'　　　,'理学療法　,'1,'27
'3641,'38,'03,'0,'0,'311,'大阪電気通信大,'健康情報,'健康／スポー,'　,'　　　,'中高－体育,'1,'27
'3641,'46,'00,'0,'0,'551,'大阪電気通信大,'工　　　,'　　　　　　,'　,'　　　,'機械工学　,'0,'27
'3641,'46,'03,'0,'0,'551,'大阪電気通信大,'工　　　,'機械工　　　,'　,'　　　,'機械工学　,'1,'27
'3641,'46,'05,'0,'0,'551,'大阪電気通信大,'工　　　,'電子機械工　,'　,'　　　,'機械工学　,'1,'27
'3641,'46,'06,'0,'0,'552,'大阪電気通信大,'工　　　,'電気電子工　,'　,'　　　,'電気・電子,'1,'27
'3641,'46,'13,'0,'0,'507,'大阪電気通信大,'工　　　,'基礎／数理科,'　,'　　　,'総合理学　,'1,'27
'3641,'46,'15,'0,'0,'703,'大阪電気通信大,'工　　　,'基礎／環境化,'　,'　　　,'農芸化学　,'1,'27
'3641,'48,'00,'0,'0,'552,'大阪電気通信大,'情報通信,'　　　　　　,'　,'　　　,'電気・電子,'0,'27
'3641,'48,'01,'0,'0,'553,'大阪電気通信大,'情報通信,'情報工　　　,'　,'　　　,'情報工学　,'1,'27
'3641,'48,'02,'0,'0,'552,'大阪電気通信大,'情報通信,'通信工　　　,'　,'　　　,'電気・電子,'1,'27
'3641,'49,'00,'0,'0,'554,'大阪電気通信大,'建築デザ,'　　　　　　,'　,'　　　,'建築・土木,'0,'27
'3641,'49,'02,'0,'0,'554,'大阪電気通信大,'建築デザ,'建築／建築　,'　,'　　　,'建築・土木,'1,'27
'3641,'49,'03,'0,'0,'405,'大阪電気通信大,'建築デザ,'建築／空間デ,'　,'　　　,'住居学　　,'1,'27
'3643,'01,'00,'0,'0,'101,'大阪大谷大　　,'文　　　,'　　　　　　,'　,'　　　,'日本文学　,'0,'27
'3643,'01,'02,'0,'0,'101,'大阪大谷大　　,'文　　　,'日本語日本文,'　,'　　　,'日本文学　,'1,'27
'3643,'01,'04,'0,'0,'109,'大阪大谷大　　,'文　　　,'歴史文化　　,'　,'　　　,'日本史　　,'1,'27
'3643,'27,'00,'0,'0,'105,'大阪大谷大　　,'人間社会,'　　　　　　,'　,'　　　,'心理学　　,'0,'27
'3643,'27,'01,'0,'0,'223,'大阪大谷大　　,'人間社会,'人間社会　　,'　,'　　　,'経営情報学,'1,'27
'3643,'27,'02,'0,'0,'654,'大阪大谷大　　,'人間社会,'スポーツ健康,'　,'　　　,'体育・健康,'1,'27
'3643,'27,'03,'0,'0,'105,'大阪大谷大　　,'人間社会,'心理・福祉　,'　,'　　　,'心理学　　,'1,'27
'3643,'30,'00,'0,'0,'301,'大阪大谷大　　,'教育　　,'　　　　　　,'　,'　　　,'小学校　　,'0,'27
'3643,'30,'04,'0,'0,'301,'大阪大谷大　　,'教育　　,'教育　　　　,'　,'　　　,'小学校　　,'1,'27
'3643,'61,'00,'0,'0,'621,'大阪大谷大　　,'薬　　　,'　　　　　　,'　,'　　　,'薬　　　　,'0,'27
'3643,'61,'01,'0,'0,'621,'大阪大谷大　　,'薬　　　,'薬　　　　　,'　,'　　　,'薬　　　　,'1,'27
'3644,'01,'00,'0,'0,'301,'関西大　　　　,'文　　　,'　　　　　　,'　,'　　　,'小学校　　,'0,'27
'3644,'01,'09,'0,'0,'101,'関西大　　　　,'文　　　,'総合人文　　,'　,'　　　,'日本文学　,'1,'27
'3644,'01,'13,'0,'0,'301,'関西大　　　　,'文　　　,'総合／初等教,'　,'　　　,'小学校　　,'1,'27
'3644,'08,'00,'0,'0,'151,'関西大　　　　,'外国語　,'　　　　　　,'　,'　　　,'英米語　　,'0,'27
'3644,'08,'01,'0,'0,'151,'関西大　　　　,'外国語　,'外国語　　　,'　,'　　　,'英米語　　,'1,'27
'3644,'12,'00,'0,'0,'201,'関西大　　　　,'法　　　,'　　　　　　,'　,'　　　,'法学　　　,'0,'27
'3644,'12,'03,'0,'0,'201,'関西大　　　　,'法　　　,'法学政治　　,'　,'　　　,'法学　　　,'1,'27
'3644,'13,'00,'0,'0,'202,'関西大　　　　,'政策創造,'　　　　　　,'　,'　　　,'政治学　　,'0,'27
'3644,'13,'01,'0,'0,'202,'関西大　　　　,'政策創造,'政策　　　　,'　,'　　　,'政治学　　,'1,'27
'3644,'13,'02,'0,'0,'261,'関西大　　　　,'政策創造,'国際アジア　,'　,'　　　,'国際関係学,'1,'27
'3644,'18,'00,'0,'0,'202,'関西大　　　　,'経済　　,'　　　　　　,'　,'　　　,'政治学　　,'0,'27
'3644,'18,'01,'0,'0,'202,'関西大　　　　,'経済　　,'経済　　　　,'　,'　　　,'政治学　　,'1,'27
'3644,'20,'00,'0,'0,'222,'関西大　　　　,'商　　　,'　　　　　　,'　,'　　　,'経営学・商,'0,'27
'3644,'20,'01,'0,'0,'222,'関西大　　　　,'商　　　,'商　　　　　,'　,'　　　,'経営学・商,'1,'27
'3644,'25,'00,'0,'0,'241,'関西大　　　　,'社会　　,'　　　　　　,'　,'　　　,'社会学　　,'0,'27
'3644,'25,'01,'0,'0,'241,'関西大　　　　,'社会　　,'社会／社会シ,'　,'　　　,'社会学　　,'1,'27
'3644,'25,'02,'0,'0,'105,'関西大　　　　,'社会　　,'社会／心理学,'　,'　　　,'心理学　　,'1,'27
'3644,'25,'03,'0,'0,'241,'関西大　　　　,'社会　　,'社会／社会学,'　,'　　　,'社会学　　,'1,'27
'3644,'25,'04,'0,'0,'244,'関西大　　　　,'社会　　,'社会／メディ,'　,'　　　,'マスコミ　,'1,'27
'3644,'37,'00,'0,'0,'752,'関西大　　　　,'総合情報,'　　　　　　,'　,'　　　,'総合情報学,'0,'27
'3644,'37,'01,'0,'0,'752,'関西大　　　　,'総合情報,'総合情報　　,'　,'　　　,'総合情報学,'1,'27
'3644,'38,'00,'0,'0,'753,'関西大　　　　,'社会安全,'　　　　　　,'　,'　　　,'総合科学　,'0,'27
'3644,'38,'01,'0,'0,'753,'関西大　　　　,'社会安全,'安全マネジメ,'　,'　　　,'総合科学　,'1,'27
'3644,'39,'00,'0,'0,'223,'関西大　　　　,'ビジネス,'　　　　　　,'　,'　　　,'経営情報学,'0,'27
'3644,'39,'01,'0,'0,'223,'関西大　　　　,'ビジネス,'ビジネスデー,'　,'　　　,'経営情報学,'1,'27
'3644,'47,'00,'0,'0,'552,'関西大　　　　,'システム,'　　　　　　,'　,'　　　,'電気・電子,'0,'27
'3644,'47,'01,'0,'0,'501,'関西大　　　　,'システム,'数学　　　　,'　,'　　　,'数学　　　,'1,'27
'3644,'47,'02,'0,'0,'502,'関西大　　　　,'システム,'物理・応用物,'　,'　　　,'物理学　　,'1,'27
'3644,'47,'03,'0,'0,'551,'関西大　　　　,'システム,'機械工　　　,'　,'　　　,'機械工学　,'1,'27
'3644,'47,'04,'0,'0,'552,'関西大　　　　,'システム,'電気電子情報,'　,'　　　,'電気・電子,'1,'27
'3644,'47,'05,'0,'0,'552,'関西大　　　　,'システム,'グリーンエレ,'　,'　　　,'電気・電子,'1,'27
'3644,'48,'00,'0,'0,'564,'関西大　　　　,'化学生命,'　　　　　　,'　,'　　　,'生物工学　,'0,'27
'3644,'48,'01,'0,'0,'555,'関西大　　　　,'化学生命,'化学・物質工,'　,'　　　,'応用化学　,'1,'27
'3644,'48,'02,'0,'0,'564,'関西大　　　　,'化学生命,'生命・生物工,'　,'　　　,'生物工学　,'1,'27
'3644,'49,'00,'0,'0,'554,'関西大　　　　,'環境都市,'　　　　　　,'　,'　　　,'建築・土木,'0,'27
'3644,'49,'01,'0,'0,'554,'関西大　　　　,'環境都市,'建築　　　　,'　,'　　　,'建築・土木,'1,'27
'3644,'49,'02,'0,'0,'554,'関西大　　　　,'環境都市,'都市シス工　,'　,'　　　,'建築・土木,'1,'27
'3644,'49,'03,'0,'0,'555,'関西大　　　　,'環境都市,'エネルギー環,'　,'　　　,'応用化学　,'1,'27
'3644,'64,'00,'0,'0,'242,'関西大　　　　,'人間健康,'　　　　　　,'　,'　　　,'社会福祉学,'0,'27
'3644,'64,'01,'0,'0,'242,'関西大　　　　,'人間健康,'人間健康　　,'　,'　　　,'社会福祉学,'1,'27
'3645,'55,'00,'0,'0,'601,'関西医大　　　,'医　　　,'　　　　　　,'　,'　　　,'医　　　　,'0,'27
'3645,'55,'01,'0,'0,'601,'関西医大　　　,'医　　　,'医　　　　　,'　,'　　　,'医　　　　,'1,'27
'3645,'64,'00,'0,'0,'651,'関西医大　　　,'看護　　,'　　　　　　,'　,'　　　,'看護　　　,'0,'27
'3645,'64,'01,'0,'0,'651,'関西医大　　　,'看護　　,'看護　　　　,'　,'　　　,'看護　　　,'1,'27
'3645,'65,'00,'0,'0,'655,'関西医大　　　,'リハビリ,'　　　　　　,'　,'　　　,'理学療法　,'0,'27
'3645,'65,'01,'0,'0,'655,'関西医大　　　,'リハビリ,'理学療法　　,'　,'　　　,'理学療法　,'1,'27
'3645,'65,'02,'0,'0,'656,'関西医大　　　,'リハビリ,'作業療法　　,'　,'　　　,'作業療法　,'1,'27
'3646,'08,'00,'0,'0,'151,'関西外大　　　,'外国語　,'　　　　　　,'　,'　　　,'英米語　　,'0,'27
'3646,'08,'01,'0,'0,'151,'関西外大　　　,'外国語　,'英米語　　　,'　,'　　　,'英米語　　,'1,'27
'3646,'08,'03,'0,'0,'155,'関西外大　　　,'外国語　,'スペイン語　,'　,'　　　,'スペイン語,'1,'27
'3646,'08,'05,'0,'0,'151,'関西外大　　　,'外国語　,'英語・デジタ,'　,'　　　,'英米語　　,'1,'27
'3646,'08,'06,'0,'0,'106,'関西外大　　　,'外国語　,'国際日本　　,'　,'　　　,'文化学　　,'1,'27
'3646,'09,'00,'0,'0,'301,'関西外大　　　,'英語キャ,'　　　　　　,'　,'　　　,'小学校　　,'0,'27
'3646,'09,'01,'0,'0,'151,'関西外大　　　,'英語キャ,'英語キャリア,'　,'　　　,'英米語　　,'1,'27
'3646,'09,'02,'0,'0,'301,'関西外大　　　,'英語キャ,'英語／小学校,'　,'　　　,'小学校　　,'1,'27
'3646,'34,'00,'0,'0,'151,'関西外大　　　,'英語国際,'　　　　　　,'　,'　　　,'英米語　　,'0,'27
'3646,'34,'02,'0,'0,'151,'関西外大　　　,'英語国際,'アジア共創　,'　,'　　　,'英米語　　,'1,'27
'3646,'34,'03,'0,'0,'202,'関西外大　　　,'英語国際,'英語／国際関,'　,'　　　,'政治学　　,'1,'27
'3646,'34,'04,'0,'0,'151,'関西外大　　　,'英語国際,'英語／グロー,'　,'　　　,'英米語　　,'1,'27
'3646,'35,'00,'0,'0,'151,'関西外大　　　,'国際共生,'　　　　　　,'　,'　　　,'英米語　　,'0,'27
'3646,'35,'01,'0,'0,'151,'関西外大　　　,'国際共生,'国際共生　　,'　,'　　　,'英米語　　,'1,'27
'3647,'03,'00,'0,'0,'452,'近畿大　　　　,'文芸　　,'　　　　　　,'　,'　　　,'芸術理論　,'0,'27
'3647,'03,'01,'0,'0,'456,'近畿大　　　　,'文芸　　,'芸術／舞台芸,'　,'　　　,'演劇　　　,'1,'27
'3647,'03,'02,'0,'0,'451,'近畿大　　　　,'文芸　　,'芸術／造形芸,'　,'　　　,'美術・デザ,'1,'27
'3647,'03,'04,'0,'0,'101,'近畿大　　　　,'文芸　　,'文／日本文学,'　,'　　　,'日本文学　,'1,'27
'3647,'03,'05,'0,'0,'106,'近畿大　　　　,'文芸　　,'文化・歴史　,'　,'　　　,'文化学　　,'1,'27
'3647,'03,'07,'0,'0,'102,'近畿大　　　　,'文芸　　,'文／英語英米,'　,'　　　,'外国文学　,'1,'27
'3647,'03,'13,'0,'0,'452,'近畿大　　　　,'文芸　　,'文化デザイン,'　,'　　　,'芸術理論　,'1,'27
'3647,'12,'00,'0,'0,'201,'近畿大　　　　,'法　　　,'　　　　　　,'　,'　　　,'法学　　　,'0,'27
'3647,'12,'02,'0,'0,'201,'近畿大　　　　,'法　　　,'法律　　　　,'　,'　　　,'法学　　　,'1,'27
'3647,'18,'00,'0,'0,'221,'近畿大　　　　,'経済　　,'　　　　　　,'　,'　　　,'経済学　　,'0,'27
'3647,'18,'01,'0,'0,'105,'近畿大　　　　,'経済　　,'経済　　　　,'　,'　　　,'心理学　　,'1,'27
'3647,'18,'02,'0,'0,'202,'近畿大　　　　,'経済　　,'総合経済政策,'　,'　　　,'政治学　　,'1,'27
'3647,'18,'05,'0,'0,'221,'近畿大　　　　,'経済　　,'国際経済　　,'　,'　　　,'経済学　　,'1,'27
'3647,'19,'00,'0,'0,'222,'近畿大　　　　,'経営　　,'　　　　　　,'　,'　　　,'経営学・商,'0,'27
'3647,'19,'01,'0,'0,'222,'近畿大　　　　,'経営　　,'経営　　　　,'　,'　　　,'経営学・商,'1,'27
'3647,'19,'02,'0,'0,'222,'近畿大　　　　,'経営　　,'商　　　　　,'　,'　　　,'経営学・商,'1,'27
'3647,'19,'08,'0,'0,'222,'近畿大　　　　,'経営　　,'会計　　　　,'　,'　　　,'経営学・商,'1,'27
'3647,'19,'09,'0,'0,'222,'近畿大　　　　,'経営　　,'キャリア・マ,'　,'　　　,'経営学・商,'1,'27
'3647,'27,'00,'0,'0,'105,'近畿大　　　　,'総合社会,'　　　　　　,'　,'　　　,'心理学　　,'0,'27
'3647,'27,'01,'0,'0,'241,'近畿大　　　　,'総合社会,'総合／社会マ,'　,'　　　,'社会学　　,'1,'27
'3647,'27,'02,'0,'0,'105,'近畿大　　　　,'総合社会,'総合／心理系,'　,'　　　,'心理学　　,'1,'27
'3647,'27,'03,'0,'0,'753,'近畿大　　　　,'総合社会,'総合／環境ま,'　,'　　　,'総合科学　,'1,'27
'3647,'33,'00,'0,'0,'151,'近畿大　　　　,'国際　　,'　　　　　　,'　,'　　　,'英米語　　,'0,'27
'3647,'33,'01,'0,'0,'151,'近畿大　　　　,'国際　　,'国際／グロー,'　,'　　　,'英米語　　,'1,'27
'3647,'33,'03,'0,'0,'152,'近畿大　　　　,'国際　　,'国際／中国語,'　,'　　　,'中国語　　,'1,'27
'3647,'33,'04,'0,'0,'158,'近畿大　　　　,'国際　　,'国際／韓国語,'　,'　　　,'韓国語（朝,'1,'27
'3647,'37,'00,'0,'0,'553,'近畿大　　　　,'情報　　,'　　　　　　,'　,'　　　,'情報工学　,'0,'27
'3647,'37,'01,'0,'0,'553,'近畿大　　　　,'情報　　,'情報　　　　,'　,'　　　,'情報工学　,'1,'27
'3647,'46,'00,'0,'0,'551,'近畿大　　　　,'工　　　,'　　　　　　,'　,'　　　,'機械工学　,'0,'27
'3647,'46,'01,'0,'0,'551,'近畿大　　　　,'工　　　,'機械工　　　,'　,'　　　,'機械工学　,'1,'27
'3647,'46,'02,'0,'0,'551,'近畿大　　　　,'工　　　,'ロボティクス,'　,'　　　,'機械工学　,'1,'27
'3647,'46,'03,'0,'0,'553,'近畿大　　　　,'工　　　,'情報　　　　,'　,'　　　,'情報工学　,'1,'27
'3647,'46,'04,'0,'0,'405,'近畿大　　　　,'工　　　,'建築　　　　,'　,'　　　,'住居学　　,'1,'27
'3647,'46,'05,'0,'0,'555,'近畿大　　　　,'工　　　,'化学生命工　,'　,'　　　,'応用化学　,'1,'27
'3647,'46,'06,'0,'0,'552,'近畿大　　　　,'工　　　,'電子情報工　,'　,'　　　,'電気・電子,'1,'27
'3647,'47,'00,'0,'0,'553,'近畿大　　　　,'産業理工,'　　　　　　,'　,'　　　,'情報工学　,'0,'27
'3647,'47,'03,'0,'0,'555,'近畿大　　　　,'産業理工,'生物環境化　,'　,'　　　,'応用化学　,'1,'27
'3647,'47,'08,'0,'0,'552,'近畿大　　　　,'産業理工,'電気電子工　,'　,'　　　,'電気・電子,'1,'27
'3647,'47,'09,'0,'0,'554,'近畿大　　　　,'産業理工,'建築・デザイ,'　,'　　　,'建築・土木,'1,'27
'3647,'47,'10,'0,'0,'506,'近畿大　　　　,'産業理工,'情報　　　　,'　,'　　　,'情報科学　,'1,'27
'3647,'47,'11,'0,'0,'222,'近畿大　　　　,'産業理工,'経営ビジネス,'　,'　　　,'経営学・商,'1,'27
'3647,'48,'00,'0,'0,'501,'近畿大　　　　,'理工　　,'　　　　　　,'　,'　　　,'数学　　　,'0,'27
'3647,'48,'01,'0,'0,'555,'近畿大　　　　,'理工　　,'応用化　　　,'　,'　　　,'応用化学　,'1,'27
'3647,'48,'12,'0,'0,'501,'近畿大　　　　,'理工　　,'理／数学　　,'　,'　　　,'数学　　　,'1,'27
'3647,'48,'13,'0,'0,'502,'近畿大　　　　,'理工　　,'理／物理学　,'　,'　　　,'物理学　　,'1,'27
'3647,'48,'18,'0,'0,'551,'近畿大　　　　,'理工　　,'機械工　　　,'　,'　　　,'機械工学　,'1,'27
'3647,'48,'23,'0,'0,'503,'近畿大　　　　,'理工　　,'理／化学　　,'　,'　　　,'化学　　　,'1,'27
'3647,'48,'24,'0,'0,'564,'近畿大　　　　,'理工　　,'生命科学　　,'　,'　　　,'生物工学　,'1,'27
'3647,'48,'31,'0,'0,'554,'近畿大　　　　,'理工　　,'社会環境工　,'　,'　　　,'建築・土木,'1,'27
'3647,'48,'32,'0,'0,'552,'近畿大　　　　,'理工　　,'電気電子通信,'　,'　　　,'電気・電子,'1,'27
'3647,'48,'33,'0,'0,'562,'近畿大　　　　,'理工　　,'エネルギー物,'　,'　　　,'原子力・エ,'1,'27
'3647,'49,'00,'0,'0,'405,'近畿大　　　　,'建築　　,'　　　　　　,'　,'　　　,'住居学　　,'0,'27
'3647,'49,'01,'0,'0,'405,'近畿大　　　　,'建築　　,'建築　　　　,'　,'　　　,'住居学　　,'1,'27
'3647,'55,'00,'0,'0,'601,'近畿大　　　　,'医　　　,'　　　　　　,'　,'　　　,'医　　　　,'0,'27
'3647,'55,'01,'0,'0,'601,'近畿大　　　　,'医　　　,'医　　　　　,'　,'　　　,'医　　　　,'1,'27
'3647,'61,'00,'0,'0,'621,'近畿大　　　　,'薬　　　,'　　　　　　,'　,'　　　,'薬　　　　,'0,'27
'3647,'61,'03,'0,'0,'621,'近畿大　　　　,'薬　　　,'医療薬　　　,'　,'　　　,'薬　　　　,'1,'27
'3647,'61,'04,'0,'0,'621,'近畿大　　　　,'薬　　　,'創薬科学　　,'　,'　　　,'薬　　　　,'1,'27
'3647,'64,'00,'0,'0,'651,'近畿大　　　　,'看護　　,'　　　　　　,'　,'　　　,'看護　　　,'0,'27
'3647,'64,'01,'0,'0,'651,'近畿大　　　　,'看護　　,'看護　　　　,'　,'　　　,'看護　　　,'1,'27
'3647,'72,'00,'0,'0,'701,'近畿大　　　　,'農　　　,'　　　　　　,'　,'　　　,'農学　　　,'0,'27
'3647,'72,'02,'0,'0,'402,'近畿大　　　　,'農　　　,'食品栄養　　,'　,'　　　,'食物・栄養,'1,'27
'3647,'72,'03,'0,'0,'708,'近畿大　　　　,'農　　　,'水産　　　　,'　,'　　　,'水産学　　,'1,'27
'3647,'72,'08,'0,'0,'701,'近畿大　　　　,'農　　　,'農業生産科学,'　,'　　　,'農学　　　,'1,'27
'3647,'72,'09,'0,'0,'703,'近畿大　　　　,'農　　　,'応用生命化　,'　,'　　　,'農芸化学　,'1,'27
'3647,'72,'10,'0,'0,'564,'近畿大　　　　,'農　　　,'生物機能科学,'　,'　　　,'生物工学　,'1,'27
'3647,'72,'11,'0,'0,'701,'近畿大　　　　,'農　　　,'環境管理　　,'　,'　　　,'農学　　　,'1,'27
'3647,'74,'00,'0,'0,'564,'近畿大　　　　,'生物理工,'　　　　　　,'　,'　　　,'生物工学　,'0,'27
'3647,'74,'02,'0,'0,'564,'近畿大　　　　,'生物理工,'生物工　　　,'　,'　　　,'生物工学　,'1,'27
'3647,'74,'04,'0,'0,'564,'近畿大　　　　,'生物理工,'遺伝子工　　,'　,'　　　,'生物工学　,'1,'27
'3647,'74,'06,'0,'0,'703,'近畿大　　　　,'生物理工,'食品安全工　,'　,'　　　,'農芸化学　,'1,'27
'3647,'74,'07,'0,'0,'566,'近畿大　　　　,'生物理工,'人間環境デザ,'　,'　　　,'デザイン工,'1,'27
'3647,'74,'08,'0,'0,'504,'近畿大　　　　,'生物理工,'生命情報工　,'　,'　　　,'生物学　　,'1,'27
'3647,'74,'09,'0,'0,'551,'近畿大　　　　,'生物理工,'医用工　　　,'　,'　　　,'機械工学　,'1,'27
'3648,'01,'00,'0,'0,'101,'四天王寺大　　,'文　　　,'　　　　　　,'　,'　　　,'日本文学　,'0,'27
'3648,'01,'01,'0,'0,'101,'四天王寺大　　,'文　　　,'日本　　　　,'　,'　　　,'日本文学　,'1,'27
'3648,'01,'02,'0,'0,'151,'四天王寺大　　,'文　　　,'国際コミュニ,'　,'　　　,'英米語　　,'1,'27
'3648,'19,'00,'0,'0,'222,'四天王寺大　　,'経営　　,'　　　　　　,'　,'　　　,'経営学・商,'0,'27
'3648,'19,'02,'0,'0,'201,'四天王寺大　　,'経営　　,'経営／公共経,'　,'　　　,'法学　　　,'1,'27
'3648,'19,'03,'0,'0,'222,'四天王寺大　　,'経営　　,'経営／企業経,'　,'　　　,'経営学・商,'1,'27
'3648,'25,'00,'0,'0,'105,'四天王寺大　　,'社会　　,'　　　　　　,'　,'　　　,'心理学　　,'0,'27
'3648,'25,'01,'0,'0,'105,'四天王寺大　　,'社会　　,'社会　　　　,'　,'　　　,'心理学　　,'1,'27
'3648,'25,'02,'0,'0,'242,'四天王寺大　　,'社会　　,'人間福祉　　,'　,'　　　,'社会福祉学,'1,'27
'3648,'30,'00,'0,'0,'316,'四天王寺大　　,'教育　　,'　　　　　　,'　,'　　　,'０免課程　,'0,'27
'3648,'30,'06,'0,'0,'312,'四天王寺大　　,'教育　　,'教育／幼児教,'　,'　　　,'幼稚園　　,'1,'27
'3648,'30,'07,'0,'0,'301,'四天王寺大　　,'教育　　,'教育／学校教,'　,'　　　,'小学校　　,'1,'27
'3648,'64,'00,'0,'0,'651,'四天王寺大　　,'看護　　,'　　　　　　,'　,'　　　,'看護　　　,'0,'27
'3648,'64,'01,'0,'0,'651,'四天王寺大　　,'看護　　,'看護　　　　,'　,'　　　,'看護　　　,'1,'27
'3649,'12,'00,'0,'0,'201,'摂南大　　　　,'法　　　,'　　　　　　,'　,'　　　,'法学　　　,'0,'27
'3649,'12,'01,'0,'0,'201,'摂南大　　　　,'法　　　,'法律　　　　,'　,'　　　,'法学　　　,'1,'27
'3649,'18,'00,'0,'0,'221,'摂南大　　　　,'経済　　,'　　　　　　,'　,'　　　,'経済学　　,'0,'27
'3649,'18,'01,'0,'0,'221,'摂南大　　　　,'経済　　,'経済　　　　,'　,'　　　,'経済学　　,'1,'27
'3649,'19,'00,'0,'0,'222,'摂南大　　　　,'経営　　,'　　　　　　,'　,'　　　,'経営学・商,'0,'27
'3649,'19,'02,'0,'0,'222,'摂南大　　　　,'経営　　,'経営　　　　,'　,'　　　,'経営学・商,'1,'27
'3649,'27,'00,'0,'0,'241,'摂南大　　　　,'現代社会,'　　　　　　,'　,'　　　,'社会学　　,'0,'27
'3649,'27,'01,'0,'0,'241,'摂南大　　　　,'現代社会,'現代社会　　,'　,'　　　,'社会学　　,'1,'27
'3649,'33,'00,'0,'0,'151,'摂南大　　　　,'国際　　,'　　　　　　,'　,'　　　,'英米語　　,'0,'27
'3649,'33,'01,'0,'0,'151,'摂南大　　　　,'国際　　,'国際　　　　,'　,'　　　,'英米語　　,'1,'27
'3649,'47,'00,'0,'0,'554,'摂南大　　　　,'理工　　,'　　　　　　,'　,'　　　,'建築・土木,'0,'27
'3649,'47,'01,'0,'0,'554,'摂南大　　　　,'理工　　,'都市環境工　,'　,'　　　,'建築・土木,'1,'27
'3649,'47,'02,'0,'0,'554,'摂南大　　　　,'理工　　,'建築　　　　,'　,'　　　,'建築・土木,'1,'27
'3649,'47,'03,'0,'0,'552,'摂南大　　　　,'理工　　,'電気電子情報,'　,'　　　,'電気・電子,'1,'27
'3649,'47,'04,'0,'0,'551,'摂南大　　　　,'理工　　,'機械工　　　,'　,'　　　,'機械工学　,'1,'27
'3649,'47,'05,'0,'0,'405,'摂南大　　　　,'理工　　,'住環境デザイ,'　,'　　　,'住居学　　,'1,'27
'3649,'47,'06,'0,'0,'306,'摂南大　　　　,'理工　　,'生命科学　　,'　,'　　　,'中高－理科,'1,'27
'3649,'61,'00,'0,'0,'621,'摂南大　　　　,'薬　　　,'　　　　　　,'　,'　　　,'薬　　　　,'0,'27
'3649,'61,'02,'0,'0,'621,'摂南大　　　　,'薬　　　,'薬　　　　　,'　,'　　　,'薬　　　　,'1,'27
'3649,'64,'00,'0,'0,'651,'摂南大　　　　,'看護　　,'　　　　　　,'　,'　　　,'看護　　　,'0,'27
'3649,'64,'01,'0,'0,'651,'摂南大　　　　,'看護　　,'看護　　　　,'　,'　　　,'看護　　　,'1,'27
'3649,'72,'00,'0,'0,'402,'摂南大　　　　,'農　　　,'　　　　　　,'　,'　　　,'食物・栄養,'0,'27
'3649,'72,'01,'0,'0,'701,'摂南大　　　　,'農　　　,'農業生産　　,'　,'　　　,'農学　　　,'1,'27
'3649,'72,'02,'0,'0,'564,'摂南大　　　　,'農　　　,'応用生物科学,'　,'　　　,'生物工学　,'1,'27
'3649,'72,'03,'0,'0,'402,'摂南大　　　　,'農　　　,'食品栄養　　,'　,'　　　,'食物・栄養,'1,'27
'3649,'72,'04,'0,'0,'707,'摂南大　　　　,'農　　　,'食農ビジネス,'　,'　　　,'農業経済学,'1,'27
'3650,'02,'00,'0,'0,'101,'相愛大　　　　,'人文　　,'　　　　　　,'　,'　　　,'日本文学　,'0,'27
'3650,'02,'07,'0,'0,'101,'相愛大　　　　,'人文　　,'人文　　　　,'　,'　　　,'日本文学　,'1,'27
'3650,'79,'00,'0,'0,'402,'相愛大　　　　,'人間発達,'　　　　　　,'　,'　　　,'食物・栄養,'0,'27
'3650,'79,'02,'0,'0,'402,'相愛大　　　　,'人間発達,'管理栄養　　,'　,'　　　,'食物・栄養,'1,'27
'3650,'83,'00,'0,'0,'453,'相愛大　　　　,'音楽　　,'　　　　　　,'　,'　　　,'音楽　　　,'0,'27
'3650,'83,'17,'0,'0,'453,'相愛大　　　　,'音楽　　,'音楽／声楽　,'　,'　　　,'音楽　　　,'1,'27
'3650,'83,'18,'0,'0,'453,'相愛大　　　　,'音楽　　,'音楽／ピアノ,'　,'　　　,'音楽　　　,'1,'27
'3650,'83,'19,'0,'0,'453,'相愛大　　　　,'音楽　　,'音楽／創作演,'　,'　　　,'音楽　　　,'1,'27
'3650,'83,'20,'0,'0,'453,'相愛大　　　　,'音楽　　,'音楽／オルガ,'　,'　　　,'音楽　　　,'1,'27
'3650,'83,'24,'0,'0,'453,'相愛大　　　　,'音楽　　,'音楽／古楽器,'　,'　　　,'音楽　　　,'1,'27
'3650,'83,'31,'0,'0,'453,'相愛大　　　　,'音楽　　,'音楽／管弦打,'　,'　　　,'音楽　　　,'1,'27
'3650,'83,'33,'0,'0,'453,'相愛大　　　　,'音楽　　,'音楽／音楽創,'　,'　　　,'音楽　　　,'1,'27
'3650,'83,'34,'0,'0,'453,'相愛大　　　　,'音楽　　,'音楽／音楽学,'　,'　　　,'音楽　　　,'1,'27
'3650,'83,'35,'0,'0,'453,'相愛大　　　　,'音楽　　,'音楽／音楽療,'　,'　　　,'音楽　　　,'1,'27
'3651,'03,'00,'0,'0,'105,'帝塚山学院大　,'総合心理,'　　　　　　,'　,'　　　,'心理学　　,'0,'27
'3651,'03,'01,'0,'0,'105,'帝塚山学院大　,'総合心理,'総合心理　　,'　,'　　　,'心理学　　,'1,'27
'3651,'38,'00,'0,'0,'101,'帝塚山学院大　,'リベラル,'　　　　　　,'　,'　　　,'日本文学　,'0,'27
'3651,'38,'01,'0,'0,'101,'帝塚山学院大　,'リベラル,'リベラルアー,'　,'　　　,'日本文学　,'1,'27
'3651,'74,'00,'0,'0,'402,'帝塚山学院大　,'食環境　,'　　　　　　,'　,'　　　,'食物・栄養,'0,'27
'3651,'74,'01,'0,'0,'402,'帝塚山学院大　,'食環境　,'食イノベーシ,'　,'　　　,'食物・栄養,'1,'27
'3651,'74,'02,'0,'0,'402,'帝塚山学院大　,'食環境　,'管理栄養　　,'　,'　　　,'食物・栄養,'1,'27
'3652,'03,'00,'0,'0,'222,'梅花女子大　　,'文化表現,'　　　　　　,'　,'　　　,'経営学・商,'0,'27
'3652,'03,'01,'0,'0,'151,'梅花女子大　　,'文化表現,'国際教養　　,'　,'　　　,'英米語　　,'1,'27
'3652,'03,'03,'0,'0,'101,'梅花女子大　　,'文化表現,'日本文化　　,'　,'　　　,'日本文学　,'1,'27
'3652,'03,'04,'0,'0,'222,'梅花女子大　　,'文化表現,'情報メディア,'　,'　　　,'経営学・商,'1,'27
'3652,'03,'05,'0,'0,'456,'梅花女子大　　,'文化表現,'舞台芸術表現,'　,'　　　,'演劇　　　,'1,'27
'3652,'64,'00,'0,'0,'651,'梅花女子大　　,'看護保健,'　　　　　　,'　,'　　　,'看護　　　,'0,'27
'3652,'64,'01,'0,'0,'651,'梅花女子大　　,'看護保健,'看護　　　　,'　,'　　　,'看護　　　,'1,'27
'3652,'64,'02,'0,'0,'652,'梅花女子大　　,'看護保健,'口腔保健　　,'　,'　　　,'医療技術　,'1,'27
'3652,'79,'00,'0,'0,'105,'梅花女子大　　,'心理こど,'　　　　　　,'　,'　　　,'心理学　　,'0,'27
'3652,'79,'01,'0,'0,'301,'梅花女子大　　,'心理こど,'こども教育　,'　,'　　　,'小学校　　,'1,'27
'3652,'79,'02,'0,'0,'105,'梅花女子大　　,'心理こど,'心理　　　　,'　,'　　　,'心理学　　,'1,'27
'3652,'80,'00,'0,'0,'402,'梅花女子大　　,'食文化　,'　　　　　　,'　,'　　　,'食物・栄養,'0,'27
'3652,'80,'01,'0,'0,'222,'梅花女子大　　,'食文化　,'食文化　　　,'　,'　　　,'経営学・商,'1,'27
'3652,'80,'02,'0,'0,'402,'梅花女子大　　,'食文化　,'管理栄養　　,'　,'　　　,'食物・栄養,'1,'27
'3653,'18,'00,'0,'0,'221,'阪南大　　　　,'経済　　,'　　　　　　,'　,'　　　,'経済学　　,'0,'27
'3653,'18,'01,'0,'0,'221,'阪南大　　　　,'経済　　,'経済　　　　,'　,'　　　,'経済学　　,'1,'27
'3653,'19,'00,'0,'0,'222,'阪南大　　　　,'経営　　,'　　　　　　,'　,'　　　,'経営学・商,'0,'27
'3653,'19,'01,'0,'0,'222,'阪南大　　　　,'経営　　,'経営　　　　,'　,'　　　,'経営学・商,'1,'27
'3653,'33,'00,'0,'0,'151,'阪南大　　　　,'国際　　,'　　　　　　,'　,'　　　,'英米語　　,'0,'27
'3653,'33,'01,'0,'0,'151,'阪南大　　　　,'国際　　,'国際コミュニ,'　,'　　　,'英米語　　,'1,'27
'3653,'33,'02,'0,'0,'243,'阪南大　　　　,'国際　　,'国際観光　　,'　,'　　　,'観光学　　,'1,'27
'3653,'38,'00,'0,'0,'752,'阪南大　　　　,'総合情報,'　　　　　　,'　,'　　　,'総合情報学,'0,'27
'3653,'38,'01,'0,'0,'752,'阪南大　　　　,'総合情報,'総合情報　　,'　,'　　　,'総合情報学,'1,'27
'3654,'12,'00,'0,'0,'201,'桃山学院大　　,'法　　　,'　　　　　　,'　,'　　　,'法学　　　,'0,'27
'3654,'12,'01,'0,'0,'201,'桃山学院大　　,'法　　　,'法律　　　　,'　,'　　　,'法学　　　,'1,'27
'3654,'18,'00,'0,'0,'221,'桃山学院大　　,'経済　　,'　　　　　　,'　,'　　　,'経済学　　,'0,'27
'3654,'18,'01,'0,'0,'221,'桃山学院大　　,'経済　　,'経済　　　　,'　,'　　　,'経済学　　,'1,'27
'3654,'19,'00,'0,'0,'222,'桃山学院大　　,'経営　　,'　　　　　　,'　,'　　　,'経営学・商,'0,'27
'3654,'19,'01,'0,'0,'222,'桃山学院大　　,'経営　　,'経営　　　　,'　,'　　　,'経営学・商,'1,'27
'3654,'21,'00,'0,'0,'222,'桃山学院大　　,'ビジネス,'　　　　　　,'　,'　　　,'経営学・商,'0,'27
'3654,'21,'02,'0,'0,'222,'桃山学院大　　,'ビジネス,'ビジ／ビジネ,'　,'　　　,'経営学・商,'1,'27
'3654,'21,'03,'0,'0,'223,'桃山学院大　　,'ビジネス,'ビジ／情報テ,'　,'　　　,'経営情報学,'1,'27
'3654,'25,'00,'0,'0,'241,'桃山学院大　　,'社会　　,'　　　　　　,'　,'　　　,'社会学　　,'0,'27
'3654,'25,'01,'0,'0,'241,'桃山学院大　　,'社会　　,'社会　　　　,'　,'　　　,'社会学　　,'1,'27
'3654,'25,'02,'0,'0,'242,'桃山学院大　　,'社会　　,'ソーシャルデ,'　,'　　　,'社会福祉学,'1,'27
'3654,'31,'00,'0,'0,'312,'桃山学院大　　,'人間教育,'　　　　　　,'　,'　　　,'幼稚園　　,'0,'27
'3654,'31,'01,'0,'0,'312,'桃山学院大　　,'人間教育,'人間／幼児教,'　,'　　　,'幼稚園　　,'1,'27
'3654,'31,'02,'0,'0,'301,'桃山学院大　　,'人間教育,'人間／小学校,'　,'　　　,'小学校　　,'1,'27
'3654,'31,'03,'0,'0,'311,'桃山学院大　　,'人間教育,'人間／健康ス,'　,'　　　,'中高－体育,'1,'27
'3654,'37,'00,'0,'0,'106,'桃山学院大　　,'国際教養,'　　　　　　,'　,'　　　,'文化学　　,'0,'27
'3654,'37,'01,'0,'0,'106,'桃山学院大　　,'国際教養,'英語・国際文,'　,'　　　,'文化学　　,'1,'27
'3654,'46,'00,'0,'0,'551,'桃山学院大　　,'工　　　,'　　　　　　,'　,'　　　,'機械工学　,'0,'27
'3654,'46,'01,'0,'0,'551,'桃山学院大　　,'工　　　,'工　　　　　,'　,'　　　,'機械工学　,'1,'27
'3656,'03,'00,'0,'0,'105,'関西福祉科学大,'心理科学,'　　　　　　,'　,'　　　,'心理学　　,'0,'27
'3656,'03,'01,'0,'0,'105,'関西福祉科学大,'心理科学,'心理科学　　,'　,'　　　,'心理学　　,'1,'27
'3656,'26,'00,'0,'0,'242,'関西福祉科学大,'社会福祉,'　　　　　　,'　,'　　　,'社会福祉学,'0,'27
'3656,'26,'01,'0,'0,'242,'関西福祉科学大,'社会福祉,'福祉創造　　,'　,'　　　,'社会福祉学,'1,'27
'3656,'30,'00,'0,'0,'301,'関西福祉科学大,'教育　　,'　　　　　　,'　,'　　　,'小学校　　,'0,'27
'3656,'30,'03,'0,'0,'301,'関西福祉科学大,'教育　　,'教育　　　　,'　,'　　　,'小学校　　,'1,'27
'3656,'64,'00,'0,'0,'652,'関西福祉科学大,'保健医療,'　　　　　　,'　,'　　　,'医療技術　,'0,'27
'3656,'64,'01,'0,'0,'655,'関西福祉科学大,'保健医療,'リハ／理学療,'　,'　　　,'理学療法　,'1,'27
'3656,'64,'02,'0,'0,'656,'関西福祉科学大,'保健医療,'リハ／作業療,'　,'　　　,'作業療法　,'1,'27
'3656,'64,'03,'0,'0,'652,'関西福祉科学大,'保健医療,'リハ／言語聴,'　,'　　　,'医療技術　,'1,'27
'3656,'65,'00,'0,'0,'314,'関西福祉科学大,'健康福祉,'　　　　　　,'　,'　　　,'養護　　　,'0,'27
'3656,'65,'01,'0,'0,'314,'関西福祉科学大,'健康福祉,'健康科学　　,'　,'　　　,'養護　　　,'1,'27
'3656,'65,'02,'0,'0,'402,'関西福祉科学大,'健康福祉,'福祉栄養　　,'　,'　　　,'食物・栄養,'1,'27
'3657,'19,'00,'0,'0,'222,'太成学院大　　,'経営　　,'　　　　　　,'　,'　　　,'経営学・商,'0,'27
'3657,'19,'01,'0,'0,'222,'太成学院大　　,'経営　　,'現代ビジネス,'　,'　　　,'経営学・商,'1,'27
'3657,'37,'00,'0,'0,'105,'太成学院大　　,'人間　　,'　　　　　　,'　,'　　　,'心理学　　,'0,'27
'3657,'37,'03,'0,'0,'301,'太成学院大　　,'人間　　,'子ども発達　,'　,'　　　,'小学校　　,'1,'27
'3657,'37,'04,'0,'0,'311,'太成学院大　　,'人間　　,'健康スポーツ,'　,'　　　,'中高－体育,'1,'27
'3657,'37,'05,'0,'0,'105,'太成学院大　　,'人間　　,'心理カウンセ,'　,'　　　,'心理学　　,'1,'27
'3657,'64,'00,'0,'0,'651,'太成学院大　　,'看護　　,'　　　　　　,'　,'　　　,'看護　　　,'0,'27
'3657,'64,'01,'0,'0,'651,'太成学院大　　,'看護　　,'看護　　　　,'　,'　　　,'看護　　　,'1,'27
'3658,'31,'00,'0,'0,'301,'大阪常磐会大　,'こども教,'　　　　　　,'　,'　　　,'小学校　　,'0,'27
'3658,'31,'01,'0,'0,'301,'大阪常磐会大　,'こども教,'こども教育　,'　,'　　　,'小学校　　,'1,'27
'3659,'27,'00,'0,'0,'106,'大阪観光大　　,'観光　　,'　　　　　　,'　,'　　　,'文化学　　,'0,'27
'3659,'27,'01,'0,'0,'106,'大阪観光大　　,'観光　　,'観光　　　　,'　,'　　　,'文化学　　,'1,'27
'3660,'03,'00,'0,'0,'105,'大阪人間科学大,'心理　　,'　　　　　　,'　,'　　　,'心理学　　,'0,'27
'3660,'03,'01,'0,'0,'105,'大阪人間科学大,'心理　　,'心理　　　　,'　,'　　　,'心理学　　,'1,'27
'3660,'37,'00,'0,'0,'241,'大阪人間科学大,'人間科学,'　　　　　　,'　,'　　　,'社会学　　,'0,'27
'3660,'37,'01,'0,'0,'242,'大阪人間科学大,'人間科学,'社会福祉　　,'　,'　　　,'社会福祉学,'1,'27
'3660,'37,'08,'0,'0,'301,'大阪人間科学大,'人間科学,'子ども教育　,'　,'　　　,'小学校　　,'1,'27
'3660,'37,'12,'0,'0,'652,'大阪人間科学大,'人間科学,'医療福祉　　,'　,'　　　,'医療技術　,'1,'27
'3660,'37,'13,'0,'0,'241,'大阪人間科学大,'人間科学,'社会創造　　,'　,'　　　,'社会学　　,'1,'27
'3660,'64,'00,'0,'0,'652,'大阪人間科学大,'保健医療,'　　　　　　,'　,'　　　,'医療技術　,'0,'27
'3660,'64,'01,'0,'0,'655,'大阪人間科学大,'保健医療,'理学療法　　,'　,'　　　,'理学療法　,'1,'27
'3660,'64,'02,'0,'0,'656,'大阪人間科学大,'保健医療,'作業療法　　,'　,'　　　,'作業療法　,'1,'27
'3660,'64,'03,'0,'0,'652,'大阪人間科学大,'保健医療,'言語聴覚　　,'　,'　　　,'医療技術　,'1,'27
'3661,'28,'00,'0,'0,'151,'羽衣国際大　　,'現代社会,'　　　　　　,'　,'　　　,'英米語　　,'0,'27
'3661,'28,'03,'0,'0,'457,'羽衣国際大　　,'現代社会,'放送／放送メ,'　,'　　　,'放送　　　,'1,'27
'3661,'28,'04,'0,'0,'455,'羽衣国際大　　,'現代社会,'放送／映像コ,'　,'　　　,'映像　　　,'1,'27
'3661,'28,'05,'0,'0,'752,'羽衣国際大　　,'現代社会,'放送／情報シ,'　,'　　　,'総合情報学,'1,'27
'3661,'28,'06,'0,'0,'221,'羽衣国際大　　,'現代社会,'現代／経済経,'　,'　　　,'経済学　　,'1,'27
'3661,'28,'07,'0,'0,'151,'羽衣国際大　　,'現代社会,'現代／国際英,'　,'　　　,'英米語　　,'1,'27
'3661,'28,'08,'0,'0,'243,'羽衣国際大　　,'現代社会,'現代／観光　,'　,'　　　,'観光学　　,'1,'27
'3661,'28,'09,'0,'0,'654,'羽衣国際大　　,'現代社会,'現代／スポー,'　,'　　　,'体育・健康,'1,'27
'3661,'79,'00,'0,'0,'402,'羽衣国際大　　,'人間生活,'　　　　　　,'　,'　　　,'食物・栄養,'0,'27
'3661,'79,'06,'0,'0,'402,'羽衣国際大　　,'人間生活,'人間／食クリ,'　,'　　　,'食物・栄養,'1,'27
'3661,'79,'07,'0,'0,'403,'羽衣国際大　　,'人間生活,'人間／ファッ,'　,'　　　,'被服・服飾,'1,'27
'3661,'79,'08,'0,'0,'405,'羽衣国際大　　,'人間生活,'人間／住空間,'　,'　　　,'住居学　　,'1,'27
'3661,'79,'09,'0,'0,'301,'羽衣国際大　　,'人間生活,'人間／こども,'　,'　　　,'小学校　　,'1,'27
'3661,'79,'10,'0,'0,'402,'羽衣国際大　　,'人間生活,'食物／医療栄,'　,'　　　,'食物・栄養,'1,'27
'3661,'79,'11,'0,'0,'315,'羽衣国際大　　,'人間生活,'食物／フード,'　,'　　　,'その他教員,'1,'27
'3661,'79,'12,'0,'0,'402,'羽衣国際大　　,'人間生活,'食物／スポー,'　,'　　　,'食物・栄養,'1,'27
'3661,'79,'13,'0,'0,'106,'羽衣国際大　　,'人間生活,'食物／グロー,'　,'　　　,'文化学　　,'1,'27
'3662,'19,'00,'0,'0,'222,'大阪成蹊大　　,'経営　　,'　　　　　　,'　,'　　　,'経営学・商,'0,'27
'3662,'19,'03,'0,'0,'222,'大阪成蹊大　　,'経営　　,'スポーツマネ,'　,'　　　,'経営学・商,'1,'27
'3662,'19,'04,'0,'0,'222,'大阪成蹊大　　,'経営　　,'経営／経営　,'　,'　　　,'経営学・商,'1,'27
'3662,'19,'05,'0,'0,'202,'大阪成蹊大　　,'経営　　,'経営／公共政,'　,'　　　,'政治学　　,'1,'27
'3662,'19,'06,'0,'0,'222,'大阪成蹊大　　,'経営　　,'経営／食ビジ,'　,'　　　,'経営学・商,'1,'27
'3662,'19,'07,'0,'0,'222,'大阪成蹊大　　,'経営　　,'経営／会計　,'　,'　　　,'経営学・商,'1,'27
'3662,'19,'08,'0,'0,'222,'大阪成蹊大　　,'経営　　,'経営／国際　,'　,'　　　,'経営学・商,'1,'27
'3662,'27,'00,'0,'0,'151,'大阪成蹊大　　,'国際観光,'　　　　　　,'　,'　　　,'英米語　　,'0,'27
'3662,'27,'01,'0,'0,'151,'大阪成蹊大　　,'国際観光,'国際観光　　,'　,'　　　,'英米語　　,'1,'27
'3662,'30,'00,'0,'0,'316,'大阪成蹊大　　,'教育　　,'　　　　　　,'　,'　　　,'０免課程　,'0,'27
'3662,'30,'02,'0,'0,'301,'大阪成蹊大　　,'教育　　,'教育／初等教,'　,'　　　,'小学校　　,'1,'27
'3662,'30,'03,'0,'0,'312,'大阪成蹊大　　,'教育　　,'教育／幼児教,'　,'　　　,'幼稚園　　,'1,'27
'3662,'30,'04,'0,'0,'304,'大阪成蹊大　　,'教育　　,'教育／英語教,'　,'　　　,'中高－英語,'1,'27
'3662,'30,'05,'0,'0,'311,'大阪成蹊大　　,'教育　　,'教育／保健体,'　,'　　　,'中高－体育,'1,'27
'3662,'37,'00,'0,'0,'752,'大阪成蹊大　　,'データサ,'　　　　　　,'　,'　　　,'総合情報学,'0,'27
'3662,'37,'01,'0,'0,'752,'大阪成蹊大　　,'データサ,'データサイエ,'　,'　　　,'総合情報学,'1,'27
'3662,'64,'00,'0,'0,'651,'大阪成蹊大　　,'看護　　,'　　　　　　,'　,'　　　,'看護　　　,'0,'27
'3662,'64,'01,'0,'0,'651,'大阪成蹊大　　,'看護　　,'看護　　　　,'　,'　　　,'看護　　　,'1,'27
'3662,'83,'00,'0,'0,'451,'大阪成蹊大　　,'芸術　　,'　　　　　　,'　,'　　　,'美術・デザ,'0,'27
'3662,'83,'26,'0,'0,'455,'大阪成蹊大　　,'芸術　　,'造形／マンガ,'　,'　　　,'映像　　　,'1,'27
'3662,'83,'27,'0,'0,'455,'大阪成蹊大　　,'芸術　　,'造形／アニメ,'　,'　　　,'映像　　　,'1,'27
'3662,'83,'30,'0,'0,'405,'大阪成蹊大　　,'芸術　　,'造形／建築イ,'　,'　　　,'住居学　　,'1,'27
'3662,'83,'34,'0,'0,'752,'大阪成蹊大　　,'芸術　　,'造形／ゲーム,'　,'　　　,'総合情報学,'1,'27
'3662,'83,'36,'0,'0,'455,'大阪成蹊大　　,'芸術　　,'造形／映像ボ,'　,'　　　,'映像　　　,'1,'27
'3662,'83,'37,'0,'0,'451,'大阪成蹊大　　,'芸術　　,'造形／イラス,'　,'　　　,'美術・デザ,'1,'27
'3662,'83,'38,'0,'0,'403,'大阪成蹊大　　,'芸術　　,'造形／ファッ,'　,'　　　,'被服・服飾,'1,'27
'3662,'83,'39,'0,'0,'451,'大阪成蹊大　　,'芸術　　,'造形／グラフ,'　,'　　　,'美術・デザ,'1,'27
'3663,'30,'00,'0,'0,'301,'千里金蘭大　　,'教育　　,'　　　　　　,'　,'　　　,'小学校　　,'0,'27
'3663,'30,'01,'0,'0,'301,'千里金蘭大　　,'教育　　,'教育　　　　,'　,'　　　,'小学校　　,'1,'27
'3663,'64,'00,'0,'0,'651,'千里金蘭大　　,'看護　　,'　　　　　　,'　,'　　　,'看護　　　,'0,'27
'3663,'64,'01,'0,'0,'651,'千里金蘭大　　,'看護　　,'看護　　　　,'　,'　　　,'看護　　　,'1,'27
'3663,'80,'00,'0,'0,'402,'千里金蘭大　　,'栄養　　,'　　　　　　,'　,'　　　,'食物・栄養,'0,'27
'3663,'80,'01,'0,'0,'402,'千里金蘭大　　,'栄養　　,'栄養　　　　,'　,'　　　,'食物・栄養,'1,'27
'3664,'79,'00,'0,'0,'151,'東大阪大　　　,'こども　,'　　　　　　,'　,'　　　,'英米語　　,'0,'27
'3664,'79,'01,'0,'0,'301,'東大阪大　　　,'こども　,'こども　　　,'　,'　　　,'小学校　　,'1,'27
'3664,'79,'02,'0,'0,'151,'東大阪大　　　,'こども　,'国際教養こど,'　,'　　　,'英米語　　,'1,'27
'3665,'64,'00,'0,'0,'652,'関西医療大　　,'保健医療,'　　　　　　,'　,'　　　,'医療技術　,'0,'27
'3665,'64,'01,'0,'0,'652,'関西医療大　　,'保健医療,'はり灸・スポ,'　,'　　　,'医療技術　,'1,'27
'3665,'64,'04,'0,'0,'655,'関西医療大　　,'保健医療,'理学療法　　,'　,'　　　,'理学療法　,'1,'27
'3665,'64,'05,'0,'0,'652,'関西医療大　　,'保健医療,'ヘルスプロモ,'　,'　　　,'医療技術　,'1,'27
'3665,'64,'06,'0,'0,'658,'関西医療大　　,'保健医療,'臨床検査　　,'　,'　　　,'検査技術　,'1,'27
'3665,'64,'07,'0,'0,'656,'関西医療大　　,'保健医療,'作業療法　　,'　,'　　　,'作業療法　,'1,'27
'3665,'65,'00,'0,'0,'651,'関西医療大　　,'保健看護,'　　　　　　,'　,'　　　,'看護　　　,'0,'27
'3665,'65,'01,'0,'0,'651,'関西医療大　　,'保健看護,'保健看護　　,'　,'　　　,'看護　　　,'1,'27
'3666,'33,'00,'0,'0,'151,'大阪女学院大　,'国際英語,'　　　　　　,'　,'　　　,'英米語　　,'0,'27
'3666,'33,'01,'0,'0,'151,'大阪女学院大　,'国際英語,'国際・英語　,'　,'　　　,'英米語　　,'1,'27
'3667,'64,'00,'0,'0,'652,'藍野大　　　　,'医療保健,'　　　　　　,'　,'　　　,'医療技術　,'0,'27
'3667,'64,'02,'0,'0,'655,'藍野大　　　　,'医療保健,'理学療法　　,'　,'　　　,'理学療法　,'1,'27
'3667,'64,'03,'0,'0,'656,'藍野大　　　　,'医療保健,'作業療法　　,'　,'　　　,'作業療法　,'1,'27
'3667,'64,'04,'0,'0,'652,'藍野大　　　　,'医療保健,'臨床工　　　,'　,'　　　,'医療技術　,'1,'27
'3667,'64,'05,'0,'0,'653,'藍野大　　　　,'医療保健,'健康科学　　,'　,'　　　,'保健　　　,'1,'27
'3667,'65,'00,'0,'0,'651,'藍野大　　　　,'看護　　,'　　　　　　,'　,'　　　,'看護　　　,'0,'27
'3667,'65,'01,'0,'0,'651,'藍野大　　　　,'看護　　,'看護　　　　,'　,'　　　,'看護　　　,'1,'27
'3668,'31,'00,'0,'0,'301,'大阪青山大　　,'子ども教,'　　　　　　,'　,'　　　,'小学校　　,'0,'27
'3668,'31,'01,'0,'0,'301,'大阪青山大　　,'子ども教,'子ども教育　,'　,'　　　,'小学校　　,'1,'27
'3668,'64,'00,'0,'0,'402,'大阪青山大　　,'健康科学,'　　　　　　,'　,'　　　,'食物・栄養,'0,'27
'3668,'64,'01,'0,'0,'402,'大阪青山大　　,'健康科学,'健康栄養　　,'　,'　　　,'食物・栄養,'1,'27
'3668,'65,'00,'0,'0,'651,'大阪青山大　　,'看護　　,'　　　　　　,'　,'　　　,'看護　　　,'0,'27
'3668,'65,'01,'0,'0,'651,'大阪青山大　　,'看護　　,'看護　　　　,'　,'　　　,'看護　　　,'1,'27
'3669,'64,'00,'0,'0,'655,'四條畷学園大　,'リハビリ,'　　　　　　,'　,'　　　,'理学療法　,'0,'27
'3669,'64,'01,'0,'0,'655,'四條畷学園大　,'リハビリ,'リハ／理学療,'　,'　　　,'理学療法　,'1,'27
'3669,'64,'02,'0,'0,'656,'四條畷学園大　,'リハビリ,'リハ／作業療,'　,'　　　,'作業療法　,'1,'27
'3669,'65,'00,'0,'0,'651,'四條畷学園大　,'看護　　,'　　　　　　,'　,'　　　,'看護　　　,'0,'27
'3669,'65,'01,'0,'0,'651,'四條畷学園大　,'看護　　,'看護　　　　,'　,'　　　,'看護　　　,'1,'27
'3670,'79,'00,'0,'0,'312,'大阪総合保育大,'児童保育,'　　　　　　,'　,'　　　,'幼稚園　　,'0,'27
'3670,'79,'01,'0,'0,'301,'大阪総合保育大,'児童保育,'児童保育　　,'　,'　　　,'小学校　　,'1,'27
'3670,'79,'02,'0,'0,'312,'大阪総合保育大,'児童保育,'乳児保育　　,'　,'　　　,'幼稚園　　,'1,'27
'3671,'64,'00,'0,'0,'652,'和泉大　　　　,'リハビリ,'　　　　　　,'　,'　　　,'医療技術　,'0,'27
'3671,'64,'01,'0,'0,'655,'和泉大　　　　,'リハビリ,'リハ／理学療,'　,'　　　,'理学療法　,'1,'27
'3671,'64,'02,'0,'0,'656,'和泉大　　　　,'リハビリ,'リハ／作業療,'　,'　　　,'作業療法　,'1,'27
'3671,'64,'03,'0,'0,'652,'和泉大　　　　,'リハビリ,'リハ／言語聴,'　,'　　　,'医療技術　,'1,'27
'3671,'64,'04,'0,'0,'653,'和泉大　　　　,'リハビリ,'リハ／ヘルス,'　,'　　　,'保健　　　,'1,'27
'3672,'64,'00,'0,'0,'652,'森ノ宮医療大　,'医療技術,'　　　　　　,'　,'　　　,'医療技術　,'0,'27
'3672,'64,'01,'0,'0,'652,'森ノ宮医療大　,'医療技術,'鍼灸　　　　,'　,'　　　,'医療技術　,'1,'27
'3672,'64,'05,'0,'0,'658,'森ノ宮医療大　,'医療技術,'臨床検査　　,'　,'　　　,'検査技術　,'1,'27
'3672,'64,'07,'0,'0,'652,'森ノ宮医療大　,'医療技術,'臨床工　　　,'　,'　　　,'医療技術　,'1,'27
'3672,'64,'08,'0,'0,'657,'森ノ宮医療大　,'医療技術,'診療放射線　,'　,'　　　,'放射線技術,'1,'27
'3672,'65,'00,'0,'0,'651,'森ノ宮医療大　,'看護　　,'　　　　　　,'　,'　　　,'看護　　　,'0,'27
'3672,'65,'01,'0,'0,'651,'森ノ宮医療大　,'看護　　,'看護　　　　,'　,'　　　,'看護　　　,'1,'27
'3672,'66,'00,'0,'0,'652,'森ノ宮医療大　,'総合リハ,'　　　　　　,'　,'　　　,'医療技術　,'0,'27
'3672,'66,'01,'0,'0,'655,'森ノ宮医療大　,'総合リハ,'理学療法　　,'　,'　　　,'理学療法　,'1,'27
'3672,'66,'02,'0,'0,'656,'森ノ宮医療大　,'総合リハ,'作業療法　　,'　,'　　　,'作業療法　,'1,'27
'3672,'66,'03,'0,'0,'652,'森ノ宮医療大　,'総合リハ,'言語聴覚　　,'　,'　　　,'医療技術　,'1,'27
'3673,'64,'00,'0,'0,'655,'大阪保健医療大,'保健医療,'　　　　　　,'　,'　　　,'理学療法　,'0,'27
'3673,'64,'01,'0,'0,'655,'大阪保健医療大,'保健医療,'リハ／理学療,'　,'　　　,'理学療法　,'1,'27
'3673,'64,'02,'0,'0,'656,'大阪保健医療大,'保健医療,'リハ／作業療,'　,'　　　,'作業療法　,'1,'27
'3674,'64,'00,'0,'0,'657,'大阪物療大　　,'保健医療,'　　　　　　,'　,'　　　,'放射線技術,'0,'27
'3674,'64,'01,'0,'0,'657,'大阪物療大　　,'保健医療,'診療放射技術,'　,'　　　,'放射線技術,'1,'27
'3675,'64,'00,'0,'0,'655,'大阪行岡医療大,'医療　　,'　　　　　　,'　,'　　　,'理学療法　,'0,'27
'3675,'64,'01,'0,'0,'655,'大阪行岡医療大,'医療　　,'理学療法　　,'　,'　　　,'理学療法　,'1,'27
'3677,'13,'00,'0,'0,'222,'大和大　　　　,'政治経済,'　　　　　　,'　,'　　　,'経営学・商,'0,'27
'3677,'13,'01,'0,'0,'202,'大和大　　　　,'政治経済,'政治・政策　,'　,'　　　,'政治学　　,'1,'27
'3677,'13,'02,'0,'0,'221,'大和大　　　　,'政治経済,'経済経営　　,'　,'　　　,'経済学　　,'1,'27
'3677,'13,'03,'0,'0,'151,'大和大　　　　,'政治経済,'グローバルビ,'　,'　　　,'英米語　　,'1,'27
'3677,'25,'00,'0,'0,'241,'大和大　　　　,'社会　　,'　　　　　　,'　,'　　　,'社会学　　,'0,'27
'3677,'25,'01,'0,'0,'241,'大和大　　　　,'社会　　,'社会　　　　,'　,'　　　,'社会学　　,'1,'27
'3677,'30,'00,'0,'0,'301,'大和大　　　　,'教育　　,'　　　　　　,'　,'　　　,'小学校　　,'0,'27
'3677,'30,'02,'0,'0,'301,'大和大　　　　,'教育　　,'教育／初等幼,'　,'　　　,'小学校　　,'1,'27
'3677,'30,'03,'0,'0,'302,'大和大　　　　,'教育　　,'教育／国語　,'　,'　　　,'中高－国語,'1,'27
'3677,'30,'04,'0,'0,'303,'大和大　　　　,'教育　　,'教育／数学　,'　,'　　　,'中高－数学,'1,'27
'3677,'30,'05,'0,'0,'304,'大和大　　　　,'教育　　,'教育／英語　,'　,'　　　,'中高－英語,'1,'27
'3677,'37,'00,'0,'0,'223,'大和大　　　　,'情報　　,'　　　　　　,'　,'　　　,'経営情報学,'0,'27
'3677,'37,'01,'0,'0,'223,'大和大　　　　,'情報　　,'情報　　　　,'　,'　　　,'経営情報学,'1,'27
'3677,'47,'00,'0,'0,'501,'大和大　　　　,'理工　　,'　　　　　　,'　,'　　　,'数学　　　,'0,'27
'3677,'47,'01,'0,'0,'551,'大和大　　　　,'理工　　,'理工／機械シ,'　,'　　　,'機械工学　,'1,'27
'3677,'47,'02,'0,'0,'552,'大和大　　　　,'理工　　,'理工／電気電,'　,'　　　,'電気・電子,'1,'27
'3677,'47,'04,'0,'0,'554,'大和大　　　　,'理工　　,'理工／建築学,'　,'　　　,'建築・土木,'1,'27
'3677,'47,'05,'0,'0,'501,'大和大　　　　,'理工　　,'理工／数理科,'　,'　　　,'数学　　　,'1,'27
'3677,'47,'07,'0,'0,'504,'大和大　　　　,'理工　　,'理工／生物生,'　,'　　　,'生物学　　,'1,'27
'3677,'64,'00,'0,'0,'651,'大和大　　　　,'保健医療,'　　　　　　,'　,'　　　,'看護　　　,'0,'27
'3677,'64,'01,'0,'0,'651,'大和大　　　　,'保健医療,'看護　　　　,'　,'　　　,'看護　　　,'1,'27
'3677,'64,'02,'0,'0,'655,'大和大　　　　,'保健医療,'総合／理学療,'　,'　　　,'理学療法　,'1,'27
'3677,'64,'03,'0,'0,'656,'大和大　　　　,'保健医療,'総合／作業療,'　,'　　　,'作業療法　,'1,'27
'3677,'64,'04,'0,'0,'652,'大和大　　　　,'保健医療,'総合／言語聴,'　,'　　　,'医療技術　,'1,'27
'3680,'64,'00,'0,'0,'652,'滋慶医療科学大,'医療科学,'　　　　　　,'　,'　　　,'医療技術　,'0,'27
'3680,'64,'01,'0,'0,'652,'滋慶医療科学大,'医療科学,'臨床工　　　,'　,'　　　,'医療技術　,'1,'27
'3680,'64,'02,'0,'0,'657,'滋慶医療科学大,'医療科学,'診療放射線　,'　,'　　　,'放射線技術,'1,'27
'3682,'30,'00,'0,'0,'301,'大阪信愛学院大,'教育　　,'　　　　　　,'　,'　　　,'小学校　　,'0,'27
'3682,'30,'01,'0,'0,'301,'大阪信愛学院大,'教育　　,'教育　　　　,'　,'　　　,'小学校　　,'1,'27
'3682,'64,'00,'0,'0,'651,'大阪信愛学院大,'看護　　,'　　　　　　,'　,'　　　,'看護　　　,'0,'27
'3682,'64,'01,'0,'0,'651,'大阪信愛学院大,'看護　　,'看護　　　　,'　,'　　　,'看護　　　,'1,'27
'3683,'64,'00,'0,'0,'651,'大阪医療大　　,'医療看護,'　　　　　　,'　,'　　　,'看護　　　,'0,'27
'3683,'64,'01,'0,'0,'655,'大阪医療大　　,'医療看護,'理学療法　　,'　,'　　　,'理学療法　,'1,'27
'3683,'64,'02,'0,'0,'651,'大阪医療大　　,'医療看護,'看護　　　　,'　,'　　　,'看護　　　,'1,'27
'3691,'31,'00,'0,'0,'105,'芦屋大　　　　,'臨床教育,'　　　　　　,'　,'　　　,'心理学　　,'0,'28
'3691,'31,'02,'0,'0,'105,'芦屋大　　　　,'臨床教育,'教育　　　　,'　,'　　　,'心理学　　,'1,'28
'3691,'32,'00,'0,'0,'222,'芦屋大　　　　,'経営教育,'　　　　　　,'　,'　　　,'経営学・商,'0,'28
'3691,'32,'01,'0,'0,'222,'芦屋大　　　　,'経営教育,'経営教育　　,'　,'　　　,'経営学・商,'1,'28
'3693,'19,'00,'0,'0,'222,'大手前大　　　,'経営　　,'　　　　　　,'　,'　　　,'経営学・商,'0,'28
'3693,'19,'01,'0,'0,'222,'大手前大　　　,'経営　　,'経営　　　　,'　,'　　　,'経営学・商,'1,'28
'3693,'28,'00,'0,'0,'105,'大手前大　　　,'現代社会,'　　　　　　,'　,'　　　,'心理学　　,'0,'28
'3693,'28,'01,'0,'0,'105,'大手前大　　　,'現代社会,'現代社会　　,'　,'　　　,'心理学　　,'1,'28
'3693,'33,'00,'0,'0,'103,'大手前大　　　,'国際日本,'　　　　　　,'　,'　　　,'地理学　　,'0,'28
'3693,'33,'01,'0,'0,'103,'大手前大　　　,'国際日本,'国際日本　　,'　,'　　　,'地理学　　,'1,'28
'3693,'64,'00,'0,'0,'402,'大手前大　　　,'健康栄養,'　　　　　　,'　,'　　　,'食物・栄養,'0,'28
'3693,'64,'01,'0,'0,'402,'大手前大　　　,'健康栄養,'管理栄養　　,'　,'　　　,'食物・栄養,'1,'28
'3693,'65,'00,'0,'0,'651,'大手前大　　　,'国際看護,'　　　　　　,'　,'　　　,'看護　　　,'0,'28
'3693,'65,'01,'0,'0,'651,'大手前大　　　,'国際看護,'看護　　　　,'　,'　　　,'看護　　　,'1,'28
'3693,'83,'00,'0,'0,'405,'大手前大　　　,'建築＆芸,'　　　　　　,'　,'　　　,'住居学　　,'0,'28
'3693,'83,'01,'0,'0,'405,'大手前大　　　,'建築＆芸,'建築＆芸術　,'　,'　　　,'住居学　　,'1,'28
'3694,'01,'00,'0,'0,'102,'関西学院大　　,'文　　　,'　　　　　　,'　,'　　　,'外国文学　,'0,'28
'3694,'01,'16,'0,'0,'105,'関西学院大　　,'文　　　,'総合心理科学,'　,'　　　,'心理学　　,'1,'28
'3694,'01,'19,'0,'0,'101,'関西学院大　　,'文　　　,'文学／日本文,'　,'　　　,'日本文学　,'1,'28
'3694,'01,'20,'0,'0,'102,'関西学院大　　,'文　　　,'文学／英米文,'　,'　　　,'外国文学　,'1,'28
'3694,'01,'21,'0,'0,'102,'関西学院大　　,'文　　　,'文学／フラン,'　,'　　　,'外国文学　,'1,'28
'3694,'01,'22,'0,'0,'102,'関西学院大　　,'文　　　,'文学／ドイツ,'　,'　　　,'外国文学　,'1,'28
'3694,'01,'25,'0,'0,'104,'関西学院大　　,'文　　　,'文化／哲学倫,'　,'　　　,'哲学倫理宗,'1,'28
'3694,'01,'26,'0,'0,'452,'関西学院大　　,'文　　　,'文化／美学芸,'　,'　　　,'芸術理論　,'1,'28
'3694,'01,'27,'0,'0,'103,'関西学院大　　,'文　　　,'文化／地理学,'　,'　　　,'地理学　　,'1,'28
'3694,'01,'28,'0,'0,'109,'関西学院大　　,'文　　　,'文化／日本史,'　,'　　　,'日本史　　,'1,'28
'3694,'01,'29,'0,'0,'108,'関西学院大　　,'文　　　,'文化／アジア,'　,'　　　,'東洋史　　,'1,'28
'3694,'01,'30,'0,'0,'107,'関西学院大　　,'文　　　,'文化／西洋史,'　,'　　　,'西洋史　　,'1,'28
'3694,'03,'00,'0,'0,'104,'関西学院大　　,'神　　　,'　　　　　　,'　,'　　　,'哲学倫理宗,'1,'28
'3694,'12,'00,'0,'0,'201,'関西学院大　　,'法　　　,'　　　　　　,'　,'　　　,'法学　　　,'0,'28
'3694,'12,'01,'0,'0,'201,'関西学院大　　,'法　　　,'政治　　　　,'　,'　　　,'法学　　　,'1,'28
'3694,'12,'02,'0,'0,'201,'関西学院大　　,'法　　　,'法律　　　　,'　,'　　　,'法学　　　,'1,'28
'3694,'13,'00,'0,'0,'202,'関西学院大　　,'総合政策,'　　　　　　,'　,'　　　,'政治学　　,'1,'28
'3694,'18,'00,'0,'0,'202,'関西学院大　　,'経済　　,'　　　　　　,'　,'　　　,'政治学　　,'1,'28
'3694,'20,'00,'0,'0,'222,'関西学院大　　,'商　　　,'　　　　　　,'　,'　　　,'経営学・商,'1,'28
'3694,'25,'00,'0,'0,'241,'関西学院大　　,'社会　　,'　　　　　　,'　,'　　　,'社会学　　,'0,'28
'3694,'25,'01,'0,'0,'241,'関西学院大　　,'社会　　,'社会　　　　,'　,'　　　,'社会学　　,'1,'28
'3694,'27,'00,'0,'0,'222,'関西学院大　　,'人間福祉,'　　　　　　,'　,'　　　,'経営学・商,'0,'28
'3694,'27,'01,'0,'0,'242,'関西学院大　　,'人間福祉,'社会福祉　　,'　,'　　　,'社会福祉学,'1,'28
'3694,'27,'02,'0,'0,'222,'関西学院大　　,'人間福祉,'社会起業　　,'　,'　　　,'経営学・商,'1,'28
'3694,'27,'03,'0,'0,'751,'関西学院大　　,'人間福祉,'人間科学　　,'　,'　　　,'人間科学　,'1,'28
'3694,'30,'00,'0,'0,'316,'関西学院大　　,'教育　　,'　　　　　　,'　,'　　　,'０免課程　,'0,'28
'3694,'30,'04,'0,'0,'312,'関西学院大　　,'教育　　,'教育／幼児教,'　,'　　　,'幼稚園　　,'1,'28
'3694,'30,'05,'0,'0,'301,'関西学院大　　,'教育　　,'教育／初等教,'　,'　　　,'小学校　　,'1,'28
'3694,'30,'06,'0,'0,'316,'関西学院大　　,'教育　　,'教育／教育科,'　,'　　　,'０免課程　,'1,'28
'3694,'33,'00,'0,'0,'151,'関西学院大　　,'国際　　,'　　　　　　,'　,'　　　,'英米語　　,'0,'28
'3694,'33,'01,'0,'0,'151,'関西学院大　　,'国際　　,'国際　　　　,'　,'　　　,'英米語　　,'1,'28
'3694,'37,'00,'0,'0,'564,'関西学院大　　,'生命環境,'　　　　　　,'　,'　　　,'生物工学　,'0,'28
'3694,'37,'01,'0,'0,'504,'関西学院大　　,'生命環境,'生物科学　　,'　,'　　　,'生物学　　,'1,'28
'3694,'37,'02,'0,'0,'564,'関西学院大　　,'生命環境,'生命医科学　,'　,'　　　,'生物工学　,'1,'28
'3694,'37,'03,'0,'0,'505,'関西学院大　　,'生命環境,'環境応用化　,'　,'　　　,'地球科学　,'1,'28
'3694,'42,'00,'0,'0,'501,'関西学院大　　,'理　　　,'　　　　　　,'　,'　　　,'数学　　　,'0,'28
'3694,'42,'01,'0,'0,'503,'関西学院大　　,'理　　　,'化学　　　　,'　,'　　　,'化学　　　,'1,'28
'3694,'42,'03,'0,'0,'501,'関西学院大　　,'理　　　,'数理科学　　,'　,'　　　,'数学　　　,'1,'28
'3694,'42,'04,'0,'0,'502,'関西学院大　　,'理　　　,'物理・宇宙　,'　,'　　　,'物理学　　,'1,'28
'3694,'46,'00,'0,'0,'551,'関西学院大　　,'工　　　,'　　　　　　,'　,'　　　,'機械工学　,'0,'28
'3694,'46,'01,'0,'0,'562,'関西学院大　　,'工　　　,'物質工学　　,'　,'　　　,'原子力・エ,'1,'28
'3694,'46,'02,'0,'0,'552,'関西学院大　　,'工　　　,'電気電子応用,'　,'　　　,'電気・電子,'1,'28
'3694,'46,'03,'0,'0,'553,'関西学院大　　,'工　　　,'情報工学　　,'　,'　　　,'情報工学　,'1,'28
'3694,'46,'04,'0,'0,'551,'関西学院大　　,'工　　　,'知能・機械工,'　,'　　　,'機械工学　,'1,'28
'3694,'48,'00,'0,'0,'554,'関西学院大　　,'建築　　,'　　　　　　,'　,'　　　,'建築・土木,'0,'28
'3694,'48,'01,'0,'0,'554,'関西学院大　　,'建築　　,'建築　　　　,'　,'　　　,'建築・土木,'1,'28
'3695,'03,'00,'0,'0,'105,'甲子園大　　　,'心理　　,'　　　　　　,'　,'　　　,'心理学　　,'0,'28
'3695,'03,'01,'0,'0,'105,'甲子園大　　　,'心理　　,'現代応用心理,'　,'　　　,'心理学　　,'1,'28
'3695,'79,'00,'0,'0,'402,'甲子園大　　　,'栄養　　,'　　　　　　,'　,'　　　,'食物・栄養,'0,'28
'3695,'79,'01,'0,'0,'402,'甲子園大　　　,'栄養　　,'栄養　　　　,'　,'　　　,'食物・栄養,'1,'28
'3695,'79,'03,'0,'0,'402,'甲子園大　　　,'栄養　　,'食創造　　　,'　,'　　　,'食物・栄養,'1,'28
'3696,'01,'00,'0,'0,'101,'甲南大　　　　,'文　　　,'　　　　　　,'　,'　　　,'日本文学　,'0,'28
'3696,'01,'01,'0,'0,'102,'甲南大　　　　,'文　　　,'英語英米文　,'　,'　　　,'外国文学　,'1,'28
'3696,'01,'02,'0,'0,'101,'甲南大　　　　,'文　　　,'日本語日本文,'　,'　　　,'日本文学　,'1,'28
'3696,'01,'03,'0,'0,'241,'甲南大　　　　,'文　　　,'社会　　　　,'　,'　　　,'社会学　　,'1,'28
'3696,'01,'04,'0,'0,'751,'甲南大　　　　,'文　　　,'人間科学　　,'　,'　　　,'人間科学　,'1,'28
'3696,'01,'05,'0,'0,'103,'甲南大　　　　,'文　　　,'歴史文化　　,'　,'　　　,'地理学　　,'1,'28
'3696,'12,'00,'0,'0,'201,'甲南大　　　　,'法　　　,'　　　　　　,'　,'　　　,'法学　　　,'0,'28
'3696,'12,'02,'0,'0,'201,'甲南大　　　　,'法　　　,'法　　　　　,'　,'　　　,'法学　　　,'1,'28
'3696,'18,'00,'0,'0,'221,'甲南大　　　　,'経済　　,'　　　　　　,'　,'　　　,'経済学　　,'0,'28
'3696,'18,'01,'0,'0,'221,'甲南大　　　　,'経済　　,'経済　　　　,'　,'　　　,'経済学　　,'1,'28
'3696,'19,'00,'0,'0,'222,'甲南大　　　　,'経営　　,'　　　　　　,'　,'　　　,'経営学・商,'0,'28
'3696,'19,'01,'0,'0,'222,'甲南大　　　　,'経営　　,'経営　　　　,'　,'　　　,'経営学・商,'1,'28
'3696,'22,'00,'0,'0,'221,'甲南大　　　　,'マネジメ,'　　　　　　,'　,'　　　,'経済学　　,'0,'28
'3696,'22,'03,'0,'0,'221,'甲南大　　　　,'マネジメ,'マネジメント,'　,'　　　,'経済学　　,'1,'28
'3696,'43,'00,'0,'0,'504,'甲南大　　　　,'フロンテ,'　　　　　　,'　,'　　　,'生物学　　,'0,'28
'3696,'43,'01,'0,'0,'504,'甲南大　　　　,'フロンテ,'生命化　　　,'　,'　　　,'生物学　　,'1,'28
'3696,'47,'00,'0,'0,'502,'甲南大　　　　,'理工　　,'　　　　　　,'　,'　　　,'物理学　　,'0,'28
'3696,'47,'01,'0,'0,'502,'甲南大　　　　,'理工　　,'宇宙理学・量,'　,'　　　,'物理学　　,'1,'28
'3696,'47,'02,'0,'0,'504,'甲南大　　　　,'理工　　,'生物　　　　,'　,'　　　,'生物学　　,'1,'28
'3696,'47,'03,'0,'0,'503,'甲南大　　　　,'理工　　,'物質化学　　,'　,'　　　,'化学　　　,'1,'28
'3696,'47,'05,'0,'0,'562,'甲南大　　　　,'理工　　,'環境・エネル,'　,'　　　,'原子力・エ,'1,'28
'3696,'48,'00,'0,'0,'506,'甲南大　　　　,'知能情報,'　　　　　　,'　,'　　　,'情報科学　,'0,'28
'3696,'48,'01,'0,'0,'506,'甲南大　　　　,'知能情報,'知能情報　　,'　,'　　　,'情報科学　,'1,'28
'3696,'88,'00,'0,'0,'151,'甲南大　　　　,'グローバ,'　　　　　　,'　,'　　　,'英米語　　,'1,'28
'3697,'01,'00,'0,'0,'101,'甲南女子大　　,'文　　　,'　　　　　　,'　,'　　　,'日本文学　,'0,'28
'3697,'01,'02,'0,'0,'101,'甲南女子大　　,'文　　　,'日本語日本文,'　,'　　　,'日本文学　,'1,'28
'3697,'01,'06,'0,'0,'455,'甲南女子大　　,'文　　　,'メディア表現,'　,'　　　,'映像　　　,'1,'28
'3697,'03,'00,'0,'0,'105,'甲南女子大　　,'心理　　,'　　　　　　,'　,'　　　,'心理学　　,'0,'28
'3697,'03,'01,'0,'0,'105,'甲南女子大　　,'心理　　,'心理　　　　,'　,'　　　,'心理学　　,'1,'28
'3697,'25,'00,'0,'0,'222,'甲南女子大　　,'社会　　,'　　　　　　,'　,'　　　,'経営学・商,'0,'28
'3697,'25,'01,'0,'0,'241,'甲南女子大　　,'社会　　,'総合／メディ,'　,'　　　,'社会学　　,'1,'28
'3697,'25,'02,'0,'0,'222,'甲南女子大　　,'社会　　,'総合／ビジネ,'　,'　　　,'経営学・商,'1,'28
'3697,'25,'03,'0,'0,'401,'甲南女子大　　,'社会　　,'総合／生活環,'　,'　　　,'生活科学　,'1,'28
'3697,'30,'00,'0,'0,'301,'甲南女子大　　,'教育　　,'　　　　　　,'　,'　　　,'小学校　　,'0,'28
'3697,'30,'01,'0,'0,'301,'甲南女子大　　,'教育　　,'子ども教育　,'　,'　　　,'小学校　　,'1,'28
'3697,'33,'00,'0,'0,'106,'甲南女子大　　,'国際　　,'　　　　　　,'　,'　　　,'文化学　　,'0,'28
'3697,'33,'01,'0,'0,'106,'甲南女子大　　,'国際　　,'国際英語　　,'　,'　　　,'文化学　　,'1,'28
'3697,'33,'02,'0,'0,'106,'甲南女子大　　,'国際　　,'多文化コミュ,'　,'　　　,'文化学　　,'1,'28
'3697,'64,'00,'0,'0,'651,'甲南女子大　　,'看護リハ,'　　　　　　,'　,'　　　,'看護　　　,'0,'28
'3697,'64,'01,'0,'0,'651,'甲南女子大　　,'看護リハ,'看護　　　　,'　,'　　　,'看護　　　,'1,'28
'3697,'64,'02,'0,'0,'655,'甲南女子大　　,'看護リハ,'理学療法　　,'　,'　　　,'理学療法　,'1,'28
'3697,'79,'00,'0,'0,'402,'甲南女子大　　,'医療栄養,'　　　　　　,'　,'　　　,'食物・栄養,'0,'28
'3697,'79,'01,'0,'0,'402,'甲南女子大　　,'医療栄養,'医療栄養　　,'　,'　　　,'食物・栄養,'1,'28
'3699,'02,'00,'0,'0,'106,'神戸学院大　　,'人文　　,'　　　　　　,'　,'　　　,'文化学　　,'0,'28
'3699,'02,'04,'0,'0,'106,'神戸学院大　　,'人文　　,'人文　　　　,'　,'　　　,'文化学　　,'1,'28
'3699,'03,'00,'0,'0,'105,'神戸学院大　　,'心理　　,'　　　　　　,'　,'　　　,'心理学　　,'0,'28
'3699,'03,'01,'0,'0,'105,'神戸学院大　　,'心理　　,'心理　　　　,'　,'　　　,'心理学　　,'1,'28
'3699,'12,'00,'0,'0,'201,'神戸学院大　　,'法　　　,'　　　　　　,'　,'　　　,'法学　　　,'0,'28
'3699,'12,'02,'0,'0,'201,'神戸学院大　　,'法　　　,'法律　　　　,'　,'　　　,'法学　　　,'1,'28
'3699,'18,'00,'0,'0,'221,'神戸学院大　　,'経済　　,'　　　　　　,'　,'　　　,'経済学　　,'0,'28
'3699,'18,'02,'0,'0,'221,'神戸学院大　　,'経済　　,'経済　　　　,'　,'　　　,'経済学　　,'1,'28
'3699,'19,'00,'0,'0,'222,'神戸学院大　　,'経営　　,'　　　　　　,'　,'　　　,'経営学・商,'0,'28
'3699,'19,'02,'0,'0,'222,'神戸学院大　　,'経営　　,'経営／経営会,'　,'　　　,'経営学・商,'1,'28
'3699,'19,'03,'0,'0,'223,'神戸学院大　　,'経営　　,'経営／データ,'　,'　　　,'経営情報学,'1,'28
'3699,'27,'00,'0,'0,'241,'神戸学院大　　,'現代社会,'　　　　　　,'　,'　　　,'社会学　　,'0,'28
'3699,'27,'01,'0,'0,'241,'神戸学院大　　,'現代社会,'現代社会　　,'　,'　　　,'社会学　　,'1,'28
'3699,'27,'02,'0,'0,'753,'神戸学院大　　,'現代社会,'社会防災　　,'　,'　　　,'総合科学　,'1,'28
'3699,'33,'00,'0,'0,'151,'神戸学院大　　,'グローバ,'　　　　　　,'　,'　　　,'英米語　　,'0,'28
'3699,'33,'01,'0,'0,'151,'神戸学院大　　,'グローバ,'グロ／英語　,'　,'　　　,'英米語　　,'1,'28
'3699,'33,'02,'0,'0,'152,'神戸学院大　　,'グローバ,'グロ／中国語,'　,'　　　,'中国語　　,'1,'28
'3699,'61,'00,'0,'0,'621,'神戸学院大　　,'薬　　　,'　　　　　　,'　,'　　　,'薬　　　　,'0,'28
'3699,'61,'02,'0,'0,'621,'神戸学院大　　,'薬　　　,'薬　　　　　,'　,'　　　,'薬　　　　,'1,'28
'3699,'64,'00,'0,'0,'242,'神戸学院大　　,'総合リハ,'　　　　　　,'　,'　　　,'社会福祉学,'0,'28
'3699,'64,'01,'0,'0,'242,'神戸学院大　　,'総合リハ,'社会リハビリ,'　,'　　　,'社会福祉学,'1,'28
'3699,'64,'04,'0,'0,'655,'神戸学院大　　,'総合リハ,'理学療法　　,'　,'　　　,'理学療法　,'1,'28
'3699,'64,'05,'0,'0,'656,'神戸学院大　　,'総合リハ,'作業療法　　,'　,'　　　,'作業療法　,'1,'28
'3699,'79,'00,'0,'0,'402,'神戸学院大　　,'栄養　　,'　　　　　　,'　,'　　　,'食物・栄養,'0,'28
'3699,'79,'02,'0,'0,'402,'神戸学院大　　,'栄養　　,'栄養／管理栄,'　,'　　　,'食物・栄養,'1,'28
'3699,'79,'03,'0,'0,'658,'神戸学院大　　,'栄養　　,'栄養／臨床検,'　,'　　　,'検査技術　,'1,'28
'3700,'47,'00,'0,'0,'451,'神戸芸術工科大,'芸術工　,'　　　　　　,'　,'　　　,'美術・デザ,'0,'28
'3700,'47,'07,'0,'0,'451,'神戸芸術工科大,'芸術工　,'ビジュアルデ,'　,'　　　,'美術・デザ,'1,'28
'3700,'47,'14,'0,'0,'405,'神戸芸術工科大,'芸術工　,'建築・環境デ,'　,'　　　,'住居学　　,'1,'28
'3700,'47,'15,'0,'0,'403,'神戸芸術工科大,'芸術工　,'生産・工芸デ,'　,'　　　,'被服・服飾,'1,'28
'3700,'47,'16,'0,'0,'455,'神戸芸術工科大,'芸術工　,'メディア芸術,'　,'　　　,'映像　　　,'1,'28
'3701,'18,'00,'0,'0,'151,'神戸国際大　　,'経済　　,'　　　　　　,'　,'　　　,'英米語　　,'0,'28
'3701,'18,'01,'0,'0,'151,'神戸国際大　　,'経済　　,'経済経営　　,'　,'　　　,'英米語　　,'1,'28
'3701,'18,'02,'0,'0,'151,'神戸国際大　　,'経済　　,'国際文化ビジ,'　,'　　　,'英米語　　,'1,'28
'3701,'64,'00,'0,'0,'655,'神戸国際大　　,'リハビリ,'　　　　　　,'　,'　　　,'理学療法　,'0,'28
'3701,'64,'01,'0,'0,'655,'神戸国際大　　,'リハビリ,'理学療法　　,'　,'　　　,'理学療法　,'1,'28
'3702,'01,'00,'0,'0,'106,'神戸女学院大　,'文　　　,'　　　　　　,'　,'　　　,'文化学　　,'0,'28
'3702,'01,'02,'0,'0,'106,'神戸女学院大　,'文　　　,'総合文化　　,'　,'　　　,'文化学　　,'1,'28
'3702,'03,'00,'0,'0,'105,'神戸女学院大　,'心理　　,'　　　　　　,'　,'　　　,'心理学　　,'0,'28
'3702,'03,'01,'0,'0,'105,'神戸女学院大　,'心理　　,'心理　　　　,'　,'　　　,'心理学　　,'1,'28
'3702,'33,'00,'0,'0,'102,'神戸女学院大　,'国際　　,'　　　　　　,'　,'　　　,'外国文学　,'0,'28
'3702,'33,'01,'0,'0,'102,'神戸女学院大　,'国際　　,'英語　　　　,'　,'　　　,'外国文学　,'1,'28
'3702,'33,'02,'0,'0,'261,'神戸女学院大　,'国際　　,'グローバルス,'　,'　　　,'国際関係学,'1,'28
'3702,'37,'00,'0,'0,'506,'神戸女学院大　,'生命環境,'　　　　　　,'　,'　　　,'情報科学　,'0,'28
'3702,'37,'05,'0,'0,'506,'神戸女学院大　,'生命環境,'生命環境　　,'　,'　　　,'情報科学　,'1,'28
'3702,'83,'00,'0,'0,'453,'神戸女学院大　,'音楽　　,'　　　　　　,'　,'　　　,'音楽　　　,'0,'28
'3702,'83,'07,'0,'0,'453,'神戸女学院大　,'音楽　　,'音楽／音楽表,'　,'　　　,'音楽　　　,'1,'28
'3702,'83,'08,'0,'0,'453,'神戸女学院大　,'音楽　　,'音楽／音楽キ,'　,'　　　,'音楽　　　,'1,'28
'3703,'01,'00,'0,'0,'101,'神戸女子大　　,'文　　　,'　　　　　　,'　,'　　　,'日本文学　,'0,'28
'3703,'01,'02,'0,'0,'107,'神戸女子大　　,'文　　　,'史学　　　　,'　,'　　　,'西洋史　　,'1,'28
'3703,'01,'06,'0,'0,'101,'神戸女子大　　,'文　　　,'日本語日本文,'　,'　　　,'日本文学　,'1,'28
'3703,'01,'07,'0,'0,'102,'神戸女子大　　,'文　　　,'英語英米文　,'　,'　　　,'外国文学　,'1,'28
'3703,'01,'08,'0,'0,'261,'神戸女子大　　,'文　　　,'国際教養　　,'　,'　　　,'国際関係学,'1,'28
'3703,'03,'00,'0,'0,'105,'神戸女子大　　,'心理　　,'　　　　　　,'　,'　　　,'心理学　　,'0,'28
'3703,'03,'01,'0,'0,'105,'神戸女子大　　,'心理　　,'心理　　　　,'　,'　　　,'心理学　　,'1,'28
'3703,'30,'00,'0,'0,'301,'神戸女子大　　,'教育　　,'　　　　　　,'　,'　　　,'小学校　　,'0,'28
'3703,'30,'01,'0,'0,'301,'神戸女子大　　,'教育　　,'教育　　　　,'　,'　　　,'小学校　　,'1,'28
'3703,'64,'00,'0,'0,'242,'神戸女子大　　,'健康福祉,'　　　　　　,'　,'　　　,'社会福祉学,'0,'28
'3703,'64,'01,'0,'0,'242,'神戸女子大　　,'健康福祉,'社会福祉　　,'　,'　　　,'社会福祉学,'1,'28
'3703,'64,'02,'0,'0,'402,'神戸女子大　　,'健康福祉,'健康スポーツ,'　,'　　　,'食物・栄養,'1,'28
'3703,'65,'00,'0,'0,'651,'神戸女子大　　,'看護　　,'　　　　　　,'　,'　　　,'看護　　　,'0,'28
'3703,'65,'01,'0,'0,'651,'神戸女子大　　,'看護　　,'看護　　　　,'　,'　　　,'看護　　　,'1,'28
'3703,'79,'00,'0,'0,'401,'神戸女子大　　,'家政　　,'　　　　　　,'　,'　　　,'生活科学　,'0,'28
'3703,'79,'01,'0,'0,'401,'神戸女子大　　,'家政　　,'家政　　　　,'　,'　　　,'生活科学　,'1,'28
'3703,'79,'02,'0,'0,'402,'神戸女子大　　,'家政　　,'管理栄養士　,'　,'　　　,'食物・栄養,'1,'28
'3704,'61,'00,'0,'0,'621,'神戸薬大　　　,'薬　　　,'　　　　　　,'　,'　　　,'薬　　　　,'0,'28
'3704,'61,'02,'0,'0,'621,'神戸薬大　　　,'薬　　　,'薬　　　　　,'　,'　　　,'薬　　　　,'1,'28
'3705,'01,'00,'0,'0,'101,'神戸松蔭大　　,'文　　　,'　　　　　　,'　,'　　　,'日本文学　,'0,'28
'3705,'01,'09,'0,'0,'101,'神戸松蔭大　　,'文　　　,'人文社会　　,'　,'　　　,'日本文学　,'1,'28
'3705,'01,'10,'0,'0,'151,'神戸松蔭大　　,'文　　　,'グローバルコ,'　,'　　　,'英米語　　,'1,'28
'3705,'30,'00,'0,'0,'301,'神戸松蔭大　　,'教育　　,'　　　　　　,'　,'　　　,'小学校　　,'0,'28
'3705,'30,'01,'0,'0,'301,'神戸松蔭大　　,'教育　　,'教育発達　　,'　,'　　　,'小学校　　,'1,'28
'3705,'37,'00,'0,'0,'105,'神戸松蔭大　　,'人間科学,'　　　　　　,'　,'　　　,'心理学　　,'0,'28
'3705,'37,'01,'0,'0,'105,'神戸松蔭大　　,'人間科学,'心理　　　　,'　,'　　　,'心理学　　,'1,'28
'3705,'37,'04,'0,'0,'403,'神戸松蔭大　　,'人間科学,'ファッション,'　,'　　　,'被服・服飾,'1,'28
'3705,'37,'06,'0,'0,'221,'神戸松蔭大　　,'人間科学,'人間科学　　,'　,'　　　,'経済学　　,'1,'28
'3706,'01,'00,'0,'0,'105,'神戸親和大　　,'文　　　,'　　　　　　,'　,'　　　,'心理学　　,'0,'28
'3706,'01,'05,'0,'0,'106,'神戸親和大　　,'文　　　,'国際文化　　,'　,'　　　,'文化学　　,'1,'28
'3706,'01,'08,'0,'0,'105,'神戸親和大　　,'文　　　,'心理　　　　,'　,'　　　,'心理学　　,'1,'28
'3706,'30,'00,'0,'0,'316,'神戸親和大　　,'教育　　,'　　　　　　,'　,'　　　,'０免課程　,'0,'28
'3706,'30,'01,'0,'0,'222,'神戸親和大　　,'教育　　,'スポーツ教育,'　,'　　　,'経営学・商,'1,'28
'3706,'30,'02,'0,'0,'301,'神戸親和大　　,'教育　　,'教育　　　　,'　,'　　　,'小学校　　,'1,'28
'3708,'19,'00,'0,'0,'222,'園田学園大　　,'経営　　,'　　　　　　,'　,'　　　,'経営学・商,'0,'28
'3708,'19,'01,'0,'0,'222,'園田学園大　　,'経営　　,'ビジネス　　,'　,'　　　,'経営学・商,'1,'28
'3708,'64,'00,'0,'0,'311,'園田学園大　　,'人間健康,'　　　　　　,'　,'　　　,'中高－体育,'0,'28
'3708,'64,'02,'0,'0,'402,'園田学園大　　,'人間健康,'食マネジメン,'　,'　　　,'食物・栄養,'1,'28
'3708,'64,'04,'0,'0,'651,'園田学園大　　,'人間健康,'人間看護　　,'　,'　　　,'看護　　　,'1,'28
'3708,'64,'05,'0,'0,'314,'園田学園大　　,'人間健康,'総合／養護　,'　,'　　　,'養護　　　,'1,'28
'3708,'64,'06,'0,'0,'311,'園田学園大　　,'人間健康,'総合／健康ス,'　,'　　　,'中高－体育,'1,'28
'3708,'79,'00,'0,'0,'301,'園田学園大　　,'こども　,'　　　　　　,'　,'　　　,'小学校　　,'0,'28
'3708,'79,'01,'0,'0,'301,'園田学園大　　,'こども　,'こども　　　,'　,'　　　,'小学校　　,'1,'28
'3709,'64,'00,'0,'0,'651,'宝塚大　　　　,'看護　　,'　　　　　　,'　,'　　　,'看護　　　,'0,'27
'3709,'64,'01,'0,'0,'651,'宝塚大　　　　,'看護　　,'看護　　　　,'　,'　　　,'看護　　　,'1,'27
'3709,'85,'00,'0,'0,'451,'宝塚大　　　　,'東京メデ,'　　　　　　,'　,'　　　,'美術・デザ,'0,'27
'3709,'85,'01,'0,'0,'451,'宝塚大　　　　,'東京メデ,'メディア芸術,'　,'　　　,'美術・デザ,'1,'27
'3710,'64,'00,'0,'0,'652,'姫路獨協大　　,'医療保健,'　　　　　　,'　,'　　　,'医療技術　,'0,'28
'3710,'64,'01,'0,'0,'655,'姫路獨協大　　,'医療保健,'理学療法　　,'　,'　　　,'理学療法　,'1,'28
'3710,'64,'02,'0,'0,'656,'姫路獨協大　　,'医療保健,'作業療法　　,'　,'　　　,'作業療法　,'1,'28
'3710,'64,'03,'0,'0,'652,'姫路獨協大　　,'医療保健,'言語聴覚療法,'　,'　　　,'医療技術　,'1,'28
'3710,'64,'05,'0,'0,'652,'姫路獨協大　　,'医療保健,'臨床工　　　,'　,'　　　,'医療技術　,'1,'28
'3710,'65,'00,'0,'0,'651,'姫路獨協大　　,'看護　　,'　　　　　　,'　,'　　　,'看護　　　,'0,'28
'3710,'65,'01,'0,'0,'651,'姫路獨協大　　,'看護　　,'看護　　　　,'　,'　　　,'看護　　　,'1,'28
'3710,'91,'00,'0,'0,'221,'姫路獨協大　　,'人間社会,'　　　　　　,'　,'　　　,'経済学　　,'0,'28
'3710,'91,'03,'0,'0,'221,'姫路獨協大　　,'人間社会,'産業経営学類,'　,'　　　,'経済学　　,'1,'28
'3711,'55,'00,'0,'0,'601,'兵庫医大　　　,'医　　　,'　　　　　　,'　,'　　　,'医　　　　,'0,'28
'3711,'55,'01,'0,'0,'601,'兵庫医大　　　,'医　　　,'医　　　　　,'　,'　　　,'医　　　　,'1,'28
'3711,'61,'00,'0,'0,'621,'兵庫医大　　　,'薬　　　,'　　　　　　,'　,'　　　,'薬　　　　,'0,'28
'3711,'61,'01,'0,'0,'621,'兵庫医大　　　,'薬　　　,'医療薬　　　,'　,'　　　,'薬　　　　,'1,'28
'3711,'64,'00,'0,'0,'651,'兵庫医大　　　,'看護　　,'　　　　　　,'　,'　　　,'看護　　　,'0,'28
'3711,'64,'01,'0,'0,'651,'兵庫医大　　　,'看護　　,'看護　　　　,'　,'　　　,'看護　　　,'1,'28
'3711,'65,'00,'0,'0,'655,'兵庫医大　　　,'リハビリ,'　　　　　　,'　,'　　　,'理学療法　,'0,'28
'3711,'65,'01,'0,'0,'655,'兵庫医大　　　,'リハビリ,'理学療法　　,'　,'　　　,'理学療法　,'1,'28
'3711,'65,'02,'0,'0,'656,'兵庫医大　　　,'リハビリ,'作業療法　　,'　,'　　　,'作業療法　,'1,'28
'3712,'22,'00,'0,'0,'221,'兵庫大　　　　,'現代ビジ,'　　　　　　,'　,'　　　,'経済学　　,'0,'28
'3712,'22,'01,'0,'0,'221,'兵庫大　　　　,'現代ビジ,'現代ビジネス,'　,'　　　,'経済学　　,'1,'28
'3712,'30,'00,'0,'0,'301,'兵庫大　　　　,'教育　　,'　　　　　　,'　,'　　　,'小学校　　,'0,'28
'3712,'30,'01,'0,'0,'301,'兵庫大　　　　,'教育　　,'教育　　　　,'　,'　　　,'小学校　　,'1,'28
'3712,'64,'00,'0,'0,'402,'兵庫大　　　　,'健康科学,'　　　　　　,'　,'　　　,'食物・栄養,'0,'28
'3712,'64,'01,'0,'0,'402,'兵庫大　　　　,'健康科学,'栄養　　　　,'　,'　　　,'食物・栄養,'1,'28
'3712,'64,'02,'0,'0,'653,'兵庫大　　　　,'健康科学,'健康スポーツ,'　,'　　　,'保健　　　,'1,'28
'3712,'65,'00,'0,'0,'242,'兵庫大　　　　,'生涯福祉,'　　　　　　,'　,'　　　,'社会福祉学,'0,'28
'3712,'65,'01,'0,'0,'242,'兵庫大　　　　,'生涯福祉,'社会福祉　　,'　,'　　　,'社会福祉学,'1,'28
'3712,'66,'00,'0,'0,'651,'兵庫大　　　　,'看護　　,'　　　　　　,'　,'　　　,'看護　　　,'0,'28
'3712,'66,'01,'0,'0,'651,'兵庫大　　　　,'看護　　,'看護　　　　,'　,'　　　,'看護　　　,'1,'28
'3713,'01,'00,'0,'0,'151,'武庫川女子大　,'文　　　,'　　　　　　,'　,'　　　,'英米語　　,'0,'28
'3713,'01,'04,'0,'0,'101,'武庫川女子大　,'文　　　,'日本語日本文,'　,'　　　,'日本文学　,'1,'28
'3713,'01,'09,'0,'0,'109,'武庫川女子大　,'文　　　,'歴史文化　　,'　,'　　　,'日本史　　,'1,'28
'3713,'01,'10,'0,'0,'102,'武庫川女子大　,'文　　　,'英語／英語文,'　,'　　　,'外国文学　,'1,'28
'3713,'01,'11,'0,'0,'151,'武庫川女子大　,'文　　　,'英語／グロー,'　,'　　　,'英米語　　,'1,'28
'3713,'03,'00,'0,'0,'105,'武庫川女子大　,'心理社会,'　　　　　　,'　,'　　　,'心理学　　,'0,'28
'3713,'03,'01,'0,'0,'105,'武庫川女子大　,'心理社会,'心理　　　　,'　,'　　　,'心理学　　,'1,'28
'3713,'03,'02,'0,'0,'242,'武庫川女子大　,'心理社会,'社会福祉　　,'　,'　　　,'社会福祉学,'1,'28
'3713,'19,'00,'0,'0,'222,'武庫川女子大　,'経営　　,'　　　　　　,'　,'　　　,'経営学・商,'0,'28
'3713,'19,'01,'0,'0,'222,'武庫川女子大　,'経営　　,'経営　　　　,'　,'　　　,'経営学・商,'1,'28
'3713,'27,'00,'0,'0,'553,'武庫川女子大　,'社会情報,'　　　　　　,'　,'　　　,'情報工学　,'0,'28
'3713,'27,'01,'0,'0,'752,'武庫川女子大　,'社会情報,'社会／情報メ,'　,'　　　,'総合情報学,'1,'28
'3713,'27,'02,'0,'0,'553,'武庫川女子大　,'社会情報,'社会／情報サ,'　,'　　　,'情報工学　,'1,'28
'3713,'30,'00,'0,'0,'301,'武庫川女子大　,'教育　　,'　　　　　　,'　,'　　　,'小学校　　,'0,'28
'3713,'30,'01,'0,'0,'301,'武庫川女子大　,'教育　　,'教育　　　　,'　,'　　　,'小学校　　,'1,'28
'3713,'47,'00,'0,'0,'554,'武庫川女子大　,'建築　　,'　　　　　　,'　,'　　　,'建築・土木,'0,'28
'3713,'47,'01,'0,'0,'554,'武庫川女子大　,'建築　　,'建築　　　　,'　,'　　　,'建築・土木,'1,'28
'3713,'47,'02,'0,'0,'554,'武庫川女子大　,'建築　　,'景観建築　　,'　,'　　　,'建築・土木,'1,'28
'3713,'61,'00,'0,'0,'621,'武庫川女子大　,'薬　　　,'　　　　　　,'　,'　　　,'薬　　　　,'0,'28
'3713,'61,'02,'0,'0,'621,'武庫川女子大　,'薬　　　,'薬　　　　　,'　,'　　　,'薬　　　　,'1,'28
'3713,'61,'03,'0,'0,'621,'武庫川女子大　,'薬　　　,'健康生命薬科,'　,'　　　,'薬　　　　,'1,'28
'3713,'64,'00,'0,'0,'222,'武庫川女子大　,'健康スポ,'　　　　　　,'　,'　　　,'経営学・商,'0,'28
'3713,'64,'01,'0,'0,'222,'武庫川女子大　,'健康スポ,'健康・スポー,'　,'　　　,'経営学・商,'1,'28
'3713,'64,'02,'0,'0,'222,'武庫川女子大　,'健康スポ,'スポーツマネ,'　,'　　　,'経営学・商,'1,'28
'3713,'65,'00,'0,'0,'651,'武庫川女子大　,'看護　　,'　　　　　　,'　,'　　　,'看護　　　,'0,'28
'3713,'65,'01,'0,'0,'651,'武庫川女子大　,'看護　　,'看護　　　　,'　,'　　　,'看護　　　,'1,'28
'3713,'79,'00,'0,'0,'401,'武庫川女子大　,'生活環境,'　　　　　　,'　,'　　　,'生活科学　,'0,'28
'3713,'79,'02,'0,'0,'401,'武庫川女子大　,'生活環境,'生活環境　　,'　,'　　　,'生活科学　,'1,'28
'3713,'80,'00,'0,'0,'402,'武庫川女子大　,'食物栄養,'　　　　　　,'　,'　　　,'食物・栄養,'0,'28
'3713,'80,'01,'0,'0,'402,'武庫川女子大　,'食物栄養,'食物栄養　　,'　,'　　　,'食物・栄養,'1,'28
'3713,'80,'02,'0,'0,'222,'武庫川女子大　,'食物栄養,'食創造科学　,'　,'　　　,'経営学・商,'1,'28
'3713,'81,'00,'0,'0,'564,'武庫川女子大　,'環境共生,'　　　　　　,'　,'　　　,'生物工学　,'0,'28
'3713,'81,'01,'0,'0,'564,'武庫川女子大　,'環境共生,'環境共生　　,'　,'　　　,'生物工学　,'1,'28
'3713,'83,'00,'0,'0,'453,'武庫川女子大　,'音楽　　,'　　　　　　,'　,'　　　,'音楽　　　,'0,'28
'3713,'83,'09,'0,'0,'453,'武庫川女子大　,'音楽　　,'演奏　　　　,'　,'　　　,'音楽　　　,'1,'28
'3713,'83,'10,'0,'0,'453,'武庫川女子大　,'音楽　　,'応用音楽　　,'　,'　　　,'音楽　　　,'1,'28
'3714,'18,'00,'0,'0,'221,'流通科学大　　,'経済　　,'　　　　　　,'　,'　　　,'経済学　　,'0,'28
'3714,'18,'01,'0,'0,'221,'流通科学大　　,'経済　　,'経済　　　　,'　,'　　　,'経済学　　,'1,'28
'3714,'18,'02,'0,'0,'221,'流通科学大　　,'経済　　,'経済情報　　,'　,'　　　,'経済学　　,'1,'28
'3714,'20,'00,'0,'0,'222,'流通科学大　　,'商　　　,'　　　　　　,'　,'　　　,'経営学・商,'0,'28
'3714,'20,'01,'0,'0,'222,'流通科学大　　,'商　　　,'経営　　　　,'　,'　　　,'経営学・商,'1,'28
'3714,'20,'06,'0,'0,'222,'流通科学大　　,'商　　　,'マーケティン,'　,'　　　,'経営学・商,'1,'28
'3714,'27,'00,'0,'0,'222,'流通科学大　　,'人間社会,'　　　　　　,'　,'　　　,'経営学・商,'0,'28
'3714,'27,'01,'0,'0,'105,'流通科学大　　,'人間社会,'心理社会　　,'　,'　　　,'心理学　　,'1,'28
'3714,'27,'02,'0,'0,'222,'流通科学大　　,'人間社会,'観光　　　　,'　,'　　　,'経営学・商,'1,'28
'3714,'27,'03,'0,'0,'222,'流通科学大　　,'人間社会,'人間健康　　,'　,'　　　,'経営学・商,'1,'28
'3715,'26,'00,'0,'0,'105,'関西福祉大　　,'社会福祉,'　　　　　　,'　,'　　　,'心理学　　,'0,'28
'3715,'26,'01,'0,'0,'105,'関西福祉大　　,'社会福祉,'社会福祉　　,'　,'　　　,'心理学　　,'1,'28
'3715,'30,'00,'0,'0,'301,'関西福祉大　　,'教育　　,'　　　　　　,'　,'　　　,'小学校　　,'0,'28
'3715,'30,'01,'0,'0,'301,'関西福祉大　　,'教育　　,'児童教育　　,'　,'　　　,'小学校　　,'1,'28
'3715,'30,'02,'0,'0,'311,'関西福祉大　　,'教育　　,'保健教育　　,'　,'　　　,'中高－体育,'1,'28
'3715,'64,'00,'0,'0,'651,'関西福祉大　　,'看護　　,'　　　　　　,'　,'　　　,'看護　　　,'0,'28
'3715,'64,'01,'0,'0,'651,'関西福祉大　　,'看護　　,'看護　　　　,'　,'　　　,'看護　　　,'1,'28
'3716,'03,'00,'0,'0,'105,'関西国際大　　,'心理　　,'　　　　　　,'　,'　　　,'心理学　　,'0,'28
'3716,'03,'01,'0,'0,'105,'関西国際大　　,'心理　　,'心理　　　　,'　,'　　　,'心理学　　,'1,'28
'3716,'19,'00,'0,'0,'222,'関西国際大　　,'経営　　,'　　　　　　,'　,'　　　,'経営学・商,'0,'28
'3716,'19,'08,'0,'0,'222,'関西国際大　　,'経営　　,'経営　　　　,'　,'　　　,'経営学・商,'1,'28
'3716,'30,'00,'0,'0,'242,'関西国際大　　,'教育　　,'　　　　　　,'　,'　　　,'社会福祉学,'0,'28
'3716,'30,'06,'0,'0,'242,'関西国際大　　,'教育　　,'教育福祉　　,'　,'　　　,'社会福祉学,'1,'28
'3716,'33,'00,'0,'0,'261,'関西国際大　　,'グローバ,'　　　　　　,'　,'　　　,'国際関係学,'0,'28
'3716,'33,'01,'0,'0,'261,'関西国際大　　,'グローバ,'グローバル　,'　,'　　　,'国際関係学,'1,'28
'3716,'39,'00,'0,'0,'752,'関西国際大　　,'情報　　,'　　　　　　,'　,'　　　,'総合情報学,'0,'28
'3716,'39,'01,'0,'0,'752,'関西国際大　　,'情報　　,'情報デザイン,'　,'　　　,'総合情報学,'1,'28
'3716,'64,'00,'0,'0,'651,'関西国際大　　,'保健医療,'　　　　　　,'　,'　　　,'看護　　　,'0,'28
'3716,'64,'01,'0,'0,'651,'関西国際大　　,'保健医療,'看護　　　　,'　,'　　　,'看護　　　,'1,'28
'3718,'27,'00,'0,'0,'242,'神戸医療未来大,'人間社会,'　　　　　　,'　,'　　　,'社会福祉学,'0,'28
'3718,'27,'01,'0,'0,'105,'神戸医療未来大,'人間社会,'未来社会　　,'　,'　　　,'心理学　　,'1,'28
'3718,'27,'03,'0,'0,'222,'神戸医療未来大,'人間社会,'経営デ・大阪,'　,'　　　,'経営学・商,'1,'28
'3718,'27,'04,'0,'0,'222,'神戸医療未来大,'人間社会,'経営デ・姫路,'　,'　　　,'経営学・商,'1,'28
'3718,'64,'00,'0,'0,'311,'神戸医療未来大,'健康スポ,'　　　　　　,'　,'　　　,'中高－体育,'0,'28
'3718,'64,'01,'0,'0,'311,'神戸医療未来大,'健康スポ,'健康スポーツ,'　,'　　　,'中高－体育,'1,'28
'3720,'64,'00,'0,'0,'651,'関西看護医療大,'看護　　,'　　　　　　,'　,'　　　,'看護　　　,'0,'28
'3720,'64,'01,'0,'0,'651,'関西看護医療大,'看護　　,'看護　　　　,'　,'　　　,'看護　　　,'1,'28
'3722,'30,'00,'0,'0,'301,'姫路大　　　　,'教育　　,'　　　　　　,'　,'　　　,'小学校　　,'0,'28
'3722,'30,'03,'0,'0,'301,'姫路大　　　　,'教育　　,'こども未来　,'　,'　　　,'小学校　　,'1,'28
'3722,'64,'00,'0,'0,'651,'姫路大　　　　,'看護　　,'　　　　　　,'　,'　　　,'看護　　　,'0,'28
'3722,'64,'01,'0,'0,'651,'姫路大　　　　,'看護　　,'看護　　　　,'　,'　　　,'看護　　　,'1,'28
'3724,'30,'00,'0,'0,'301,'神戸常盤大　　,'教育　　,'　　　　　　,'　,'　　　,'小学校　　,'0,'28
'3724,'30,'01,'0,'0,'301,'神戸常盤大　　,'教育　　,'こども教育　,'　,'　　　,'小学校　　,'1,'28
'3724,'64,'00,'0,'0,'652,'神戸常盤大　　,'保健科学,'　　　　　　,'　,'　　　,'医療技術　,'0,'28
'3724,'64,'02,'0,'0,'658,'神戸常盤大　　,'保健科学,'医療検査　　,'　,'　　　,'検査技術　,'1,'28
'3724,'64,'03,'0,'0,'657,'神戸常盤大　　,'保健科学,'診療放射線　,'　,'　　　,'放射線技術,'1,'28
'3724,'64,'04,'0,'0,'652,'神戸常盤大　　,'保健科学,'口腔保健　　,'　,'　　　,'医療技術　,'1,'28
'3724,'65,'00,'0,'0,'651,'神戸常盤大　　,'看護　　,'　　　　　　,'　,'　　　,'看護　　　,'0,'28
'3724,'65,'01,'0,'0,'651,'神戸常盤大　　,'看護　　,'看護　　　　,'　,'　　　,'看護　　　,'1,'28
'3725,'27,'00,'0,'0,'243,'宝塚医療大　　,'観光　　,'　　　　　　,'　,'　　　,'観光学　　,'0,'28
'3725,'27,'01,'0,'0,'243,'宝塚医療大　　,'観光　　,'観光　　　　,'　,'　　　,'観光学　　,'1,'28
'3725,'64,'00,'0,'0,'652,'宝塚医療大　　,'保健医療,'　　　　　　,'　,'　　　,'医療技術　,'0,'28
'3725,'64,'01,'0,'0,'655,'宝塚医療大　　,'保健医療,'理学療法　　,'　,'　　　,'理学療法　,'1,'28
'3725,'64,'04,'0,'0,'652,'宝塚医療大　　,'保健医療,'鍼灸　　　　,'　,'　　　,'医療技術　,'1,'28
'3725,'64,'05,'0,'0,'652,'宝塚医療大　　,'保健医療,'柔道整復　　,'　,'　　　,'医療技術　,'1,'28
'3725,'64,'06,'0,'0,'652,'宝塚医療大　　,'保健医療,'口腔保健　　,'　,'　　　,'医療技術　,'1,'28
'3725,'65,'00,'0,'0,'651,'宝塚医療大　　,'和歌山保,'　　　　　　,'　,'　　　,'看護　　　,'0,'28
'3725,'65,'02,'0,'0,'655,'宝塚医療大　　,'和歌山保,'リハ／理学療,'　,'　　　,'理学療法　,'1,'28
'3725,'65,'03,'0,'0,'656,'宝塚医療大　　,'和歌山保,'リハ／作業療,'　,'　　　,'作業療法　,'1,'28
'3725,'65,'04,'0,'0,'651,'宝塚医療大　　,'和歌山保,'看護　　　　,'　,'　　　,'看護　　　,'1,'28
'3731,'01,'00,'0,'0,'101,'帝塚山大　　　,'文　　　,'　　　　　　,'　,'　　　,'日本文学　,'0,'29
'3731,'01,'01,'0,'0,'101,'帝塚山大　　　,'文　　　,'日本文化　　,'　,'　　　,'日本文学　,'1,'29
'3731,'04,'00,'0,'0,'105,'帝塚山大　　　,'心理　　,'　　　　　　,'　,'　　　,'心理学　　,'0,'29
'3731,'04,'01,'0,'0,'105,'帝塚山大　　　,'心理　　,'心理　　　　,'　,'　　　,'心理学　　,'1,'29
'3731,'12,'00,'0,'0,'201,'帝塚山大　　　,'法　　　,'　　　　　　,'　,'　　　,'法学　　　,'0,'29
'3731,'12,'01,'0,'0,'201,'帝塚山大　　　,'法　　　,'法　　　　　,'　,'　　　,'法学　　　,'1,'29
'3731,'22,'00,'0,'0,'221,'帝塚山大　　　,'経済経営,'　　　　　　,'　,'　　　,'経済学　　,'0,'29
'3731,'22,'01,'0,'0,'221,'帝塚山大　　　,'経済経営,'経済経営　　,'　,'　　　,'経済学　　,'1,'29
'3731,'30,'00,'0,'0,'301,'帝塚山大　　　,'教育　　,'　　　　　　,'　,'　　　,'小学校　　,'0,'29
'3731,'30,'01,'0,'0,'301,'帝塚山大　　　,'教育　　,'こども教育　,'　,'　　　,'小学校　　,'1,'29
'3731,'79,'00,'0,'0,'402,'帝塚山大　　　,'現代生活,'　　　　　　,'　,'　　　,'食物・栄養,'0,'29
'3731,'79,'01,'0,'0,'402,'帝塚山大　　　,'現代生活,'食物栄養　　,'　,'　　　,'食物・栄養,'1,'29
'3731,'79,'02,'0,'0,'405,'帝塚山大　　　,'現代生活,'居住空間デザ,'　,'　　　,'住居学　　,'1,'29
'3732,'02,'00,'0,'0,'101,'天理大　　　　,'人文　　,'　　　　　　,'　,'　　　,'日本文学　,'0,'29
'3732,'02,'01,'0,'0,'104,'天理大　　　　,'人文　　,'宗教　　　　,'　,'　　　,'哲学倫理宗,'1,'29
'3732,'02,'02,'0,'0,'101,'天理大　　　　,'人文　　,'国文学国語　,'　,'　　　,'日本文学　,'1,'29
'3732,'02,'03,'0,'0,'109,'天理大　　　　,'人文　　,'歴史文化　　,'　,'　　　,'日本史　　,'1,'29
'3732,'02,'04,'0,'0,'105,'天理大　　　　,'人文　　,'心理　　　　,'　,'　　　,'心理学　　,'1,'29
'3732,'02,'05,'0,'0,'318,'天理大　　　　,'人文　　,'社会教育　　,'　,'　　　,'総合教育学,'1,'29
'3732,'02,'06,'0,'0,'242,'天理大　　　　,'人文　　,'社会福祉　　,'　,'　　　,'社会福祉学,'1,'29
'3732,'34,'00,'0,'0,'106,'天理大　　　　,'国際　　,'　　　　　　,'　,'　　　,'文化学　　,'0,'29
'3732,'34,'06,'0,'0,'153,'天理大　　　　,'国際　　,'外国語　　　,'　,'　　　,'フランス語,'1,'29
'3732,'34,'07,'0,'0,'158,'天理大　　　　,'国際　　,'韓国・朝鮮語,'　,'　　　,'韓国語（朝,'1,'29
'3732,'34,'08,'0,'0,'152,'天理大　　　　,'国際　　,'中国語　　　,'　,'　　　,'中国語　　,'1,'29
'3732,'34,'09,'0,'0,'151,'天理大　　　　,'国際　　,'英米語　　　,'　,'　　　,'英米語　　,'1,'29
'3732,'34,'10,'0,'0,'106,'天理大　　　　,'国際　　,'国際文化　　,'　,'　　　,'文化学　　,'1,'29
'3732,'64,'00,'0,'0,'311,'天理大　　　　,'体育　　,'　　　　　　,'　,'　　　,'中高－体育,'0,'29
'3732,'64,'01,'0,'0,'311,'天理大　　　　,'体育　　,'体育　　　　,'　,'　　　,'中高－体育,'1,'29
'3732,'65,'00,'0,'0,'651,'天理大　　　　,'医療　　,'　　　　　　,'　,'　　　,'看護　　　,'0,'29
'3732,'65,'01,'0,'0,'651,'天理大　　　　,'医療　　,'看護　　　　,'　,'　　　,'看護　　　,'1,'29
'3732,'65,'02,'0,'0,'658,'天理大　　　　,'医療　　,'臨床検査　　,'　,'　　　,'検査技術　,'1,'29
'3733,'01,'00,'0,'0,'101,'奈良大　　　　,'文　　　,'　　　　　　,'　,'　　　,'日本文学　,'0,'29
'3733,'01,'01,'0,'0,'101,'奈良大　　　　,'文　　　,'国文　　　　,'　,'　　　,'日本文学　,'1,'29
'3733,'01,'02,'0,'0,'107,'奈良大　　　　,'文　　　,'史学　　　　,'　,'　　　,'西洋史　　,'1,'29
'3733,'01,'03,'0,'0,'103,'奈良大　　　　,'文　　　,'地理　　　　,'　,'　　　,'地理学　　,'1,'29
'3733,'01,'04,'0,'0,'111,'奈良大　　　　,'文　　　,'文化財　　　,'　,'　　　,'考古学・文,'1,'29
'3733,'25,'00,'0,'0,'105,'奈良大　　　　,'社会　　,'　　　　　　,'　,'　　　,'心理学　　,'0,'29
'3733,'25,'03,'0,'0,'105,'奈良大　　　　,'社会　　,'心理　　　　,'　,'　　　,'心理学　　,'1,'29
'3733,'25,'04,'0,'0,'106,'奈良大　　　　,'社会　　,'総合社会　　,'　,'　　　,'文化学　　,'1,'29
'3734,'31,'00,'0,'0,'301,'奈良学園大　　,'人間教育,'　　　　　　,'　,'　　　,'小学校　　,'0,'29
'3734,'31,'02,'0,'0,'301,'奈良学園大　　,'人間教育,'人間／人間教,'　,'　　　,'小学校　　,'1,'29
'3734,'31,'04,'0,'0,'303,'奈良学園大　　,'人間教育,'人間／中等数,'　,'　　　,'中高－数学,'1,'29
'3734,'31,'05,'0,'0,'309,'奈良学園大　　,'人間教育,'人間／中等音,'　,'　　　,'中高－音楽,'1,'29
'3734,'64,'00,'0,'0,'651,'奈良学園大　　,'保健医療,'　　　　　　,'　,'　　　,'看護　　　,'0,'29
'3734,'64,'01,'0,'0,'651,'奈良学園大　　,'保健医療,'看護　　　　,'　,'　　　,'看護　　　,'1,'29
'3734,'64,'02,'0,'0,'655,'奈良学園大　　,'保健医療,'リハ／理学療,'　,'　　　,'理学療法　,'1,'29
'3734,'64,'03,'0,'0,'656,'奈良学園大　　,'保健医療,'リハ／作業療,'　,'　　　,'作業療法　,'1,'29
'3735,'30,'00,'0,'0,'105,'畿央大　　　　,'教育　　,'　　　　　　,'　,'　　　,'心理学　　,'0,'29
'3735,'30,'01,'0,'0,'105,'畿央大　　　　,'教育　　,'現代教育　　,'　,'　　　,'心理学　　,'1,'29
'3735,'64,'00,'0,'0,'401,'畿央大　　　　,'健康科学,'　　　　　　,'　,'　　　,'生活科学　,'0,'29
'3735,'64,'01,'0,'0,'655,'畿央大　　　　,'健康科学,'理学療法　　,'　,'　　　,'理学療法　,'1,'29
'3735,'64,'04,'0,'0,'402,'畿央大　　　　,'健康科学,'健康栄養　　,'　,'　　　,'食物・栄養,'1,'29
'3735,'64,'05,'0,'0,'401,'畿央大　　　　,'健康科学,'人間環境デザ,'　,'　　　,'生活科学　,'1,'29
'3735,'64,'06,'0,'0,'651,'畿央大　　　　,'健康科学,'看護医療　　,'　,'　　　,'看護　　　,'1,'29
'3746,'01,'00,'0,'0,'104,'高野山大　　　,'文　　　,'　　　　　　,'　,'　　　,'哲学倫理宗,'0,'30
'3746,'01,'09,'0,'0,'104,'高野山大　　　,'文　　　,'密教　　　　,'　,'　　　,'哲学倫理宗,'1,'30
'3747,'30,'00,'0,'0,'301,'和歌山信愛大　,'教育　　,'　　　　　　,'　,'　　　,'小学校　　,'0,'30
'3747,'30,'01,'0,'0,'301,'和歌山信愛大　,'教育　　,'子ども教育　,'　,'　　　,'小学校　　,'1,'30
'3748,'64,'00,'0,'0,'655,'和歌山リハ職大,'健康科学,'　　　　　　,'　,'　　　,'理学療法　,'0,'30
'3748,'64,'01,'0,'0,'655,'和歌山リハ職大,'健康科学,'リハ／理学療,'　,'　　　,'理学療法　,'1,'30
'3748,'64,'02,'0,'0,'656,'和歌山リハ職大,'健康科学,'リハ／作業療,'　,'　　　,'作業療法　,'1,'30
'3757,'64,'00,'0,'0,'651,'鳥取看護大　　,'看護　　,'　　　　　　,'　,'　　　,'看護　　　,'0,'31
'3757,'64,'01,'0,'0,'651,'鳥取看護大　　,'看護　　,'看護　　　　,'　,'　　　,'看護　　　,'1,'31
'3776,'12,'00,'0,'0,'201,'岡山商大　　　,'法　　　,'　　　　　　,'　,'　　　,'法学　　　,'0,'33
'3776,'12,'01,'0,'0,'201,'岡山商大　　　,'法　　　,'法　　　　　,'　,'　　　,'法学　　　,'1,'33
'3776,'18,'00,'0,'0,'221,'岡山商大　　　,'経済　　,'　　　　　　,'　,'　　　,'経済学　　,'0,'33
'3776,'18,'01,'0,'0,'221,'岡山商大　　　,'経済　　,'経済　　　　,'　,'　　　,'経済学　　,'1,'33
'3776,'19,'00,'0,'0,'222,'岡山商大　　　,'経営　　,'　　　　　　,'　,'　　　,'経営学・商,'0,'33
'3776,'19,'01,'0,'0,'222,'岡山商大　　　,'経営　　,'経営　　　　,'　,'　　　,'経営学・商,'1,'33
'3776,'19,'03,'0,'0,'222,'岡山商大　　　,'経営　　,'商／ファイナ,'　,'　　　,'経営学・商,'1,'33
'3776,'19,'04,'0,'0,'222,'岡山商大　　　,'経営　　,'商　　　　　,'　,'　　　,'経営学・商,'1,'33
'3777,'19,'00,'0,'0,'222,'岡山理大　　　,'経営　　,'　　　　　　,'　,'　　　,'経営学・商,'0,'33
'3777,'19,'01,'0,'0,'222,'岡山理大　　　,'経営　　,'経営　　　　,'　,'　　　,'経営学・商,'1,'33
'3777,'30,'00,'0,'0,'316,'岡山理大　　　,'教育　　,'　　　　　　,'　,'　　　,'０免課程　,'0,'33
'3777,'30,'05,'0,'0,'301,'岡山理大　　　,'教育　　,'初等教育　　,'　,'　　　,'小学校　　,'1,'33
'3777,'30,'07,'0,'0,'302,'岡山理大　　　,'教育　　,'中等教育　　,'　,'　　　,'中高－国語,'1,'33
'3777,'42,'00,'0,'0,'306,'岡山理大　　　,'理　　　,'　　　　　　,'　,'　　　,'中高－理科,'0,'33
'3777,'42,'03,'0,'0,'502,'岡山理大　　　,'理　　　,'物理　　　　,'　,'　　　,'物理学　　,'1,'33
'3777,'42,'04,'0,'0,'306,'岡山理大　　　,'理　　　,'化学　　　　,'　,'　　　,'中高－理科,'1,'33
'3777,'42,'05,'0,'0,'303,'岡山理大　　　,'理　　　,'基礎理　　　,'　,'　　　,'中高－数学,'1,'33
'3777,'42,'07,'0,'0,'501,'岡山理大　　　,'理　　　,'応用数　　　,'　,'　　　,'数学　　　,'1,'33
'3777,'42,'11,'0,'0,'504,'岡山理大　　　,'理　　　,'動物　　　　,'　,'　　　,'生物学　　,'1,'33
'3777,'43,'00,'0,'0,'504,'岡山理大　　　,'生物地球,'　　　　　　,'　,'　　　,'生物学　　,'0,'33
'3777,'43,'01,'0,'0,'103,'岡山理大　　　,'生物地球,'生物地球　　,'　,'　　　,'地理学　　,'1,'33
'3777,'43,'02,'0,'0,'504,'岡山理大　　　,'生物地球,'恐竜　　　　,'　,'　　　,'生物学　　,'1,'33
'3777,'46,'00,'0,'0,'553,'岡山理大　　　,'工　　　,'　　　　　　,'　,'　　　,'情報工学　,'0,'33
'3777,'46,'05,'0,'0,'553,'岡山理大　　　,'工　　　,'情報工　　　,'　,'　　　,'情報工学　,'1,'33
'3777,'46,'06,'0,'0,'552,'岡山理大　　　,'工　　　,'電気電子シス,'　,'　　　,'電気・電子,'1,'33
'3777,'46,'07,'0,'0,'555,'岡山理大　　　,'工　　　,'応用化　　　,'　,'　　　,'応用化学　,'1,'33
'3777,'46,'08,'0,'0,'551,'岡山理大　　　,'工　　　,'機械シス工　,'　,'　　　,'機械工学　,'1,'33
'3777,'46,'13,'0,'0,'405,'岡山理大　　　,'工　　　,'建築　　　　,'　,'　　　,'住居学　　,'1,'33
'3777,'47,'00,'0,'0,'455,'岡山理大　　　,'情報理工,'　　　　　　,'　,'　　　,'映像　　　,'0,'33
'3777,'47,'01,'0,'0,'455,'岡山理大　　　,'情報理工,'情報理工　　,'　,'　　　,'映像　　　,'1,'33
'3777,'74,'00,'0,'0,'705,'岡山理大　　　,'獣医　　,'　　　　　　,'　,'　　　,'獣医学　　,'0,'33
'3777,'74,'01,'0,'0,'705,'岡山理大　　　,'獣医　　,'獣医　　　　,'　,'　　　,'獣医学　　,'1,'33
'3777,'74,'02,'0,'0,'705,'岡山理大　　　,'獣医　　,'獣医保健看護,'　,'　　　,'獣医学　　,'1,'33
'3777,'75,'00,'0,'0,'504,'岡山理大　　　,'生命科学,'　　　　　　,'　,'　　　,'生物学　　,'0,'33
'3777,'75,'01,'0,'0,'504,'岡山理大　　　,'生命科学,'生物／バイオ,'　,'　　　,'生物学　　,'1,'33
'3777,'75,'02,'0,'0,'703,'岡山理大　　　,'生命科学,'生物／生物生,'　,'　　　,'農芸化学　,'1,'33
'3777,'75,'03,'0,'0,'555,'岡山理大　　　,'生命科学,'生物／コスメ,'　,'　　　,'応用化学　,'1,'33
'3777,'75,'04,'0,'0,'504,'岡山理大　　　,'生命科学,'生物／環境科,'　,'　　　,'生物学　　,'1,'33
'3777,'75,'05,'0,'0,'564,'岡山理大　　　,'生命科学,'生物／医用生,'　,'　　　,'生物工学　,'1,'33
'3777,'75,'06,'0,'0,'652,'岡山理大　　　,'生命科学,'医療技術　　,'　,'　　　,'医療技術　,'1,'33
'3777,'88,'00,'0,'0,'501,'岡山理大　　　,'アクティ,'　　　　　　,'　,'　　　,'数学　　　,'1,'33
'3778,'55,'00,'0,'0,'601,'川崎医大　　　,'医　　　,'　　　　　　,'　,'　　　,'医　　　　,'0,'33
'3778,'55,'01,'0,'0,'601,'川崎医大　　　,'医　　　,'医　　　　　,'　,'　　　,'医　　　　,'1,'33
'3779,'64,'00,'0,'0,'105,'川崎医療福祉大,'医療福祉,'　　　　　　,'　,'　　　,'心理学　　,'0,'33
'3779,'64,'01,'0,'0,'242,'川崎医療福祉大,'医療福祉,'医療福祉　　,'　,'　　　,'社会福祉学,'1,'33
'3779,'64,'03,'0,'0,'105,'川崎医療福祉大,'医療福祉,'臨床心理　　,'　,'　　　,'心理学　　,'1,'33
'3779,'64,'06,'0,'0,'312,'川崎医療福祉大,'医療福祉,'医療保育　　,'　,'　　　,'幼稚園　　,'1,'33
'3779,'65,'00,'0,'0,'652,'川崎医療福祉大,'医療技術,'　　　　　　,'　,'　　　,'医療技術　,'0,'33
'3779,'65,'04,'0,'0,'652,'川崎医療福祉大,'医療技術,'健康体育　　,'　,'　　　,'医療技術　,'1,'33
'3779,'65,'07,'0,'0,'402,'川崎医療福祉大,'医療技術,'臨床栄養　　,'　,'　　　,'食物・栄養,'1,'33
'3779,'65,'08,'0,'0,'652,'川崎医療福祉大,'医療技術,'臨床工　　　,'　,'　　　,'医療技術　,'1,'33
'3779,'65,'09,'0,'0,'658,'川崎医療福祉大,'医療技術,'臨床検査　　,'　,'　　　,'検査技術　,'1,'33
'3779,'65,'10,'0,'0,'657,'川崎医療福祉大,'医療技術,'診療放射技術,'　,'　　　,'放射線技術,'1,'33
'3779,'66,'00,'0,'0,'222,'川崎医療福祉大,'医療マネ,'　　　　　　,'　,'　　　,'経営学・商,'0,'33
'3779,'66,'02,'0,'0,'222,'川崎医療福祉大,'医療マネ,'医療コミュニ,'　,'　　　,'経営学・商,'1,'33
'3779,'66,'03,'0,'0,'451,'川崎医療福祉大,'医療マネ,'医療福祉デザ,'　,'　　　,'美術・デザ,'1,'33
'3779,'66,'04,'0,'0,'752,'川崎医療福祉大,'医療マネ,'医療データサ,'　,'　　　,'総合情報学,'1,'33
'3779,'67,'00,'0,'0,'651,'川崎医療福祉大,'保健看護,'　　　　　　,'　,'　　　,'看護　　　,'0,'33
'3779,'67,'01,'0,'0,'651,'川崎医療福祉大,'保健看護,'保健看護　　,'　,'　　　,'看護　　　,'1,'33
'3779,'68,'00,'0,'0,'652,'川崎医療福祉大,'リハビリ,'　　　　　　,'　,'　　　,'医療技術　,'0,'33
'3779,'68,'01,'0,'0,'655,'川崎医療福祉大,'リハビリ,'理学療法　　,'　,'　　　,'理学療法　,'1,'33
'3779,'68,'02,'0,'0,'656,'川崎医療福祉大,'リハビリ,'作業療法　　,'　,'　　　,'作業療法　,'1,'33
'3779,'68,'03,'0,'0,'652,'川崎医療福祉大,'リハビリ,'言語聴覚療法,'　,'　　　,'医療技術　,'1,'33
'3779,'68,'04,'0,'0,'652,'川崎医療福祉大,'リハビリ,'視能療法　　,'　,'　　　,'医療技術　,'1,'33
'3780,'08,'00,'0,'0,'151,'吉備国際大　　,'外国語　,'　　　　　　,'　,'　　　,'英米語　　,'0,'33
'3780,'08,'01,'0,'0,'151,'吉備国際大　　,'外国語　,'外国　　　　,'　,'　　　,'英米語　　,'1,'33
'3780,'27,'00,'0,'0,'222,'吉備国際大　　,'社会科学,'　　　　　　,'　,'　　　,'経営学・商,'0,'33
'3780,'27,'01,'0,'0,'222,'吉備国際大　　,'社会科学,'経営社会　　,'　,'　　　,'経営学・商,'1,'33
'3780,'27,'03,'0,'0,'222,'吉備国際大　　,'社会科学,'スポーツ社会,'　,'　　　,'経営学・商,'1,'33
'3780,'37,'00,'0,'0,'105,'吉備国際大　　,'人間科学,'　　　　　　,'　,'　　　,'心理学　　,'0,'33
'3780,'37,'01,'0,'0,'105,'吉備国際大　　,'人間科学,'人間／心理学,'　,'　　　,'心理学　　,'1,'33
'3780,'37,'02,'0,'0,'655,'吉備国際大　　,'人間科学,'人間／理学療,'　,'　　　,'理学療法　,'1,'33
'3780,'37,'03,'0,'0,'656,'吉備国際大　　,'人間科学,'人間／作業療,'　,'　　　,'作業療法　,'1,'33
'3780,'64,'00,'0,'0,'651,'吉備国際大　　,'看護　　,'　　　　　　,'　,'　　　,'看護　　　,'0,'33
'3780,'64,'01,'0,'0,'651,'吉備国際大　　,'看護　　,'看護　　　　,'　,'　　　,'看護　　　,'1,'33
'3780,'72,'00,'0,'0,'701,'吉備国際大　　,'農　　　,'　　　　　　,'　,'　　　,'農学　　　,'0,'33
'3780,'72,'01,'0,'0,'701,'吉備国際大　　,'農　　　,'農業資源生物,'　,'　　　,'農学　　　,'1,'33
'3780,'72,'03,'0,'0,'708,'吉備国際大　　,'農　　　,'海洋水産生物,'　,'　　　,'水産学　　,'1,'33
'3780,'72,'04,'0,'0,'753,'吉備国際大　　,'農　　　,'アクアグリー,'　,'　　　,'総合科学　,'1,'33
'3780,'83,'00,'0,'0,'455,'吉備国際大　　,'アニメー,'　　　　　　,'　,'　　　,'映像　　　,'0,'33
'3780,'83,'01,'0,'0,'455,'吉備国際大　　,'アニメー,'アニメーショ,'　,'　　　,'映像　　　,'1,'33
'3781,'74,'00,'0,'0,'564,'倉敷芸術科学大,'生命科学,'　　　　　　,'　,'　　　,'生物工学　,'0,'33
'3781,'74,'01,'0,'0,'564,'倉敷芸術科学大,'生命科学,'環境生命科学,'　,'　　　,'生物工学　,'1,'33
'3781,'74,'02,'0,'0,'654,'倉敷芸術科学大,'生命科学,'健康科学　　,'　,'　　　,'体育・健康,'1,'33
'3781,'74,'03,'0,'0,'705,'倉敷芸術科学大,'生命科学,'動物生命科学,'　,'　　　,'獣医学　　,'1,'33
'3781,'74,'04,'0,'0,'658,'倉敷芸術科学大,'生命科学,'生命医科学　,'　,'　　　,'検査技術　,'1,'33
'3781,'83,'00,'0,'0,'451,'倉敷芸術科学大,'芸術　　,'　　　　　　,'　,'　　　,'美術・デザ,'0,'33
'3781,'83,'08,'0,'0,'451,'倉敷芸術科学大,'芸術　　,'芸術　　　　,'　,'　　　,'美術・デザ,'1,'33
'3782,'31,'00,'0,'0,'301,'くらしき作陽大,'子ども教,'　　　　　　,'　,'　　　,'小学校　　,'0,'33
'3782,'31,'01,'0,'0,'301,'くらしき作陽大,'子ども教,'子ども教育　,'　,'　　　,'小学校　　,'1,'33
'3782,'64,'00,'0,'0,'654,'くらしき作陽大,'健康スポ,'　　　　　　,'　,'　　　,'体育・健康,'0,'33
'3782,'64,'01,'0,'0,'654,'くらしき作陽大,'健康スポ,'健康スポーツ,'　,'　　　,'体育・健康,'1,'33
'3782,'79,'00,'0,'0,'402,'くらしき作陽大,'食文化　,'　　　　　　,'　,'　　　,'食物・栄養,'0,'33
'3782,'79,'01,'0,'0,'402,'くらしき作陽大,'食文化　,'食マネジメン,'　,'　　　,'食物・栄養,'1,'33
'3782,'79,'03,'0,'0,'402,'くらしき作陽大,'食文化　,'栄養　　　　,'　,'　　　,'食物・栄養,'1,'33
'3782,'83,'00,'0,'0,'453,'くらしき作陽大,'音楽　　,'　　　　　　,'　,'　　　,'音楽　　　,'0,'33
'3782,'83,'04,'0,'0,'453,'くらしき作陽大,'音楽　　,'音楽／モスク,'　,'　　　,'音楽　　　,'1,'33
'3782,'83,'05,'0,'0,'453,'くらしき作陽大,'音楽　　,'音楽／演奏芸,'　,'　　　,'音楽　　　,'1,'33
'3782,'83,'06,'0,'0,'309,'くらしき作陽大,'音楽　　,'音楽／教育文,'　,'　　　,'中高－音楽,'1,'33
'3783,'21,'00,'0,'0,'202,'山陽学園大　　,'地域マネ,'　　　　　　,'　,'　　　,'政治学　　,'0,'33
'3783,'21,'01,'0,'0,'202,'山陽学園大　　,'地域マネ,'地域マネジメ,'　,'　　　,'政治学　　,'1,'33
'3783,'37,'00,'0,'0,'105,'山陽学園大　　,'総合人間,'　　　　　　,'　,'　　　,'心理学　　,'0,'33
'3783,'37,'01,'0,'0,'105,'山陽学園大　　,'総合人間,'ビジネス心理,'　,'　　　,'心理学　　,'1,'33
'3783,'37,'02,'0,'0,'106,'山陽学園大　　,'総合人間,'言語文化　　,'　,'　　　,'文化学　　,'1,'33
'3783,'64,'00,'0,'0,'651,'山陽学園大　　,'看護　　,'　　　　　　,'　,'　　　,'看護　　　,'0,'33
'3783,'64,'01,'0,'0,'651,'山陽学園大　　,'看護　　,'看護　　　　,'　,'　　　,'看護　　　,'1,'33
'3784,'03,'00,'0,'0,'101,'就実大　　　　,'人文科学,'　　　　　　,'　,'　　　,'日本文学　,'0,'33
'3784,'03,'01,'0,'0,'102,'就実大　　　　,'人文科学,'実践英語　　,'　,'　　　,'外国文学　,'1,'33
'3784,'03,'02,'0,'0,'107,'就実大　　　　,'人文科学,'総合歴史　　,'　,'　　　,'西洋史　　,'1,'33
'3784,'03,'03,'0,'0,'101,'就実大　　　　,'人文科学,'表現文化　　,'　,'　　　,'日本文学　,'1,'33
'3784,'04,'00,'0,'0,'105,'就実大　　　　,'心理　　,'　　　　　　,'　,'　　　,'心理学　　,'0,'33
'3784,'04,'01,'0,'0,'105,'就実大　　　　,'心理　　,'心理　　　　,'　,'　　　,'心理学　　,'1,'33
'3784,'19,'00,'0,'0,'222,'就実大　　　　,'経営　　,'　　　　　　,'　,'　　　,'経営学・商,'0,'33
'3784,'19,'01,'0,'0,'222,'就実大　　　　,'経営　　,'経営　　　　,'　,'　　　,'経営学・商,'1,'33
'3784,'30,'00,'0,'0,'301,'就実大　　　　,'教育　　,'　　　　　　,'　,'　　　,'小学校　　,'0,'33
'3784,'30,'01,'0,'0,'301,'就実大　　　　,'教育　　,'教育　　　　,'　,'　　　,'小学校　　,'1,'33
'3784,'61,'00,'0,'0,'621,'就実大　　　　,'薬　　　,'　　　　　　,'　,'　　　,'薬　　　　,'0,'33
'3784,'61,'03,'0,'0,'621,'就実大　　　　,'薬　　　,'薬　　　　　,'　,'　　　,'薬　　　　,'1,'33
'3785,'01,'00,'0,'0,'101,'清心女子大　　,'文　　　,'　　　　　　,'　,'　　　,'日本文学　,'0,'33
'3785,'01,'01,'0,'0,'102,'清心女子大　　,'文　　　,'英語英文　　,'　,'　　　,'外国文学　,'1,'33
'3785,'01,'02,'0,'0,'101,'清心女子大　　,'文　　　,'日本語日本文,'　,'　　　,'日本文学　,'1,'33
'3785,'01,'03,'0,'0,'107,'清心女子大　　,'文　　　,'現代社会　　,'　,'　　　,'西洋史　　,'1,'33
'3785,'33,'00,'0,'0,'151,'清心女子大　　,'国際文化,'　　　　　　,'　,'　　　,'英米語　　,'0,'33
'3785,'33,'01,'0,'0,'151,'清心女子大　　,'国際文化,'国際文化　　,'　,'　　　,'英米語　　,'1,'33
'3785,'37,'00,'0,'0,'752,'清心女子大　　,'情報デザ,'　　　　　　,'　,'　　　,'総合情報学,'0,'33
'3785,'37,'01,'0,'0,'752,'清心女子大　　,'情報デザ,'情報デザイン,'　,'　　　,'総合情報学,'1,'33
'3785,'79,'00,'0,'0,'221,'清心女子大　　,'人間生活,'　　　　　　,'　,'　　　,'経済学　　,'0,'33
'3785,'79,'01,'0,'0,'221,'清心女子大　　,'人間生活,'人間生活　　,'　,'　　　,'経済学　　,'1,'33
'3785,'79,'02,'0,'0,'301,'清心女子大　　,'人間生活,'児童　　　　,'　,'　　　,'小学校　　,'1,'33
'3785,'79,'06,'0,'0,'402,'清心女子大　　,'人間生活,'食品栄養　　,'　,'　　　,'食物・栄養,'1,'33
'3786,'79,'00,'0,'0,'105,'美作大　　　　,'生活科学,'　　　　　　,'　,'　　　,'心理学　　,'0,'33
'3786,'79,'01,'0,'0,'402,'美作大　　　　,'生活科学,'食物　　　　,'　,'　　　,'食物・栄養,'1,'33
'3786,'79,'02,'0,'0,'105,'美作大　　　　,'生活科学,'児童　　　　,'　,'　　　,'心理学　　,'1,'33
'3786,'79,'06,'0,'0,'242,'美作大　　　　,'生活科学,'社会福祉　　,'　,'　　　,'社会福祉学,'1,'33
'3787,'79,'00,'0,'0,'402,'岡山学院大　　,'デジタル,'　　　　　　,'　,'　　　,'食物・栄養,'0,'33
'3787,'79,'01,'0,'0,'402,'岡山学院大　　,'デジタル,'フードマネジ,'　,'　　　,'食物・栄養,'1,'33
'3788,'37,'00,'0,'0,'151,'中国学園大　　,'国際教養,'　　　　　　,'　,'　　　,'英米語　　,'0,'33
'3788,'37,'01,'0,'0,'151,'中国学園大　　,'国際教養,'国際教養　　,'　,'　　　,'英米語　　,'1,'33
'3788,'79,'00,'0,'0,'402,'中国学園大　　,'現代生活,'　　　　　　,'　,'　　　,'食物・栄養,'0,'33
'3788,'79,'01,'0,'0,'402,'中国学園大　　,'現代生活,'人間栄養　　,'　,'　　　,'食物・栄養,'1,'33
'3788,'80,'00,'0,'0,'301,'中国学園大　　,'子ども　,'　　　　　　,'　,'　　　,'小学校　　,'0,'33
'3788,'80,'01,'0,'0,'301,'中国学園大　　,'子ども　,'子ども　　　,'　,'　　　,'小学校　　,'1,'33
'3789,'21,'00,'0,'0,'202,'環太平洋大　　,'経済経営,'　　　　　　,'　,'　　　,'政治学　　,'0,'33
'3789,'21,'04,'0,'0,'202,'環太平洋大　　,'経済経営,'現代経営　　,'　,'　　　,'政治学　　,'1,'33
'3789,'22,'00,'0,'0,'221,'環太平洋大　　,'国際経済,'　　　　　　,'　,'　　　,'経済学　　,'0,'33
'3789,'22,'01,'0,'0,'221,'環太平洋大　　,'国際経済,'国際経済経営,'　,'　　　,'経済学　　,'1,'33
'3789,'31,'00,'0,'0,'301,'環太平洋大　　,'次世代教,'　　　　　　,'　,'　　　,'小学校　　,'0,'33
'3789,'31,'01,'0,'0,'312,'環太平洋大　　,'次世代教,'こども発達　,'　,'　　　,'幼稚園　　,'1,'33
'3789,'31,'02,'0,'0,'301,'環太平洋大　　,'次世代教,'教育　　　　,'　,'　　　,'小学校　　,'1,'33
'3789,'64,'00,'0,'0,'654,'環太平洋大　　,'体育　　,'　　　　　　,'　,'　　　,'体育・健康,'0,'33
'3789,'64,'01,'0,'0,'222,'環太平洋大　　,'体育　　,'体育　　　　,'　,'　　　,'経営学・商,'1,'33
'3789,'64,'02,'0,'0,'652,'環太平洋大　　,'体育　　,'健康科学　　,'　,'　　　,'医療技術　,'1,'33
'3789,'64,'04,'0,'0,'654,'環太平洋大　　,'体育　　,'競技スポーツ,'　,'　　　,'体育・健康,'1,'33
'3790,'64,'00,'0,'0,'655,'岡山医療職大　,'健康科学,'　　　　　　,'　,'　　　,'理学療法　,'0,'33
'3790,'64,'01,'0,'0,'655,'岡山医療職大　,'健康科学,'理学療法　　,'　,'　　　,'理学療法　,'1,'33
'3790,'64,'02,'0,'0,'656,'岡山医療職大　,'健康科学,'作業療法　　,'　,'　　　,'作業療法　,'1,'33
'3796,'83,'00,'0,'0,'453,'エリザベト音大,'音楽　　,'　　　　　　,'　,'　　　,'音楽　　　,'0,'34
'3796,'83,'05,'0,'0,'312,'エリザベト音大,'音楽　　,'音楽文化　　,'　,'　　　,'幼稚園　　,'1,'34
'3796,'83,'06,'0,'0,'453,'エリザベト音大,'音楽　　,'演奏　　　　,'　,'　　　,'音楽　　　,'1,'34
'3797,'03,'00,'0,'0,'301,'広島文化学園大,'学芸　　,'　　　　　　,'　,'　　　,'小学校　　,'0,'34
'3797,'03,'01,'0,'0,'301,'広島文化学園大,'学芸　　,'子ども　　　,'　,'　　　,'小学校　　,'1,'34
'3797,'03,'02,'0,'0,'453,'広島文化学園大,'学芸　　,'音楽　　　　,'　,'　　　,'音楽　　　,'1,'34
'3797,'64,'00,'0,'0,'651,'広島文化学園大,'看護　　,'　　　　　　,'　,'　　　,'看護　　　,'0,'34
'3797,'64,'01,'0,'0,'651,'広島文化学園大,'看護　　,'看護　　　　,'　,'　　　,'看護　　　,'1,'34
'3797,'65,'00,'0,'0,'242,'広島文化学園大,'人間健康,'　　　　　　,'　,'　　　,'社会福祉学,'0,'34
'3797,'65,'01,'0,'0,'242,'広島文化学園大,'人間健康,'スポーツ健康,'　,'　　　,'社会福祉学,'1,'34
'3798,'03,'00,'0,'0,'101,'比治山大　　　,'現代文化,'　　　　　　,'　,'　　　,'日本文学　,'0,'34
'3798,'03,'04,'0,'0,'101,'比治山大　　　,'現代文化,'言語文化　　,'　,'　　　,'日本文学　,'1,'34
'3798,'03,'06,'0,'0,'243,'比治山大　　　,'現代文化,'マスコミュニ,'　,'　　　,'観光学　　,'1,'34
'3798,'03,'07,'0,'0,'105,'比治山大　　　,'現代文化,'社会臨床心理,'　,'　　　,'心理学　　,'1,'34
'3798,'03,'08,'0,'0,'301,'比治山大　　　,'現代文化,'子ども発達教,'　,'　　　,'小学校　　,'1,'34
'3798,'64,'00,'0,'0,'402,'比治山大　　　,'健康栄養,'　　　　　　,'　,'　　　,'食物・栄養,'0,'34
'3798,'64,'01,'0,'0,'402,'比治山大　　　,'健康栄養,'健康栄養　　,'　,'　　　,'食物・栄養,'1,'34
'3799,'18,'00,'0,'0,'221,'広島経大　　　,'経済　　,'　　　　　　,'　,'　　　,'経済学　　,'0,'34
'3799,'18,'02,'0,'0,'221,'広島経大　　　,'経済　　,'経済　　　　,'　,'　　　,'経済学　　,'1,'34
'3799,'19,'00,'0,'0,'222,'広島経大　　　,'経営　　,'　　　　　　,'　,'　　　,'経営学・商,'0,'34
'3799,'19,'01,'0,'0,'222,'広島経大　　　,'経営　　,'経営　　　　,'　,'　　　,'経営学・商,'1,'34
'3799,'19,'02,'0,'0,'222,'広島経大　　　,'経営　　,'スポーツ経営,'　,'　　　,'経営学・商,'1,'34
'3799,'21,'00,'0,'0,'223,'広島経大　　　,'メディア,'　　　　　　,'　,'　　　,'経営情報学,'0,'34
'3799,'21,'01,'0,'0,'223,'広島経大　　　,'メディア,'ビジネス情報,'　,'　　　,'経営情報学,'1,'34
'3799,'21,'02,'0,'0,'752,'広島経大　　　,'メディア,'メディアビジ,'　,'　　　,'総合情報学,'1,'34
'3800,'46,'00,'0,'0,'552,'広島工大　　　,'工　　　,'　　　　　　,'　,'　　　,'電気・電子,'0,'34
'3800,'46,'03,'0,'0,'552,'広島工大　　　,'工　　　,'電気シス工　,'　,'　　　,'電気・電子,'1,'34
'3800,'46,'06,'0,'0,'551,'広島工大　　　,'工　　　,'機械情報工　,'　,'　　　,'機械工学　,'1,'34
'3800,'46,'08,'0,'0,'554,'広島工大　　　,'工　　　,'建築工　　　,'　,'　　　,'建築・土木,'1,'34
'3800,'46,'10,'0,'0,'554,'広島工大　　　,'工　　　,'環境土木工　,'　,'　　　,'建築・土木,'1,'34
'3800,'46,'11,'0,'0,'552,'広島工大　　　,'工　　　,'電子／電子情,'　,'　　　,'電気・電子,'1,'34
'3800,'46,'12,'0,'0,'652,'広島工大　　　,'工　　　,'電子／臨床工,'　,'　　　,'医療技術　,'1,'34
'3800,'47,'00,'0,'0,'402,'広島工大　　　,'環境　　,'　　　　　　,'　,'　　　,'食物・栄養,'0,'34
'3800,'47,'04,'0,'0,'505,'広島工大　　　,'環境　　,'地球環境　　,'　,'　　　,'地球科学　,'1,'34
'3800,'47,'05,'0,'0,'405,'広島工大　　　,'環境　　,'建築デザイン,'　,'　　　,'住居学　　,'1,'34
'3800,'47,'06,'0,'0,'402,'広島工大　　　,'環境　　,'食健康科学　,'　,'　　　,'食物・栄養,'1,'34
'3800,'48,'00,'0,'0,'752,'広島工大　　　,'情報　　,'　　　　　　,'　,'　　　,'総合情報学,'0,'34
'3800,'48,'01,'0,'0,'553,'広島工大　　　,'情報　　,'情報工　　　,'　,'　　　,'情報工学　,'1,'34
'3800,'48,'05,'0,'0,'752,'広島工大　　　,'情報　　,'情報システム,'　,'　　　,'総合情報学,'1,'34
'3800,'48,'06,'0,'0,'752,'広島工大　　　,'情報　　,'情報マネジメ,'　,'　　　,'総合情報学,'1,'34
'3801,'02,'00,'0,'0,'106,'広島修道大　　,'人文　　,'　　　　　　,'　,'　　　,'文化学　　,'0,'34
'3801,'02,'01,'0,'0,'106,'広島修道大　　,'人文　　,'英語英文　　,'　,'　　　,'文化学　　,'1,'34
'3801,'02,'05,'0,'0,'301,'広島修道大　　,'人文　　,'教育　　　　,'　,'　　　,'小学校　　,'1,'34
'3801,'02,'06,'0,'0,'241,'広島修道大　　,'人文　　,'社会　　　　,'　,'　　　,'社会学　　,'1,'34
'3801,'12,'00,'0,'0,'201,'広島修道大　　,'法　　　,'　　　　　　,'　,'　　　,'法学　　　,'0,'34
'3801,'12,'02,'0,'0,'201,'広島修道大　　,'法　　　,'法律　　　　,'　,'　　　,'法学　　　,'1,'34
'3801,'20,'00,'0,'0,'222,'広島修道大　　,'商　　　,'　　　　　　,'　,'　　　,'経営学・商,'0,'34
'3801,'20,'02,'0,'0,'222,'広島修道大　　,'商　　　,'経営　　　　,'　,'　　　,'経営学・商,'1,'34
'3801,'20,'03,'0,'0,'222,'広島修道大　　,'商　　　,'商　　　　　,'　,'　　　,'経営学・商,'1,'34
'3801,'21,'00,'0,'0,'221,'広島修道大　　,'経済科学,'　　　　　　,'　,'　　　,'経済学　　,'0,'34
'3801,'21,'01,'0,'0,'221,'広島修道大　　,'経済科学,'現代経済　　,'　,'　　　,'経済学　　,'1,'34
'3801,'21,'02,'0,'0,'221,'広島修道大　　,'経済科学,'経済情報　　,'　,'　　　,'経済学　　,'1,'34
'3801,'27,'00,'0,'0,'202,'広島修道大　　,'国際コミ,'　　　　　　,'　,'　　　,'政治学　　,'0,'34
'3801,'27,'01,'0,'0,'202,'広島修道大　　,'国際コミ,'国際政治　　,'　,'　　　,'政治学　　,'1,'34
'3801,'27,'02,'0,'0,'202,'広島修道大　　,'国際コミ,'地域行政　　,'　,'　　　,'政治学　　,'1,'34
'3801,'37,'00,'0,'0,'753,'広島修道大　　,'人間環境,'　　　　　　,'　,'　　　,'総合科学　,'0,'34
'3801,'37,'01,'0,'0,'753,'広島修道大　　,'人間環境,'人間環境　　,'　,'　　　,'総合科学　,'1,'34
'3801,'64,'00,'0,'0,'105,'広島修道大　　,'健康科学,'　　　　　　,'　,'　　　,'心理学　　,'0,'34
'3801,'64,'01,'0,'0,'105,'広島修道大　　,'健康科学,'心理　　　　,'　,'　　　,'心理学　　,'1,'34
'3801,'64,'02,'0,'0,'402,'広島修道大　　,'健康科学,'健康栄養　　,'　,'　　　,'食物・栄養,'1,'34
'3802,'02,'00,'0,'0,'106,'広島女学院大　,'人文　　,'　　　　　　,'　,'　　　,'文化学　　,'0,'34
'3802,'02,'01,'0,'0,'106,'広島女学院大　,'人文　　,'国際英語　　,'　,'　　　,'文化学　　,'1,'34
'3802,'02,'02,'0,'0,'101,'広島女学院大　,'人文　　,'日本文化　　,'　,'　　　,'日本文学　,'1,'34
'3802,'80,'00,'0,'0,'301,'広島女学院大　,'人間生活,'　　　　　　,'　,'　　　,'小学校　　,'0,'34
'3802,'80,'01,'0,'0,'401,'広島女学院大　,'人間生活,'生活デザイン,'　,'　　　,'生活科学　,'1,'34
'3802,'80,'02,'0,'0,'402,'広島女学院大　,'人間生活,'管理栄養　　,'　,'　　　,'食物・栄養,'1,'34
'3802,'80,'04,'0,'0,'301,'広島女学院大　,'人間生活,'児童教育　　,'　,'　　　,'小学校　　,'1,'34
'3804,'30,'00,'0,'0,'316,'広島文教大　　,'教育　　,'　　　　　　,'　,'　　　,'０免課程　,'0,'34
'3804,'30,'01,'0,'0,'301,'広島文教大　　,'教育　　,'教育／初等教,'　,'　　　,'小学校　　,'1,'34
'3804,'30,'02,'0,'0,'302,'広島文教大　　,'教育　　,'教育／中等教,'　,'　　　,'中高－国語,'1,'34
'3804,'37,'00,'0,'0,'105,'広島文教大　　,'人間科学,'　　　　　　,'　,'　　　,'心理学　　,'0,'34
'3804,'37,'01,'0,'0,'151,'広島文教大　　,'人間科学,'グローバルコ,'　,'　　　,'英米語　　,'1,'34
'3804,'37,'04,'0,'0,'242,'広島文教大　　,'人間科学,'人間福祉　　,'　,'　　　,'社会福祉学,'1,'34
'3804,'37,'05,'0,'0,'105,'広島文教大　　,'人間科学,'心理　　　　,'　,'　　　,'心理学　　,'1,'34
'3804,'37,'06,'0,'0,'402,'広島文教大　　,'人間科学,'人間栄養　　,'　,'　　　,'食物・栄養,'1,'34
'3805,'18,'00,'0,'0,'221,'福山大　　　　,'経済　　,'　　　　　　,'　,'　　　,'経済学　　,'0,'34
'3805,'18,'01,'0,'0,'221,'福山大　　　　,'経済　　,'経済　　　　,'　,'　　　,'経済学　　,'1,'34
'3805,'18,'02,'0,'0,'221,'福山大　　　　,'経済　　,'国際経済　　,'　,'　　　,'経済学　　,'1,'34
'3805,'18,'03,'0,'0,'222,'福山大　　　　,'経済　　,'税務会計　　,'　,'　　　,'経営学・商,'1,'34
'3805,'37,'00,'0,'0,'105,'福山大　　　　,'人間文化,'　　　　　　,'　,'　　　,'心理学　　,'0,'34
'3805,'37,'01,'0,'0,'106,'福山大　　　　,'人間文化,'人間文化　　,'　,'　　　,'文化学　　,'1,'34
'3805,'37,'03,'0,'0,'105,'福山大　　　　,'人間文化,'心理　　　　,'　,'　　　,'心理学　　,'1,'34
'3805,'37,'04,'0,'0,'455,'福山大　　　　,'人間文化,'メディア・映,'　,'　　　,'映像　　　,'1,'34
'3805,'46,'00,'0,'0,'551,'福山大　　　　,'工　　　,'　　　　　　,'　,'　　　,'機械工学　,'0,'34
'3805,'46,'01,'0,'0,'551,'福山大　　　　,'工　　　,'機械シス工　,'　,'　　　,'機械工学　,'1,'34
'3805,'46,'04,'0,'0,'553,'福山大　　　　,'工　　　,'情報工　　　,'　,'　　　,'情報工学　,'1,'34
'3805,'46,'06,'0,'0,'551,'福山大　　　　,'工　　　,'電気電子工　,'　,'　　　,'機械工学　,'1,'34
'3805,'46,'09,'0,'0,'554,'福山大　　　　,'工　　　,'建築　　　　,'　,'　　　,'建築・土木,'1,'34
'3805,'47,'00,'0,'0,'402,'福山大　　　　,'生命工　,'　　　　　　,'　,'　　　,'食物・栄養,'0,'34
'3805,'47,'01,'0,'0,'564,'福山大　　　　,'生命工　,'生物科学　　,'　,'　　　,'生物工学　,'1,'34
'3805,'47,'03,'0,'0,'708,'福山大　　　　,'生命工　,'海洋生物科学,'　,'　　　,'水産学　　,'1,'34
'3805,'47,'04,'0,'0,'402,'福山大　　　　,'生命工　,'健康栄養科学,'　,'　　　,'食物・栄養,'1,'34
'3805,'61,'00,'0,'0,'621,'福山大　　　　,'薬　　　,'　　　　　　,'　,'　　　,'薬　　　　,'0,'34
'3805,'61,'02,'0,'0,'621,'福山大　　　　,'薬　　　,'薬　　　　　,'　,'　　　,'薬　　　　,'1,'34
'3806,'19,'00,'0,'0,'222,'福山平成大　　,'経営　　,'　　　　　　,'　,'　　　,'経営学・商,'0,'34
'3806,'19,'01,'0,'0,'222,'福山平成大　　,'経営　　,'経営　　　　,'　,'　　　,'経営学・商,'1,'34
'3806,'64,'00,'0,'0,'242,'福山平成大　　,'福祉健康,'　　　　　　,'　,'　　　,'社会福祉学,'0,'34
'3806,'64,'01,'0,'0,'242,'福山平成大　　,'福祉健康,'福祉　　　　,'　,'　　　,'社会福祉学,'1,'34
'3806,'64,'02,'0,'0,'654,'福山平成大　　,'福祉健康,'健康スポーツ,'　,'　　　,'体育・健康,'1,'34
'3806,'64,'05,'0,'0,'301,'福山平成大　　,'福祉健康,'こども　　　,'　,'　　　,'小学校　　,'1,'34
'3806,'65,'00,'0,'0,'651,'福山平成大　　,'看護　　,'　　　　　　,'　,'　　　,'看護　　　,'0,'34
'3806,'65,'01,'0,'0,'651,'福山平成大　　,'看護　　,'看護　　　　,'　,'　　　,'看護　　　,'1,'34
'3807,'01,'00,'0,'0,'101,'安田女子大　　,'文　　　,'　　　　　　,'　,'　　　,'日本文学　,'0,'34
'3807,'01,'01,'0,'0,'151,'安田女子大　　,'文　　　,'英語英米文　,'　,'　　　,'英米語　　,'1,'34
'3807,'01,'03,'0,'0,'101,'安田女子大　　,'文　　　,'日本文　　　,'　,'　　　,'日本文学　,'1,'34
'3807,'01,'08,'0,'0,'454,'安田女子大　　,'文　　　,'書道　　　　,'　,'　　　,'書道　　　,'1,'34
'3807,'03,'00,'0,'0,'105,'安田女子大　　,'心理　　,'　　　　　　,'　,'　　　,'心理学　　,'0,'34
'3807,'03,'01,'0,'0,'105,'安田女子大　　,'心理　　,'現代心理　　,'　,'　　　,'心理学　　,'1,'34
'3807,'03,'02,'0,'0,'105,'安田女子大　　,'心理　　,'ビジネス心理,'　,'　　　,'心理学　　,'1,'34
'3807,'21,'00,'0,'0,'222,'安田女子大　　,'現代ビジ,'　　　　　　,'　,'　　　,'経営学・商,'0,'34
'3807,'21,'01,'0,'0,'221,'安田女子大　　,'現代ビジ,'現代ビジネス,'　,'　　　,'経済学　　,'1,'34
'3807,'21,'02,'0,'0,'222,'安田女子大　　,'現代ビジ,'国際観光ビジ,'　,'　　　,'経営学・商,'1,'34
'3807,'21,'03,'0,'0,'202,'安田女子大　　,'現代ビジ,'公共経営　　,'　,'　　　,'政治学　　,'1,'34
'3807,'30,'00,'0,'0,'312,'安田女子大　　,'教育　　,'　　　　　　,'　,'　　　,'幼稚園　　,'0,'34
'3807,'30,'01,'0,'0,'301,'安田女子大　　,'教育　　,'児童教育　　,'　,'　　　,'小学校　　,'1,'34
'3807,'30,'02,'0,'0,'312,'安田女子大　　,'教育　　,'幼児教育　　,'　,'　　　,'幼稚園　　,'1,'34
'3807,'47,'00,'0,'0,'405,'安田女子大　　,'理工　　,'　　　　　　,'　,'　　　,'住居学　　,'0,'34
'3807,'47,'01,'0,'0,'564,'安田女子大　　,'理工　　,'生物科学　　,'　,'　　　,'生物工学　,'1,'34
'3807,'47,'02,'0,'0,'553,'安田女子大　　,'理工　　,'情報科学　　,'　,'　　　,'情報工学　,'1,'34
'3807,'47,'03,'0,'0,'405,'安田女子大　　,'理工　　,'建築　　　　,'　,'　　　,'住居学　　,'1,'34
'3807,'61,'00,'0,'0,'621,'安田女子大　　,'薬　　　,'　　　　　　,'　,'　　　,'薬　　　　,'0,'34
'3807,'61,'01,'0,'0,'621,'安田女子大　　,'薬　　　,'薬　　　　　,'　,'　　　,'薬　　　　,'1,'34
'3807,'64,'00,'0,'0,'651,'安田女子大　　,'看護　　,'　　　　　　,'　,'　　　,'看護　　　,'0,'34
'3807,'64,'01,'0,'0,'651,'安田女子大　　,'看護　　,'看護　　　　,'　,'　　　,'看護　　　,'1,'34
'3807,'79,'00,'0,'0,'401,'安田女子大　　,'家政　　,'　　　　　　,'　,'　　　,'生活科学　,'0,'34
'3807,'79,'01,'0,'0,'401,'安田女子大　　,'家政　　,'生活デザイン,'　,'　　　,'生活科学　,'1,'34
'3807,'79,'02,'0,'0,'402,'安田女子大　　,'家政　　,'管理栄養　　,'　,'　　　,'食物・栄養,'1,'34
'3807,'79,'03,'0,'0,'401,'安田女子大　　,'家政　　,'造形デザイン,'　,'　　　,'生活科学　,'1,'34
'3808,'61,'00,'0,'0,'621,'広島国際大　　,'薬　　　,'　　　　　　,'　,'　　　,'薬　　　　,'0,'34
'3808,'61,'01,'0,'0,'621,'広島国際大　　,'薬　　　,'薬　　　　　,'　,'　　　,'薬　　　　,'1,'34
'3808,'64,'00,'0,'0,'652,'広島国際大　　,'保健医療,'　　　　　　,'　,'　　　,'医療技術　,'0,'34
'3808,'64,'02,'0,'0,'657,'広島国際大　　,'保健医療,'診療放射線　,'　,'　　　,'放射線技術,'1,'34
'3808,'64,'09,'0,'0,'652,'広島国際大　　,'保健医療,'医療／臨床工,'　,'　　　,'医療技術　,'1,'34
'3808,'64,'10,'0,'0,'658,'広島国際大　　,'保健医療,'医療／臨床検,'　,'　　　,'検査技術　,'1,'34
'3808,'64,'12,'0,'0,'652,'広島国際大　　,'保健医療,'救急救命　　,'　,'　　　,'医療技術　,'1,'34
'3808,'66,'00,'0,'0,'651,'広島国際大　　,'看護　　,'　　　　　　,'　,'　　　,'看護　　　,'0,'34
'3808,'66,'01,'0,'0,'651,'広島国際大　　,'看護　　,'看護　　　　,'　,'　　　,'看護　　　,'1,'34
'3808,'67,'00,'0,'0,'652,'広島国際大　　,'総合リハ,'　　　　　　,'　,'　　　,'医療技術　,'0,'34
'3808,'67,'01,'0,'0,'655,'広島国際大　　,'総合リハ,'リハ／理学療,'　,'　　　,'理学療法　,'1,'34
'3808,'67,'02,'0,'0,'656,'広島国際大　　,'総合リハ,'リハ／作業療,'　,'　　　,'作業療法　,'1,'34
'3808,'67,'03,'0,'0,'652,'広島国際大　　,'総合リハ,'リハ／言語聴,'　,'　　　,'医療技術　,'1,'34
'3808,'67,'07,'0,'0,'652,'広島国際大　　,'総合リハ,'リハ／義肢装,'　,'　　　,'医療技術　,'1,'34
'3808,'68,'00,'0,'0,'654,'広島国際大　　,'健康スポ,'　　　　　　,'　,'　　　,'体育・健康,'0,'34
'3808,'68,'01,'0,'0,'654,'広島国際大　　,'健康スポ,'健康スポーツ,'　,'　　　,'体育・健康,'1,'34
'3808,'69,'00,'0,'0,'105,'広島国際大　　,'健康科学,'　　　　　　,'　,'　　　,'心理学　　,'0,'34
'3808,'69,'01,'0,'0,'105,'広島国際大　　,'健康科学,'心理　　　　,'　,'　　　,'心理学　　,'1,'34
'3808,'69,'02,'0,'0,'402,'広島国際大　　,'健康科学,'医療栄養　　,'　,'　　　,'食物・栄養,'1,'34
'3808,'69,'03,'0,'0,'222,'広島国際大　　,'健康科学,'医療経営　　,'　,'　　　,'経営学・商,'1,'34
'3808,'69,'05,'0,'0,'753,'広島国際大　　,'健康科学,'社会／地域創,'　,'　　　,'総合科学　,'1,'34
'3808,'69,'06,'0,'0,'242,'広島国際大　　,'健康科学,'社会／社会福,'　,'　　　,'社会福祉学,'1,'34
'3810,'64,'00,'0,'0,'651,'日赤広島看護大,'看護　　,'　　　　　　,'　,'　　　,'看護　　　,'0,'34
'3810,'64,'01,'0,'0,'651,'日赤広島看護大,'看護　　,'看護　　　　,'　,'　　　,'看護　　　,'1,'34
'3811,'31,'00,'0,'0,'301,'広島都市学園大,'子ども教,'　　　　　　,'　,'　　　,'小学校　　,'0,'34
'3811,'31,'01,'0,'0,'301,'広島都市学園大,'子ども教,'子ども教育　,'　,'　　　,'小学校　　,'1,'34
'3811,'64,'00,'0,'0,'651,'広島都市学園大,'健康科学,'　　　　　　,'　,'　　　,'看護　　　,'0,'34
'3811,'64,'01,'0,'0,'651,'広島都市学園大,'健康科学,'看護　　　　,'　,'　　　,'看護　　　,'1,'34
'3811,'64,'02,'0,'0,'655,'広島都市学園大,'健康科学,'リハ／理学療,'　,'　　　,'理学療法　,'1,'34
'3811,'64,'03,'0,'0,'656,'広島都市学園大,'健康科学,'リハ／作業療,'　,'　　　,'作業療法　,'1,'34
'3816,'38,'00,'0,'0,'105,'東亜大　　　　,'人間科学,'　　　　　　,'　,'　　　,'心理学　　,'0,'35
'3816,'38,'02,'0,'0,'652,'東亜大　　　　,'人間科学,'スポーツ健康,'　,'　　　,'医療技術　,'1,'35
'3816,'38,'03,'0,'0,'105,'東亜大　　　　,'人間科学,'心理臨床・子,'　,'　　　,'心理学　　,'1,'35
'3816,'38,'04,'0,'0,'106,'東亜大　　　　,'人間科学,'国際教養　　,'　,'　　　,'文化学　　,'1,'35
'3816,'64,'00,'0,'0,'402,'東亜大　　　　,'医療　　,'　　　　　　,'　,'　　　,'食物・栄養,'0,'35
'3816,'64,'01,'0,'0,'652,'東亜大　　　　,'医療　　,'医療工　　　,'　,'　　　,'医療技術　,'1,'35
'3816,'64,'02,'0,'0,'402,'東亜大　　　　,'医療　　,'健康栄養　　,'　,'　　　,'食物・栄養,'1,'35
'3816,'83,'00,'0,'0,'451,'東亜大　　　　,'芸術　　,'　　　　　　,'　,'　　　,'美術・デザ,'0,'35
'3816,'83,'01,'0,'0,'451,'東亜大　　　　,'芸術　　,'アート・デザ,'　,'　　　,'美術・デザ,'1,'35
'3816,'83,'02,'0,'0,'458,'東亜大　　　　,'芸術　　,'トータルビュ,'　,'　　　,'その他芸術,'1,'35
'3818,'33,'00,'0,'0,'151,'梅光学院大　　,'国際　　,'　　　　　　,'　,'　　　,'英米語　　,'0,'35
'3818,'33,'01,'0,'0,'151,'梅光学院大　　,'国際　　,'国際／英語コ,'　,'　　　,'英米語　　,'1,'35
'3818,'33,'02,'0,'0,'151,'梅光学院大　　,'国際　　,'国際／国際ビ,'　,'　　　,'英米語　　,'1,'35
'3818,'33,'03,'0,'0,'152,'梅光学院大　　,'国際　　,'国際／東アジ,'　,'　　　,'中国語　　,'1,'35
'3818,'33,'04,'0,'0,'151,'梅光学院大　　,'国際　　,'国際／国際教,'　,'　　　,'英米語　　,'1,'35
'3818,'33,'05,'0,'0,'151,'梅光学院大　　,'国際　　,'国際／国際観,'　,'　　　,'英米語　　,'1,'35
'3818,'79,'00,'0,'0,'105,'梅光学院大　　,'子ども　,'　　　　　　,'　,'　　　,'心理学　　,'0,'35
'3818,'79,'02,'0,'0,'105,'梅光学院大　　,'子ども　,'子ど／児童教,'　,'　　　,'心理学　　,'1,'35
'3818,'79,'03,'0,'0,'312,'梅光学院大　　,'子ども　,'子ど／幼児保,'　,'　　　,'幼稚園　　,'1,'35
'3820,'27,'00,'0,'0,'223,'至誠館大　　　,'現代社会,'　　　　　　,'　,'　　　,'経営情報学,'0,'35
'3820,'27,'01,'0,'0,'223,'至誠館大　　　,'現代社会,'現代社会　　,'　,'　　　,'経営情報学,'1,'35
'3821,'03,'00,'0,'0,'105,'フロンティア大,'心理　　,'　　　　　　,'　,'　　　,'心理学　　,'0,'35
'3821,'03,'01,'0,'0,'105,'フロンティア大,'心理　　,'心理　　　　,'　,'　　　,'心理学　　,'1,'35
'3821,'64,'00,'0,'0,'651,'フロンティア大,'看護　　,'　　　　　　,'　,'　　　,'看護　　　,'0,'35
'3821,'64,'01,'0,'0,'651,'フロンティア大,'看護　　,'看護　　　　,'　,'　　　,'看護　　　,'1,'35
'3822,'30,'00,'0,'0,'301,'山口学芸大　　,'教育　　,'　　　　　　,'　,'　　　,'小学校　　,'0,'35
'3822,'30,'01,'0,'0,'301,'山口学芸大　　,'教育　　,'教育　　　　,'　,'　　　,'小学校　　,'1,'35
'3831,'01,'00,'0,'0,'106,'四国大　　　　,'文　　　,'　　　　　　,'　,'　　　,'文化学　　,'0,'36
'3831,'01,'01,'0,'0,'106,'四国大　　　　,'文　　　,'国際文化　　,'　,'　　　,'文化学　　,'1,'36
'3831,'01,'04,'0,'0,'101,'四国大　　　　,'文　　　,'日本文　　　,'　,'　　　,'日本文学　,'1,'36
'3831,'01,'05,'0,'0,'454,'四国大　　　　,'文　　　,'書道文化　　,'　,'　　　,'書道　　　,'1,'36
'3831,'21,'00,'0,'0,'202,'四国大　　　　,'経営情報,'　　　　　　,'　,'　　　,'政治学　　,'0,'36
'3831,'21,'01,'0,'0,'202,'四国大　　　　,'経営情報,'経営情報　　,'　,'　　　,'政治学　　,'1,'36
'3831,'37,'00,'0,'0,'455,'四国大　　　　,'デジタル,'　　　　　　,'　,'　　　,'映像　　　,'0,'36
'3831,'37,'01,'0,'0,'455,'四国大　　　　,'デジタル,'デジタル創生,'　,'　　　,'映像　　　,'1,'36
'3831,'64,'00,'0,'0,'651,'四国大　　　　,'看護　　,'　　　　　　,'　,'　　　,'看護　　　,'0,'36
'3831,'64,'01,'0,'0,'651,'四国大　　　　,'看護　　,'看護　　　　,'　,'　　　,'看護　　　,'1,'36
'3831,'79,'00,'0,'0,'105,'四国大　　　　,'生活科学,'　　　　　　,'　,'　　　,'心理学　　,'0,'36
'3831,'79,'03,'0,'0,'402,'四国大　　　　,'生活科学,'健康栄養　　,'　,'　　　,'食物・栄養,'1,'36
'3831,'79,'04,'0,'0,'301,'四国大　　　　,'生活科学,'児童　　　　,'　,'　　　,'小学校　　,'1,'36
'3831,'79,'05,'0,'0,'105,'四国大　　　　,'生活科学,'人間生活科学,'　,'　　　,'心理学　　,'1,'36
'3832,'01,'00,'0,'0,'101,'徳島文理大　　,'文　　　,'　　　　　　,'　,'　　　,'日本文学　,'0,'36
'3832,'01,'01,'0,'0,'151,'徳島文理大　　,'文　　　,'英語英米文化,'　,'　　　,'英米語　　,'1,'36
'3832,'01,'03,'0,'0,'101,'徳島文理大　　,'文　　　,'日本文　　　,'　,'　　　,'日本文学　,'1,'36
'3832,'01,'04,'0,'0,'111,'徳島文理大　　,'文　　　,'文化財　　　,'　,'　　　,'考古学・文,'1,'36
'3832,'13,'00,'0,'0,'222,'徳島文理大　　,'総合政策,'　　　　　　,'　,'　　　,'経営学・商,'0,'36
'3832,'13,'01,'0,'0,'202,'徳島文理大　　,'総合政策,'総合政策　　,'　,'　　　,'政治学　　,'1,'36
'3832,'13,'02,'0,'0,'222,'徳島文理大　　,'総合政策,'経営　　　　,'　,'　　　,'経営学・商,'1,'36
'3832,'47,'00,'0,'0,'551,'徳島文理大　　,'理工　　,'　　　　　　,'　,'　　　,'機械工学　,'0,'36
'3832,'47,'01,'0,'0,'551,'徳島文理大　　,'理工　　,'ロボット創造,'　,'　　　,'機械工学　,'1,'36
'3832,'47,'02,'0,'0,'552,'徳島文理大　　,'理工　　,'電子情報工　,'　,'　　　,'電気・電子,'1,'36
'3832,'47,'03,'0,'0,'558,'徳島文理大　　,'理工　　,'ナノ物質工　,'　,'　　　,'金属・材料,'1,'36
'3832,'61,'00,'0,'0,'621,'徳島文理大　　,'薬　　　,'　　　　　　,'　,'　　　,'薬　　　　,'0,'36
'3832,'61,'02,'0,'0,'621,'徳島文理大　　,'薬　　　,'薬　　　　　,'　,'　　　,'薬　　　　,'1,'36
'3832,'62,'00,'0,'0,'621,'徳島文理大　　,'香川薬　,'　　　　　　,'　,'　　　,'薬　　　　,'0,'36
'3832,'62,'01,'0,'0,'621,'徳島文理大　　,'香川薬　,'薬　　　　　,'　,'　　　,'薬　　　　,'1,'36
'3832,'64,'00,'0,'0,'652,'徳島文理大　　,'保健福祉,'　　　　　　,'　,'　　　,'医療技術　,'0,'36
'3832,'64,'01,'0,'0,'242,'徳島文理大　　,'保健福祉,'人間福祉　　,'　,'　　　,'社会福祉学,'1,'36
'3832,'64,'02,'0,'0,'651,'徳島文理大　　,'保健福祉,'看護　　　　,'　,'　　　,'看護　　　,'1,'36
'3832,'64,'03,'0,'0,'655,'徳島文理大　　,'保健福祉,'理学療法　　,'　,'　　　,'理学療法　,'1,'36
'3832,'64,'04,'0,'0,'657,'徳島文理大　　,'保健福祉,'診療放射線　,'　,'　　　,'放射線技術,'1,'36
'3832,'64,'05,'0,'0,'652,'徳島文理大　　,'保健福祉,'臨床工　　　,'　,'　　　,'医療技術　,'1,'36
'3832,'64,'06,'0,'0,'652,'徳島文理大　　,'保健福祉,'口腔保健　　,'　,'　　　,'医療技術　,'1,'36
'3832,'79,'00,'0,'0,'105,'徳島文理大　　,'人間生活,'　　　　　　,'　,'　　　,'心理学　　,'0,'36
'3832,'79,'03,'0,'0,'301,'徳島文理大　　,'人間生活,'児童　　　　,'　,'　　　,'小学校　　,'1,'36
'3832,'79,'05,'0,'0,'105,'徳島文理大　　,'人間生活,'心理　　　　,'　,'　　　,'心理学　　,'1,'36
'3832,'79,'06,'0,'0,'401,'徳島文理大　　,'人間生活,'人間生活　　,'　,'　　　,'生活科学　,'1,'36
'3832,'79,'07,'0,'0,'402,'徳島文理大　　,'人間生活,'食物栄養　　,'　,'　　　,'食物・栄養,'1,'36
'3832,'79,'09,'0,'0,'405,'徳島文理大　　,'人間生活,'建築デザイン,'　,'　　　,'住居学　　,'1,'36
'3832,'79,'11,'0,'0,'752,'徳島文理大　　,'人間生活,'メディアデザ,'　,'　　　,'総合情報学,'1,'36
'3832,'83,'00,'0,'0,'453,'徳島文理大　　,'音楽　　,'　　　　　　,'　,'　　　,'音楽　　　,'0,'36
'3832,'83,'01,'0,'0,'453,'徳島文理大　　,'音楽　　,'音楽　　　　,'　,'　　　,'音楽　　　,'1,'36
'3841,'25,'00,'0,'0,'106,'四国学院大　　,'社会　　,'　　　　　　,'　,'　　　,'文化学　　,'0,'37
'3841,'25,'03,'0,'0,'106,'四国学院大　　,'社会　　,'カルチュラル,'　,'　　　,'文化学　　,'1,'37
'3841,'26,'00,'0,'0,'105,'四国学院大　　,'社会福祉,'　　　　　　,'　,'　　　,'心理学　　,'0,'37
'3841,'26,'01,'0,'0,'105,'四国学院大　　,'社会福祉,'社会福祉　　,'　,'　　　,'心理学　　,'1,'37
'3841,'37,'00,'0,'0,'101,'四国学院大　　,'現代教養,'　　　　　　,'　,'　　　,'日本文学　,'0,'37
'3841,'37,'01,'0,'0,'101,'四国学院大　　,'現代教養,'現代教養　　,'　,'　　　,'日本文学　,'1,'37
'3842,'19,'00,'0,'0,'222,'高松大　　　　,'経営　　,'　　　　　　,'　,'　　　,'経営学・商,'0,'37
'3842,'19,'01,'0,'0,'222,'高松大　　　　,'経営　　,'経営　　　　,'　,'　　　,'経営学・商,'1,'37
'3842,'37,'00,'0,'0,'301,'高松大　　　　,'発達科学,'　　　　　　,'　,'　　　,'小学校　　,'0,'37
'3842,'37,'01,'0,'0,'301,'高松大　　　　,'発達科学,'子ども発達　,'　,'　　　,'小学校　　,'1,'37
'3851,'64,'00,'0,'0,'105,'聖カタリナ大　,'健康社会,'　　　　　　,'　,'　　　,'心理学　　,'0,'38
'3851,'64,'06,'0,'0,'654,'聖カタリナ大　,'健康社会,'健康スポーツ,'　,'　　　,'体育・健康,'1,'38
'3851,'64,'09,'0,'0,'105,'聖カタリナ大　,'健康社会,'現代人間　　,'　,'　　　,'心理学　　,'1,'38
'3851,'65,'00,'0,'0,'651,'聖カタリナ大　,'看護　　,'　　　　　　,'　,'　　　,'看護　　　,'0,'38
'3851,'65,'01,'0,'0,'651,'聖カタリナ大　,'看護　　,'看護　　　　,'　,'　　　,'看護　　　,'1,'38
'3852,'02,'00,'0,'0,'102,'松山大　　　　,'人文　　,'　　　　　　,'　,'　　　,'外国文学　,'0,'38
'3852,'02,'01,'0,'0,'102,'松山大　　　　,'人文　　,'英語英米文　,'　,'　　　,'外国文学　,'1,'38
'3852,'02,'02,'0,'0,'241,'松山大　　　　,'人文　　,'社会　　　　,'　,'　　　,'社会学　　,'1,'38
'3852,'12,'00,'0,'0,'201,'松山大　　　　,'法　　　,'　　　　　　,'　,'　　　,'法学　　　,'0,'38
'3852,'12,'01,'0,'0,'201,'松山大　　　　,'法　　　,'法　　　　　,'　,'　　　,'法学　　　,'1,'38
'3852,'18,'00,'0,'0,'221,'松山大　　　　,'経済　　,'　　　　　　,'　,'　　　,'経済学　　,'0,'38
'3852,'18,'01,'0,'0,'221,'松山大　　　　,'経済　　,'経済　　　　,'　,'　　　,'経済学　　,'1,'38
'3852,'19,'00,'0,'0,'222,'松山大　　　　,'経営　　,'　　　　　　,'　,'　　　,'経営学・商,'0,'38
'3852,'19,'01,'0,'0,'222,'松山大　　　　,'経営　　,'経営　　　　,'　,'　　　,'経営学・商,'1,'38
'3852,'37,'00,'0,'0,'752,'松山大　　　　,'情報　　,'　　　　　　,'　,'　　　,'総合情報学,'0,'38
'3852,'37,'01,'0,'0,'752,'松山大　　　　,'情報　　,'情報　　　　,'　,'　　　,'総合情報学,'1,'38
'3852,'61,'00,'0,'0,'621,'松山大　　　　,'薬　　　,'　　　　　　,'　,'　　　,'薬　　　　,'0,'38
'3852,'61,'01,'0,'0,'621,'松山大　　　　,'薬　　　,'医療薬　　　,'　,'　　　,'薬　　　　,'1,'38
'3853,'03,'00,'0,'0,'242,'松山東雲女子大,'人文科学,'　　　　　　,'　,'　　　,'社会福祉学,'0,'38
'3853,'03,'01,'0,'0,'312,'松山東雲女子大,'人文科学,'心理／子ども,'　,'　　　,'幼稚園　　,'1,'38
'3853,'03,'02,'0,'0,'242,'松山東雲女子大,'人文科学,'心理／社会福,'　,'　　　,'社会福祉学,'1,'38
'3853,'03,'04,'0,'0,'752,'松山東雲女子大,'人文科学,'心理／地域イ,'　,'　　　,'総合情報学,'1,'38
'3863,'64,'00,'0,'0,'652,'高知リハ職大　,'リハビリ,'　　　　　　,'　,'　　　,'医療技術　,'0,'39
'3863,'64,'01,'0,'0,'655,'高知リハ職大　,'リハビリ,'リハ／理学療,'　,'　　　,'理学療法　,'1,'39
'3863,'64,'02,'0,'0,'656,'高知リハ職大　,'リハビリ,'リハ／作業療,'　,'　　　,'作業療法　,'1,'39
'3863,'64,'03,'0,'0,'652,'高知リハ職大　,'リハビリ,'リハ／言語聴,'　,'　　　,'医療技術　,'1,'39
'3864,'64,'00,'0,'0,'402,'高知学園大　　,'健康科学,'　　　　　　,'　,'　　　,'食物・栄養,'0,'39
'3864,'64,'01,'0,'0,'402,'高知学園大　　,'健康科学,'管理栄養　　,'　,'　　　,'食物・栄養,'1,'39
'3864,'64,'02,'0,'0,'658,'高知学園大　　,'健康科学,'臨床検査　　,'　,'　　　,'検査技術　,'1,'39
'3865,'64,'00,'0,'0,'655,'高知健康科学大,'健康科学,'　　　　　　,'　,'　　　,'理学療法　,'0,'39
'3865,'64,'01,'0,'0,'655,'高知健康科学大,'健康科学,'リハ／理学療,'　,'　　　,'理学療法　,'1,'39
'3865,'64,'02,'0,'0,'656,'高知健康科学大,'健康科学,'リハ／作業療,'　,'　　　,'作業療法　,'1,'39
'3871,'18,'00,'0,'0,'201,'九州共立大　　,'経済　　,'　　　　　　,'　,'　　　,'法学　　　,'0,'40
'3871,'18,'03,'0,'0,'221,'九州共立大　　,'経済　　,'経済・経営　,'　,'　　　,'経済学　　,'1,'40
'3871,'18,'04,'0,'0,'201,'九州共立大　　,'経済　　,'地域創造　　,'　,'　　　,'法学　　　,'1,'40
'3871,'64,'00,'0,'0,'654,'九州共立大　　,'スポーツ,'　　　　　　,'　,'　　　,'体育・健康,'0,'40
'3871,'64,'01,'0,'0,'654,'九州共立大　　,'スポーツ,'スポーツ　　,'　,'　　　,'体育・健康,'1,'40
'3871,'64,'02,'0,'0,'301,'九州共立大　　,'スポーツ,'こどもスポー,'　,'　　　,'小学校　　,'1,'40
'3872,'12,'00,'0,'0,'201,'九州国際大　　,'法　　　,'　　　　　　,'　,'　　　,'法学　　　,'0,'40
'3872,'12,'01,'0,'0,'201,'九州国際大　　,'法　　　,'法律　　　　,'　,'　　　,'法学　　　,'1,'40
'3872,'22,'00,'0,'0,'151,'九州国際大　　,'現代ビジ,'　　　　　　,'　,'　　　,'英米語　　,'0,'40
'3872,'22,'01,'0,'0,'221,'九州国際大　　,'現代ビジ,'地域経済　　,'　,'　　　,'経済学　　,'1,'40
'3872,'22,'02,'0,'0,'151,'九州国際大　　,'現代ビジ,'国際社会　　,'　,'　　　,'英米語　　,'1,'40
'3873,'18,'00,'0,'0,'221,'九州産大　　　,'経済　　,'　　　　　　,'　,'　　　,'経済学　　,'0,'40
'3873,'18,'01,'0,'0,'221,'九州産大　　　,'経済　　,'経済　　　　,'　,'　　　,'経済学　　,'1,'40
'3873,'20,'00,'0,'0,'222,'九州産大　　　,'商　　　,'　　　　　　,'　,'　　　,'経営学・商,'0,'40
'3873,'20,'03,'0,'0,'222,'九州産大　　　,'商　　　,'経営・流通　,'　,'　　　,'経営学・商,'1,'40
'3873,'20,'04,'0,'0,'753,'九州産大　　　,'商　　　,'経営／グロー,'　,'　　　,'総合科学　,'1,'40
'3873,'27,'00,'0,'0,'753,'九州産大　　　,'地域共創,'　　　　　　,'　,'　　　,'総合科学　,'0,'40
'3873,'27,'01,'0,'0,'243,'九州産大　　　,'地域共創,'観光　　　　,'　,'　　　,'観光学　　,'1,'40
'3873,'27,'02,'0,'0,'202,'九州産大　　　,'地域共創,'地域づくり　,'　,'　　　,'政治学　　,'1,'40
'3873,'27,'03,'0,'0,'753,'九州産大　　　,'地域共創,'観光／グロー,'　,'　　　,'総合科学　,'1,'40
'3873,'27,'04,'0,'0,'753,'九州産大　　　,'地域共創,'地域／グロー,'　,'　　　,'総合科学　,'1,'40
'3873,'33,'00,'0,'0,'106,'九州産大　　　,'国際文化,'　　　　　　,'　,'　　　,'文化学　　,'0,'40
'3873,'33,'01,'0,'0,'106,'九州産大　　　,'国際文化,'国際文化　　,'　,'　　　,'文化学　　,'1,'40
'3873,'33,'02,'0,'0,'101,'九州産大　　　,'国際文化,'日本文化　　,'　,'　　　,'日本文学　,'1,'40
'3873,'33,'04,'0,'0,'753,'九州産大　　　,'国際文化,'国際／グロー,'　,'　　　,'総合科学　,'1,'40
'3873,'38,'00,'0,'0,'105,'九州産大　　　,'人間科学,'　　　　　　,'　,'　　　,'心理学　　,'0,'40
'3873,'38,'01,'0,'0,'105,'九州産大　　　,'人間科学,'臨床心理　　,'　,'　　　,'心理学　　,'1,'40
'3873,'38,'02,'0,'0,'312,'九州産大　　　,'人間科学,'子ども教育　,'　,'　　　,'幼稚園　　,'1,'40
'3873,'38,'03,'0,'0,'654,'九州産大　　　,'人間科学,'スポーツ健康,'　,'　　　,'体育・健康,'1,'40
'3873,'47,'00,'0,'0,'506,'九州産大　　　,'理工　　,'　　　　　　,'　,'　　　,'情報科学　,'0,'40
'3873,'47,'01,'0,'0,'506,'九州産大　　　,'理工　　,'情報科学　　,'　,'　　　,'情報科学　,'1,'40
'3873,'47,'04,'0,'0,'551,'九州産大　　　,'理工　　,'機械電気創造,'　,'　　　,'機械工学　,'1,'40
'3873,'47,'05,'0,'0,'752,'九州産大　　　,'理工　　,'スマートコミ,'　,'　　　,'総合情報学,'1,'40
'3873,'48,'00,'0,'0,'554,'九州産大　　　,'建築都市,'　　　　　　,'　,'　　　,'建築・土木,'0,'40
'3873,'48,'01,'0,'0,'554,'九州産大　　　,'建築都市,'建築　　　　,'　,'　　　,'建築・土木,'1,'40
'3873,'48,'02,'0,'0,'405,'九州産大　　　,'建築都市,'住居・インテ,'　,'　　　,'住居学　　,'1,'40
'3873,'48,'03,'0,'0,'554,'九州産大　　　,'建築都市,'都市デザイン,'　,'　　　,'建築・土木,'1,'40
'3873,'74,'00,'0,'0,'402,'九州産大　　　,'生命科学,'　　　　　　,'　,'　　　,'食物・栄養,'0,'40
'3873,'74,'01,'0,'0,'402,'九州産大　　　,'生命科学,'生命科学　　,'　,'　　　,'食物・栄養,'1,'40
'3873,'74,'02,'0,'0,'753,'九州産大　　　,'生命科学,'生命／グロー,'　,'　　　,'総合科学　,'1,'40
'3873,'83,'00,'0,'0,'451,'九州産大　　　,'芸術　　,'　　　　　　,'　,'　　　,'美術・デザ,'0,'40
'3873,'83,'07,'0,'0,'451,'九州産大　　　,'芸術　　,'芸術表現　　,'　,'　　　,'美術・デザ,'1,'40
'3873,'83,'08,'0,'0,'455,'九州産大　　　,'芸術　　,'写真・映像メ,'　,'　　　,'映像　　　,'1,'40
'3873,'83,'09,'0,'0,'451,'九州産大　　　,'芸術　　,'ビジュアルデ,'　,'　　　,'美術・デザ,'1,'40
'3873,'83,'10,'0,'0,'405,'九州産大　　　,'芸術　　,'生活環境デザ,'　,'　　　,'住居学　　,'1,'40
'3873,'83,'11,'0,'0,'455,'九州産大　　　,'芸術　　,'ソーシャルデ,'　,'　　　,'映像　　　,'1,'40
'3873,'83,'12,'0,'0,'753,'九州産大　　　,'芸術　　,'ソー／グロー,'　,'　　　,'総合科学　,'1,'40
'3874,'37,'00,'0,'0,'105,'九州女子大　　,'人間科学,'　　　　　　,'　,'　　　,'心理学　　,'0,'40
'3874,'37,'05,'0,'0,'301,'九州女子大　　,'人間科学,'児童・幼児教,'　,'　　　,'小学校　　,'1,'40
'3874,'37,'06,'0,'0,'105,'九州女子大　　,'人間科学,'心理・文化　,'　,'　　　,'心理学　　,'1,'40
'3874,'79,'00,'0,'0,'308,'九州女子大　　,'家政　　,'　　　　　　,'　,'　　　,'中高－家庭,'0,'40
'3874,'79,'04,'0,'0,'402,'九州女子大　　,'家政　　,'栄養　　　　,'　,'　　　,'食物・栄養,'1,'40
'3874,'79,'05,'0,'0,'308,'九州女子大　　,'家政　　,'生活デザイン,'　,'　　　,'中高－家庭,'1,'40
'3875,'01,'00,'0,'0,'105,'久留米大　　　,'文　　　,'　　　　　　,'　,'　　　,'心理学　　,'0,'40
'3875,'01,'03,'0,'0,'242,'久留米大　　　,'文　　　,'社会福祉　　,'　,'　　　,'社会福祉学,'1,'40
'3875,'01,'04,'0,'0,'105,'久留米大　　　,'文　　　,'心理　　　　,'　,'　　　,'心理学　　,'1,'40
'3875,'01,'05,'0,'0,'752,'久留米大　　　,'文　　　,'情報社会　　,'　,'　　　,'総合情報学,'1,'40
'3875,'01,'06,'0,'0,'151,'久留米大　　　,'文　　　,'国際／英語コ,'　,'　　　,'英米語　　,'1,'40
'3875,'01,'07,'0,'0,'106,'久留米大　　　,'文　　　,'国際／国際文,'　,'　　　,'文化学　　,'1,'40
'3875,'12,'00,'0,'0,'151,'久留米大　　　,'法　　　,'　　　　　　,'　,'　　　,'英米語　　,'1,'40
'3875,'18,'00,'0,'0,'221,'久留米大　　　,'経済　　,'　　　　　　,'　,'　　　,'経済学　　,'1,'40
'3875,'20,'00,'0,'0,'222,'久留米大　　　,'商　　　,'　　　　　　,'　,'　　　,'経営学・商,'0,'40
'3875,'20,'01,'0,'0,'222,'久留米大　　　,'商　　　,'商　　　　　,'　,'　　　,'経営学・商,'1,'40
'3875,'55,'00,'0,'0,'601,'久留米大　　　,'医　　　,'　　　　　　,'　,'　　　,'医　　　　,'0,'40
'3875,'55,'01,'0,'0,'601,'久留米大　　　,'医　　　,'医　　　　　,'　,'　　　,'医　　　　,'1,'40
'3875,'55,'02,'0,'0,'651,'久留米大　　　,'医　　　,'看護　　　　,'　,'　　　,'看護　　　,'1,'40
'3875,'55,'03,'0,'0,'658,'久留米大　　　,'医　　　,'医療検査　　,'　,'　　　,'検査技術　,'1,'40
'3875,'64,'00,'0,'0,'404,'久留米大　　　,'人間健康,'　　　　　　,'　,'　　　,'児童学　　,'0,'40
'3875,'64,'01,'0,'0,'404,'久留米大　　　,'人間健康,'総合子ども　,'　,'　　　,'児童学　　,'1,'40
'3875,'64,'02,'0,'0,'654,'久留米大　　　,'人間健康,'スポーツ医科,'　,'　　　,'体育・健康,'1,'40
'3876,'46,'00,'0,'0,'551,'久留米工大　　,'工　　　,'　　　　　　,'　,'　　　,'機械工学　,'0,'40
'3876,'46,'01,'0,'0,'551,'久留米工大　　,'工　　　,'機械シス工　,'　,'　　　,'機械工学　,'1,'40
'3876,'46,'02,'0,'0,'554,'久留米工大　　,'工　　　,'建築・設備工,'　,'　　　,'建築・土木,'1,'40
'3876,'46,'03,'0,'0,'551,'久留米工大　　,'工　　　,'交通機械工　,'　,'　　　,'機械工学　,'1,'40
'3876,'46,'04,'0,'0,'455,'久留米工大　　,'工　　　,'情報ネットワ,'　,'　　　,'映像　　　,'1,'40
'3876,'46,'06,'0,'0,'303,'久留米工大　　,'工　　　,'教育創造工　,'　,'　　　,'中高－数学,'1,'40
'3877,'55,'00,'0,'0,'601,'産業医大　　　,'医　　　,'　　　　　　,'　,'　　　,'医　　　　,'0,'40
'3877,'55,'01,'0,'0,'601,'産業医大　　　,'医　　　,'医　　　　　,'　,'　　　,'医　　　　,'1,'40
'3877,'64,'00,'0,'0,'651,'産業医大　　　,'産業保健,'　　　　　　,'　,'　　　,'看護　　　,'0,'40
'3877,'64,'01,'0,'0,'651,'産業医大　　　,'産業保健,'看護　　　　,'　,'　　　,'看護　　　,'1,'40
'3877,'64,'04,'0,'0,'753,'産業医大　　　,'産業保健,'産業衛生科学,'　,'　　　,'総合科学　,'1,'40
'3878,'03,'00,'0,'0,'104,'西南学院大　　,'神　　　,'　　　　　　,'　,'　　　,'哲学倫理宗,'0,'40
'3878,'03,'01,'0,'0,'104,'西南学院大　　,'神　　　,'神　　　　　,'　,'　　　,'哲学倫理宗,'1,'40
'3878,'08,'00,'0,'0,'151,'西南学院大　　,'外国語　,'　　　　　　,'　,'　　　,'英米語　　,'0,'40
'3878,'08,'01,'0,'0,'151,'西南学院大　　,'外国語　,'外国語　　　,'　,'　　　,'英米語　　,'1,'40
'3878,'12,'00,'0,'0,'201,'西南学院大　　,'法　　　,'　　　　　　,'　,'　　　,'法学　　　,'0,'40
'3878,'12,'01,'0,'0,'201,'西南学院大　　,'法　　　,'国際関係法　,'　,'　　　,'法学　　　,'1,'40
'3878,'12,'02,'0,'0,'201,'西南学院大　　,'法　　　,'法律　　　　,'　,'　　　,'法学　　　,'1,'40
'3878,'18,'00,'0,'0,'221,'西南学院大　　,'経済　　,'　　　　　　,'　,'　　　,'経済学　　,'0,'40
'3878,'18,'03,'0,'0,'221,'西南学院大　　,'経済　　,'経済　　　　,'　,'　　　,'経済学　　,'1,'40
'3878,'18,'04,'0,'0,'221,'西南学院大　　,'経済　　,'国際経済　　,'　,'　　　,'経済学　　,'1,'40
'3878,'20,'00,'0,'0,'222,'西南学院大　　,'商　　　,'　　　　　　,'　,'　　　,'経営学・商,'0,'40
'3878,'20,'01,'0,'0,'222,'西南学院大　　,'商　　　,'経営　　　　,'　,'　　　,'経営学・商,'1,'40
'3878,'20,'02,'0,'0,'222,'西南学院大　　,'商　　　,'商　　　　　,'　,'　　　,'経営学・商,'1,'40
'3878,'33,'00,'0,'0,'106,'西南学院大　　,'国際文化,'　　　　　　,'　,'　　　,'文化学　　,'0,'40
'3878,'33,'01,'0,'0,'106,'西南学院大　　,'国際文化,'国際文化　　,'　,'　　　,'文化学　　,'1,'40
'3878,'37,'00,'0,'0,'105,'西南学院大　　,'人間科学,'　　　　　　,'　,'　　　,'心理学　　,'0,'40
'3878,'37,'01,'0,'0,'301,'西南学院大　　,'人間科学,'児童教育　　,'　,'　　　,'小学校　　,'1,'40
'3878,'37,'02,'0,'0,'242,'西南学院大　　,'人間科学,'社会福祉　　,'　,'　　　,'社会福祉学,'1,'40
'3878,'37,'03,'0,'0,'105,'西南学院大　　,'人間科学,'心理　　　　,'　,'　　　,'心理学　　,'1,'40
'3879,'02,'00,'0,'0,'151,'西南女学院大　,'人文　　,'　　　　　　,'　,'　　　,'英米語　　,'0,'40
'3879,'02,'02,'0,'0,'151,'西南女学院大　,'人文　　,'英語　　　　,'　,'　　　,'英米語　　,'1,'40
'3879,'02,'03,'0,'0,'222,'西南女学院大　,'人文　　,'観光文化　　,'　,'　　　,'経営学・商,'1,'40
'3879,'64,'00,'0,'0,'242,'西南女学院大　,'保健福祉,'　　　　　　,'　,'　　　,'社会福祉学,'0,'40
'3879,'64,'01,'0,'0,'651,'西南女学院大　,'保健福祉,'看護　　　　,'　,'　　　,'看護　　　,'1,'40
'3879,'64,'03,'0,'0,'402,'西南女学院大　,'保健福祉,'栄養　　　　,'　,'　　　,'食物・栄養,'1,'40
'3879,'64,'04,'0,'0,'242,'西南女学院大　,'保健福祉,'福祉／福祉養,'　,'　　　,'社会福祉学,'1,'40
'3879,'64,'05,'0,'0,'242,'西南女学院大　,'保健福祉,'福祉／子ども,'　,'　　　,'社会福祉学,'1,'40
'3880,'18,'00,'0,'0,'222,'日本経大　　　,'経済　　,'　　　　　　,'　,'　　　,'経営学・商,'0,'40
'3880,'18,'02,'0,'0,'201,'日本経大　　　,'経済　　,'経済　　　　,'　,'　　　,'法学　　　,'1,'40
'3880,'18,'04,'0,'0,'222,'日本経大　　　,'経済　　,'商・福岡　　,'　,'　　　,'経営学・商,'1,'40
'3880,'18,'07,'0,'0,'222,'日本経大　　　,'経済　　,'商・神戸　　,'　,'　　　,'経営学・商,'1,'40
'3880,'18,'08,'0,'0,'222,'日本経大　　　,'経済　　,'健康スポーツ,'　,'　　　,'経営学・商,'1,'40
'3880,'19,'00,'0,'0,'222,'日本経大　　　,'経営　　,'　　　　　　,'　,'　　　,'経営学・商,'0,'40
'3880,'19,'01,'0,'0,'222,'日本経大　　　,'経営　　,'経営・福岡　,'　,'　　　,'経営学・商,'1,'40
'3880,'19,'02,'0,'0,'222,'日本経大　　　,'経営　　,'経営・東京　,'　,'　　　,'経営学・商,'1,'40
'3880,'19,'03,'0,'0,'151,'日本経大　　　,'経営　　,'グロー・福岡,'　,'　　　,'英米語　　,'1,'40
'3880,'19,'04,'0,'0,'151,'日本経大　　　,'経営　　,'グロー・東京,'　,'　　　,'英米語　　,'1,'40
'3880,'19,'05,'0,'0,'222,'日本経大　　　,'経営　　,'芸創プ・福岡,'　,'　　　,'経営学・商,'1,'40
'3880,'19,'06,'0,'0,'222,'日本経大　　　,'経営　　,'芸創プ・東京,'　,'　　　,'経営学・商,'1,'40
'3880,'19,'07,'0,'0,'223,'日本経大　　　,'経営　　,'デジタルビジ,'　,'　　　,'経営情報学,'1,'40
'3881,'61,'00,'0,'0,'621,'第一薬大　　　,'薬　　　,'　　　　　　,'　,'　　　,'薬　　　　,'0,'40
'3881,'61,'03,'0,'0,'621,'第一薬大　　　,'薬　　　,'薬　　　　　,'　,'　　　,'薬　　　　,'1,'40
'3881,'61,'04,'0,'0,'621,'第一薬大　　　,'薬　　　,'漢方薬　　　,'　,'　　　,'薬　　　　,'1,'40
'3881,'61,'05,'0,'0,'752,'第一薬大　　　,'薬　　　,'薬科／医療デ,'　,'　　　,'総合情報学,'1,'40
'3881,'61,'06,'0,'0,'222,'第一薬大　　　,'薬　　　,'薬科／コスメ,'　,'　　　,'経営学・商,'1,'40
'3881,'64,'00,'0,'0,'651,'第一薬大　　　,'看護　　,'　　　　　　,'　,'　　　,'看護　　　,'0,'40
'3881,'64,'01,'0,'0,'651,'第一薬大　　　,'看護　　,'看護　　　　,'　,'　　　,'看護　　　,'1,'40
'3882,'01,'00,'0,'0,'106,'筑紫女学園大　,'文　　　,'　　　　　　,'　,'　　　,'文化学　　,'0,'40
'3882,'01,'01,'0,'0,'151,'筑紫女学園大　,'文　　　,'英語　　　　,'　,'　　　,'英米語　　,'1,'40
'3882,'01,'02,'0,'0,'101,'筑紫女学園大　,'文　　　,'日本語・日本,'　,'　　　,'日本文学　,'1,'40
'3882,'01,'03,'0,'0,'106,'筑紫女学園大　,'文　　　,'アジア文化　,'　,'　　　,'文化学　　,'1,'40
'3882,'27,'00,'0,'0,'106,'筑紫女学園大　,'現代社会,'　　　　　　,'　,'　　　,'文化学　　,'0,'40
'3882,'27,'01,'0,'0,'106,'筑紫女学園大　,'現代社会,'現代社会　　,'　,'　　　,'文化学　　,'1,'40
'3882,'37,'00,'0,'0,'312,'筑紫女学園大　,'人間科学,'　　　　　　,'　,'　　　,'幼稚園　　,'0,'40
'3882,'37,'01,'0,'0,'105,'筑紫女学園大　,'人間科学,'人間／心理　,'　,'　　　,'心理学　　,'1,'40
'3882,'37,'02,'0,'0,'242,'筑紫女学園大　,'人間科学,'人間／社会福,'　,'　　　,'社会福祉学,'1,'40
'3882,'37,'03,'0,'0,'301,'筑紫女学園大　,'人間科学,'人間／初等教,'　,'　　　,'小学校　　,'1,'40
'3882,'37,'04,'0,'0,'312,'筑紫女学園大　,'人間科学,'人間／幼児保,'　,'　　　,'幼稚園　　,'1,'40
'3884,'21,'00,'0,'0,'222,'中村学園大　　,'流通科学,'　　　　　　,'　,'　　　,'経営学・商,'0,'40
'3884,'21,'01,'0,'0,'222,'中村学園大　　,'流通科学,'流通科学　　,'　,'　　　,'経営学・商,'1,'40
'3884,'30,'00,'0,'0,'301,'中村学園大　　,'教育　　,'　　　　　　,'　,'　　　,'小学校　　,'0,'40
'3884,'30,'01,'0,'0,'301,'中村学園大　　,'教育　　,'児童幼児教育,'　,'　　　,'小学校　　,'1,'40
'3884,'80,'00,'0,'0,'402,'中村学園大　　,'栄養科学,'　　　　　　,'　,'　　　,'食物・栄養,'0,'40
'3884,'80,'01,'0,'0,'402,'中村学園大　　,'栄養科学,'栄養科学　　,'　,'　　　,'食物・栄養,'1,'40
'3884,'80,'02,'0,'0,'402,'中村学園大　　,'栄養科学,'フード・マネ,'　,'　　　,'食物・栄養,'1,'40
'3885,'46,'00,'0,'0,'551,'西日本工大　　,'工　　　,'　　　　　　,'　,'　　　,'機械工学　,'0,'40
'3885,'46,'06,'0,'0,'551,'西日本工大　　,'工　　　,'総合／機械工,'　,'　　　,'機械工学　,'1,'40
'3885,'46,'15,'0,'0,'551,'西日本工大　　,'工　　　,'総合／電気情,'　,'　　　,'機械工学　,'1,'40
'3885,'46,'16,'0,'0,'554,'西日本工大　　,'工　　　,'総合／土木工,'　,'　　　,'建築・土木,'1,'40
'3885,'46,'17,'0,'0,'752,'西日本工大　　,'工　　　,'情報マネジメ,'　,'　　　,'総合情報学,'1,'40
'3885,'83,'00,'0,'0,'405,'西日本工大　　,'デザイン,'　　　　　　,'　,'　　　,'住居学　　,'0,'40
'3885,'83,'01,'0,'0,'405,'西日本工大　　,'デザイン,'建築　　　　,'　,'　　　,'住居学　　,'1,'40
'3885,'83,'02,'0,'0,'455,'西日本工大　　,'デザイン,'情報デザイン,'　,'　　　,'映像　　　,'1,'40
'3886,'02,'00,'0,'0,'102,'福岡大　　　　,'人文　　,'　　　　　　,'　,'　　　,'外国文学　,'0,'40
'3886,'02,'01,'0,'0,'102,'福岡大　　　　,'人文　　,'英語　　　　,'　,'　　　,'外国文学　,'1,'40
'3886,'02,'02,'0,'0,'102,'福岡大　　　　,'人文　　,'ドイツ語　　,'　,'　　　,'外国文学　,'1,'40
'3886,'02,'03,'0,'0,'101,'福岡大　　　　,'人文　　,'日本語日本文,'　,'　　　,'日本文学　,'1,'40
'3886,'02,'04,'0,'0,'102,'福岡大　　　　,'人文　　,'フランス語　,'　,'　　　,'外国文学　,'1,'40
'3886,'02,'05,'0,'0,'106,'福岡大　　　　,'人文　　,'文化　　　　,'　,'　　　,'文化学　　,'1,'40
'3886,'02,'06,'0,'0,'107,'福岡大　　　　,'人文　　,'歴史　　　　,'　,'　　　,'西洋史　　,'1,'40
'3886,'02,'07,'0,'0,'152,'福岡大　　　　,'人文　　,'東アジア地域,'　,'　　　,'中国語　　,'1,'40
'3886,'02,'08,'0,'0,'105,'福岡大　　　　,'人文　　,'教育・臨床心,'　,'　　　,'心理学　　,'1,'40
'3886,'12,'00,'0,'0,'201,'福岡大　　　　,'法　　　,'　　　　　　,'　,'　　　,'法学　　　,'0,'40
'3886,'12,'01,'0,'0,'201,'福岡大　　　　,'法　　　,'経営法　　　,'　,'　　　,'法学　　　,'1,'40
'3886,'12,'02,'0,'0,'201,'福岡大　　　　,'法　　　,'法律　　　　,'　,'　　　,'法学　　　,'1,'40
'3886,'18,'00,'0,'0,'221,'福岡大　　　　,'経済　　,'　　　　　　,'　,'　　　,'経済学　　,'0,'40
'3886,'18,'01,'0,'0,'221,'福岡大　　　　,'経済　　,'経済　　　　,'　,'　　　,'経済学　　,'1,'40
'3886,'18,'02,'0,'0,'221,'福岡大　　　　,'経済　　,'産業経済　　,'　,'　　　,'経済学　　,'1,'40
'3886,'20,'00,'0,'0,'222,'福岡大　　　　,'商　　　,'　　　　　　,'　,'　　　,'経営学・商,'0,'40
'3886,'20,'01,'0,'0,'222,'福岡大　　　　,'商　　　,'商　　　　　,'　,'　　　,'経営学・商,'1,'40
'3886,'20,'02,'0,'0,'222,'福岡大　　　　,'商　　　,'貿易　　　　,'　,'　　　,'経営学・商,'1,'40
'3886,'20,'03,'0,'0,'222,'福岡大　　　　,'商　　　,'経営　　　　,'　,'　　　,'経営学・商,'1,'40
'3886,'20,'04,'0,'0,'222,'福岡大　　　　,'商　　　,'経営／会計専,'　,'　　　,'経営学・商,'1,'40
'3886,'24,'00,'0,'0,'222,'福岡大　　　　,'商二　　,'　　　　　　,'　,'　　　,'経営学・商,'0,'40
'3886,'24,'01,'0,'0,'222,'福岡大　　　　,'商二　　,'商　　　　　,'　,'　　　,'経営学・商,'1,'40
'3886,'24,'02,'0,'0,'222,'福岡大　　　　,'商二　　,'商／会計専門,'　,'　　　,'経営学・商,'1,'40
'3886,'42,'00,'0,'0,'501,'福岡大　　　　,'理　　　,'　　　　　　,'　,'　　　,'数学　　　,'0,'40
'3886,'42,'01,'0,'0,'501,'福岡大　　　　,'理　　　,'応用数　　　,'　,'　　　,'数学　　　,'1,'40
'3886,'42,'02,'0,'0,'502,'福岡大　　　　,'理　　　,'物理科学　　,'　,'　　　,'物理学　　,'1,'40
'3886,'42,'03,'0,'0,'503,'福岡大　　　　,'理　　　,'化学　　　　,'　,'　　　,'化学　　　,'1,'40
'3886,'42,'04,'0,'0,'507,'福岡大　　　　,'理　　　,'地球圏科学　,'　,'　　　,'総合理学　,'1,'40
'3886,'42,'05,'0,'0,'501,'福岡大　　　　,'理　　　,'社会数理・情,'　,'　　　,'数学　　　,'1,'40
'3886,'46,'00,'0,'0,'552,'福岡大　　　　,'工　　　,'　　　　　　,'　,'　　　,'電気・電子,'0,'40
'3886,'46,'01,'0,'0,'555,'福岡大　　　　,'工　　　,'化学シス工　,'　,'　　　,'応用化学　,'1,'40
'3886,'46,'02,'0,'0,'551,'福岡大　　　　,'工　　　,'機械工　　　,'　,'　　　,'機械工学　,'1,'40
'3886,'46,'03,'0,'0,'554,'福岡大　　　　,'工　　　,'建築　　　　,'　,'　　　,'建築・土木,'1,'40
'3886,'46,'04,'0,'0,'552,'福岡大　　　　,'工　　　,'電気工　　　,'　,'　　　,'電気・電子,'1,'40
'3886,'46,'06,'0,'0,'554,'福岡大　　　　,'工　　　,'社会デザイン,'　,'　　　,'建築・土木,'1,'40
'3886,'46,'07,'0,'0,'552,'福岡大　　　　,'工　　　,'電子情報工　,'　,'　　　,'電気・電子,'1,'40
'3886,'55,'00,'0,'0,'601,'福岡大　　　　,'医　　　,'　　　　　　,'　,'　　　,'医　　　　,'0,'40
'3886,'55,'01,'0,'0,'601,'福岡大　　　　,'医　　　,'医　　　　　,'　,'　　　,'医　　　　,'1,'40
'3886,'55,'02,'0,'0,'651,'福岡大　　　　,'医　　　,'看護　　　　,'　,'　　　,'看護　　　,'1,'40
'3886,'61,'00,'0,'0,'621,'福岡大　　　　,'薬　　　,'　　　　　　,'　,'　　　,'薬　　　　,'0,'40
'3886,'61,'03,'0,'0,'621,'福岡大　　　　,'薬　　　,'薬　　　　　,'　,'　　　,'薬　　　　,'1,'40
'3886,'65,'00,'0,'0,'654,'福岡大　　　　,'スポーツ,'　　　　　　,'　,'　　　,'体育・健康,'0,'40
'3886,'65,'01,'0,'0,'654,'福岡大　　　　,'スポーツ,'スポーツ科学,'　,'　　　,'体育・健康,'1,'40
'3886,'65,'02,'0,'0,'654,'福岡大　　　　,'スポーツ,'健康運動科学,'　,'　　　,'体育・健康,'1,'40
'3887,'27,'00,'0,'0,'221,'福岡工大　　　,'社会環境,'　　　　　　,'　,'　　　,'経済学　　,'0,'40
'3887,'27,'01,'0,'0,'221,'福岡工大　　　,'社会環境,'社会環境　　,'　,'　　　,'経済学　　,'1,'40
'3887,'46,'00,'0,'0,'552,'福岡工大　　　,'工　　　,'　　　　　　,'　,'　　　,'電気・電子,'0,'40
'3887,'46,'03,'0,'0,'552,'福岡工大　　　,'工　　　,'電気工　　　,'　,'　　　,'電気・電子,'1,'40
'3887,'46,'04,'0,'0,'551,'福岡工大　　　,'工　　　,'知能機械工　,'　,'　　　,'機械工学　,'1,'40
'3887,'46,'05,'0,'0,'552,'福岡工大　　　,'工　　　,'電子情報工　,'　,'　　　,'電気・電子,'1,'40
'3887,'46,'07,'0,'0,'555,'福岡工大　　　,'工　　　,'生命環境化　,'　,'　　　,'応用化学　,'1,'40
'3887,'47,'00,'0,'0,'553,'福岡工大　　　,'情報工　,'　　　　　　,'　,'　　　,'情報工学　,'0,'40
'3887,'47,'01,'0,'0,'552,'福岡工大　　　,'情報工　,'情報工　　　,'　,'　　　,'電気・電子,'1,'40
'3887,'47,'02,'0,'0,'552,'福岡工大　　　,'情報工　,'情報通信工　,'　,'　　　,'電気・電子,'1,'40
'3887,'47,'03,'0,'0,'551,'福岡工大　　　,'情報工　,'情報シス工　,'　,'　　　,'機械工学　,'1,'40
'3887,'47,'04,'0,'0,'506,'福岡工大　　　,'情報工　,'情報マネジメ,'　,'　　　,'情報科学　,'1,'40
'3888,'59,'00,'0,'0,'611,'福岡歯大　　　,'口腔歯　,'　　　　　　,'　,'　　　,'歯　　　　,'0,'40
'3888,'59,'01,'0,'0,'611,'福岡歯大　　　,'口腔歯　,'口腔歯　　　,'　,'　　　,'歯　　　　,'1,'40
'3889,'02,'00,'0,'0,'106,'福岡女学院大　,'人文　　,'　　　　　　,'　,'　　　,'文化学　　,'0,'40
'3889,'02,'03,'0,'0,'106,'福岡女学院大　,'人文　　,'現代文化　　,'　,'　　　,'文化学　　,'1,'40
'3889,'02,'06,'0,'0,'304,'福岡女学院大　,'人文　　,'言語芸術　　,'　,'　　　,'中高－英語,'1,'40
'3889,'02,'07,'0,'0,'241,'福岡女学院大　,'人文　　,'メディア・コ,'　,'　　　,'社会学　　,'1,'40
'3889,'09,'00,'0,'0,'151,'福岡女学院大　,'国際キャ,'　　　　　　,'　,'　　　,'英米語　　,'0,'40
'3889,'09,'01,'0,'0,'151,'福岡女学院大　,'国際キャ,'国際英語　　,'　,'　　　,'英米語　　,'1,'40
'3889,'09,'02,'0,'0,'151,'福岡女学院大　,'国際キャ,'国際キャリア,'　,'　　　,'英米語　　,'1,'40
'3889,'37,'00,'0,'0,'105,'福岡女学院大　,'人間関係,'　　　　　　,'　,'　　　,'心理学　　,'0,'40
'3889,'37,'01,'0,'0,'105,'福岡女学院大　,'人間関係,'心理　　　　,'　,'　　　,'心理学　　,'1,'40
'3889,'37,'02,'0,'0,'301,'福岡女学院大　,'人間関係,'子ども発達　,'　,'　　　,'小学校　　,'1,'40
'3890,'21,'00,'0,'0,'223,'九州情報大　　,'経営情報,'　　　　　　,'　,'　　　,'経営情報学,'0,'40
'3890,'21,'01,'0,'0,'222,'九州情報大　　,'経営情報,'経営情報　　,'　,'　　　,'経営学・商,'1,'40
'3890,'21,'02,'0,'0,'223,'九州情報大　　,'経営情報,'情報ネットワ,'　,'　　　,'経営情報学,'1,'40
'3892,'31,'00,'0,'0,'301,'九州栄養福祉大,'こども教,'　　　　　　,'　,'　　　,'小学校　　,'0,'40
'3892,'31,'01,'0,'0,'301,'九州栄養福祉大,'こども教,'こども教育　,'　,'　　　,'小学校　　,'1,'40
'3892,'64,'00,'0,'0,'655,'九州栄養福祉大,'リハビリ,'　　　　　　,'　,'　　　,'理学療法　,'0,'40
'3892,'64,'01,'0,'0,'655,'九州栄養福祉大,'リハビリ,'理学療法　　,'　,'　　　,'理学療法　,'1,'40
'3892,'64,'02,'0,'0,'656,'九州栄養福祉大,'リハビリ,'作業療法　　,'　,'　　　,'作業療法　,'1,'40
'3892,'79,'00,'0,'0,'402,'九州栄養福祉大,'食物栄養,'　　　　　　,'　,'　　　,'食物・栄養,'0,'40
'3892,'79,'01,'0,'0,'402,'九州栄養福祉大,'食物栄養,'食物栄養　　,'　,'　　　,'食物・栄養,'1,'40
'3892,'79,'02,'0,'0,'701,'九州栄養福祉大,'食物栄養,'食環境データ,'　,'　　　,'農学　　　,'1,'40
'3893,'64,'00,'0,'0,'651,'日赤九州看護大,'看護　　,'　　　　　　,'　,'　　　,'看護　　　,'0,'40
'3893,'64,'01,'0,'0,'651,'日赤九州看護大,'看護　　,'看護　　　　,'　,'　　　,'看護　　　,'1,'40
'3895,'64,'00,'0,'0,'651,'聖マリア学院大,'看護　　,'　　　　　　,'　,'　　　,'看護　　　,'0,'40
'3895,'64,'01,'0,'0,'651,'聖マリア学院大,'看護　　,'看護　　　　,'　,'　　　,'看護　　　,'1,'40
'3896,'64,'00,'0,'0,'651,'福岡女学看護大,'看護　　,'　　　　　　,'　,'　　　,'看護　　　,'0,'40
'3896,'64,'01,'0,'0,'651,'福岡女学看護大,'看護　　,'看護　　　　,'　,'　　　,'看護　　　,'1,'40
'3898,'64,'00,'0,'0,'651,'純真学園大　　,'保健医療,'　　　　　　,'　,'　　　,'看護　　　,'0,'40
'3898,'64,'01,'0,'0,'651,'純真学園大　　,'保健医療,'看護　　　　,'　,'　　　,'看護　　　,'1,'40
'3898,'64,'02,'0,'0,'657,'純真学園大　　,'保健医療,'放射線技術科,'　,'　　　,'放射線技術,'1,'40
'3898,'64,'03,'0,'0,'658,'純真学園大　　,'保健医療,'検査科学　　,'　,'　　　,'検査技術　,'1,'40
'3898,'64,'04,'0,'0,'652,'純真学園大　　,'保健医療,'医療工　　　,'　,'　　　,'医療技術　,'1,'40
'3899,'64,'00,'0,'0,'651,'福岡看護大　　,'看護　　,'　　　　　　,'　,'　　　,'看護　　　,'0,'40
'3899,'64,'01,'0,'0,'651,'福岡看護大　　,'看護　　,'看護　　　　,'　,'　　　,'看護　　　,'1,'40
'3900,'64,'00,'0,'0,'652,'福岡国際医福大,'医療　　,'　　　　　　,'　,'　　　,'医療技術　,'0,'40
'3900,'64,'01,'0,'0,'655,'福岡国際医福大,'医療　　,'理学療法　　,'　,'　　　,'理学療法　,'1,'40
'3900,'64,'02,'0,'0,'656,'福岡国際医福大,'医療　　,'作業療法　　,'　,'　　　,'作業療法　,'1,'40
'3900,'64,'03,'0,'0,'652,'福岡国際医福大,'医療　　,'視能訓練　　,'　,'　　　,'医療技術　,'1,'40
'3900,'64,'04,'0,'0,'652,'福岡国際医福大,'医療　　,'言語聴覚　　,'　,'　　　,'医療技術　,'1,'40
'3900,'64,'05,'0,'0,'657,'福岡国際医福大,'医療　　,'診療放射線　,'　,'　　　,'放射線技術,'1,'40
'3900,'65,'00,'0,'0,'651,'福岡国際医福大,'看護　　,'　　　　　　,'　,'　　　,'看護　　　,'0,'40
'3900,'65,'01,'0,'0,'651,'福岡国際医福大,'看護　　,'看護　　　　,'　,'　　　,'看護　　　,'1,'40
'3902,'64,'00,'0,'0,'651,'令和健康科学大,'看護　　,'　　　　　　,'　,'　　　,'看護　　　,'0,'40
'3902,'64,'01,'0,'0,'651,'令和健康科学大,'看護　　,'看護　　　　,'　,'　　　,'看護　　　,'1,'40
'3902,'65,'00,'0,'0,'655,'令和健康科学大,'リハビリ,'　　　　　　,'　,'　　　,'理学療法　,'0,'40
'3902,'65,'01,'0,'0,'655,'令和健康科学大,'リハビリ,'理学療法　　,'　,'　　　,'理学療法　,'1,'40
'3902,'65,'02,'0,'0,'656,'令和健康科学大,'リハビリ,'作業療法　　,'　,'　　　,'作業療法　,'1,'40
'3904,'83,'00,'0,'0,'453,'福岡国際音大　,'音楽　　,'　　　　　　,'　,'　　　,'音楽　　　,'0,'40
'3904,'83,'01,'0,'0,'453,'福岡国際音大　,'音楽　　,'音楽　　　　,'　,'　　　,'音楽　　　,'1,'40
'3905,'64,'00,'0,'0,'651,'西日本看護医大,'看護　　,'　　　　　　,'　,'　　　,'看護　　　,'0,'40
'3905,'64,'01,'0,'0,'651,'西日本看護医大,'看護　　,'看護　　　　,'　,'　　　,'看護　　　,'1,'40
'3906,'64,'00,'0,'0,'242,'西九州大　　　,'健康福祉,'　　　　　　,'　,'　　　,'社会福祉学,'0,'41
'3906,'64,'01,'0,'0,'242,'西九州大　　　,'健康福祉,'社会福祉　　,'　,'　　　,'社会福祉学,'1,'41
'3906,'64,'03,'0,'0,'654,'西九州大　　　,'健康福祉,'スポーツ健康,'　,'　　　,'体育・健康,'1,'41
'3906,'65,'00,'0,'0,'655,'西九州大　　　,'リハビリ,'　　　　　　,'　,'　　　,'理学療法　,'0,'41
'3906,'65,'01,'0,'0,'655,'西九州大　　　,'リハビリ,'リハ／理学療,'　,'　　　,'理学療法　,'1,'41
'3906,'65,'02,'0,'0,'656,'西九州大　　　,'リハビリ,'リハ／作業療,'　,'　　　,'作業療法　,'1,'41
'3906,'66,'00,'0,'0,'402,'西九州大　　　,'健康栄養,'　　　　　　,'　,'　　　,'食物・栄養,'0,'41
'3906,'66,'01,'0,'0,'402,'西九州大　　　,'健康栄養,'健康栄養　　,'　,'　　　,'食物・栄養,'1,'41
'3906,'67,'00,'0,'0,'651,'西九州大　　　,'看護　　,'　　　　　　,'　,'　　　,'看護　　　,'0,'41
'3906,'67,'01,'0,'0,'651,'西九州大　　　,'看護　　,'看護　　　　,'　,'　　　,'看護　　　,'1,'41
'3906,'80,'00,'0,'0,'404,'西九州大　　　,'子ども　,'　　　　　　,'　,'　　　,'児童学　　,'0,'41
'3906,'80,'01,'0,'0,'301,'西九州大　　　,'子ども　,'子ども　　　,'　,'　　　,'小学校　　,'1,'41
'3906,'80,'02,'0,'0,'105,'西九州大　　　,'子ども　,'心理カウンセ,'　,'　　　,'心理学　　,'1,'41
'3906,'88,'00,'0,'0,'151,'西九州大　　　,'デジタル,'　　　　　　,'　,'　　　,'英米語　　,'1,'41
'3907,'27,'00,'0,'0,'241,'武雄アジア大　,'東ア共創,'　　　　　　,'　,'　　　,'社会学　　,'0,'41
'3907,'27,'01,'0,'0,'241,'武雄アジア大　,'東ア共創,'東ア地域共創,'　,'　　　,'社会学　　,'1,'41
'3916,'33,'00,'0,'0,'106,'活水女子大　　,'国際文化,'　　　　　　,'　,'　　　,'文化学　　,'0,'42
'3916,'33,'03,'0,'0,'106,'活水女子大　　,'国際文化,'国際文化　　,'　,'　　　,'文化学　　,'1,'42
'3916,'64,'00,'0,'0,'651,'活水女子大　　,'看護　　,'　　　　　　,'　,'　　　,'看護　　　,'0,'42
'3916,'64,'01,'0,'0,'651,'活水女子大　　,'看護　　,'看護　　　　,'　,'　　　,'看護　　　,'1,'42
'3916,'79,'00,'0,'0,'312,'活水女子大　　,'健康生活,'　　　　　　,'　,'　　　,'幼稚園　　,'0,'42
'3916,'79,'01,'0,'0,'402,'活水女子大　　,'健康生活,'食生活健康　,'　,'　　　,'食物・栄養,'1,'42
'3916,'79,'02,'0,'0,'401,'活水女子大　　,'健康生活,'生活デザイン,'　,'　　　,'生活科学　,'1,'42
'3916,'79,'03,'0,'0,'312,'活水女子大　　,'健康生活,'子ども　　　,'　,'　　　,'幼稚園　　,'1,'42
'3917,'02,'00,'0,'0,'404,'長崎純心大　　,'人文　　,'　　　　　　,'　,'　　　,'児童学　　,'0,'42
'3917,'02,'01,'0,'0,'105,'長崎純心大　　,'人文　　,'福祉・心理　,'　,'　　　,'心理学　　,'1,'42
'3917,'02,'05,'0,'0,'301,'長崎純心大　　,'人文　　,'こども教育保,'　,'　　　,'小学校　　,'1,'42
'3917,'02,'06,'0,'0,'106,'長崎純心大　　,'人文　　,'言語文化情報,'　,'　　　,'文化学　　,'1,'42
'3918,'39,'00,'0,'0,'223,'長崎総合科学大,'総合情報,'　　　　　　,'　,'　　　,'経営情報学,'0,'42
'3918,'39,'01,'0,'0,'553,'長崎総合科学大,'総合情報,'総合／知能情,'　,'　　　,'情報工学　,'1,'42
'3918,'39,'02,'0,'0,'223,'長崎総合科学大,'総合情報,'総合／経営情,'　,'　　　,'経営情報学,'1,'42
'3918,'39,'03,'0,'0,'554,'長崎総合科学大,'総合情報,'総合／環境デ,'　,'　　　,'建築・土木,'1,'42
'3918,'46,'00,'0,'0,'551,'長崎総合科学大,'工　　　,'　　　　　　,'　,'　　　,'機械工学　,'0,'42
'3918,'46,'07,'0,'0,'560,'長崎総合科学大,'工　　　,'工／船舶工学,'　,'　　　,'船舶・海洋,'1,'42
'3918,'46,'08,'0,'0,'551,'長崎総合科学大,'工　　　,'工／機械工学,'　,'　　　,'機械工学　,'1,'42
'3918,'46,'09,'0,'0,'554,'長崎総合科学大,'工　　　,'工／建築学　,'　,'　　　,'建築・土木,'1,'42
'3918,'46,'10,'0,'0,'552,'長崎総合科学大,'工　　　,'工／電気電子,'　,'　　　,'電気・電子,'1,'42
'3918,'46,'11,'0,'0,'652,'長崎総合科学大,'工　　　,'工／医療工学,'　,'　　　,'医療技術　,'1,'42
'3919,'27,'00,'0,'0,'222,'長崎国際大　　,'人間社会,'　　　　　　,'　,'　　　,'経営学・商,'0,'42
'3919,'27,'01,'0,'0,'222,'長崎国際大　　,'人間社会,'国際観光　　,'　,'　　　,'経営学・商,'1,'42
'3919,'27,'02,'0,'0,'242,'長崎国際大　　,'人間社会,'社会福祉　　,'　,'　　　,'社会福祉学,'1,'42
'3919,'61,'00,'0,'0,'621,'長崎国際大　　,'薬　　　,'　　　　　　,'　,'　　　,'薬　　　　,'0,'42
'3919,'61,'01,'0,'0,'621,'長崎国際大　　,'薬　　　,'薬　　　　　,'　,'　　　,'薬　　　　,'1,'42
'3919,'79,'00,'0,'0,'402,'長崎国際大　　,'健康管理,'　　　　　　,'　,'　　　,'食物・栄養,'0,'42
'3919,'79,'01,'0,'0,'402,'長崎国際大　　,'健康管理,'健康栄養　　,'　,'　　　,'食物・栄養,'1,'42
'3920,'08,'00,'0,'0,'151,'長崎外大　　　,'外国語　,'　　　　　　,'　,'　　　,'英米語　　,'0,'42
'3920,'08,'01,'0,'0,'152,'長崎外大　　　,'外国語　,'国際コミュニ,'　,'　　　,'中国語　　,'1,'42
'3920,'08,'02,'0,'0,'151,'長崎外大　　　,'外国語　,'現代英語　　,'　,'　　　,'英米語　　,'1,'42
'3921,'27,'00,'0,'0,'151,'鎮西学院大　　,'総合社会,'　　　　　　,'　,'　　　,'英米語　　,'0,'42
'3921,'27,'02,'0,'0,'242,'鎮西学院大　　,'総合社会,'社会福祉　　,'　,'　　　,'社会福祉学,'1,'42
'3921,'27,'03,'0,'0,'202,'鎮西学院大　　,'総合社会,'経済政策　　,'　,'　　　,'政治学　　,'1,'42
'3921,'27,'04,'0,'0,'151,'鎮西学院大　　,'総合社会,'多文化コミュ,'　,'　　　,'英米語　　,'1,'42
'3932,'08,'00,'0,'0,'151,'熊本学園大　　,'外国語　,'　　　　　　,'　,'　　　,'英米語　　,'0,'43
'3932,'08,'01,'0,'0,'151,'熊本学園大　　,'外国語　,'英米　　　　,'　,'　　　,'英米語　　,'1,'43
'3932,'08,'02,'0,'0,'152,'熊本学園大　　,'外国語　,'東アジア　　,'　,'　　　,'中国語　　,'1,'43
'3932,'18,'00,'0,'0,'221,'熊本学園大　　,'経済　　,'　　　　　　,'　,'　　　,'経済学　　,'0,'43
'3932,'18,'01,'0,'0,'221,'熊本学園大　　,'経済　　,'経済　　　　,'　,'　　　,'経済学　　,'1,'43
'3932,'18,'03,'0,'0,'201,'熊本学園大　　,'経済　　,'リーガルエコ,'　,'　　　,'法学　　　,'1,'43
'3932,'20,'00,'0,'0,'222,'熊本学園大　　,'商　　　,'　　　　　　,'　,'　　　,'経営学・商,'0,'43
'3932,'20,'02,'0,'0,'222,'熊本学園大　　,'商　　　,'商　　　　　,'　,'　　　,'経営学・商,'1,'43
'3932,'20,'03,'0,'0,'222,'熊本学園大　　,'商　　　,'ホスピタリテ,'　,'　　　,'経営学・商,'1,'43
'3932,'26,'00,'0,'0,'242,'熊本学園大　　,'社会福祉,'　　　　　　,'　,'　　　,'社会福祉学,'0,'43
'3932,'26,'01,'0,'0,'242,'熊本学園大　　,'社会福祉,'社会福祉　　,'　,'　　　,'社会福祉学,'1,'43
'3932,'26,'03,'0,'0,'242,'熊本学園大　　,'社会福祉,'子ども家庭福,'　,'　　　,'社会福祉学,'1,'43
'3932,'26,'04,'0,'0,'242,'熊本学園大　　,'社会福祉,'ライフ・ウェ,'　,'　　　,'社会福祉学,'1,'43
'3932,'29,'00,'0,'0,'242,'熊本学園大　　,'社福二　,'　　　　　　,'　,'　　　,'社会福祉学,'0,'43
'3932,'29,'01,'0,'0,'242,'熊本学園大　　,'社福二　,'社会福祉　　,'　,'　　　,'社会福祉学,'1,'43
'3933,'46,'00,'0,'0,'561,'崇城大　　　　,'工　　　,'　　　　　　,'　,'　　　,'航空・宇宙,'0,'43
'3933,'46,'02,'0,'0,'551,'崇城大　　　　,'工　　　,'機械工　　　,'　,'　　　,'機械工学　,'1,'43
'3933,'46,'03,'0,'0,'554,'崇城大　　　　,'工　　　,'建築　　　　,'　,'　　　,'建築・土木,'1,'43
'3933,'46,'04,'0,'0,'555,'崇城大　　　　,'工　　　,'ナノサイエン,'　,'　　　,'応用化学　,'1,'43
'3933,'46,'12,'0,'0,'561,'崇城大　　　　,'工　　　,'宇宙／宇宙航,'　,'　　　,'航空・宇宙,'1,'43
'3933,'46,'15,'0,'0,'561,'崇城大　　　　,'工　　　,'宇宙／航空整,'　,'　　　,'航空・宇宙,'1,'43
'3933,'46,'16,'0,'0,'561,'崇城大　　　　,'工　　　,'宇宙／航空操,'　,'　　　,'航空・宇宙,'1,'43
'3933,'47,'00,'0,'0,'455,'崇城大　　　　,'情報　　,'　　　　　　,'　,'　　　,'映像　　　,'0,'43
'3933,'47,'04,'0,'0,'455,'崇城大　　　　,'情報　　,'情報　　　　,'　,'　　　,'映像　　　,'1,'43
'3933,'61,'00,'0,'0,'621,'崇城大　　　　,'薬　　　,'　　　　　　,'　,'　　　,'薬　　　　,'0,'43
'3933,'61,'01,'0,'0,'621,'崇城大　　　　,'薬　　　,'薬　　　　　,'　,'　　　,'薬　　　　,'1,'43
'3933,'74,'00,'0,'0,'564,'崇城大　　　　,'生物生命,'　　　　　　,'　,'　　　,'生物工学　,'0,'43
'3933,'74,'03,'0,'0,'564,'崇城大　　　　,'生物生命,'生物生命　　,'　,'　　　,'生物工学　,'1,'43
'3933,'83,'00,'0,'0,'451,'崇城大　　　　,'芸術　　,'　　　　　　,'　,'　　　,'美術・デザ,'0,'43
'3933,'83,'01,'0,'0,'451,'崇城大　　　　,'芸術　　,'美術　　　　,'　,'　　　,'美術・デザ,'1,'43
'3933,'83,'02,'0,'0,'451,'崇城大　　　　,'芸術　　,'デザイン　　,'　,'　　　,'美術・デザ,'1,'43
'3934,'04,'00,'0,'0,'106,'尚絅大　　　　,'現代文化,'　　　　　　,'　,'　　　,'文化学　　,'0,'43
'3934,'04,'01,'0,'0,'106,'尚絅大　　　　,'現代文化,'文化コミュニ,'　,'　　　,'文化学　　,'1,'43
'3934,'31,'00,'0,'0,'312,'尚絅大　　　　,'こども教,'　　　　　　,'　,'　　　,'幼稚園　　,'0,'43
'3934,'31,'01,'0,'0,'312,'尚絅大　　　　,'こども教,'こども教育　,'　,'　　　,'幼稚園　　,'1,'43
'3934,'79,'00,'0,'0,'402,'尚絅大　　　　,'生活科学,'　　　　　　,'　,'　　　,'食物・栄養,'0,'43
'3934,'79,'01,'0,'0,'402,'尚絅大　　　　,'生活科学,'栄養科学　　,'　,'　　　,'食物・栄養,'1,'43
'3935,'02,'00,'0,'0,'105,'九州ルーテル大,'人文　　,'　　　　　　,'　,'　　　,'心理学　　,'0,'43
'3935,'02,'02,'0,'0,'105,'九州ルーテル大,'人文　　,'心理臨床　　,'　,'　　　,'心理学　　,'1,'43
'3935,'02,'04,'0,'0,'151,'九州ルーテル大,'人文　　,'人文／キャリ,'　,'　　　,'英米語　　,'1,'43
'3935,'02,'07,'0,'0,'312,'九州ルーテル大,'人文　　,'人文／保育幼,'　,'　　　,'幼稚園　　,'1,'43
'3935,'02,'08,'0,'0,'301,'九州ルーテル大,'人文　　,'人文／児童教,'　,'　　　,'小学校　　,'1,'43
'3936,'64,'00,'0,'0,'242,'九州看護福祉大,'看護福祉,'　　　　　　,'　,'　　　,'社会福祉学,'0,'43
'3936,'64,'01,'0,'0,'651,'九州看護福祉大,'看護福祉,'看護　　　　,'　,'　　　,'看護　　　,'1,'43
'3936,'64,'02,'0,'0,'242,'九州看護福祉大,'看護福祉,'社会福祉　　,'　,'　　　,'社会福祉学,'1,'43
'3936,'64,'03,'0,'0,'242,'九州看護福祉大,'看護福祉,'社会／介護福,'　,'　　　,'社会福祉学,'1,'43
'3936,'64,'04,'0,'0,'655,'九州看護福祉大,'看護福祉,'リハビリテー,'　,'　　　,'理学療法　,'1,'43
'3936,'64,'05,'0,'0,'652,'九州看護福祉大,'看護福祉,'口腔保健　　,'　,'　　　,'医療技術　,'1,'43
'3936,'64,'06,'0,'0,'652,'九州看護福祉大,'看護福祉,'鍼灸スポーツ,'　,'　　　,'医療技術　,'1,'43
'3937,'83,'00,'0,'0,'453,'平成音大　　　,'音楽　　,'　　　　　　,'　,'　　　,'音楽　　　,'0,'43
'3937,'83,'01,'0,'0,'318,'平成音大　　　,'音楽　　,'音楽　　　　,'　,'　　　,'総合教育学,'1,'43
'3937,'83,'02,'0,'0,'312,'平成音大　　　,'音楽　　,'未来創造　　,'　,'　　　,'幼稚園　　,'1,'43
'3938,'64,'00,'0,'0,'651,'熊本保健科学大,'保健科学,'　　　　　　,'　,'　　　,'看護　　　,'0,'43
'3938,'64,'01,'0,'0,'658,'熊本保健科学大,'保健科学,'医学検査　　,'　,'　　　,'検査技術　,'1,'43
'3938,'64,'02,'0,'0,'651,'熊本保健科学大,'保健科学,'看護　　　　,'　,'　　　,'看護　　　,'1,'43
'3938,'64,'03,'0,'0,'655,'熊本保健科学大,'保健科学,'リハ／理学療,'　,'　　　,'理学療法　,'1,'43
'3938,'64,'04,'0,'0,'656,'熊本保健科学大,'保健科学,'リハ／作業療,'　,'　　　,'作業療法　,'1,'43
'3938,'64,'05,'0,'0,'652,'熊本保健科学大,'保健科学,'リハ／言語聴,'　,'　　　,'医療技術　,'1,'43
'3946,'22,'00,'0,'0,'221,'日本文理大　　,'経営経済,'　　　　　　,'　,'　　　,'経済学　　,'0,'44
'3946,'22,'01,'0,'0,'221,'日本文理大　　,'経営経済,'経営経済　　,'　,'　　　,'経済学　　,'1,'44
'3946,'37,'00,'0,'0,'753,'日本文理大　　,'社会デザ,'　　　　　　,'　,'　　　,'総合科学　,'1,'44
'3946,'46,'00,'0,'0,'405,'日本文理大　　,'工　　　,'　　　　　　,'　,'　　　,'住居学　　,'0,'44
'3946,'46,'03,'0,'0,'405,'日本文理大　　,'工　　　,'建築　　　　,'　,'　　　,'住居学　　,'1,'44
'3946,'46,'13,'0,'0,'561,'日本文理大　　,'工　　　,'航空宇宙工　,'　,'　　　,'航空・宇宙,'1,'44
'3946,'46,'14,'0,'0,'553,'日本文理大　　,'工　　　,'情報メディア,'　,'　　　,'情報工学　,'1,'44
'3946,'46,'17,'0,'0,'551,'日本文理大　　,'工　　　,'機械電気工　,'　,'　　　,'機械工学　,'1,'44
'3946,'64,'00,'0,'0,'652,'日本文理大　　,'保健医療,'　　　　　　,'　,'　　　,'医療技術　,'0,'44
'3946,'64,'01,'0,'0,'657,'日本文理大　　,'保健医療,'保健／診療放,'　,'　　　,'放射線技術,'1,'44
'3946,'64,'02,'0,'0,'658,'日本文理大　　,'保健医療,'保健／臨床検,'　,'　　　,'検査技術　,'1,'44
'3946,'64,'03,'0,'0,'652,'日本文理大　　,'保健医療,'保健／臨床医,'　,'　　　,'医療技術　,'1,'44
'3947,'01,'00,'0,'0,'101,'別府大　　　　,'文　　　,'　　　　　　,'　,'　　　,'日本文学　,'0,'44
'3947,'01,'06,'0,'0,'751,'別府大　　　　,'文　　　,'人間関係　　,'　,'　　　,'人間科学　,'1,'44
'3947,'01,'11,'0,'0,'101,'別府大　　　　,'文　　　,'国際言語・文,'　,'　　　,'日本文学　,'1,'44
'3947,'01,'12,'0,'0,'107,'別府大　　　　,'文　　　,'史学・文化財,'　,'　　　,'西洋史　　,'1,'44
'3947,'21,'00,'0,'0,'222,'別府大　　　　,'国際経営,'　　　　　　,'　,'　　　,'経営学・商,'0,'44
'3947,'21,'01,'0,'0,'222,'別府大　　　　,'国際経営,'国際経営　　,'　,'　　　,'経営学・商,'1,'44
'3947,'64,'00,'0,'0,'651,'別府大　　　　,'看護　　,'　　　　　　,'　,'　　　,'看護　　　,'0,'44
'3947,'64,'01,'0,'0,'651,'別府大　　　　,'看護　　,'看護　　　　,'　,'　　　,'看護　　　,'1,'44
'3947,'79,'00,'0,'0,'402,'別府大　　　　,'食物栄養,'　　　　　　,'　,'　　　,'食物・栄養,'0,'44
'3947,'79,'01,'0,'0,'402,'別府大　　　　,'食物栄養,'食物栄養　　,'　,'　　　,'食物・栄養,'1,'44
'3947,'79,'02,'0,'0,'703,'別府大　　　　,'食物栄養,'発酵食品　　,'　,'　　　,'農芸化学　,'1,'44
'3948,'21,'00,'0,'0,'222,'立命館アジア大,'国際経営,'　　　　　　,'　,'　　　,'経営学・商,'1,'44
'3948,'27,'00,'0,'0,'243,'立命館アジア大,'サステイ,'　　　　　　,'　,'　　　,'観光学　　,'1,'44
'3948,'33,'00,'0,'0,'221,'立命館アジア大,'太平洋　,'　　　　　　,'　,'　　　,'経済学　　,'1,'44
'3956,'64,'00,'0,'0,'402,'南九州大　　　,'健康栄養,'　　　　　　,'　,'　　　,'食物・栄養,'0,'45
'3956,'64,'01,'0,'0,'402,'南九州大　　　,'健康栄養,'管理栄養　　,'　,'　　　,'食物・栄養,'1,'45
'3956,'64,'02,'0,'0,'402,'南九州大　　　,'健康栄養,'食品開発科学,'　,'　　　,'食物・栄養,'1,'45
'3956,'76,'00,'0,'0,'701,'南九州大　　　,'環境園芸,'　　　　　　,'　,'　　　,'農学　　　,'0,'45
'3956,'76,'01,'0,'0,'701,'南九州大　　　,'環境園芸,'環境園芸　　,'　,'　　　,'農学　　　,'1,'45
'3956,'79,'00,'0,'0,'301,'南九州大　　　,'人間発達,'　　　　　　,'　,'　　　,'小学校　　,'0,'45
'3956,'79,'02,'0,'0,'301,'南九州大　　　,'人間発達,'子ども教育　,'　,'　　　,'小学校　　,'1,'45
'3957,'30,'00,'0,'0,'301,'宮崎国際大　　,'教育　　,'　　　　　　,'　,'　　　,'小学校　　,'0,'45
'3957,'30,'01,'0,'0,'301,'宮崎国際大　　,'教育　　,'児童教育　　,'　,'　　　,'小学校　　,'1,'45
'3957,'37,'00,'0,'0,'106,'宮崎国際大　　,'国際教養,'　　　　　　,'　,'　　　,'文化学　　,'0,'45
'3957,'37,'01,'0,'0,'106,'宮崎国際大　　,'国際教養,'比較文化　　,'　,'　　　,'文化学　　,'1,'45
'3958,'12,'00,'0,'0,'201,'宮崎産業経営大,'法　　　,'　　　　　　,'　,'　　　,'法学　　　,'0,'45
'3958,'12,'01,'0,'0,'201,'宮崎産業経営大,'法　　　,'法律　　　　,'　,'　　　,'法学　　　,'1,'45
'3958,'19,'00,'0,'0,'221,'宮崎産業経営大,'経営　　,'　　　　　　,'　,'　　　,'経済学　　,'0,'45
'3958,'19,'01,'0,'0,'222,'宮崎産業経営大,'経営　　,'経営　　　　,'　,'　　　,'経営学・商,'1,'45
'3958,'19,'02,'0,'0,'221,'宮崎産業経営大,'経営　　,'エコノデータ,'　,'　　　,'経済学　　,'1,'45
'3959,'03,'00,'0,'0,'105,'九州医療科学大,'臨床心理,'　　　　　　,'　,'　　　,'心理学　　,'0,'45
'3959,'03,'01,'0,'0,'105,'九州医療科学大,'臨床心理,'臨床心理　　,'　,'　　　,'心理学　　,'1,'45
'3959,'26,'00,'0,'0,'242,'九州医療科学大,'社会福祉,'　　　　　　,'　,'　　　,'社会福祉学,'0,'45
'3959,'26,'05,'0,'0,'242,'九州医療科学大,'社会福祉,'スポーツ健康,'　,'　　　,'社会福祉学,'1,'45
'3959,'47,'00,'0,'0,'652,'九州医療科学大,'生命医科,'　　　　　　,'　,'　　　,'医療技術　,'0,'45
'3959,'47,'01,'0,'0,'652,'九州医療科学大,'生命医科,'生命医科学　,'　,'　　　,'医療技術　,'1,'45
'3959,'61,'00,'0,'0,'621,'九州医療科学大,'薬　　　,'　　　　　　,'　,'　　　,'薬　　　　,'0,'45
'3959,'61,'01,'0,'0,'621,'九州医療科学大,'薬　　　,'薬　　　　　,'　,'　　　,'薬　　　　,'1,'45
'3959,'61,'02,'0,'0,'621,'九州医療科学大,'薬　　　,'動物生命薬科,'　,'　　　,'薬　　　　,'1,'45
'3966,'18,'00,'0,'0,'202,'鹿児島国際大　,'経済　　,'　　　　　　,'　,'　　　,'政治学　　,'0,'46
'3966,'18,'01,'0,'0,'222,'鹿児島国際大　,'経済　　,'経営　　　　,'　,'　　　,'経営学・商,'1,'46
'3966,'18,'02,'0,'0,'202,'鹿児島国際大　,'経済　　,'経済　　　　,'　,'　　　,'政治学　　,'1,'46
'3966,'27,'00,'0,'0,'242,'鹿児島国際大　,'福祉社会,'　　　　　　,'　,'　　　,'社会福祉学,'0,'46
'3966,'27,'02,'0,'0,'242,'鹿児島国際大　,'福祉社会,'社会福祉　　,'　,'　　　,'社会福祉学,'1,'46
'3966,'27,'03,'0,'0,'301,'鹿児島国際大　,'福祉社会,'児童　　　　,'　,'　　　,'小学校　　,'1,'46
'3966,'33,'00,'0,'0,'101,'鹿児島国際大　,'国際文化,'　　　　　　,'　,'　　　,'日本文学　,'0,'46
'3966,'33,'04,'0,'0,'101,'鹿児島国際大　,'国際文化,'国際文化　　,'　,'　　　,'日本文学　,'1,'46
'3966,'64,'00,'0,'0,'651,'鹿児島国際大　,'看護　　,'　　　　　　,'　,'　　　,'看護　　　,'0,'46
'3966,'64,'01,'0,'0,'651,'鹿児島国際大　,'看護　　,'看護　　　　,'　,'　　　,'看護　　　,'1,'46
'3967,'31,'00,'0,'0,'105,'鹿児島純心大　,'人間教育,'　　　　　　,'　,'　　　,'心理学　　,'0,'46
'3967,'31,'01,'0,'0,'105,'鹿児島純心大　,'人間教育,'教育・心理　,'　,'　　　,'心理学　　,'1,'46
'3967,'64,'00,'0,'0,'402,'鹿児島純心大　,'看護栄養,'　　　　　　,'　,'　　　,'食物・栄養,'0,'46
'3967,'64,'01,'0,'0,'651,'鹿児島純心大　,'看護栄養,'看護　　　　,'　,'　　　,'看護　　　,'1,'46
'3967,'64,'02,'0,'0,'402,'鹿児島純心大　,'看護栄養,'健康栄養　　,'　,'　　　,'食物・栄養,'1,'46
'3968,'12,'00,'0,'0,'201,'志学館大　　　,'法　　　,'　　　　　　,'　,'　　　,'法学　　　,'1,'46
'3968,'37,'00,'0,'0,'101,'志学館大　　　,'人間関係,'　　　　　　,'　,'　　　,'日本文学　,'0,'46
'3968,'37,'01,'0,'0,'105,'志学館大　　　,'人間関係,'心理臨床　　,'　,'　　　,'心理学　　,'1,'46
'3968,'37,'02,'0,'0,'101,'志学館大　　　,'人間関係,'人間文化　　,'　,'　　　,'日本文学　,'1,'46
'3969,'46,'00,'0,'0,'554,'第一工科大　　,'工　　　,'　　　　　　,'　,'　　　,'建築・土木,'0,'46
'3969,'46,'01,'0,'0,'551,'第一工科大　　,'工　　　,'機械シス工　,'　,'　　　,'機械工学　,'1,'46
'3969,'46,'02,'0,'0,'405,'第一工科大　　,'工　　　,'建築デザイン,'　,'　　　,'住居学　　,'1,'46
'3969,'46,'05,'0,'0,'554,'第一工科大　　,'工　　　,'環境エンジニ,'　,'　　　,'建築・土木,'1,'46
'3969,'46,'09,'0,'0,'552,'第一工科大　　,'工　　　,'情報・鹿児島,'　,'　　　,'電気・電子,'1,'46
'3969,'46,'10,'0,'0,'563,'第一工科大　　,'工　　　,'情報・東京　,'　,'　　　,'経営工学　,'1,'46
'3969,'47,'00,'0,'0,'561,'第一工科大　　,'航空工　,'　　　　　　,'　,'　　　,'航空・宇宙,'0,'46
'3969,'47,'01,'0,'0,'561,'第一工科大　　,'航空工　,'航空／航空操,'　,'　　　,'航空・宇宙,'1,'46
'3969,'47,'04,'0,'0,'561,'第一工科大　　,'航空工　,'航空／航空エ,'　,'　　　,'航空・宇宙,'1,'46
'3976,'02,'00,'0,'0,'242,'沖縄大　　　　,'人文　　,'　　　　　　,'　,'　　　,'社会福祉学,'0,'47
'3976,'02,'01,'0,'0,'151,'沖縄大　　　　,'人文　　,'国際コミュニ,'　,'　　　,'英米語　　,'1,'47
'3976,'02,'03,'0,'0,'301,'沖縄大　　　　,'人文　　,'こども文化　,'　,'　　　,'小学校　　,'1,'47
'3976,'02,'04,'0,'0,'242,'沖縄大　　　　,'人文　　,'福祉／社会福,'　,'　　　,'社会福祉学,'1,'47
'3976,'02,'05,'0,'0,'242,'沖縄大　　　　,'人文　　,'福祉／健康ス,'　,'　　　,'社会福祉学,'1,'47
'3976,'21,'00,'0,'0,'201,'沖縄大　　　　,'経法商　,'　　　　　　,'　,'　　　,'法学　　　,'0,'47
'3976,'21,'01,'0,'0,'201,'沖縄大　　　　,'経法商　,'経法商　　　,'　,'　　　,'法学　　　,'1,'47
'3976,'64,'00,'0,'0,'402,'沖縄大　　　　,'健康栄養,'　　　　　　,'　,'　　　,'食物・栄養,'0,'47
'3976,'64,'01,'0,'0,'402,'沖縄大　　　　,'健康栄養,'管理栄養　　,'　,'　　　,'食物・栄養,'1,'47
'3977,'03,'00,'0,'0,'106,'沖縄国際大　　,'総合文化,'　　　　　　,'　,'　　　,'文化学　　,'0,'47
'3977,'03,'01,'0,'0,'151,'沖縄国際大　　,'総合文化,'英米言語文化,'　,'　　　,'英米語　　,'1,'47
'3977,'03,'02,'0,'0,'106,'沖縄国際大　　,'総合文化,'日本文化　　,'　,'　　　,'文化学　　,'1,'47
'3977,'03,'03,'0,'0,'106,'沖縄国際大　　,'総合文化,'社会文化　　,'　,'　　　,'文化学　　,'1,'47
'3977,'03,'04,'0,'0,'242,'沖縄国際大　　,'総合文化,'人間／社会福,'　,'　　　,'社会福祉学,'1,'47
'3977,'03,'05,'0,'0,'105,'沖縄国際大　　,'総合文化,'人間／心理カ,'　,'　　　,'心理学　　,'1,'47
'3977,'12,'00,'0,'0,'201,'沖縄国際大　　,'法　　　,'　　　　　　,'　,'　　　,'法学　　　,'0,'47
'3977,'12,'01,'0,'0,'201,'沖縄国際大　　,'法　　　,'法律　　　　,'　,'　　　,'法学　　　,'1,'47
'3977,'12,'02,'0,'0,'202,'沖縄国際大　　,'法　　　,'地域行政　　,'　,'　　　,'政治学　　,'1,'47
'3977,'18,'00,'0,'0,'221,'沖縄国際大　　,'経済　　,'　　　　　　,'　,'　　　,'経済学　　,'0,'47
'3977,'18,'01,'0,'0,'221,'沖縄国際大　　,'経済　　,'経済　　　　,'　,'　　　,'経済学　　,'1,'47
'3977,'18,'02,'0,'0,'753,'沖縄国際大　　,'経済　　,'地域環境政策,'　,'　　　,'総合科学　,'1,'47
'3977,'22,'00,'0,'0,'222,'沖縄国際大　　,'産業情報,'　　　　　　,'　,'　　　,'経営学・商,'0,'47
'3977,'22,'01,'0,'0,'222,'沖縄国際大　　,'産業情報,'企業システム,'　,'　　　,'経営学・商,'1,'47
'3977,'22,'02,'0,'0,'223,'沖縄国際大　　,'産業情報,'産業情報　　,'　,'　　　,'経営情報学,'1,'47
'3979,'02,'00,'0,'0,'106,'沖縄キリスト大,'人文　　,'　　　　　　,'　,'　　　,'文化学　　,'0,'47
'3979,'02,'01,'0,'0,'151,'沖縄キリスト大,'人文　　,'英語コミュニ,'　,'　　　,'英米語　　,'1,'47
'3979,'02,'02,'0,'0,'106,'沖縄キリスト大,'人文　　,'観光文化　　,'　,'　　　,'文化学　　,'1,'47
'4147,'00,'00,'0,'0,'651,'防衛医科大学校,'　　　　,'　　　　　　,'　,'　　　,'看護　　　,'0,'11
'4147,'00,'01,'0,'0,'601,'防衛医科大学校,'　　　　,'医　　　　　,'　,'　　　,'医　　　　,'1,'11
'4147,'00,'02,'0,'0,'651,'防衛医科大学校,'　　　　,'看護／自衛官,'　,'　　　,'看護　　　,'1,'11
'4147,'00,'03,'0,'0,'651,'防衛医科大学校,'　　　　,'看護／技官　,'　,'　　　,'看護　　　,'1,'11
'4191,'00,'00,'0,'0,'505,'気象大学校　　,'　　　　,'　　　　　　,'　,'　　　,'地球科学　,'1,'12
'4231,'00,'00,'0,'0,'561,'航空保安大学校,'　　　　,'　　　　　　,'　,'　　　,'航空・宇宙,'0,'27
'4231,'00,'02,'0,'0,'561,'航空保安大学校,'　　　　,'航空情報　　,'　,'　　　,'航空・宇宙,'1,'27
'4231,'00,'03,'0,'0,'561,'航空保安大学校,'　　　　,'航空電子　　,'　,'　　　,'航空・宇宙,'1,'27
'4234,'00,'00,'0,'0,'651,'国立看護大学校,'　　　　,'　　　　　　,'　,'　　　,'看護　　　,'1,'13
'4362,'00,'00,'0,'0,'552,'職業能開大学校,'　　　　,'　　　　　　,'　,'　　　,'電気・電子,'0,'13
'4362,'00,'18,'0,'0,'551,'職業能開大学校,'　　　　,'総合／機械工,'　,'　　　,'機械工学　,'1,'13
'4362,'00,'19,'0,'0,'552,'職業能開大学校,'　　　　,'総合／電気工,'　,'　　　,'電気・電子,'1,'13
'4362,'00,'20,'0,'0,'552,'職業能開大学校,'　　　　,'総合／電子情,'　,'　　　,'電気・電子,'1,'13
'4362,'00,'21,'0,'0,'554,'職業能開大学校,'　　　　,'総合／建築工,'　,'　　　,'建築・土木,'1,'13
'4363,'00,'00,'0,'0,'106,'防衛大学校　　,'　　　　,'　　　　　　,'　,'　　　,'文化学　　,'0,'14
'4363,'00,'01,'0,'0,'106,'防衛大学校　　,'　　　　,'人文・社会科,'　,'　　　,'文化学　　,'1,'14
'4363,'00,'02,'0,'0,'505,'防衛大学校　　,'　　　　,'理工学　　　,'　,'　　　,'地球科学　,'1,'14
'4796,'00,'00,'0,'0,'552,'海上保安大学校,'　　　　,'　　　　　　,'　,'　　　,'電気・電子,'1,'34
'4816,'00,'00,'0,'0,'708,'水産大学校　　,'　　　　,'　　　　　　,'　,'　　　,'水産学　　,'0,'35
'4816,'00,'01,'0,'0,'560,'水産大学校　　,'　　　　,'海洋機械工　,'　,'　　　,'船舶・海洋,'1,'35
'4816,'00,'02,'0,'0,'708,'水産大学校　　,'　　　　,'海洋生産管理,'　,'　　　,'水産学　　,'1,'35
'4816,'00,'03,'0,'0,'708,'水産大学校　　,'　　　　,'食品科学　　,'　,'　　　,'水産学　　,'1,'35
'4816,'00,'04,'0,'0,'708,'水産大学校　　,'　　　　,'生物生産　　,'　,'　　　,'水産学　　,'1,'35
'4816,'00,'06,'0,'0,'708,'水産大学校　　,'　　　　,'水産流通経営,'　,'　　　,'水産学　　,'1,'35
'5003,'00,'00,'0,'0,'312,'旭川市立大短大,'　　　　,'　　　　　　,'　,'　　　,'幼稚園　　,'0,'01
'5003,'00,'01,'0,'0,'402,'旭川市立大短大,'　　　　,'食物栄養　　,'　,'　　　,'食物・栄養,'1,'01
'5003,'00,'02,'0,'0,'312,'旭川市立大短大,'　　　　,'こども地域　,'　,'　　　,'幼稚園　　,'1,'01
'5056,'00,'00,'0,'0,'222,'岩手県大宮古短,'　　　　,'　　　　　　,'　,'　　　,'経営学・商,'0,'03
'5056,'00,'01,'0,'0,'222,'岩手県大宮古短,'　　　　,'経営情報　　,'　,'　　　,'経営学・商,'1,'03
'5057,'00,'00,'0,'0,'106,'岩手県大盛岡短,'　　　　,'　　　　　　,'　,'　　　,'文化学　　,'0,'03
'5057,'00,'01,'0,'0,'402,'岩手県大盛岡短,'　　　　,'生活／食物栄,'　,'　　　,'食物・栄養,'1,'03
'5057,'00,'02,'0,'0,'401,'岩手県大盛岡短,'　　　　,'生活／生活デ,'　,'　　　,'生活科学　,'1,'03
'5057,'00,'05,'0,'0,'106,'岩手県大盛岡短,'　　　　,'国際文化　　,'　,'　　　,'文化学　　,'1,'03
'5090,'00,'00,'0,'0,'101,'山形県米沢女短,'　　　　,'　　　　　　,'　,'　　　,'日本文学　,'0,'06
'5090,'00,'01,'0,'0,'102,'山形県米沢女短,'　　　　,'英語英文　　,'　,'　　　,'外国文学　,'1,'06
'5090,'00,'03,'0,'0,'101,'山形県米沢女短,'　　　　,'国語国文　　,'　,'　　　,'日本文学　,'1,'06
'5090,'00,'04,'0,'0,'752,'山形県米沢女短,'　　　　,'社会情報　　,'　,'　　　,'総合情報学,'1,'06
'5090,'00,'05,'0,'0,'109,'山形県米沢女短,'　　　　,'日本史　　　,'　,'　　　,'日本史　　,'1,'06
'5098,'00,'00,'0,'0,'223,'会津大短大部　,'　　　　,'　　　　　　,'　,'　　　,'経営情報学,'0,'07
'5098,'00,'01,'0,'0,'223,'会津大短大部　,'　　　　,'産業情報　　,'　,'　　　,'経営情報学,'1,'07
'5098,'00,'03,'0,'0,'402,'会津大短大部　,'　　　　,'食物栄養　　,'　,'　　　,'食物・栄養,'1,'07
'5098,'00,'06,'0,'0,'312,'会津大短大部　,'　　　　,'幼児教育・福,'　,'　　　,'幼稚園　　,'1,'07
'5451,'00,'00,'0,'0,'106,'大月短　　　　,'　　　　,'　　　　　　,'　,'　　　,'文化学　　,'0,'19
'5451,'00,'01,'0,'0,'106,'大月短　　　　,'　　　　,'経済　　　　,'　,'　　　,'文化学　　,'1,'19
'5481,'00,'00,'0,'0,'106,'岐阜市立女短　,'　　　　,'　　　　　　,'　,'　　　,'文化学　　,'0,'21
'5481,'00,'09,'0,'0,'106,'岐阜市立女短　,'　　　　,'国際コミュニ,'　,'　　　,'文化学　　,'1,'21
'5481,'00,'10,'0,'0,'402,'岐阜市立女短　,'　　　　,'健康栄養　　,'　,'　　　,'食物・栄養,'1,'21
'5481,'00,'11,'0,'0,'403,'岐阜市立女短　,'　　　　,'デザイン環境,'　,'　　　,'被服・服飾,'1,'21
'5501,'00,'00,'0,'0,'242,'静岡県大短大部,'　　　　,'　　　　　　,'　,'　　　,'社会福祉学,'0,'22
'5501,'00,'05,'0,'0,'652,'静岡県大短大部,'　　　　,'歯科衛生　　,'　,'　　　,'医療技術　,'1,'22
'5501,'00,'06,'0,'0,'242,'静岡県大短大部,'　　　　,'社会／社会福,'　,'　　　,'社会福祉学,'1,'22
'5501,'00,'07,'0,'0,'242,'静岡県大短大部,'　　　　,'社会／介護福,'　,'　　　,'社会福祉学,'1,'22
'5501,'00,'08,'0,'0,'312,'静岡県大短大部,'　　　　,'こども　　　,'　,'　　　,'幼稚園　　,'1,'22
'5502,'00,'00,'0,'0,'701,'静岡農林職大短,'　　　　,'　　　　　　,'　,'　　　,'農学　　　,'0,'22
'5502,'00,'01,'0,'0,'701,'静岡農林職大短,'　　　　,'生産科学　　,'　,'　　　,'農学　　　,'1,'22
'5571,'00,'00,'0,'0,'201,'津市立三重短　,'　　　　,'　　　　　　,'　,'　　　,'法学　　　,'0,'24
'5571,'00,'05,'0,'0,'201,'津市立三重短　,'　　　　,'法経　　　　,'　,'　　　,'法学　　　,'1,'24
'5571,'00,'06,'0,'0,'201,'津市立三重短　,'　　　　,'法経２　　　,'　,'　　　,'法学　　　,'1,'24
'5571,'00,'07,'0,'0,'105,'津市立三重短　,'　　　　,'生活科学　　,'　,'　　　,'心理学　　,'1,'24
'5571,'00,'08,'0,'0,'402,'津市立三重短　,'　　　　,'食物栄養　　,'　,'　　　,'食物・栄養,'1,'24
'5767,'00,'00,'0,'0,'106,'島根県大短大部,'　　　　,'　　　　　　,'　,'　　　,'文化学　　,'0,'32
'5767,'00,'02,'0,'0,'106,'島根県大短大部,'　　　　,'文化情報　　,'　,'　　　,'文化学　　,'1,'32
'5767,'00,'03,'0,'0,'312,'島根県大短大部,'　　　　,'保育　　　　,'　,'　　　,'幼稚園　　,'1,'32
'5778,'00,'00,'0,'0,'403,'倉敷市立短　　,'　　　　,'　　　　　　,'　,'　　　,'被服・服飾,'0,'33
'5778,'00,'01,'0,'0,'403,'倉敷市立短　　,'　　　　,'服飾美術　　,'　,'　　　,'被服・服飾,'1,'33
'5778,'00,'02,'0,'0,'404,'倉敷市立短　　,'　　　　,'保育　　　　,'　,'　　　,'児童学　　,'1,'33
'5946,'00,'00,'0,'0,'453,'大分県芸文化短,'　　　　,'　　　　　　,'　,'　　　,'音楽　　　,'0,'44
'5946,'00,'04,'0,'0,'105,'大分県芸文化短,'　　　　,'情報コミュニ,'　,'　　　,'心理学　　,'1,'44
'5946,'00,'05,'0,'0,'451,'大分県芸文化短,'　　　　,'美術／デザイ,'　,'　　　,'美術・デザ,'1,'44
'5946,'00,'06,'0,'0,'451,'大分県芸文化短,'　　　　,'美術／美術　,'　,'　　　,'美術・デザ,'1,'44
'5946,'00,'08,'0,'0,'222,'大分県芸文化短,'　　　　,'国際総合　　,'　,'　　　,'経営学・商,'1,'44
'5946,'00,'09,'0,'0,'453,'大分県芸文化短,'　　　　,'音楽／声楽　,'　,'　　　,'音楽　　　,'1,'44
'5946,'00,'10,'0,'0,'453,'大分県芸文化短,'　　　　,'音楽／ピアノ,'　,'　　　,'音楽　　　,'1,'44
'5946,'00,'11,'0,'0,'453,'大分県芸文化短,'　　　　,'音楽／管弦打,'　,'　　　,'音楽　　　,'1,'44
'5946,'00,'12,'0,'0,'452,'大分県芸文化短,'　　　　,'音楽／音楽総,'　,'　　　,'芸術理論　,'1,'44
'5966,'00,'00,'0,'0,'221,'鹿児島県立短　,'　　　　,'　　　　　　,'　,'　　　,'経済学　　,'0,'46
'5966,'00,'01,'0,'0,'223,'鹿児島県立短　,'　　　　,'商経／経営情,'　,'　　　,'経営情報学,'1,'46
'5966,'00,'02,'0,'0,'221,'鹿児島県立短　,'　　　　,'商経／経済　,'　,'　　　,'経済学　　,'1,'46
'5966,'00,'03,'0,'0,'402,'鹿児島県立短　,'　　　　,'生活／食物栄,'　,'　　　,'食物・栄養,'1,'46
'5966,'00,'04,'0,'0,'401,'鹿児島県立短　,'　　　　,'生活／生活科,'　,'　　　,'生活科学　,'1,'46
'5966,'00,'05,'0,'0,'102,'鹿児島県立短　,'　　　　,'文／英語英文,'　,'　　　,'外国文学　,'1,'46
'5966,'00,'06,'0,'0,'101,'鹿児島県立短　,'　　　　,'文／日本語日,'　,'　　　,'日本文学　,'1,'46
'5966,'00,'07,'0,'0,'221,'鹿児島県立短　,'　　　　,'第二商経　　,'　,'　　　,'経済学　　,'1,'46
'6003,'00,'00,'0,'0,'242,'帯広大谷短　　,'　　　　,'　　　　　　,'　,'　　　,'社会福祉学,'0,'01
'6003,'00,'02,'0,'0,'242,'帯広大谷短　　,'　　　　,'社会／介護福,'　,'　　　,'社会福祉学,'1,'01
'6003,'00,'03,'0,'0,'242,'帯広大谷短　　,'　　　　,'社会／子ども,'　,'　　　,'社会福祉学,'1,'01
'6003,'00,'06,'0,'0,'651,'帯広大谷短　　,'　　　　,'看護　　　　,'　,'　　　,'看護　　　,'1,'01
'6003,'00,'07,'0,'0,'106,'帯広大谷短　　,'　　　　,'地域／キャリ,'　,'　　　,'文化学　　,'1,'01
'6003,'00,'08,'0,'0,'402,'帯広大谷短　　,'　　　　,'地域／食と栄,'　,'　　　,'食物・栄養,'1,'01
'6005,'00,'00,'0,'0,'402,'光塩学園短　　,'　　　　,'　　　　　　,'　,'　　　,'食物・栄養,'0,'01
'6005,'00,'01,'0,'0,'402,'光塩学園短　　,'　　　　,'食物栄養　　,'　,'　　　,'食物・栄養,'1,'01
'6006,'00,'00,'0,'0,'104,'国学院北海道短,'　　　　,'　　　　　　,'　,'　　　,'哲学倫理宗,'0,'01
'6006,'00,'01,'0,'0,'104,'国学院北海道短,'　　　　,'総合教養　　,'　,'　　　,'哲学倫理宗,'1,'01
'6006,'00,'02,'0,'0,'101,'国学院北海道短,'　　　　,'国文　　　　,'　,'　　　,'日本文学　,'1,'01
'6006,'00,'04,'0,'0,'312,'国学院北海道短,'　　　　,'幼児／幼児保,'　,'　　　,'幼稚園　　,'1,'01
'6006,'00,'05,'0,'0,'301,'国学院北海道短,'　　　　,'幼児／児童教,'　,'　　　,'小学校　　,'1,'01
'6008,'00,'00,'0,'0,'404,'札幌大谷大短大,'　　　　,'　　　　　　,'　,'　　　,'児童学　　,'0,'01
'6008,'00,'03,'0,'0,'404,'札幌大谷大短大,'　　　　,'保育　　　　,'　,'　　　,'児童学　　,'1,'01
'6015,'00,'00,'0,'0,'242,'函館短　　　　,'　　　　,'　　　　　　,'　,'　　　,'社会福祉学,'0,'01
'6015,'00,'01,'0,'0,'242,'函館短　　　　,'　　　　,'食物栄養　　,'　,'　　　,'社会福祉学,'1,'01
'6015,'00,'02,'0,'0,'312,'函館短　　　　,'　　　　,'保育　　　　,'　,'　　　,'幼稚園　　,'1,'01
'6016,'00,'00,'0,'0,'222,'函館大谷短　　,'　　　　,'　　　　　　,'　,'　　　,'経営学・商,'0,'01
'6016,'00,'01,'0,'0,'222,'函館大谷短　　,'　　　　,'ビジネス情報,'　,'　　　,'経営学・商,'1,'01
'6016,'00,'02,'0,'0,'312,'函館大谷短　　,'　　　　,'こども　　　,'　,'　　　,'幼稚園　　,'1,'01
'6022,'00,'00,'0,'0,'301,'北翔大短大部　,'　　　　,'　　　　　　,'　,'　　　,'小学校　　,'0,'01
'6022,'00,'04,'0,'0,'301,'北翔大短大部　,'　　　　,'こども　　　,'　,'　　　,'小学校　　,'1,'01
'6025,'00,'00,'0,'0,'106,'北海道武蔵女短,'　　　　,'　　　　　　,'　,'　　　,'文化学　　,'0,'01
'6025,'00,'02,'0,'0,'106,'北海道武蔵女短,'　　　　,'教養　　　　,'　,'　　　,'文化学　　,'1,'01
'6043,'00,'00,'0,'0,'312,'青森中央短　　,'　　　　,'　　　　　　,'　,'　　　,'幼稚園　　,'0,'02
'6043,'00,'02,'0,'0,'402,'青森中央短　　,'　　　　,'食物栄養　　,'　,'　　　,'食物・栄養,'1,'02
'6043,'00,'03,'0,'0,'312,'青森中央短　　,'　　　　,'幼児保育　　,'　,'　　　,'幼稚園　　,'1,'02
'6044,'00,'00,'0,'0,'242,'八戸学院大短大,'　　　　,'　　　　　　,'　,'　　　,'社会福祉学,'0,'02
'6044,'00,'02,'0,'0,'312,'八戸学院大短大,'　　　　,'こども教育　,'　,'　　　,'幼稚園　　,'1,'02
'6044,'00,'05,'0,'0,'242,'八戸学院大短大,'　　　　,'介護福祉　　,'　,'　　　,'社会福祉学,'1,'02
'6045,'00,'00,'0,'0,'222,'柴田学園大短大,'　　　　,'　　　　　　,'　,'　　　,'経営学・商,'0,'02
'6045,'00,'01,'0,'0,'222,'柴田学園大短大,'　　　　,'生活　　　　,'　,'　　　,'経営学・商,'1,'02
'6045,'00,'03,'0,'0,'312,'柴田学園大短大,'　　　　,'保育　　　　,'　,'　　　,'幼稚園　　,'1,'02
'6047,'00,'00,'0,'0,'652,'弘前医療福祉短,'　　　　,'　　　　　　,'　,'　　　,'医療技術　,'0,'02
'6047,'00,'04,'0,'0,'652,'弘前医療福祉短,'　　　　,'救急救命　　,'　,'　　　,'医療技術　,'1,'02
'6047,'00,'05,'0,'0,'652,'弘前医療福祉短,'　　　　,'口腔衛生　　,'　,'　　　,'医療技術　,'1,'02
'6056,'00,'00,'0,'0,'312,'修紅短　　　　,'　　　　,'　　　　　　,'　,'　　　,'幼稚園　　,'0,'03
'6056,'00,'02,'0,'0,'312,'修紅短　　　　,'　　　　,'幼児教育　　,'　,'　　　,'幼稚園　　,'1,'03
'6059,'00,'00,'0,'0,'312,'盛岡大短大部　,'　　　　,'　　　　　　,'　,'　　　,'幼稚園　　,'0,'03
'6059,'00,'02,'0,'0,'312,'盛岡大短大部　,'　　　　,'幼児教育　　,'　,'　　　,'幼稚園　　,'1,'03
'6067,'00,'00,'0,'0,'222,'聖和学園短　　,'　　　　,'　　　　　　,'　,'　　　,'経営学・商,'0,'04
'6067,'00,'04,'0,'0,'222,'聖和学園短　　,'　　　　,'キャリア開発,'　,'　　　,'経営学・商,'1,'04
'6067,'00,'07,'0,'0,'312,'聖和学園短　　,'　　　　,'保育　　　　,'　,'　　　,'幼稚園　　,'1,'04
'6069,'00,'00,'0,'0,'652,'仙台青葉学院短,'　　　　,'　　　　　　,'　,'　　　,'医療技術　,'0,'04
'6069,'00,'02,'0,'0,'222,'仙台青葉学院短,'　　　　,'ビジネスキャ,'　,'　　　,'経営学・商,'1,'04
'6069,'00,'06,'0,'0,'312,'仙台青葉学院短,'　　　　,'こども　　　,'　,'　　　,'幼稚園　　,'1,'04
'6069,'00,'07,'0,'0,'652,'仙台青葉学院短,'　　　　,'歯科衛生　　,'　,'　　　,'医療技術　,'1,'04
'6069,'00,'08,'0,'0,'402,'仙台青葉学院短,'　　　　,'栄養　　　　,'　,'　　　,'食物・栄養,'1,'04
'6069,'00,'09,'0,'0,'222,'仙台青葉学院短,'　　　　,'観光ビジネス,'　,'　　　,'経営学・商,'1,'04
'6069,'00,'10,'0,'0,'151,'仙台青葉学院短,'　　　　,'現代英語　　,'　,'　　　,'英米語　　,'1,'04
'6069,'00,'11,'0,'0,'652,'仙台青葉学院短,'　　　　,'言語聴覚　　,'　,'　　　,'医療技術　,'1,'04
'6069,'00,'12,'0,'0,'652,'仙台青葉学院短,'　　　　,'救急救命　　,'　,'　　　,'医療技術　,'1,'04
'6070,'00,'00,'0,'0,'312,'東北生活文化短,'　　　　,'　　　　　　,'　,'　　　,'幼稚園　　,'0,'04
'6070,'00,'03,'0,'0,'312,'東北生活文化短,'　　　　,'生活／子ども,'　,'　　　,'幼稚園　　,'1,'04
'6070,'00,'04,'0,'0,'402,'東北生活文化短,'　　　　,'生活／食物栄,'　,'　　　,'食物・栄養,'1,'04
'6071,'00,'00,'0,'0,'651,'仙台赤門短　　,'　　　　,'　　　　　　,'　,'　　　,'看護　　　,'0,'04
'6071,'00,'01,'0,'0,'651,'仙台赤門短　　,'　　　　,'看護　　　　,'　,'　　　,'看護　　　,'1,'04
'6071,'00,'02,'0,'0,'652,'仙台赤門短　　,'　　　　,'鍼灸手技療法,'　,'　　　,'医療技術　,'1,'04
'6072,'00,'00,'0,'0,'312,'宮城誠真短　　,'　　　　,'　　　　　　,'　,'　　　,'幼稚園　　,'0,'04
'6072,'00,'02,'0,'0,'312,'宮城誠真短　　,'　　　　,'保育　　　　,'　,'　　　,'幼稚園　　,'1,'04
'6081,'00,'00,'0,'0,'402,'秋田栄養短　　,'　　　　,'　　　　　　,'　,'　　　,'食物・栄養,'0,'05
'6081,'00,'04,'0,'0,'402,'秋田栄養短　　,'　　　　,'栄養　　　　,'　,'　　　,'食物・栄養,'1,'05
'6082,'00,'00,'0,'0,'151,'聖霊女短　　　,'　　　　,'　　　　　　,'　,'　　　,'英米語　　,'0,'05
'6082,'00,'04,'0,'0,'151,'聖霊女短　　　,'　　　　,'生活／生活文,'　,'　　　,'英米語　　,'1,'05
'6082,'00,'06,'0,'0,'312,'聖霊女短　　　,'　　　　,'生活／生活こ,'　,'　　　,'幼稚園　　,'1,'05
'6082,'00,'09,'0,'0,'402,'聖霊女短　　　,'　　　　,'生活／健康栄,'　,'　　　,'食物・栄養,'1,'05
'6083,'00,'00,'0,'0,'312,'聖園学園短　　,'　　　　,'　　　　　　,'　,'　　　,'幼稚園　　,'0,'05
'6083,'00,'01,'0,'0,'312,'聖園学園短　　,'　　　　,'保育　　　　,'　,'　　　,'幼稚園　　,'1,'05
'6085,'00,'00,'0,'0,'242,'日赤東北看護短,'　　　　,'　　　　　　,'　,'　　　,'社会福祉学,'0,'05
'6085,'00,'02,'0,'0,'242,'日赤東北看護短,'　　　　,'介護福祉　　,'　,'　　　,'社会福祉学,'1,'05
'6091,'00,'00,'0,'0,'242,'羽陽学園短　　,'　　　　,'　　　　　　,'　,'　　　,'社会福祉学,'0,'06
'6091,'00,'01,'0,'0,'242,'羽陽学園短　　,'　　　　,'幼児教育　　,'　,'　　　,'社会福祉学,'1,'06
'6092,'00,'00,'0,'0,'312,'東北文教大短大,'　　　　,'　　　　　　,'　,'　　　,'幼稚園　　,'0,'06
'6092,'00,'03,'0,'0,'312,'東北文教大短大,'　　　　,'子ども　　　,'　,'　　　,'幼稚園　　,'1,'06
'6098,'00,'00,'0,'0,'312,'いわき短　　　,'　　　　,'　　　　　　,'　,'　　　,'幼稚園　　,'0,'07
'6098,'00,'02,'0,'0,'312,'いわき短　　　,'　　　　,'子ども未来　,'　,'　　　,'幼稚園　　,'1,'07
'6099,'00,'00,'0,'0,'404,'郡山女大短大部,'　　　　,'　　　　　　,'　,'　　　,'児童学　　,'0,'07
'6099,'00,'09,'0,'0,'402,'郡山女大短大部,'　　　　,'健康栄養　　,'　,'　　　,'食物・栄養,'1,'07
'6099,'00,'10,'0,'0,'753,'郡山女大短大部,'　　　　,'地域創成　　,'　,'　　　,'総合科学　,'1,'07
'6099,'00,'11,'0,'0,'312,'郡山女大短大部,'　　　　,'幼児／幼児教,'　,'　　　,'幼稚園　　,'1,'07
'6099,'00,'12,'0,'0,'404,'郡山女大短大部,'　　　　,'幼児／チャイ,'　,'　　　,'児童学　　,'1,'07
'6100,'00,'00,'0,'0,'222,'桜の聖母短　　,'　　　　,'　　　　　　,'　,'　　　,'経営学・商,'0,'07
'6100,'00,'07,'0,'0,'222,'桜の聖母短　　,'　　　　,'キャリア教養,'　,'　　　,'経営学・商,'1,'07
'6100,'00,'08,'0,'0,'312,'桜の聖母短　　,'　　　　,'生活科学　　,'　,'　　　,'幼稚園　　,'1,'07
'6101,'00,'00,'0,'0,'312,'福島学院大短大,'　　　　,'　　　　　　,'　,'　　　,'幼稚園　　,'0,'07
'6101,'00,'01,'0,'0,'402,'福島学院大短大,'　　　　,'食物栄養　　,'　,'　　　,'食物・栄養,'1,'07
'6101,'00,'04,'0,'0,'312,'福島学院大短大,'　　　　,'保育　　　　,'　,'　　　,'幼稚園　　,'1,'07
'6106,'00,'00,'0,'0,'101,'茨城女短　　　,'　　　　,'　　　　　　,'　,'　　　,'日本文学　,'0,'08
'6106,'00,'03,'0,'0,'312,'茨城女短　　　,'　　　　,'こども　　　,'　,'　　　,'幼稚園　　,'1,'08
'6106,'00,'04,'0,'0,'101,'茨城女短　　　,'　　　　,'表現文化　　,'　,'　　　,'日本文学　,'1,'08
'6109,'00,'00,'0,'0,'312,'つくば国際短　,'　　　　,'　　　　　　,'　,'　　　,'幼稚園　　,'0,'08
'6109,'00,'04,'0,'0,'312,'つくば国際短　,'　　　　,'保育　　　　,'　,'　　　,'幼稚園　　,'1,'08
'6111,'00,'00,'0,'0,'312,'常磐短　　　　,'　　　　,'　　　　　　,'　,'　　　,'幼稚園　　,'0,'08
'6111,'00,'05,'0,'0,'312,'常磐短　　　　,'　　　　,'幼児教育保育,'　,'　　　,'幼稚園　　,'1,'08
'6120,'00,'00,'0,'0,'242,'宇都宮短　　　,'　　　　,'　　　　　　,'　,'　　　,'社会福祉学,'0,'09
'6120,'00,'01,'0,'0,'453,'宇都宮短　　　,'　　　　,'音楽　　　　,'　,'　　　,'音楽　　　,'1,'09
'6120,'00,'02,'0,'0,'222,'宇都宮短　　　,'　　　　,'人間／社会福,'　,'　　　,'経営学・商,'1,'09
'6120,'00,'03,'0,'0,'242,'宇都宮短　　　,'　　　　,'人間／介護福,'　,'　　　,'社会福祉学,'1,'09
'6120,'00,'06,'0,'0,'402,'宇都宮短　　　,'　　　　,'食物栄養　　,'　,'　　　,'食物・栄養,'1,'09
'6123,'00,'00,'0,'0,'312,'作新学院大短大,'　　　　,'　　　　　　,'　,'　　　,'幼稚園　　,'0,'09
'6123,'00,'03,'0,'0,'312,'作新学院大短大,'　　　　,'幼児教育　　,'　,'　　　,'幼稚園　　,'1,'09
'6124,'00,'00,'0,'0,'222,'佐野日本大短　,'　　　　,'　　　　　　,'　,'　　　,'経営学・商,'0,'09
'6124,'00,'08,'0,'0,'222,'佐野日本大短　,'　　　　,'総合キャリア,'　,'　　　,'経営学・商,'1,'09
'6127,'00,'00,'0,'0,'651,'那須短　　　　,'　　　　,'　　　　　　,'　,'　　　,'看護　　　,'0,'09
'6127,'00,'01,'0,'0,'651,'那須短　　　　,'　　　　,'看護　　　　,'　,'　　　,'看護　　　,'1,'09
'6132,'00,'00,'0,'0,'105,'育英短　　　　,'　　　　,'　　　　　　,'　,'　　　,'心理学　　,'0,'10
'6132,'00,'02,'0,'0,'312,'育英短　　　　,'　　　　,'保育　　　　,'　,'　　　,'幼稚園　　,'1,'10
'6132,'00,'05,'0,'0,'105,'育英短　　　　,'　　　　,'現代コミュニ,'　,'　　　,'心理学　　,'1,'10
'6135,'00,'00,'0,'0,'403,'ぐんま未来大短,'　　　　,'　　　　　　,'　,'　　　,'被服・服飾,'0,'10
'6135,'00,'02,'0,'0,'403,'ぐんま未来大短,'　　　　,'アート・デザ,'　,'　　　,'被服・服飾,'1,'10
'6138,'00,'00,'0,'0,'222,'高崎商大短大部,'　　　　,'　　　　　　,'　,'　　　,'経営学・商,'0,'10
'6138,'00,'02,'0,'0,'222,'高崎商大短大部,'　　　　,'経営　　　　,'　,'　　　,'経営学・商,'1,'10
'6139,'00,'00,'0,'0,'222,'新島学園短　　,'　　　　,'　　　　　　,'　,'　　　,'経営学・商,'0,'10
'6139,'00,'02,'0,'0,'404,'新島学園短　　,'　　　　,'コミュニティ,'　,'　　　,'児童学　　,'1,'10
'6139,'00,'04,'0,'0,'222,'新島学園短　　,'　　　　,'キャ／フード,'　,'　　　,'経営学・商,'1,'10
'6139,'00,'05,'0,'0,'151,'新島学園短　　,'　　　　,'キャ／キャリ,'　,'　　　,'英米語　　,'1,'10
'6141,'00,'00,'0,'0,'222,'群馬医療福祉短,'　　　　,'　　　　　　,'　,'　　　,'経営学・商,'0,'10
'6141,'00,'04,'0,'0,'222,'群馬医療福祉短,'　　　　,'医療福祉　　,'　,'　　　,'経営学・商,'1,'10
'6147,'00,'00,'0,'0,'312,'秋草学園短　　,'　　　　,'　　　　　　,'　,'　　　,'幼稚園　　,'0,'11
'6147,'00,'03,'0,'0,'312,'秋草学園短　　,'　　　　,'幼児教育　　,'　,'　　　,'幼稚園　　,'1,'11
'6147,'00,'05,'0,'0,'312,'秋草学園短　　,'　　　　,'地域保育　　,'　,'　　　,'幼稚園　　,'1,'11
'6147,'00,'07,'0,'0,'106,'秋草学園短　　,'　　　　,'文化表現　　,'　,'　　　,'文化学　　,'1,'11
'6149,'00,'00,'0,'0,'453,'上野学園短　　,'　　　　,'　　　　　　,'　,'　　　,'音楽　　　,'0,'13
'6149,'00,'02,'0,'0,'453,'上野学園短　　,'　　　　,'音楽　　　　,'　,'　　　,'音楽　　　,'1,'13
'6151,'00,'00,'0,'0,'222,'川口短　　　　,'　　　　,'　　　　　　,'　,'　　　,'経営学・商,'0,'11
'6151,'00,'01,'0,'0,'222,'川口短　　　　,'　　　　,'ビジネス実務,'　,'　　　,'経営学・商,'1,'11
'6151,'00,'02,'0,'0,'312,'川口短　　　　,'　　　　,'こども　　　,'　,'　　　,'幼稚園　　,'1,'11
'6153,'00,'00,'0,'0,'402,'国際学院埼玉短,'　　　　,'　　　　　　,'　,'　　　,'食物・栄養,'0,'11
'6153,'00,'02,'0,'0,'312,'国際学院埼玉短,'　　　　,'幼児保育　　,'　,'　　　,'幼稚園　　,'1,'11
'6153,'00,'03,'0,'0,'402,'国際学院埼玉短,'　　　　,'健康／食物栄,'　,'　　　,'食物・栄養,'1,'11
'6153,'00,'04,'0,'0,'402,'国際学院埼玉短,'　　　　,'健康／調理製,'　,'　　　,'食物・栄養,'1,'11
'6155,'00,'00,'0,'0,'651,'埼玉医大短　　,'　　　　,'　　　　　　,'　,'　　　,'看護　　　,'0,'11
'6155,'00,'01,'0,'0,'651,'埼玉医大短　　,'　　　　,'看護　　　　,'　,'　　　,'看護　　　,'1,'11
'6156,'00,'00,'0,'0,'301,'埼玉純真短　　,'　　　　,'　　　　　　,'　,'　　　,'小学校　　,'0,'11
'6156,'00,'05,'0,'0,'301,'埼玉純真短　　,'　　　　,'こども　　　,'　,'　　　,'小学校　　,'1,'11
'6157,'00,'00,'0,'0,'222,'埼玉女短　　　,'　　　　,'　　　　　　,'　,'　　　,'経営学・商,'0,'11
'6157,'00,'01,'0,'0,'151,'埼玉女短　　　,'　　　　,'国際コミュニ,'　,'　　　,'英米語　　,'1,'11
'6157,'00,'02,'0,'0,'222,'埼玉女短　　　,'　　　　,'商　　　　　,'　,'　　　,'経営学・商,'1,'11
'6160,'00,'00,'0,'0,'312,'埼玉東萌短　　,'　　　　,'　　　　　　,'　,'　　　,'幼稚園　　,'0,'11
'6160,'00,'01,'0,'0,'312,'埼玉東萌短　　,'　　　　,'幼児保育　　,'　,'　　　,'幼稚園　　,'1,'11
'6163,'00,'00,'0,'0,'222,'武蔵丘短　　　,'　　　　,'　　　　　　,'　,'　　　,'経営学・商,'0,'11
'6163,'00,'01,'0,'0,'402,'武蔵丘短　　　,'　　　　,'健康／健康栄,'　,'　　　,'食物・栄養,'1,'11
'6163,'00,'02,'0,'0,'222,'武蔵丘短　　　,'　　　　,'健康／健康ス,'　,'　　　,'経営学・商,'1,'11
'6164,'00,'00,'0,'0,'312,'武蔵野短　　　,'　　　　,'　　　　　　,'　,'　　　,'幼稚園　　,'0,'11
'6164,'00,'02,'0,'0,'312,'武蔵野短　　　,'　　　　,'幼児教育　　,'　,'　　　,'幼稚園　　,'1,'11
'6165,'00,'00,'0,'0,'312,'山村学園短　　,'　　　　,'　　　　　　,'　,'　　　,'幼稚園　　,'0,'11
'6165,'00,'02,'0,'0,'312,'山村学園短　　,'　　　　,'子ども　　　,'　,'　　　,'幼稚園　　,'1,'11
'6194,'00,'00,'0,'0,'222,'昭和学院短　　,'　　　　,'　　　　　　,'　,'　　　,'経営学・商,'0,'12
'6194,'00,'03,'0,'0,'402,'昭和学院短　　,'　　　　,'ヘルスケア栄,'　,'　　　,'食物・栄養,'1,'12
'6194,'00,'04,'0,'0,'222,'昭和学院短　　,'　　　　,'人間／キャリ,'　,'　　　,'経営学・商,'1,'12
'6194,'00,'05,'0,'0,'312,'昭和学院短　　,'　　　　,'人間／こども,'　,'　　　,'幼稚園　　,'1,'12
'6195,'00,'00,'0,'0,'312,'聖徳大短大部　,'　　　　,'　　　　　　,'　,'　　　,'幼稚園　　,'0,'12
'6195,'00,'11,'0,'0,'312,'聖徳大短大部　,'　　　　,'保育　　　　,'　,'　　　,'幼稚園　　,'1,'12
'6195,'00,'12,'0,'0,'312,'聖徳大短大部　,'　　　　,'保育二　　　,'　,'　　　,'幼稚園　　,'1,'12
'6195,'00,'17,'0,'0,'401,'聖徳大短大部　,'　　　　,'総合文化　　,'　,'　　　,'生活科学　,'1,'12
'6196,'00,'00,'0,'0,'312,'清和大短大部　,'　　　　,'　　　　　　,'　,'　　　,'幼稚園　　,'0,'12
'6196,'00,'03,'0,'0,'312,'清和大短大部　,'　　　　,'こども　　　,'　,'　　　,'幼稚園　　,'1,'12
'6198,'00,'00,'0,'0,'301,'敬愛短　　　　,'　　　　,'　　　　　　,'　,'　　　,'小学校　　,'0,'12
'6198,'00,'02,'0,'0,'301,'敬愛短　　　　,'　　　　,'現代子ども　,'　,'　　　,'小学校　　,'1,'12
'6199,'00,'00,'0,'0,'222,'千葉経済大短大,'　　　　,'　　　　　　,'　,'　　　,'経営学・商,'0,'12
'6199,'00,'05,'0,'0,'222,'千葉経済大短大,'　　　　,'ビジネスライ,'　,'　　　,'経営学・商,'1,'12
'6199,'00,'07,'0,'0,'301,'千葉経済大短大,'　　　　,'こど／初等教,'　,'　　　,'小学校　　,'1,'12
'6199,'00,'08,'0,'0,'312,'千葉経済大短大,'　　　　,'こど／保育　,'　,'　　　,'幼稚園　　,'1,'12
'6199,'00,'09,'0,'0,'222,'千葉経済大短大,'　　　　,'こど／キッズ,'　,'　　　,'経営学・商,'1,'12
'6200,'00,'00,'0,'0,'312,'千葉明徳短　　,'　　　　,'　　　　　　,'　,'　　　,'幼稚園　　,'0,'12
'6200,'00,'01,'0,'0,'312,'千葉明徳短　　,'　　　　,'保育創造　　,'　,'　　　,'幼稚園　　,'1,'12
'6231,'00,'00,'0,'0,'401,'愛国学園短　　,'　　　　,'　　　　　　,'　,'　　　,'生活科学　,'0,'13
'6231,'00,'01,'0,'0,'401,'愛国学園短　　,'　　　　,'家政／生活デ,'　,'　　　,'生活科学　,'1,'13
'6231,'00,'02,'0,'0,'402,'愛国学園短　　,'　　　　,'家政／食物栄,'　,'　　　,'食物・栄養,'1,'13
'6237,'00,'00,'0,'0,'401,'大妻女大短大部,'　　　　,'　　　　　　,'　,'　　　,'生活科学　,'0,'13
'6237,'00,'02,'0,'0,'401,'大妻女大短大部,'　　　　,'家政／家政総,'　,'　　　,'生活科学　,'1,'13
'6237,'00,'03,'0,'0,'402,'大妻女大短大部,'　　　　,'家政／食と栄,'　,'　　　,'食物・栄養,'1,'13
'6239,'00,'00,'0,'0,'312,'有明教育芸術短,'　　　　,'　　　　　　,'　,'　　　,'幼稚園　　,'0,'13
'6239,'00,'01,'0,'0,'312,'有明教育芸術短,'　　　　,'子ども教育　,'　,'　　　,'幼稚園　　,'1,'13
'6241,'00,'00,'0,'0,'101,'共立女短　　　,'　　　　,'　　　　　　,'　,'　　　,'日本文学　,'0,'13
'6241,'00,'01,'0,'0,'401,'共立女短　　　,'　　　　,'生活科学　　,'　,'　　　,'生活科学　,'1,'13
'6241,'00,'06,'0,'0,'101,'共立女短　　　,'　　　　,'文　　　　　,'　,'　　　,'日本文学　,'1,'13
'6245,'00,'00,'0,'0,'151,'国際短　　　　,'　　　　,'　　　　　　,'　,'　　　,'英米語　　,'0,'13
'6245,'00,'03,'0,'0,'151,'国際短　　　　,'　　　　,'国際コミュニ,'　,'　　　,'英米語　　,'1,'13
'6248,'00,'00,'0,'0,'312,'駒沢女短　　　,'　　　　,'　　　　　　,'　,'　　　,'幼稚園　　,'0,'13
'6248,'00,'04,'0,'0,'312,'駒沢女短　　　,'　　　　,'保育　　　　,'　,'　　　,'幼稚園　　,'1,'13
'6253,'00,'00,'0,'0,'402,'日本栄養大短大,'　　　　,'　　　　　　,'　,'　　　,'食物・栄養,'0,'13
'6253,'00,'01,'0,'0,'402,'日本栄養大短大,'　　　　,'食物栄養　　,'　,'　　　,'食物・栄養,'1,'13
'6254,'00,'00,'0,'0,'451,'女子美大短大部,'　　　　,'　　　　　　,'　,'　　　,'美術・デザ,'0,'13
'6254,'00,'10,'0,'0,'451,'女子美大短大部,'　　　　,'造形　　　　,'　,'　　　,'美術・デザ,'1,'13
'6255,'00,'00,'0,'0,'312,'白梅学園短　　,'　　　　,'　　　　　　,'　,'　　　,'幼稚園　　,'0,'13
'6255,'00,'03,'0,'0,'312,'白梅学園短　　,'　　　　,'保育　　　　,'　,'　　　,'幼稚園　　,'1,'13
'6266,'00,'00,'0,'0,'312,'フェリシア短　,'　　　　,'　　　　　　,'　,'　　　,'幼稚園　　,'0,'13
'6266,'00,'01,'0,'0,'312,'フェリシア短　,'　　　　,'国際こども教,'　,'　　　,'幼稚園　　,'1,'13
'6267,'00,'00,'0,'0,'652,'帝京短　　　　,'　　　　,'　　　　　　,'　,'　　　,'医療技術　,'0,'13
'6267,'00,'01,'0,'0,'314,'帝京短　　　　,'　　　　,'生活科学　　,'　,'　　　,'養護　　　,'1,'13
'6267,'00,'05,'0,'0,'312,'帝京短　　　　,'　　　　,'こども教育　,'　,'　　　,'幼稚園　　,'1,'13
'6267,'00,'08,'0,'0,'658,'帝京短　　　　,'　　　　,'ライ／臨床検,'　,'　　　,'検査技術　,'1,'13
'6267,'00,'09,'0,'0,'652,'帝京短　　　　,'　　　　,'ライ／柔道整,'　,'　　　,'医療技術　,'1,'13
'6267,'00,'10,'0,'0,'652,'帝京短　　　　,'　　　　,'ライ／柔道二,'　,'　　　,'医療技術　,'1,'13
'6268,'00,'00,'0,'0,'106,'帝京大短　　　,'　　　　,'　　　　　　,'　,'　　　,'文化学　　,'0,'13
'6268,'00,'01,'0,'0,'106,'帝京大短　　　,'　　　　,'人間文化　　,'　,'　　　,'文化学　　,'1,'13
'6268,'00,'02,'0,'0,'223,'帝京大短　　　,'　　　　,'現代ビジネス,'　,'　　　,'経営情報学,'1,'13
'6269,'00,'00,'0,'0,'151,'戸板女短　　　,'　　　　,'　　　　　　,'　,'　　　,'英米語　　,'0,'13
'6269,'00,'01,'0,'0,'151,'戸板女短　　　,'　　　　,'国際コミュニ,'　,'　　　,'英米語　　,'1,'13
'6269,'00,'03,'0,'0,'403,'戸板女短　　　,'　　　　,'服飾芸術　　,'　,'　　　,'被服・服飾,'1,'13
'6273,'00,'00,'0,'0,'652,'東京歯大短　　,'　　　　,'　　　　　　,'　,'　　　,'医療技術　,'0,'13
'6273,'00,'01,'0,'0,'652,'東京歯大短　　,'　　　　,'歯科衛生　　,'　,'　　　,'医療技術　,'1,'13
'6274,'00,'00,'0,'0,'221,'東京交通短　　,'　　　　,'　　　　　　,'　,'　　　,'経済学　　,'0,'13
'6274,'00,'01,'0,'0,'221,'東京交通短　　,'　　　　,'運輸　　　　,'　,'　　　,'経済学　　,'1,'13
'6275,'00,'00,'0,'0,'705,'ヤマザキ動職短,'　　　　,'　　　　　　,'　,'　　　,'獣医学　　,'0,'13
'6275,'00,'01,'0,'0,'705,'ヤマザキ動職短,'　　　　,'動物トータル,'　,'　　　,'獣医学　　,'1,'13
'6278,'00,'00,'0,'0,'301,'東京女子体育短,'　　　　,'　　　　　　,'　,'　　　,'小学校　　,'0,'13
'6278,'00,'01,'0,'0,'301,'東京女子体育短,'　　　　,'こどもスポー,'　,'　　　,'小学校　　,'1,'13
'6279,'00,'00,'0,'0,'312,'東京成徳短　　,'　　　　,'　　　　　　,'　,'　　　,'幼稚園　　,'0,'13
'6279,'00,'03,'0,'0,'312,'東京成徳短　　,'　　　　,'幼児教育　　,'　,'　　　,'幼稚園　　,'1,'13
'6282,'00,'00,'0,'0,'402,'新渡戸文化短　,'　　　　,'　　　　　　,'　,'　　　,'食物・栄養,'0,'13
'6282,'00,'01,'0,'0,'658,'新渡戸文化短　,'　　　　,'臨床検査　　,'　,'　　　,'検査技術　,'1,'13
'6282,'00,'04,'0,'0,'402,'新渡戸文化短　,'　　　　,'フードデザイ,'　,'　　　,'食物・栄養,'1,'13
'6283,'00,'00,'0,'0,'105,'東京立正短　　,'　　　　,'　　　　　　,'　,'　　　,'心理学　　,'0,'13
'6283,'00,'03,'0,'0,'105,'東京立正短　　,'　　　　,'現代／現代コ,'　,'　　　,'心理学　　,'1,'13
'6283,'00,'04,'0,'0,'312,'東京立正短　　,'　　　　,'現代／幼児教,'　,'　　　,'幼稚園　　,'1,'13
'6284,'00,'00,'0,'0,'453,'東邦音楽短　　,'　　　　,'　　　　　　,'　,'　　　,'音楽　　　,'0,'13
'6284,'00,'01,'0,'0,'453,'東邦音楽短　　,'　　　　,'音楽　　　　,'　,'　　　,'音楽　　　,'1,'13
'6285,'00,'00,'0,'0,'453,'桐朋学園芸術短,'　　　　,'　　　　　　,'　,'　　　,'音楽　　　,'0,'13
'6285,'00,'01,'0,'0,'456,'桐朋学園芸術短,'　　　　,'芸術／演劇　,'　,'　　　,'演劇　　　,'1,'13
'6285,'00,'02,'0,'0,'453,'桐朋学園芸術短,'　　　　,'芸術／音楽　,'　,'　　　,'音楽　　　,'1,'13
'6292,'00,'00,'0,'0,'221,'日本大短大部　,'　　　　,'　　　　　　,'　,'　　　,'経済学　　,'0,'13
'6292,'00,'02,'0,'0,'405,'日本大短大部　,'　　　　,'建築・生活デ,'　,'　　　,'住居学　　,'1,'13
'6292,'00,'03,'0,'0,'501,'日本大短大部　,'　　　　,'ものづくりサ,'　,'　　　,'数学　　　,'1,'13
'6292,'00,'04,'0,'0,'221,'日本大短大部　,'　　　　,'ビジネス教養,'　,'　　　,'経済学　　,'1,'13
'6301,'00,'00,'0,'0,'222,'目白大短大部　,'　　　　,'　　　　　　,'　,'　　　,'経営学・商,'0,'13
'6301,'00,'06,'0,'0,'402,'目白大短大部　,'　　　　,'製菓　　　　,'　,'　　　,'食物・栄養,'1,'13
'6301,'00,'07,'0,'0,'222,'目白大短大部　,'　　　　,'ビジネス社会,'　,'　　　,'経営学・商,'1,'13
'6301,'00,'08,'0,'0,'652,'目白大短大部　,'　　　　,'歯科衛生　　,'　,'　　　,'医療技術　,'1,'13
'6302,'00,'00,'0,'0,'151,'山野美容芸術短,'　　　　,'　　　　　　,'　,'　　　,'英米語　　,'0,'13
'6302,'00,'08,'0,'0,'151,'山野美容芸術短,'　　　　,'美容総合　　,'　,'　　　,'英米語　　,'1,'13
'6306,'00,'00,'0,'0,'652,'日本歯大東京短,'　　　　,'　　　　　　,'　,'　　　,'医療技術　,'0,'13
'6306,'00,'01,'0,'0,'652,'日本歯大東京短,'　　　　,'歯科技工　　,'　,'　　　,'医療技術　,'1,'13
'6306,'00,'02,'0,'0,'652,'日本歯大東京短,'　　　　,'歯科衛生　　,'　,'　　　,'医療技術　,'1,'13
'6361,'00,'00,'0,'0,'404,'和泉短　　　　,'　　　　,'　　　　　　,'　,'　　　,'児童学　　,'0,'14
'6361,'00,'01,'0,'0,'404,'和泉短　　　　,'　　　　,'児童福祉　　,'　,'　　　,'児童学　　,'1,'14
'6362,'00,'00,'0,'0,'312,'小田原短　　　,'　　　　,'　　　　　　,'　,'　　　,'幼稚園　　,'0,'14
'6362,'00,'01,'0,'0,'402,'小田原短　　　,'　　　　,'食物栄養　　,'　,'　　　,'食物・栄養,'1,'14
'6362,'00,'02,'0,'0,'312,'小田原短　　　,'　　　　,'保育　　　　,'　,'　　　,'幼稚園　　,'1,'14
'6364,'00,'00,'0,'0,'301,'鎌倉女大短大部,'　　　　,'　　　　　　,'　,'　　　,'小学校　　,'0,'14
'6364,'00,'02,'0,'0,'301,'鎌倉女大短大部,'　　　　,'初等教育　　,'　,'　　　,'小学校　　,'1,'14
'6370,'00,'00,'0,'0,'651,'神奈川歯大短大,'　　　　,'　　　　　　,'　,'　　　,'看護　　　,'0,'14
'6370,'00,'02,'0,'0,'652,'神奈川歯大短大,'　　　　,'歯科衛生　　,'　,'　　　,'医療技術　,'1,'14
'6370,'00,'04,'0,'0,'651,'神奈川歯大短大,'　　　　,'看護　　　　,'　,'　　　,'看護　　　,'1,'14
'6372,'00,'00,'0,'0,'222,'湘北短　　　　,'　　　　,'　　　　　　,'　,'　　　,'経営学・商,'0,'14
'6372,'00,'02,'0,'0,'222,'湘北短　　　　,'　　　　,'生活プロデュ,'　,'　　　,'経営学・商,'1,'14
'6372,'00,'04,'0,'0,'312,'湘北短　　　　,'　　　　,'保育　　　　,'　,'　　　,'幼稚園　　,'1,'14
'6372,'00,'34,'0,'0,'222,'湘北短　　　　,'　　　　,'総合ビジネス,'　,'　　　,'経営学・商,'1,'14
'6373,'00,'00,'0,'0,'453,'昭和音大短大部,'　　　　,'　　　　　　,'　,'　　　,'音楽　　　,'0,'14
'6373,'00,'03,'0,'0,'453,'昭和音大短大部,'　　　　,'音楽　　　　,'　,'　　　,'音楽　　　,'1,'14
'6375,'00,'00,'0,'0,'312,'洗足こども短　,'　　　　,'　　　　　　,'　,'　　　,'幼稚園　　,'0,'14
'6375,'00,'03,'0,'0,'312,'洗足こども短　,'　　　　,'幼児教育保育,'　,'　　　,'幼稚園　　,'1,'14
'6377,'00,'00,'0,'0,'312,'鶴見大短大部　,'　　　　,'　　　　　　,'　,'　　　,'幼稚園　　,'0,'14
'6377,'00,'02,'0,'0,'652,'鶴見大短大部　,'　　　　,'歯科衛生　　,'　,'　　　,'医療技術　,'1,'14
'6377,'00,'03,'0,'0,'312,'鶴見大短大部　,'　　　　,'保育　　　　,'　,'　　　,'幼稚園　　,'1,'14
'6403,'00,'00,'0,'0,'222,'新潟青陵大短大,'　　　　,'　　　　　　,'　,'　　　,'経営学・商,'0,'15
'6403,'00,'02,'0,'0,'312,'新潟青陵大短大,'　　　　,'幼児教育　　,'　,'　　　,'幼稚園　　,'1,'15
'6403,'00,'05,'0,'0,'222,'新潟青陵大短大,'　　　　,'人間総合　　,'　,'　　　,'経営学・商,'1,'15
'6404,'00,'00,'0,'0,'312,'新潟中央短　　,'　　　　,'　　　　　　,'　,'　　　,'幼稚園　　,'0,'15
'6404,'00,'01,'0,'0,'312,'新潟中央短　　,'　　　　,'幼児教育　　,'　,'　　　,'幼稚園　　,'1,'15
'6405,'00,'00,'0,'0,'652,'日本歯大新潟短,'　　　　,'　　　　　　,'　,'　　　,'医療技術　,'0,'15
'6405,'00,'01,'0,'0,'652,'日本歯大新潟短,'　　　　,'歯科衛生　　,'　,'　　　,'医療技術　,'1,'15
'6405,'00,'02,'0,'0,'652,'日本歯大新潟短,'　　　　,'歯科技工　　,'　,'　　　,'医療技術　,'1,'15
'6406,'00,'00,'0,'0,'652,'明倫短　　　　,'　　　　,'　　　　　　,'　,'　　　,'医療技術　,'0,'15
'6406,'00,'01,'0,'0,'652,'明倫短　　　　,'　　　　,'歯科技工士　,'　,'　　　,'医療技術　,'1,'15
'6406,'00,'02,'0,'0,'652,'明倫短　　　　,'　　　　,'歯科衛生士　,'　,'　　　,'医療技術　,'1,'15
'6417,'00,'00,'0,'0,'222,'富山短　　　　,'　　　　,'　　　　　　,'　,'　　　,'経営学・商,'0,'16
'6417,'00,'01,'0,'0,'223,'富山短　　　　,'　　　　,'経営情報　　,'　,'　　　,'経営情報学,'1,'16
'6417,'00,'02,'0,'0,'402,'富山短　　　　,'　　　　,'食物栄養　　,'　,'　　　,'食物・栄養,'1,'16
'6417,'00,'06,'0,'0,'312,'富山短　　　　,'　　　　,'幼児教育　　,'　,'　　　,'幼稚園　　,'1,'16
'6417,'00,'07,'0,'0,'222,'富山短　　　　,'　　　　,'健康福祉　　,'　,'　　　,'経営学・商,'1,'16
'6418,'00,'00,'0,'0,'105,'富山福祉短　　,'　　　　,'　　　　　　,'　,'　　　,'心理学　　,'0,'16
'6418,'00,'01,'0,'0,'105,'富山福祉短　　,'　　　　,'社会福祉　　,'　,'　　　,'心理学　　,'1,'16
'6418,'00,'07,'0,'0,'651,'富山福祉短　　,'　　　　,'看護　　　　,'　,'　　　,'看護　　　,'1,'16
'6418,'00,'08,'0,'0,'312,'富山福祉短　　,'　　　　,'幼児教育　　,'　,'　　　,'幼稚園　　,'1,'16
'6426,'00,'00,'0,'0,'222,'金沢学院短　　,'　　　　,'　　　　　　,'　,'　　　,'経営学・商,'0,'17
'6426,'00,'11,'0,'0,'402,'金沢学院短　　,'　　　　,'食物栄養　　,'　,'　　　,'食物・栄養,'1,'17
'6426,'00,'13,'0,'0,'222,'金沢学院短　　,'　　　　,'現代教養　　,'　,'　　　,'経営学・商,'1,'17
'6426,'00,'14,'0,'0,'312,'金沢学院短　　,'　　　　,'幼児教育　　,'　,'　　　,'幼稚園　　,'1,'17
'6427,'00,'00,'0,'0,'222,'金城大短大部　,'　　　　,'　　　　　　,'　,'　　　,'経営学・商,'0,'17
'6427,'00,'01,'0,'0,'222,'金城大短大部　,'　　　　,'ビジネス実務,'　,'　　　,'経営学・商,'1,'17
'6427,'00,'02,'0,'0,'451,'金城大短大部　,'　　　　,'美術　　　　,'　,'　　　,'美術・デザ,'1,'17
'6427,'00,'03,'0,'0,'312,'金城大短大部　,'　　　　,'幼児教育　　,'　,'　　　,'幼稚園　　,'1,'17
'6429,'00,'00,'0,'0,'222,'金沢星稜大女短,'　　　　,'　　　　　　,'　,'　　　,'経営学・商,'0,'17
'6429,'00,'01,'0,'0,'222,'金沢星稜大女短,'　　　　,'経営実務　　,'　,'　　　,'経営学・商,'1,'17
'6441,'00,'00,'0,'0,'222,'仁愛女短　　　,'　　　　,'　　　　　　,'　,'　　　,'経営学・商,'0,'18
'6441,'00,'10,'0,'0,'312,'仁愛女短　　　,'　　　　,'幼児教育　　,'　,'　　　,'幼稚園　　,'1,'18
'6441,'00,'15,'0,'0,'222,'仁愛女短　　　,'　　　　,'生活科学　　,'　,'　　　,'経営学・商,'1,'18
'6451,'00,'00,'0,'0,'312,'帝京学園短　　,'　　　　,'　　　　　　,'　,'　　　,'幼稚園　　,'0,'19
'6451,'00,'01,'0,'0,'312,'帝京学園短　　,'　　　　,'保育　　　　,'　,'　　　,'幼稚園　　,'1,'19
'6454,'00,'00,'0,'0,'402,'山梨学院短　　,'　　　　,'　　　　　　,'　,'　　　,'食物・栄養,'0,'19
'6454,'00,'03,'0,'0,'301,'山梨学院短　　,'　　　　,'保育　　　　,'　,'　　　,'小学校　　,'1,'19
'6454,'00,'04,'0,'0,'402,'山梨学院短　　,'　　　　,'食物／栄養士,'　,'　　　,'食物・栄養,'1,'19
'6454,'00,'05,'0,'0,'402,'山梨学院短　　,'　　　　,'食物／パティ,'　,'　　　,'食物・栄養,'1,'19
'6461,'00,'00,'0,'0,'222,'飯田短　　　　,'　　　　,'　　　　　　,'　,'　　　,'経営学・商,'0,'20
'6461,'00,'01,'0,'0,'222,'飯田短　　　　,'　　　　,'生活／生活科,'　,'　　　,'経営学・商,'1,'20
'6461,'00,'02,'0,'0,'402,'飯田短　　　　,'　　　　,'生活／食物栄,'　,'　　　,'食物・栄養,'1,'20
'6461,'00,'05,'0,'0,'651,'飯田短　　　　,'　　　　,'看護　　　　,'　,'　　　,'看護　　　,'1,'20
'6461,'00,'06,'0,'0,'312,'飯田短　　　　,'　　　　,'幼児教育　　,'　,'　　　,'幼稚園　　,'1,'20
'6461,'00,'07,'0,'0,'242,'飯田短　　　　,'　　　　,'生活／介護福,'　,'　　　,'社会福祉学,'1,'20
'6462,'00,'00,'0,'0,'106,'上田短　　　　,'　　　　,'　　　　　　,'　,'　　　,'文化学　　,'0,'20
'6462,'00,'01,'0,'0,'106,'上田短　　　　,'　　　　,'総合文化　　,'　,'　　　,'文化学　　,'1,'20
'6462,'00,'02,'0,'0,'312,'上田短　　　　,'　　　　,'幼児教育　　,'　,'　　　,'幼稚園　　,'1,'20
'6464,'00,'00,'0,'0,'222,'信州豊南短　　,'　　　　,'　　　　　　,'　,'　　　,'経営学・商,'0,'20
'6464,'00,'03,'0,'0,'222,'信州豊南短　　,'　　　　,'言語コミュニ,'　,'　　　,'経営学・商,'1,'20
'6464,'00,'04,'0,'0,'312,'信州豊南短　　,'　　　　,'幼児教育　　,'　,'　　　,'幼稚園　　,'1,'20
'6465,'00,'00,'0,'0,'312,'清泉大短大部　,'　　　　,'　　　　　　,'　,'　　　,'幼稚園　　,'0,'20
'6465,'00,'03,'0,'0,'312,'清泉大短大部　,'　　　　,'こども　　　,'　,'　　　,'幼稚園　　,'1,'20
'6468,'00,'00,'0,'0,'312,'長野短　　　　,'　　　　,'　　　　　　,'　,'　　　,'幼稚園　　,'0,'20
'6468,'00,'01,'0,'0,'402,'長野短　　　　,'　　　　,'食物栄養　　,'　,'　　　,'食物・栄養,'1,'20
'6468,'00,'06,'0,'0,'312,'長野短　　　　,'　　　　,'幼児教育　　,'　,'　　　,'幼稚園　　,'1,'20
'6469,'00,'00,'0,'0,'222,'松本大松商短大,'　　　　,'　　　　　　,'　,'　　　,'経営学・商,'0,'20
'6469,'00,'01,'0,'0,'222,'松本大松商短大,'　　　　,'経営情報　　,'　,'　　　,'経営学・商,'1,'20
'6469,'00,'02,'0,'0,'222,'松本大松商短大,'　　　　,'商　　　　　,'　,'　　　,'経営学・商,'1,'20
'6470,'00,'00,'0,'0,'242,'松本短　　　　,'　　　　,'　　　　　　,'　,'　　　,'社会福祉学,'0,'20
'6470,'00,'01,'0,'0,'242,'松本短　　　　,'　　　　,'介護福祉　　,'　,'　　　,'社会福祉学,'1,'20
'6470,'00,'02,'0,'0,'404,'松本短　　　　,'　　　　,'幼児保育　　,'　,'　　　,'児童学　　,'1,'20
'6481,'00,'00,'0,'0,'652,'大垣女短　　　,'　　　　,'　　　　　　,'　,'　　　,'医療技術　,'0,'21
'6481,'00,'01,'0,'0,'453,'大垣女短　　　,'　　　　,'音楽総合　　,'　,'　　　,'音楽　　　,'1,'21
'6481,'00,'03,'0,'0,'652,'大垣女短　　　,'　　　　,'歯科衛生　　,'　,'　　　,'医療技術　,'1,'21
'6481,'00,'04,'0,'0,'451,'大垣女短　　　,'　　　　,'デザイン美術,'　,'　　　,'美術・デザ,'1,'21
'6481,'00,'05,'0,'0,'312,'大垣女短　　　,'　　　　,'幼児教育　　,'　,'　　　,'幼稚園　　,'1,'21
'6483,'00,'00,'0,'0,'104,'正眼短　　　　,'　　　　,'　　　　　　,'　,'　　　,'哲学倫理宗,'0,'21
'6483,'00,'01,'0,'0,'104,'正眼短　　　　,'　　　　,'禅・人間　　,'　,'　　　,'哲学倫理宗,'1,'21
'6485,'00,'00,'0,'0,'551,'高山自動車短　,'　　　　,'　　　　　　,'　,'　　　,'機械工学　,'0,'21
'6485,'00,'02,'0,'0,'551,'高山自動車短　,'　　　　,'自動車工　　,'　,'　　　,'機械工学　,'1,'21
'6486,'00,'00,'0,'0,'312,'中京学院大短大,'　　　　,'　　　　　　,'　,'　　　,'幼稚園　　,'0,'21
'6486,'00,'03,'0,'0,'312,'中京学院大短大,'　　　　,'保育　　　　,'　,'　　　,'幼稚園　　,'1,'21
'6487,'00,'00,'0,'0,'242,'中部学院大短大,'　　　　,'　　　　　　,'　,'　　　,'社会福祉学,'0,'21
'6487,'00,'04,'0,'0,'242,'中部学院大短大,'　　　　,'社会福祉　　,'　,'　　　,'社会福祉学,'1,'21
'6487,'00,'05,'0,'0,'312,'中部学院大短大,'　　　　,'幼児教育　　,'　,'　　　,'幼稚園　　,'1,'21
'6488,'00,'00,'0,'0,'312,'東海学院大短大,'　　　　,'　　　　　　,'　,'　　　,'幼稚園　　,'0,'21
'6488,'00,'08,'0,'0,'312,'東海学院大短大,'　　　　,'幼児教育　　,'　,'　　　,'幼稚園　　,'1,'21
'6489,'00,'00,'0,'0,'551,'中日本自動車短,'　　　　,'　　　　　　,'　,'　　　,'機械工学　,'0,'21
'6489,'00,'01,'0,'0,'551,'中日本自動車短,'　　　　,'自動車工　　,'　,'　　　,'機械工学　,'1,'21
'6489,'00,'02,'0,'0,'551,'中日本自動車短,'　　　　,'モータースポ,'　,'　　　,'機械工学　,'1,'21
'6491,'00,'00,'0,'0,'651,'平成医療短　　,'　　　　,'　　　　　　,'　,'　　　,'看護　　　,'0,'21
'6491,'00,'01,'0,'0,'651,'平成医療短　　,'　　　　,'看護　　　　,'　,'　　　,'看護　　　,'1,'21
'6491,'00,'03,'0,'0,'655,'平成医療短　　,'　　　　,'リハ／理学療,'　,'　　　,'理学療法　,'1,'21
'6491,'00,'04,'0,'0,'656,'平成医療短　　,'　　　　,'リハ／作業療,'　,'　　　,'作業療法　,'1,'21
'6491,'00,'05,'0,'0,'652,'平成医療短　　,'　　　　,'リハ／視機能,'　,'　　　,'医療技術　,'1,'21
'6501,'00,'00,'0,'0,'222,'静岡英和大短大,'　　　　,'　　　　　　,'　,'　　　,'経営学・商,'0,'22
'6501,'00,'04,'0,'0,'402,'静岡英和大短大,'　　　　,'食物栄養　　,'　,'　　　,'食物・栄養,'1,'22
'6501,'00,'05,'0,'0,'222,'静岡英和大短大,'　　　　,'現代コミュニ,'　,'　　　,'経営学・商,'1,'22
'6506,'00,'00,'0,'0,'101,'常葉大短大部　,'　　　　,'　　　　　　,'　,'　　　,'日本文学　,'0,'22
'6506,'00,'03,'0,'0,'101,'常葉大短大部　,'　　　　,'日本語日本文,'　,'　　　,'日本文学　,'1,'22
'6506,'00,'05,'0,'0,'312,'常葉大短大部　,'　　　　,'保育　　　　,'　,'　　　,'幼稚園　　,'1,'22
'6508,'00,'00,'0,'0,'312,'浜松学院大短大,'　　　　,'　　　　　　,'　,'　　　,'幼稚園　　,'0,'22
'6508,'00,'03,'0,'0,'312,'浜松学院大短大,'　　　　,'幼児教育　　,'　,'　　　,'幼稚園　　,'1,'22
'6521,'00,'00,'0,'0,'652,'愛知学院大短大,'　　　　,'　　　　　　,'　,'　　　,'医療技術　,'0,'23
'6521,'00,'03,'0,'0,'652,'愛知学院大短大,'　　　　,'歯科衛生　　,'　,'　　　,'医療技術　,'1,'23
'6522,'00,'00,'0,'0,'222,'愛知学泉大短大,'　　　　,'　　　　　　,'　,'　　　,'経営学・商,'0,'23
'6522,'00,'03,'0,'0,'402,'愛知学泉大短大,'　　　　,'食物栄養　　,'　,'　　　,'食物・栄養,'1,'23
'6522,'00,'05,'0,'0,'312,'愛知学泉大短大,'　　　　,'幼児教育　　,'　,'　　　,'幼稚園　　,'1,'23
'6522,'00,'06,'0,'0,'222,'愛知学泉大短大,'　　　　,'生活デザイン,'　,'　　　,'経営学・商,'1,'23
'6523,'00,'00,'0,'0,'551,'愛知自動車短　,'　　　　,'　　　　　　,'　,'　　　,'機械工学　,'0,'23
'6523,'00,'01,'0,'0,'551,'愛知自動車短　,'　　　　,'自動車工　　,'　,'　　　,'機械工学　,'1,'23
'6526,'00,'00,'0,'0,'222,'愛知大短大部　,'　　　　,'　　　　　　,'　,'　　　,'経営学・商,'0,'23
'6526,'00,'03,'0,'0,'222,'愛知大短大部　,'　　　　,'ライフデザイ,'　,'　　　,'経営学・商,'1,'23
'6528,'00,'00,'0,'0,'222,'愛知みずほ短　,'　　　　,'　　　　　　,'　,'　　　,'経営学・商,'0,'23
'6528,'00,'01,'0,'0,'402,'愛知みずほ短　,'　　　　,'生活／食物栄,'　,'　　　,'食物・栄養,'1,'23
'6528,'00,'02,'0,'0,'222,'愛知みずほ短　,'　　　　,'生活／生活文,'　,'　　　,'経営学・商,'1,'23
'6528,'00,'05,'0,'0,'312,'愛知みずほ短　,'　　　　,'現代幼児教育,'　,'　　　,'幼稚園　　,'1,'23
'6529,'00,'00,'0,'0,'402,'修文大短大部　,'　　　　,'　　　　　　,'　,'　　　,'食物・栄養,'0,'23
'6529,'00,'03,'0,'0,'312,'修文大短大部　,'　　　　,'幼児教育　　,'　,'　　　,'幼稚園　　,'1,'23
'6529,'00,'04,'0,'0,'222,'修文大短大部　,'　　　　,'生活文化　　,'　,'　　　,'経営学・商,'1,'23
'6529,'00,'09,'0,'0,'402,'修文大短大部　,'　　　　,'生活／製菓　,'　,'　　　,'食物・栄養,'1,'23
'6532,'00,'00,'0,'0,'312,'岡崎短　　　　,'　　　　,'　　　　　　,'　,'　　　,'幼稚園　　,'0,'23
'6532,'00,'03,'0,'0,'312,'岡崎短　　　　,'　　　　,'幼児教育　　,'　,'　　　,'幼稚園　　,'1,'23
'6543,'00,'00,'0,'0,'222,'豊橋創造大短大,'　　　　,'　　　　　　,'　,'　　　,'経営学・商,'0,'23
'6543,'00,'03,'0,'0,'312,'豊橋創造大短大,'　　　　,'幼児教育・保,'　,'　　　,'幼稚園　　,'1,'23
'6543,'00,'04,'0,'0,'222,'豊橋創造大短大,'　　　　,'キャリアプラ,'　,'　　　,'経営学・商,'1,'23
'6544,'00,'00,'0,'0,'312,'名古屋短　　　,'　　　　,'　　　　　　,'　,'　　　,'幼稚園　　,'0,'23
'6544,'00,'02,'0,'0,'753,'名古屋短　　　,'　　　　,'現代教養　　,'　,'　　　,'総合科学　,'1,'23
'6544,'00,'03,'0,'0,'312,'名古屋短　　　,'　　　　,'保育　　　　,'　,'　　　,'幼稚園　　,'1,'23
'6546,'00,'00,'0,'0,'222,'名古屋経営短　,'　　　　,'　　　　　　,'　,'　　　,'経営学・商,'0,'23
'6546,'00,'06,'0,'0,'301,'名古屋経営短　,'　　　　,'子ども　　　,'　,'　　　,'小学校　　,'1,'23
'6546,'00,'07,'0,'0,'242,'名古屋経営短　,'　　　　,'介護福祉　　,'　,'　　　,'社会福祉学,'1,'23
'6546,'00,'08,'0,'0,'222,'名古屋経営短　,'　　　　,'未来キャリア,'　,'　　　,'経営学・商,'1,'23
'6548,'00,'00,'0,'0,'401,'名古屋文化短　,'　　　　,'　　　　　　,'　,'　　　,'生活科学　,'0,'23
'6548,'00,'07,'0,'0,'401,'名古屋文化短　,'　　　　,'生活／ビジネ,'　,'　　　,'生活科学　,'1,'23
'6548,'00,'08,'0,'0,'401,'名古屋文化短　,'　　　　,'生活／服飾美,'　,'　　　,'生活科学　,'1,'23
'6548,'00,'09,'0,'0,'401,'名古屋文化短　,'　　　　,'生活／フード,'　,'　　　,'生活科学　,'1,'23
'6551,'00,'00,'0,'0,'402,'名古屋文理大短,'　　　　,'　　　　　　,'　,'　　　,'食物・栄養,'0,'23
'6551,'00,'07,'0,'0,'402,'名古屋文理大短,'　　　　,'食物／栄養士,'　,'　　　,'食物・栄養,'1,'23
'6551,'00,'08,'0,'0,'402,'名古屋文理大短,'　　　　,'食物／製菓　,'　,'　　　,'食物・栄養,'1,'23
'6558,'00,'00,'0,'0,'404,'名古屋柳城短　,'　　　　,'　　　　　　,'　,'　　　,'児童学　　,'0,'23
'6558,'00,'01,'0,'0,'404,'名古屋柳城短　,'　　　　,'保育　　　　,'　,'　　　,'児童学　　,'1,'23
'6573,'00,'00,'0,'0,'222,'高田短　　　　,'　　　　,'　　　　　　,'　,'　　　,'経営学・商,'0,'24
'6573,'00,'02,'0,'0,'312,'高田短　　　　,'　　　　,'子ども　　　,'　,'　　　,'幼稚園　　,'1,'24
'6573,'00,'05,'0,'0,'222,'高田短　　　　,'　　　　,'キャ／オフィ,'　,'　　　,'経営学・商,'1,'24
'6573,'00,'06,'0,'0,'242,'高田短　　　　,'　　　　,'キャ／介護福,'　,'　　　,'社会福祉学,'1,'24
'6575,'00,'00,'0,'0,'312,'ユマニテク短　,'　　　　,'　　　　　　,'　,'　　　,'幼稚園　　,'0,'24
'6575,'00,'01,'0,'0,'312,'ユマニテク短　,'　　　　,'幼児保育　　,'　,'　　　,'幼稚園　　,'1,'24
'6581,'00,'00,'0,'0,'402,'滋賀短　　　　,'　　　　,'　　　　　　,'　,'　　　,'食物・栄養,'0,'25
'6581,'00,'03,'0,'0,'312,'滋賀短　　　　,'　　　　,'幼児教育保育,'　,'　　　,'幼稚園　　,'1,'25
'6581,'00,'10,'0,'0,'402,'滋賀短　　　　,'　　　　,'デジ／食健康,'　,'　　　,'食物・栄養,'1,'25
'6581,'00,'11,'0,'0,'402,'滋賀短　　　　,'　　　　,'デジ／製菓マ,'　,'　　　,'食物・栄養,'1,'25
'6581,'00,'12,'0,'0,'222,'滋賀短　　　　,'　　　　,'デジ／総合医,'　,'　　　,'経営学・商,'1,'25
'6581,'00,'13,'0,'0,'223,'滋賀短　　　　,'　　　　,'デジ／デジタ,'　,'　　　,'経営情報学,'1,'25
'6582,'00,'00,'0,'0,'222,'びわこ学院大短,'　　　　,'　　　　　　,'　,'　　　,'経営学・商,'0,'25
'6582,'00,'06,'0,'0,'242,'びわこ学院大短,'　　　　,'ライ／健康福,'　,'　　　,'社会福祉学,'1,'25
'6582,'00,'07,'0,'0,'312,'びわこ学院大短,'　　　　,'ライ／児童学,'　,'　　　,'幼稚園　　,'1,'25
'6582,'00,'08,'0,'0,'222,'びわこ学院大短,'　　　　,'ライ／キャリ,'　,'　　　,'経営学・商,'1,'25
'6593,'00,'00,'0,'0,'312,'華頂短　　　　,'　　　　,'　　　　　　,'　,'　　　,'幼稚園　　,'0,'26
'6593,'00,'07,'0,'0,'312,'華頂短　　　　,'　　　　,'幼児教育　　,'　,'　　　,'幼稚園　　,'1,'26
'6596,'00,'00,'0,'0,'151,'京都外語短　　,'　　　　,'　　　　　　,'　,'　　　,'英米語　　,'0,'26
'6596,'00,'02,'0,'0,'151,'京都外語短　　,'　　　　,'キャリア英夜,'　,'　　　,'英米語　　,'1,'26
'6597,'00,'00,'0,'0,'105,'京都経済短　　,'　　　　,'　　　　　　,'　,'　　　,'心理学　　,'0,'26
'6597,'00,'01,'0,'0,'105,'京都経済短　　,'　　　　,'経営情報　　,'　,'　　　,'心理学　　,'1,'26
'6602,'00,'00,'0,'0,'401,'京都光華大短大,'　　　　,'　　　　　　,'　,'　　　,'生活科学　,'0,'26
'6602,'00,'05,'0,'0,'401,'京都光華大短大,'　　　　,'ライフデザイ,'　,'　　　,'生活科学　,'1,'26
'6602,'00,'07,'0,'0,'652,'京都光華大短大,'　　　　,'歯科衛生　　,'　,'　　　,'医療技術　,'1,'26
'6603,'00,'00,'0,'0,'451,'嵯峨美術短　　,'　　　　,'　　　　　　,'　,'　　　,'美術・デザ,'0,'26
'6603,'00,'03,'0,'0,'451,'嵯峨美術短　　,'　　　　,'美術　　　　,'　,'　　　,'美術・デザ,'1,'26
'6605,'00,'00,'0,'0,'104,'京都西山短　　,'　　　　,'　　　　　　,'　,'　　　,'哲学倫理宗,'0,'26
'6605,'00,'06,'0,'0,'752,'京都西山短　　,'　　　　,'共生／ビジネ,'　,'　　　,'総合情報学,'1,'26
'6605,'00,'07,'0,'0,'312,'京都西山短　　,'　　　　,'共生／こども,'　,'　　　,'幼稚園　　,'1,'26
'6605,'00,'08,'0,'0,'104,'京都西山短　　,'　　　　,'共生／仏教　,'　,'　　　,'哲学倫理宗,'1,'26
'6625,'00,'00,'0,'0,'651,'藍野大短大部　,'　　　　,'　　　　　　,'　,'　　　,'看護　　　,'0,'27
'6625,'00,'01,'0,'0,'651,'藍野大短大部　,'　　　　,'看護３年　　,'　,'　　　,'看護　　　,'1,'27
'6628,'00,'00,'0,'0,'453,'大阪音大短大部,'　　　　,'　　　　　　,'　,'　　　,'音楽　　　,'0,'27
'6628,'00,'26,'0,'0,'453,'大阪音大短大部,'　　　　,'音楽　　　　,'　,'　　　,'音楽　　　,'1,'27
'6629,'00,'00,'0,'0,'222,'大阪学院大短大,'　　　　,'　　　　　　,'　,'　　　,'経営学・商,'0,'27
'6629,'00,'01,'0,'0,'222,'大阪学院大短大,'　　　　,'経営実務　　,'　,'　　　,'経営学・商,'1,'27
'6630,'00,'00,'0,'0,'312,'大阪キリスト短,'　　　　,'　　　　　　,'　,'　　　,'幼稚園　　,'0,'27
'6630,'00,'03,'0,'0,'312,'大阪キリスト短,'　　　　,'幼児教育　　,'　,'　　　,'幼稚園　　,'1,'27
'6633,'00,'00,'0,'0,'151,'大阪国際大短大,'　　　　,'　　　　　　,'　,'　　　,'英米語　　,'0,'27
'6633,'00,'08,'0,'0,'312,'大阪国際大短大,'　　　　,'幼児保育　　,'　,'　　　,'幼稚園　　,'1,'27
'6633,'00,'24,'0,'0,'402,'大阪国際大短大,'　　　　,'栄養　　　　,'　,'　　　,'食物・栄養,'1,'27
'6633,'00,'25,'0,'0,'151,'大阪国際大短大,'　　　　,'ライ／観光英,'　,'　　　,'英米語　　,'1,'27
'6633,'00,'26,'0,'0,'222,'大阪国際大短大,'　　　　,'ライ／キャリ,'　,'　　　,'経営学・商,'1,'27
'6635,'00,'00,'0,'0,'242,'大阪総合保育短,'　　　　,'　　　　　　,'　,'　　　,'社会福祉学,'0,'27
'6635,'00,'02,'0,'0,'242,'大阪総合保育短,'　　　　,'現代生活　　,'　,'　　　,'社会福祉学,'1,'27
'6635,'00,'03,'0,'0,'312,'大阪総合保育短,'　　　　,'総合保育　　,'　,'　　　,'幼稚園　　,'1,'27
'6636,'00,'00,'0,'0,'151,'大阪女学院短　,'　　　　,'　　　　　　,'　,'　　　,'英米語　　,'0,'27
'6636,'00,'01,'0,'0,'151,'大阪女学院短　,'　　　　,'国際コミュニ,'　,'　　　,'英米語　　,'1,'27
'6638,'00,'00,'0,'0,'402,'夕陽丘学園短　,'　　　　,'　　　　　　,'　,'　　　,'食物・栄養,'0,'27
'6638,'00,'08,'0,'0,'401,'夕陽丘学園短　,'　　　　,'キャリア創造,'　,'　　　,'生活科学　,'1,'27
'6638,'00,'11,'0,'0,'402,'夕陽丘学園短　,'　　　　,'食物／栄養士,'　,'　　　,'食物・栄養,'1,'27
'6638,'00,'12,'0,'0,'402,'夕陽丘学園短　,'　　　　,'食物／製菓パ,'　,'　　　,'食物・栄養,'1,'27
'6640,'00,'00,'0,'0,'402,'大阪成蹊短　　,'　　　　,'　　　　　　,'　,'　　　,'食物・栄養,'0,'27
'6640,'00,'09,'0,'0,'312,'大阪成蹊短　　,'　　　　,'幼児教育　　,'　,'　　　,'幼稚園　　,'1,'27
'6640,'00,'17,'0,'0,'402,'大阪成蹊短　　,'　　　　,'栄養　　　　,'　,'　　　,'食物・栄養,'1,'27
'6640,'00,'18,'0,'0,'402,'大阪成蹊短　　,'　　　　,'調理・製菓　,'　,'　　　,'食物・栄養,'1,'27
'6640,'00,'19,'0,'0,'403,'大阪成蹊短　　,'　　　　,'生活デザイン,'　,'　　　,'被服・服飾,'1,'27
'6641,'00,'00,'0,'0,'312,'大阪千代田短　,'　　　　,'　　　　　　,'　,'　　　,'幼稚園　　,'0,'27
'6641,'00,'02,'0,'0,'312,'大阪千代田短　,'　　　　,'幼児教育　　,'　,'　　　,'幼稚園　　,'1,'27
'6646,'00,'00,'0,'0,'151,'関西外大短大部,'　　　　,'　　　　　　,'　,'　　　,'英米語　　,'0,'27
'6646,'00,'01,'0,'0,'151,'関西外大短大部,'　　　　,'英米語　　　,'　,'　　　,'英米語　　,'1,'27
'6646,'00,'04,'0,'0,'151,'関西外大短大部,'　　　　,'未来キャリア,'　,'　　　,'英米語　　,'1,'27
'6647,'00,'00,'0,'0,'222,'関西女短　　　,'　　　　,'　　　　　　,'　,'　　　,'経営学・商,'0,'27
'6647,'00,'01,'0,'0,'312,'関西女短　　　,'　　　　,'保育　　　　,'　,'　　　,'幼稚園　　,'1,'27
'6647,'00,'02,'0,'0,'314,'関西女短　　　,'　　　　,'養護保健　　,'　,'　　　,'養護　　　,'1,'27
'6647,'00,'04,'0,'0,'652,'関西女短　　　,'　　　　,'歯科衛生　　,'　,'　　　,'医療技術　,'1,'27
'6647,'00,'07,'0,'0,'222,'関西女短　　　,'　　　　,'医療秘書　　,'　,'　　　,'経営学・商,'1,'27
'6650,'00,'00,'0,'0,'222,'近畿大短大部　,'　　　　,'　　　　　　,'　,'　　　,'経営学・商,'0,'27
'6650,'00,'01,'0,'0,'222,'近畿大短大部　,'　　　　,'商経二　　　,'　,'　　　,'経営学・商,'1,'27
'6652,'00,'00,'0,'0,'404,'堺女短　　　　,'　　　　,'　　　　　　,'　,'　　　,'児童学　　,'0,'27
'6652,'00,'01,'0,'0,'404,'堺女短　　　　,'　　　　,'美容生活文化,'　,'　　　,'児童学　　,'1,'27
'6653,'00,'00,'0,'0,'312,'四條畷学園短　,'　　　　,'　　　　　　,'　,'　　　,'幼稚園　　,'0,'27
'6653,'00,'02,'0,'0,'312,'四條畷学園短　,'　　　　,'保育　　　　,'　,'　　　,'幼稚園　　,'1,'27
'6653,'00,'09,'0,'0,'401,'四條畷学園短　,'　　　　,'ライフデザイ,'　,'　　　,'生活科学　,'1,'27
'6654,'00,'00,'0,'0,'312,'四天王寺大短大,'　　　　,'　　　　　　,'　,'　　　,'幼稚園　　,'0,'27
'6654,'00,'02,'0,'0,'401,'四天王寺大短大,'　　　　,'ライフデザイ,'　,'　　　,'生活科学　,'1,'27
'6654,'00,'03,'0,'0,'312,'四天王寺大短大,'　　　　,'保育　　　　,'　,'　　　,'幼稚園　　,'1,'27
'6659,'00,'00,'0,'0,'312,'大阪常磐会大短,'　　　　,'　　　　　　,'　,'　　　,'幼稚園　　,'0,'27
'6659,'00,'02,'0,'0,'312,'大阪常磐会大短,'　　　　,'乳幼児教育　,'　,'　　　,'幼稚園　　,'1,'27
'6660,'00,'00,'0,'0,'455,'大阪芸術大短大,'　　　　,'　　　　　　,'　,'　　　,'映像　　　,'0,'28
'6660,'00,'02,'0,'0,'453,'大阪芸術大短大,'　　　　,'メディア・芸,'　,'　　　,'音楽　　　,'1,'28
'6660,'00,'04,'0,'0,'405,'大阪芸術大短大,'　　　　,'デザイン美術,'　,'　　　,'住居学　　,'1,'28
'6664,'00,'00,'0,'0,'402,'東大阪大短大部,'　　　　,'　　　　　　,'　,'　　　,'食物・栄養,'0,'27
'6664,'00,'14,'0,'0,'402,'東大阪大短大部,'　　　　,'食物／栄養士,'　,'　　　,'食物・栄養,'1,'27
'6664,'00,'15,'0,'0,'402,'東大阪大短大部,'　　　　,'食物／製菓衛,'　,'　　　,'食物・栄養,'1,'27
'6664,'00,'16,'0,'0,'242,'東大阪大短大部,'　　　　,'介護福祉　　,'　,'　　　,'社会福祉学,'1,'27
'6668,'00,'00,'0,'0,'242,'大阪健康福祉短,'　　　　,'　　　　　　,'　,'　　　,'社会福祉学,'0,'27
'6668,'00,'01,'0,'0,'242,'大阪健康福祉短,'　　　　,'介護福祉　　,'　,'　　　,'社会福祉学,'1,'27
'6668,'00,'03,'0,'0,'312,'大阪健康福祉短,'　　　　,'子ども福祉　,'　,'　　　,'幼稚園　　,'1,'27
'6668,'00,'04,'0,'0,'312,'大阪健康福祉短,'　　　　,'保育・幼児教,'　,'　　　,'幼稚園　　,'1,'27
'6668,'00,'08,'0,'0,'242,'大阪健康福祉短,'　　　　,'地域総合介護,'　,'　　　,'社会福祉学,'1,'27
'6693,'00,'00,'0,'0,'312,'豊岡短　　　　,'　　　　,'　　　　　　,'　,'　　　,'幼稚園　　,'0,'28
'6693,'00,'02,'0,'0,'312,'豊岡短　　　　,'　　　　,'こども　　　,'　,'　　　,'幼稚園　　,'1,'28
'6704,'00,'00,'0,'0,'312,'神戸教育短　　,'　　　　,'　　　　　　,'　,'　　　,'幼稚園　　,'0,'28
'6704,'00,'05,'0,'0,'312,'神戸教育短　　,'　　　　,'こども　　　,'　,'　　　,'幼稚園　　,'1,'28
'6707,'00,'00,'0,'0,'312,'関西学院短　　,'　　　　,'　　　　　　,'　,'　　　,'幼稚園　　,'0,'28
'6707,'00,'02,'0,'0,'312,'関西学院短　　,'　　　　,'保育　　　　,'　,'　　　,'幼稚園　　,'1,'28
'6709,'00,'00,'0,'0,'402,'東洋食品工業短,'　　　　,'　　　　　　,'　,'　　　,'食物・栄養,'0,'28
'6709,'00,'01,'0,'0,'402,'東洋食品工業短,'　　　　,'包装食品工　,'　,'　　　,'食物・栄養,'1,'28
'6712,'00,'00,'0,'0,'312,'兵庫大短大部　,'　　　　,'　　　　　　,'　,'　　　,'幼稚園　　,'0,'28
'6712,'00,'05,'0,'0,'312,'兵庫大短大部　,'　　　　,'保育　　　　,'　,'　　　,'幼稚園　　,'1,'28
'6713,'00,'00,'0,'0,'222,'湊川短　　　　,'　　　　,'　　　　　　,'　,'　　　,'経営学・商,'0,'28
'6713,'00,'16,'0,'0,'312,'湊川短　　　　,'　　　　,'幼児教育保育,'　,'　　　,'幼稚園　　,'1,'28
'6713,'00,'17,'0,'0,'222,'湊川短　　　　,'　　　　,'人間生活　　,'　,'　　　,'経営学・商,'1,'28
'6715,'00,'00,'0,'0,'222,'大手前短　　　,'　　　　,'　　　　　　,'　,'　　　,'経営学・商,'0,'28
'6715,'00,'03,'0,'0,'401,'大手前短　　　,'　　　　,'ライフデザイ,'　,'　　　,'生活科学　,'1,'28
'6715,'00,'04,'0,'0,'652,'大手前短　　　,'　　　　,'歯科衛生　　,'　,'　　　,'医療技術　,'1,'28
'6715,'00,'05,'0,'0,'222,'大手前短　　　,'　　　　,'医療事務総合,'　,'　　　,'経営学・商,'1,'28
'6734,'00,'00,'0,'0,'451,'奈良芸術短　　,'　　　　,'　　　　　　,'　,'　　　,'美術・デザ,'0,'29
'6734,'00,'09,'0,'0,'451,'奈良芸術短　　,'　　　　,'美術　　　　,'　,'　　　,'美術・デザ,'1,'29
'6737,'00,'00,'0,'0,'312,'大和大白鳳短大,'　　　　,'　　　　　　,'　,'　　　,'幼稚園　　,'0,'29
'6737,'00,'04,'0,'0,'312,'大和大白鳳短大,'　　　　,'総合／こども,'　,'　　　,'幼稚園　　,'1,'29
'6737,'00,'09,'0,'0,'651,'大和大白鳳短大,'　　　　,'総合／看護学,'　,'　　　,'看護　　　,'1,'29
'6737,'00,'11,'0,'0,'655,'大和大白鳳短大,'　　　　,'総合／理学療,'　,'　　　,'理学療法　,'1,'29
'6737,'00,'12,'0,'0,'656,'大和大白鳳短大,'　　　　,'総合／作業療,'　,'　　　,'作業療法　,'1,'29
'6756,'00,'00,'0,'0,'106,'鳥取短　　　　,'　　　　,'　　　　　　,'　,'　　　,'文化学　　,'0,'31
'6756,'00,'02,'0,'0,'402,'鳥取短　　　　,'　　　　,'生活／フード,'　,'　　　,'食物・栄養,'1,'31
'6756,'00,'05,'0,'0,'312,'鳥取短　　　　,'　　　　,'幼児教育保育,'　,'　　　,'幼稚園　　,'1,'31
'6756,'00,'06,'0,'0,'106,'鳥取短　　　　,'　　　　,'地域コミュニ,'　,'　　　,'文化学　　,'1,'31
'6756,'00,'07,'0,'0,'223,'鳥取短　　　　,'　　　　,'生活／情報経,'　,'　　　,'経営情報学,'1,'31
'6756,'00,'08,'0,'0,'405,'鳥取短　　　　,'　　　　,'生活／住居デ,'　,'　　　,'住居学　　,'1,'31
'6776,'00,'00,'0,'0,'312,'岡山短　　　　,'　　　　,'　　　　　　,'　,'　　　,'幼稚園　　,'0,'33
'6776,'00,'05,'0,'0,'312,'岡山短　　　　,'　　　　,'幼児教育　　,'　,'　　　,'幼稚園　　,'1,'33
'6777,'00,'00,'0,'0,'242,'川崎医療短　　,'　　　　,'　　　　　　,'　,'　　　,'社会福祉学,'0,'33
'6777,'00,'04,'0,'0,'651,'川崎医療短　　,'　　　　,'看護　　　　,'　,'　　　,'看護　　　,'1,'33
'6777,'00,'08,'0,'0,'242,'川崎医療短　　,'　　　　,'医療介護福祉,'　,'　　　,'社会福祉学,'1,'33
'6779,'00,'00,'0,'0,'312,'作陽短　　　　,'　　　　,'　　　　　　,'　,'　　　,'幼稚園　　,'0,'33
'6779,'00,'05,'0,'0,'453,'作陽短　　　　,'　　　　,'音楽／音楽　,'　,'　　　,'音楽　　　,'1,'33
'6779,'00,'06,'0,'0,'312,'作陽短　　　　,'　　　　,'音楽／幼児教,'　,'　　　,'幼稚園　　,'1,'33
'6780,'00,'00,'0,'0,'312,'山陽学園短　　,'　　　　,'　　　　　　,'　,'　　　,'幼稚園　　,'0,'33
'6780,'00,'01,'0,'0,'402,'山陽学園短　　,'　　　　,'健康栄養　　,'　,'　　　,'食物・栄養,'1,'33
'6780,'00,'04,'0,'0,'312,'山陽学園短　　,'　　　　,'こども育成　,'　,'　　　,'幼稚園　　,'1,'33
'6783,'00,'00,'0,'0,'222,'中国短　　　　,'　　　　,'　　　　　　,'　,'　　　,'経営学・商,'0,'33
'6783,'00,'04,'0,'0,'223,'中国短　　　　,'　　　　,'情報ビジネス,'　,'　　　,'経営情報学,'1,'33
'6783,'00,'07,'0,'0,'312,'中国短　　　　,'　　　　,'保育　　　　,'　,'　　　,'幼稚園　　,'1,'33
'6783,'00,'11,'0,'0,'222,'中国短　　　　,'　　　　,'総合生活　　,'　,'　　　,'経営学・商,'1,'33
'6797,'00,'00,'0,'0,'222,'山陽女短　　　,'　　　　,'　　　　　　,'　,'　　　,'経営学・商,'0,'34
'6797,'00,'10,'0,'0,'222,'山陽女短　　　,'　　　　,'人間生活　　,'　,'　　　,'経営学・商,'1,'34
'6797,'00,'11,'0,'0,'658,'山陽女短　　　,'　　　　,'臨床検査　　,'　,'　　　,'検査技術　,'1,'34
'6800,'00,'00,'0,'0,'222,'比治山大短大部,'　　　　,'　　　　　　,'　,'　　　,'経営学・商,'0,'34
'6800,'00,'03,'0,'0,'451,'比治山大短大部,'　　　　,'美術　　　　,'　,'　　　,'美術・デザ,'1,'34
'6800,'00,'04,'0,'0,'312,'比治山大短大部,'　　　　,'幼児教育　　,'　,'　　　,'幼稚園　　,'1,'34
'6800,'00,'05,'0,'0,'222,'比治山大短大部,'　　　　,'総合生活デザ,'　,'　　　,'経営学・商,'1,'34
'6805,'00,'00,'0,'0,'312,'広島文化学園短,'　　　　,'　　　　　　,'　,'　　　,'幼稚園　　,'0,'34
'6805,'00,'06,'0,'0,'312,'広島文化学園短,'　　　　,'保育　　　　,'　,'　　　,'幼稚園　　,'1,'34
'6805,'00,'07,'0,'0,'402,'広島文化学園短,'　　　　,'食物栄養　　,'　,'　　　,'食物・栄養,'1,'34
'6805,'00,'10,'0,'0,'401,'広島文化学園短,'　　　　,'コミュニティ,'　,'　　　,'生活科学　,'1,'34
'6816,'00,'00,'0,'0,'312,'岩国短　　　　,'　　　　,'　　　　　　,'　,'　　　,'幼稚園　　,'0,'35
'6816,'00,'02,'0,'0,'312,'岩国短　　　　,'　　　　,'幼児教育　　,'　,'　　　,'幼稚園　　,'1,'35
'6817,'00,'00,'0,'0,'312,'フロンティア短,'　　　　,'　　　　　　,'　,'　　　,'幼稚園　　,'0,'35
'6817,'00,'08,'0,'0,'312,'フロンティア短,'　　　　,'保育　　　　,'　,'　　　,'幼稚園　　,'1,'35
'6817,'00,'12,'0,'0,'402,'フロンティア短,'　　　　,'食物栄養　　,'　,'　　　,'食物・栄養,'1,'35
'6818,'00,'00,'0,'0,'312,'下関短　　　　,'　　　　,'　　　　　　,'　,'　　　,'幼稚園　　,'0,'35
'6818,'00,'04,'0,'0,'312,'下関短　　　　,'　　　　,'保育　　　　,'　,'　　　,'幼稚園　　,'1,'35
'6823,'00,'00,'0,'0,'312,'山口短　　　　,'　　　　,'　　　　　　,'　,'　　　,'幼稚園　　,'0,'35
'6823,'00,'01,'0,'0,'301,'山口短　　　　,'　　　　,'児童／初等教,'　,'　　　,'小学校　　,'1,'35
'6823,'00,'02,'0,'0,'312,'山口短　　　　,'　　　　,'児童／幼児教,'　,'　　　,'幼稚園　　,'1,'35
'6823,'00,'03,'0,'0,'553,'山口短　　　　,'　　　　,'情報メディア,'　,'　　　,'情報工学　,'1,'35
'6824,'00,'00,'0,'0,'222,'山口芸術短　　,'　　　　,'　　　　　　,'　,'　　　,'経営学・商,'0,'35
'6824,'00,'04,'0,'0,'404,'山口芸術短　　,'　　　　,'保育　　　　,'　,'　　　,'児童学　　,'1,'35
'6824,'00,'08,'0,'0,'222,'山口芸術短　　,'　　　　,'芸術表現　　,'　,'　　　,'経営学・商,'1,'35
'6831,'00,'00,'0,'0,'151,'四国大短大部　,'　　　　,'　　　　　　,'　,'　　　,'英米語　　,'0,'36
'6831,'00,'11,'0,'0,'312,'四国大短大部　,'　　　　,'幼児教育保育,'　,'　　　,'幼稚園　　,'1,'36
'6831,'00,'12,'0,'0,'151,'四国大短大部　,'　　　　,'ビジネス・コ,'　,'　　　,'英米語　　,'1,'36
'6832,'00,'00,'0,'0,'551,'徳島工業短　　,'　　　　,'　　　　　　,'　,'　　　,'機械工学　,'0,'36
'6832,'00,'01,'0,'0,'551,'徳島工業短　　,'　　　　,'自動車工　　,'　,'　　　,'機械工学　,'1,'36
'6833,'00,'00,'0,'0,'151,'徳島文理大短大,'　　　　,'　　　　　　,'　,'　　　,'英米語　　,'0,'36
'6833,'00,'01,'0,'0,'453,'徳島文理大短大,'　　　　,'音楽　　　　,'　,'　　　,'音楽　　　,'1,'36
'6833,'00,'03,'0,'0,'222,'徳島文理大短大,'　　　　,'商　　　　　,'　,'　　　,'経営学・商,'1,'36
'6833,'00,'04,'0,'0,'402,'徳島文理大短大,'　　　　,'生活／食物　,'　,'　　　,'食物・栄養,'1,'36
'6833,'00,'05,'0,'0,'401,'徳島文理大短大,'　　　　,'生活／生活科,'　,'　　　,'生活科学　,'1,'36
'6833,'00,'08,'0,'0,'312,'徳島文理大短大,'　　　　,'保育　　　　,'　,'　　　,'幼稚園　　,'1,'36
'6833,'00,'11,'0,'0,'151,'徳島文理大短大,'　　　　,'言語コミュニ,'　,'　　　,'英米語　　,'1,'36
'6841,'00,'00,'0,'0,'223,'香川短　　　　,'　　　　,'　　　　　　,'　,'　　　,'経営情報学,'0,'37
'6841,'00,'01,'0,'0,'223,'香川短　　　　,'　　　　,'経営情報・デ,'　,'　　　,'経営情報学,'1,'37
'6841,'00,'06,'0,'0,'312,'香川短　　　　,'　　　　,'子ども　　　,'　,'　　　,'幼稚園　　,'1,'37
'6841,'00,'11,'0,'0,'402,'香川短　　　　,'　　　　,'食物栄養　　,'　,'　　　,'食物・栄養,'1,'37
'6845,'00,'00,'0,'0,'222,'高松短　　　　,'　　　　,'　　　　　　,'　,'　　　,'経営学・商,'0,'37
'6845,'00,'04,'0,'0,'222,'高松短　　　　,'　　　　,'ビジネスデザ,'　,'　　　,'経営学・商,'1,'37
'6845,'00,'06,'0,'0,'404,'高松短　　　　,'　　　　,'保育　　　　,'　,'　　　,'児童学　　,'1,'37
'6846,'00,'00,'0,'0,'222,'せとうち観職短,'　　　　,'　　　　　　,'　,'　　　,'経営学・商,'0,'37
'6846,'00,'01,'0,'0,'222,'せとうち観職短,'　　　　,'観光振興　　,'　,'　　　,'経営学・商,'1,'37
'6851,'00,'00,'0,'0,'242,'今治明徳短　　,'　　　　,'　　　　　　,'　,'　　　,'社会福祉学,'0,'38
'6851,'00,'01,'0,'0,'242,'今治明徳短　　,'　　　　,'ライフデザイ,'　,'　　　,'社会福祉学,'1,'38
'6851,'00,'02,'0,'0,'404,'今治明徳短　　,'　　　　,'幼児教育　　,'　,'　　　,'児童学　　,'1,'38
'6853,'00,'00,'0,'0,'312,'聖カタリナ大短,'　　　　,'　　　　　　,'　,'　　　,'幼稚園　　,'0,'38
'6853,'00,'08,'0,'0,'312,'聖カタリナ大短,'　　　　,'保育　　　　,'　,'　　　,'幼稚園　　,'1,'38
'6854,'00,'00,'0,'0,'222,'松山短　　　　,'　　　　,'　　　　　　,'　,'　　　,'経営学・商,'0,'38
'6854,'00,'01,'0,'0,'222,'松山短　　　　,'　　　　,'商２　　　　,'　,'　　　,'経営学・商,'1,'38
'6855,'00,'00,'0,'0,'222,'松山東雲短　　,'　　　　,'　　　　　　,'　,'　　　,'経営学・商,'0,'38
'6855,'00,'05,'0,'0,'222,'松山東雲短　　,'　　　　,'現代ビジネス,'　,'　　　,'経営学・商,'1,'38
'6855,'00,'06,'0,'0,'312,'松山東雲短　　,'　　　　,'保育　　　　,'　,'　　　,'幼稚園　　,'1,'38
'6855,'00,'11,'0,'0,'402,'松山東雲短　　,'　　　　,'食物栄養　　,'　,'　　　,'食物・栄養,'1,'38
'6861,'00,'00,'0,'0,'312,'高知学園短　　,'　　　　,'　　　　　　,'　,'　　　,'幼稚園　　,'0,'39
'6861,'00,'08,'0,'0,'312,'高知学園短　　,'　　　　,'幼児保育　　,'　,'　　　,'幼稚園　　,'1,'39
'6861,'00,'09,'0,'0,'651,'高知学園短　　,'　　　　,'看護　　　　,'　,'　　　,'看護　　　,'1,'39
'6861,'00,'11,'0,'0,'652,'高知学園短　　,'　　　　,'歯科衛生　　,'　,'　　　,'医療技術　,'1,'39
'6872,'00,'00,'0,'0,'222,'折尾愛真短　　,'　　　　,'　　　　　　,'　,'　　　,'経営学・商,'0,'40
'6872,'00,'01,'0,'0,'222,'折尾愛真短　　,'　　　　,'経済　　　　,'　,'　　　,'経営学・商,'1,'40
'6873,'00,'00,'0,'0,'104,'九州大谷短　　,'　　　　,'　　　　　　,'　,'　　　,'哲学倫理宗,'0,'40
'6873,'00,'01,'0,'0,'456,'九州大谷短　　,'　　　　,'表現　　　　,'　,'　　　,'演劇　　　,'1,'40
'6873,'00,'02,'0,'0,'104,'九州大谷短　　,'　　　　,'仏教　　　　,'　,'　　　,'哲学倫理宗,'1,'40
'6873,'00,'03,'0,'0,'105,'九州大谷短　　,'　　　　,'幼児教育　　,'　,'　　　,'心理学　　,'1,'40
'6874,'00,'00,'0,'0,'312,'九州女短　　　,'　　　　,'　　　　　　,'　,'　　　,'幼稚園　　,'0,'40
'6874,'00,'08,'0,'0,'312,'九州女短　　　,'　　　　,'子ども健康　,'　,'　　　,'幼稚園　　,'1,'40
'6875,'00,'00,'0,'0,'405,'九州産大造形短,'　　　　,'　　　　　　,'　,'　　　,'住居学　　,'0,'40
'6875,'00,'04,'0,'0,'405,'九州産大造形短,'　　　　,'造形芸術　　,'　,'　　　,'住居学　　,'1,'40
'6878,'00,'00,'0,'0,'222,'近畿大九州短　,'　　　　,'　　　　　　,'　,'　　　,'経営学・商,'0,'40
'6878,'00,'01,'0,'0,'222,'近畿大九州短　,'　　　　,'生活福祉情報,'　,'　　　,'経営学・商,'1,'40
'6878,'00,'02,'0,'0,'312,'近畿大九州短　,'　　　　,'保育　　　　,'　,'　　　,'幼稚園　　,'1,'40
'6880,'00,'00,'0,'0,'222,'香蘭女短　　　,'　　　　,'　　　　　　,'　,'　　　,'経営学・商,'0,'40
'6880,'00,'09,'0,'0,'312,'香蘭女短　　　,'　　　　,'保育　　　　,'　,'　　　,'幼稚園　　,'1,'40
'6880,'00,'11,'0,'0,'403,'香蘭女短　　　,'　　　　,'ファッション,'　,'　　　,'被服・服飾,'1,'40
'6880,'00,'14,'0,'0,'222,'香蘭女短　　　,'　　　　,'ライフプラン,'　,'　　　,'経営学・商,'1,'40
'6880,'00,'15,'0,'0,'402,'香蘭女短　　　,'　　　　,'食物栄養　　,'　,'　　　,'食物・栄養,'1,'40
'6883,'00,'00,'0,'0,'222,'精華女短　　　,'　　　　,'　　　　　　,'　,'　　　,'経営学・商,'0,'40
'6883,'00,'01,'0,'0,'402,'精華女短　　　,'　　　　,'生活／食物栄,'　,'　　　,'食物・栄養,'1,'40
'6883,'00,'02,'0,'0,'222,'精華女短　　　,'　　　　,'生活／生活総,'　,'　　　,'経営学・商,'1,'40
'6883,'00,'03,'0,'0,'312,'精華女短　　　,'　　　　,'幼児保育　　,'　,'　　　,'幼稚園　　,'1,'40
'6886,'00,'00,'0,'0,'312,'福岡こども短　,'　　　　,'　　　　　　,'　,'　　　,'幼稚園　　,'0,'40
'6886,'00,'01,'0,'0,'312,'福岡こども短　,'　　　　,'こども教育　,'　,'　　　,'幼稚園　　,'1,'40
'6889,'00,'00,'0,'0,'222,'中村学園大短大,'　　　　,'　　　　　　,'　,'　　　,'経営学・商,'0,'40
'6889,'00,'02,'0,'0,'402,'中村学園大短大,'　　　　,'食物栄養　　,'　,'　　　,'食物・栄養,'1,'40
'6889,'00,'03,'0,'0,'404,'中村学園大短大,'　　　　,'幼児保育　　,'　,'　　　,'児童学　　,'1,'40
'6889,'00,'04,'0,'0,'222,'中村学園大短大,'　　　　,'キャリア開発,'　,'　　　,'経営学・商,'1,'40
'6890,'00,'00,'0,'0,'201,'西日本短　　　,'　　　　,'　　　　　　,'　,'　　　,'法学　　　,'0,'40
'6890,'00,'01,'0,'0,'701,'西日本短　　　,'　　　　,'緑地環境　　,'　,'　　　,'農学　　　,'1,'40
'6890,'00,'02,'0,'0,'201,'西日本短　　　,'　　　　,'ビジネス法　,'　,'　　　,'法学　　　,'1,'40
'6890,'00,'04,'0,'0,'242,'西日本短　　　,'　　　　,'社会福祉　　,'　,'　　　,'社会福祉学,'1,'40
'6890,'00,'05,'0,'0,'312,'西日本短　　　,'　　　　,'保育　　　　,'　,'　　　,'幼稚園　　,'1,'40
'6890,'00,'07,'0,'0,'458,'西日本短　　　,'　　　　,'メディア・プ,'　,'　　　,'その他芸術,'1,'40
'6891,'00,'00,'0,'0,'312,'東筑紫短　　　,'　　　　,'　　　　　　,'　,'　　　,'幼稚園　　,'0,'40
'6891,'00,'01,'0,'0,'402,'東筑紫短　　　,'　　　　,'食物栄養　　,'　,'　　　,'食物・栄養,'1,'40
'6891,'00,'04,'0,'0,'312,'東筑紫短　　　,'　　　　,'保育　　　　,'　,'　　　,'幼稚園　　,'1,'40
'6892,'00,'00,'0,'0,'553,'福岡工大短大部,'　　　　,'　　　　　　,'　,'　　　,'情報工学　,'0,'40
'6892,'00,'02,'0,'0,'553,'福岡工大短大部,'　　　　,'情報メディア,'　,'　　　,'情報工学　,'1,'40
'6894,'00,'00,'0,'0,'402,'福岡短　　　　,'　　　　,'　　　　　　,'　,'　　　,'食物・栄養,'0,'40
'6894,'00,'19,'0,'0,'402,'福岡短　　　　,'　　　　,'健康／栄養士,'　,'　　　,'食物・栄養,'1,'40
'6894,'00,'20,'0,'0,'402,'福岡短　　　　,'　　　　,'健康／調理師,'　,'　　　,'食物・栄養,'1,'40
'6895,'00,'00,'0,'0,'652,'福岡医療短　　,'　　　　,'　　　　　　,'　,'　　　,'医療技術　,'0,'40
'6895,'00,'01,'0,'0,'652,'福岡医療短　　,'　　　　,'歯科衛生　　,'　,'　　　,'医療技術　,'1,'40
'6907,'00,'00,'0,'0,'242,'西九州大短大部,'　　　　,'　　　　　　,'　,'　　　,'社会福祉学,'0,'41
'6907,'00,'03,'0,'0,'312,'西九州大短大部,'　　　　,'幼児保育　　,'　,'　　　,'幼稚園　　,'1,'41
'6907,'00,'05,'0,'0,'242,'西九州大短大部,'　　　　,'地域生活支援,'　,'　　　,'社会福祉学,'1,'41
'6908,'00,'00,'0,'0,'242,'佐賀女短　　　,'　　　　,'　　　　　　,'　,'　　　,'社会福祉学,'0,'41
'6908,'00,'11,'0,'0,'301,'佐賀女短　　　,'　　　　,'こども未来　,'　,'　　　,'小学校　　,'1,'41
'6908,'00,'14,'0,'0,'242,'佐賀女短　　　,'　　　　,'地域／介護福,'　,'　　　,'社会福祉学,'1,'41
'6908,'00,'17,'0,'0,'243,'佐賀女短　　　,'　　　　,'地域／観光Ｉ,'　,'　　　,'観光学　　,'1,'41
'6908,'00,'18,'0,'0,'753,'佐賀女短　　　,'　　　　,'地域／アート,'　,'　　　,'総合科学　,'1,'41
'6908,'00,'20,'0,'0,'752,'佐賀女短　　　,'　　　　,'地域／司書ア,'　,'　　　,'総合情報学,'1,'41
'6919,'00,'00,'0,'0,'242,'長崎短　　　　,'　　　　,'　　　　　　,'　,'　　　,'社会福祉学,'0,'42
'6919,'00,'03,'0,'0,'242,'長崎短　　　　,'　　　　,'保育　　　　,'　,'　　　,'社会福祉学,'1,'42
'6919,'00,'10,'0,'0,'402,'長崎短　　　　,'　　　　,'地域／食物栄,'　,'　　　,'食物・栄養,'1,'42
'6919,'00,'12,'0,'0,'242,'長崎短　　　　,'　　　　,'地域／介護福,'　,'　　　,'社会福祉学,'1,'42
'6919,'00,'13,'0,'0,'151,'長崎短　　　　,'　　　　,'地域／国際コ,'　,'　　　,'英米語　　,'1,'42
'6922,'00,'00,'0,'0,'222,'長崎女短　　　,'　　　　,'　　　　　　,'　,'　　　,'経営学・商,'0,'42
'6922,'00,'01,'0,'0,'402,'長崎女短　　　,'　　　　,'生活／栄養士,'　,'　　　,'食物・栄養,'1,'42
'6922,'00,'04,'0,'0,'312,'長崎女短　　　,'　　　　,'幼児教育　　,'　,'　　　,'幼稚園　　,'1,'42
'6922,'00,'05,'0,'0,'222,'長崎女短　　　,'　　　　,'生活／地域未,'　,'　　　,'経営学・商,'1,'42
'6935,'00,'00,'0,'0,'312,'尚絅大短大部　,'　　　　,'　　　　　　,'　,'　　　,'幼稚園　　,'0,'43
'6935,'00,'03,'0,'0,'312,'尚絅大短大部　,'　　　　,'幼児教育　　,'　,'　　　,'幼稚園　　,'1,'43
'6935,'00,'05,'0,'0,'402,'尚絅大短大部　,'　　　　,'食物栄養　　,'　,'　　　,'食物・栄養,'1,'43
'6946,'00,'00,'0,'0,'701,'大分短　　　　,'　　　　,'　　　　　　,'　,'　　　,'農学　　　,'0,'44
'6946,'00,'01,'0,'0,'701,'大分短　　　　,'　　　　,'園芸　　　　,'　,'　　　,'農学　　　,'1,'44
'6947,'00,'00,'0,'0,'312,'東九州短　　　,'　　　　,'　　　　　　,'　,'　　　,'幼稚園　　,'0,'44
'6947,'00,'03,'0,'0,'312,'東九州短　　　,'　　　　,'幼児教育　　,'　,'　　　,'幼稚園　　,'1,'44
'6948,'00,'00,'0,'0,'222,'別府溝部学園短,'　　　　,'　　　　　　,'　,'　　　,'経営学・商,'0,'44
'6948,'00,'03,'0,'0,'312,'別府溝部学園短,'　　　　,'幼児教育　　,'　,'　　　,'幼稚園　　,'1,'44
'6948,'00,'04,'0,'0,'242,'別府溝部学園短,'　　　　,'介護福祉　　,'　,'　　　,'社会福祉学,'1,'44
'6948,'00,'05,'0,'0,'222,'別府溝部学園短,'　　　　,'ライフデザイ,'　,'　　　,'経営学・商,'1,'44
'6948,'00,'06,'0,'0,'402,'別府溝部学園短,'　　　　,'食物栄養　　,'　,'　　　,'食物・栄養,'1,'44
'6949,'00,'00,'0,'0,'301,'別府大短大部　,'　　　　,'　　　　　　,'　,'　　　,'小学校　　,'0,'44
'6949,'00,'03,'0,'0,'301,'別府大短大部　,'　　　　,'初等教育　　,'　,'　　　,'小学校　　,'1,'44
'6949,'00,'06,'0,'0,'402,'別府大短大部　,'　　　　,'食物栄養　　,'　,'　　　,'食物・栄養,'1,'44
'6958,'00,'00,'0,'0,'222,'宮崎学園短　　,'　　　　,'　　　　　　,'　,'　　　,'経営学・商,'0,'45
'6958,'00,'05,'0,'0,'312,'宮崎学園短　　,'　　　　,'保育　　　　,'　,'　　　,'幼稚園　　,'1,'45
'6958,'00,'07,'0,'0,'222,'宮崎学園短　　,'　　　　,'現代ビジネス,'　,'　　　,'経営学・商,'1,'45
'6968,'00,'00,'0,'0,'222,'鹿児島女短　　,'　　　　,'　　　　　　,'　,'　　　,'経営学・商,'0,'46
'6968,'00,'01,'0,'0,'222,'鹿児島女短　　,'　　　　,'教養　　　　,'　,'　　　,'経営学・商,'1,'46
'6968,'00,'09,'0,'0,'301,'鹿児島女短　　,'　　　　,'児童教育　　,'　,'　　　,'小学校　　,'1,'46
'6968,'00,'11,'0,'0,'402,'鹿児島女短　　,'　　　　,'生活科学　　,'　,'　　　,'食物・栄養,'1,'46
'6969,'00,'00,'0,'0,'312,'第一幼児教育短,'　　　　,'　　　　　　,'　,'　　　,'幼稚園　　,'0,'46
'6969,'00,'01,'0,'0,'312,'第一幼児教育短,'　　　　,'幼児教育　　,'　,'　　　,'幼稚園　　,'1,'46
'6976,'00,'00,'0,'0,'312,'沖縄キリスト短,'　　　　,'　　　　　　,'　,'　　　,'幼稚園　　,'0,'47
'6976,'00,'02,'0,'0,'312,'沖縄キリスト短,'　　　　,'地域こども保,'　,'　　　,'幼稚園　　,'1,'47
'6978,'00,'00,'0,'0,'312,'沖縄女短　　　,'　　　　,'　　　　　　,'　,'　　　,'幼稚園　　,'0,'47
'6978,'00,'06,'0,'0,'222,'沖縄女短　　　,'　　　　,'総合ビジネス,'　,'　　　,'経営学・商,'1,'47
'6978,'00,'09,'0,'0,'301,'沖縄女短　　　,'　　　　,'児童／初等教,'　,'　　　,'小学校　　,'1,'47
'6978,'00,'10,'0,'0,'312,'沖縄女短　　　,'　　　　,'児童／心理福,'　,'　　　,'幼稚園　　,'1,'47
'7007,'00,'00,'0,'0,'651,'旭川荘厚生専門,'　　　　,'　　　　　　,'　,'　　　,'看護　　　,'0,'33
'7007,'00,'04,'0,'0,'651,'旭川荘厚生専門,'　　　　,'看護　　　　,'　,'　　　,'看護　　　,'1,'33
'7011,'00,'00,'0,'0,'652,'岩手医大医療専,'　　　　,'　　　　　　,'　,'　　　,'医療技術　,'0,'03
'7011,'00,'02,'0,'0,'652,'岩手医大医療専,'　　　　,'歯科衛生　　,'　,'　　　,'医療技術　,'1,'03
'7012,'00,'00,'0,'0,'655,'岩手リハビリテ,'　　　　,'　　　　　　,'　,'　　　,'理学療法　,'0,'03
'7012,'00,'01,'0,'0,'656,'岩手リハビリテ,'　　　　,'作業療法　　,'　,'　　　,'作業療法　,'1,'03
'7012,'00,'02,'0,'0,'655,'岩手リハビリテ,'　　　　,'理学療法　　,'　,'　　　,'理学療法　,'1,'03
'7014,'00,'00,'0,'0,'652,'愛媛十全医療学,'　　　　,'　　　　　　,'　,'　　　,'医療技術　,'1,'38
'7015,'00,'00,'0,'0,'652,'大分県歯科技専,'　　　　,'　　　　　　,'　,'　　　,'医療技術　,'0,'44
'7015,'00,'01,'0,'0,'652,'大分県歯科技専,'　　　　,'歯科衛生　　,'　,'　　　,'医療技術　,'1,'44
'7015,'00,'02,'0,'0,'652,'大分県歯科技専,'　　　　,'歯科技工　　,'　,'　　　,'医療技術　,'1,'44
'7023,'00,'00,'0,'0,'652,'大阪大歯附歯技,'　　　　,'　　　　　　,'　,'　　　,'医療技術　,'1,'27
'7028,'00,'00,'0,'0,'652,'大宮歯科衛生士,'　　　　,'　　　　　　,'　,'　　　,'医療技術　,'1,'11
'7038,'00,'00,'0,'0,'652,'岐阜県立衛生専,'　　　　,'　　　　　　,'　,'　　　,'医療技術　,'0,'21
'7038,'00,'01,'0,'0,'651,'岐阜県立衛生専,'　　　　,'第一看護　　,'　,'　　　,'看護　　　,'1,'21
'7038,'00,'02,'0,'0,'652,'岐阜県立衛生専,'　　　　,'歯科技工　　,'　,'　　　,'医療技術　,'1,'21
'7038,'00,'03,'0,'0,'652,'岐阜県立衛生専,'　　　　,'歯科衛生　　,'　,'　　　,'医療技術　,'1,'21
'7039,'00,'00,'0,'0,'222,'九州医学技術専,'　　　　,'　　　　　　,'　,'　　　,'経営学・商,'0,'42
'7039,'00,'01,'0,'0,'658,'九州医学技術専,'　　　　,'臨床検査　　,'　,'　　　,'検査技術　,'1,'42
'7039,'00,'02,'0,'0,'222,'九州医学技術専,'　　　　,'医療秘書　　,'　,'　　　,'経営学・商,'1,'42
'7042,'00,'00,'0,'0,'651,'京都保健衛生専,'　　　　,'　　　　　　,'　,'　　　,'看護　　　,'0,'26
'7042,'00,'01,'0,'0,'651,'京都保健衛生専,'　　　　,'看護　　　　,'　,'　　　,'看護　　　,'1,'26
'7042,'00,'02,'0,'0,'658,'京都保健衛生専,'　　　　,'臨床検査　　,'　,'　　　,'検査技術　,'1,'26
'7044,'00,'00,'0,'0,'651,'近畿大附属看護,'　　　　,'　　　　　　,'　,'　　　,'看護　　　,'1,'27
'7046,'00,'00,'0,'0,'652,'熊本総合医療リ,'　　　　,'　　　　　　,'　,'　　　,'医療技術　,'0,'43
'7046,'00,'01,'0,'0,'656,'熊本総合医療リ,'　　　　,'作業療法　　,'　,'　　　,'作業療法　,'1,'43
'7046,'00,'02,'0,'0,'655,'熊本総合医療リ,'　　　　,'理学療法　　,'　,'　　　,'理学療法　,'1,'43
'7046,'00,'03,'0,'0,'652,'熊本総合医療リ,'　　　　,'臨床工学　　,'　,'　　　,'医療技術　,'1,'43
'7046,'00,'04,'0,'0,'652,'熊本総合医療リ,'　　　　,'義肢装具　　,'　,'　　　,'医療技術　,'1,'43
'7046,'00,'05,'0,'0,'652,'熊本総合医療リ,'　　　　,'救急救命　　,'　,'　　　,'医療技術　,'1,'43
'7050,'00,'00,'0,'0,'652,'群馬歯科衛生士,'　　　　,'　　　　　　,'　,'　　　,'医療技術　,'1,'10
'7056,'00,'00,'0,'0,'652,'神戸総合医療専,'　　　　,'　　　　　　,'　,'　　　,'医療技術　,'0,'28
'7056,'00,'02,'0,'0,'657,'神戸総合医療専,'　　　　,'診療放射線　,'　,'　　　,'放射線技術,'1,'28
'7056,'00,'03,'0,'0,'652,'神戸総合医療専,'　　　　,'臨床工　　　,'　,'　　　,'医療技術　,'1,'28
'7056,'00,'04,'0,'0,'652,'神戸総合医療専,'　　　　,'視能訓練士　,'　,'　　　,'医療技術　,'1,'28
'7056,'00,'05,'0,'0,'655,'神戸総合医療専,'　　　　,'理学療法士　,'　,'　　　,'理学療法　,'1,'28
'7056,'00,'11,'0,'0,'652,'神戸総合医療専,'　　　　,'歯科衛生士　,'　,'　　　,'医療技術　,'1,'28
'7061,'00,'00,'0,'0,'652,'札幌医技福歯専,'　　　　,'　　　　　　,'　,'　　　,'医療技術　,'0,'01
'7061,'00,'02,'0,'0,'658,'札幌医技福歯専,'　　　　,'臨床検査技師,'　,'　　　,'検査技術　,'1,'01
'7061,'00,'04,'0,'0,'655,'札幌医技福歯専,'　　　　,'理学療法士　,'　,'　　　,'理学療法　,'1,'01
'7061,'00,'05,'0,'0,'652,'札幌医技福歯専,'　　　　,'臨床工学技士,'　,'　　　,'医療技術　,'1,'01
'7061,'00,'06,'0,'0,'652,'札幌医技福歯専,'　　　　,'言語聴覚士　,'　,'　　　,'医療技術　,'1,'01
'7061,'00,'07,'0,'0,'652,'札幌医技福歯専,'　　　　,'歯科衛生士　,'　,'　　　,'医療技術　,'1,'01
'7061,'00,'08,'0,'0,'656,'札幌医技福歯専,'　　　　,'作業療法士　,'　,'　　　,'作業療法　,'1,'01
'7064,'00,'00,'0,'0,'651,'滋賀総合保健専,'　　　　,'　　　　　　,'　,'　　　,'看護　　　,'0,'25
'7064,'00,'01,'0,'0,'651,'滋賀総合保健専,'　　　　,'看護　　　　,'　,'　　　,'看護　　　,'1,'25
'7064,'00,'03,'0,'0,'652,'滋賀総合保健専,'　　　　,'歯科衛生　　,'　,'　　　,'医療技術　,'1,'25
'7071,'00,'00,'0,'0,'655,'社会医学技術学,'　　　　,'　　　　　　,'　,'　　　,'理学療法　,'0,'13
'7071,'00,'01,'0,'0,'655,'社会医学技術学,'　　　　,'理学療法　　,'　,'　　　,'理学療法　,'1,'13
'7071,'00,'02,'0,'0,'656,'社会医学技術学,'　　　　,'作業療法　　,'　,'　　　,'作業療法　,'1,'13
'7073,'00,'00,'0,'0,'652,'湘央医学技術専,'　　　　,'　　　　　　,'　,'　　　,'医療技術　,'1,'14
'7081,'00,'00,'0,'0,'551,'トヨタ自動車大,'　　　　,'　　　　　　,'　,'　　　,'機械工学　,'0,'23
'7081,'00,'01,'0,'0,'551,'トヨタ自動車大,'　　　　,'高度自動車工,'　,'　　　,'機械工学　,'1,'23
'7081,'00,'02,'0,'0,'551,'トヨタ自動車大,'　　　　,'自動車整備　,'　,'　　　,'機械工学　,'1,'23
'7085,'00,'00,'0,'0,'652,'東海医療技術専,'　　　　,'　　　　　　,'　,'　　　,'医療技術　,'1,'23
'7086,'00,'00,'0,'0,'652,'東海歯科医療専,'　　　　,'　　　　　　,'　,'　　　,'医療技術　,'1,'23
'7089,'00,'00,'0,'0,'652,'東京衛生学園専,'　　　　,'　　　　　　,'　,'　　　,'医療技術　,'0,'13
'7089,'00,'01,'0,'0,'652,'東京衛生学園専,'　　　　,'東洋医療総合,'　,'　　　,'医療技術　,'1,'13
'7089,'00,'03,'0,'0,'652,'東京衛生学園専,'　　　　,'リハビリテー,'　,'　　　,'医療技術　,'1,'13
'7089,'00,'05,'0,'0,'651,'東京衛生学園専,'　　　　,'看護　　　　,'　,'　　　,'看護　　　,'1,'13
'7093,'00,'00,'0,'0,'652,'東北歯科専門学,'　　　　,'　　　　　　,'　,'　　　,'医療技術　,'1,'07
'7105,'00,'00,'0,'0,'652,'長崎リハビリテ,'　　　　,'　　　　　　,'　,'　　　,'医療技術　,'1,'42
'7106,'00,'00,'0,'0,'652,'長野公衆衛生専,'　　　　,'　　　　　　,'　,'　　　,'医療技術　,'1,'20
'7121,'00,'00,'0,'0,'652,'函館歯科衛生士,'　　　　,'　　　　　　,'　,'　　　,'医療技術　,'0,'01
'7121,'00,'01,'0,'0,'652,'函館歯科衛生士,'　　　　,'歯科衛生士　,'　,'　　　,'医療技術　,'1,'01
'7124,'00,'00,'0,'0,'242,'兵庫県立総合衛,'　　　　,'　　　　　　,'　,'　　　,'社会福祉学,'0,'28
'7124,'00,'02,'0,'0,'652,'兵庫県立総合衛,'　　　　,'歯科衛生　　,'　,'　　　,'医療技術　,'1,'28
'7124,'00,'03,'0,'0,'242,'兵庫県立総合衛,'　　　　,'介護福祉　　,'　,'　　　,'社会福祉学,'1,'28
'7141,'00,'00,'0,'0,'652,'松本歯科大衛生,'　　　　,'　　　　　　,'　,'　　　,'医療技術　,'0,'20
'7141,'00,'02,'0,'0,'652,'松本歯科大衛生,'　　　　,'歯科衛生士　,'　,'　　　,'医療技術　,'1,'20
'7146,'00,'00,'0,'0,'652,'美萩野臨床医専,'　　　　,'　　　　　　,'　,'　　　,'医療技術　,'1,'40
'7149,'00,'00,'0,'0,'652,'宮崎リハビリテ,'　　　　,'　　　　　　,'　,'　　　,'医療技術　,'1,'45
'7151,'00,'00,'0,'0,'652,'山口高等歯衛士,'　　　　,'　　　　　　,'　,'　　　,'医療技術　,'1,'35
'7152,'00,'00,'0,'0,'652,'北海道医技専門,'　　　　,'　　　　　　,'　,'　　　,'医療技術　,'1,'01
'7153,'00,'00,'0,'0,'652,'西武学園医技専,'　　　　,'　　　　　　,'　,'　　　,'医療技術　,'0,'11
'7153,'00,'02,'0,'0,'402,'西武学園医技専,'　　　　,'栄養士　　　,'　,'　　　,'食物・栄養,'1,'11
'7153,'00,'03,'0,'0,'652,'西武学園医技専,'　　　　,'言語聴覚　　,'　,'　　　,'医療技術　,'1,'11
'7153,'00,'04,'0,'0,'652,'西武学園医技専,'　　　　,'義肢装具　　,'　,'　　　,'医療技術　,'1,'11
'7155,'00,'00,'0,'0,'652,'新潟薬大医技専,'　　　　,'　　　　　　,'　,'　　　,'医療技術　,'0,'15
'7155,'00,'02,'0,'0,'652,'新潟薬大医技専,'　　　　,'視能訓練士　,'　,'　　　,'医療技術　,'1,'15
'7155,'00,'03,'0,'0,'652,'新潟薬大医技専,'　　　　,'救急救命士　,'　,'　　　,'医療技術　,'1,'15
'7158,'00,'00,'0,'0,'658,'昭和医療技術専,'　　　　,'　　　　　　,'　,'　　　,'検査技術　,'0,'13
'7158,'00,'01,'0,'0,'658,'昭和医療技術専,'　　　　,'臨床検査技師,'　,'　　　,'検査技術　,'1,'13
'7159,'00,'00,'0,'0,'657,'東洋公衆衛生学,'　　　　,'　　　　　　,'　,'　　　,'放射線技術,'0,'13
'7159,'00,'01,'0,'0,'658,'東洋公衆衛生学,'　　　　,'臨床検査技術,'　,'　　　,'検査技術　,'1,'13
'7159,'00,'02,'0,'0,'657,'東洋公衆衛生学,'　　　　,'診療放射技術,'　,'　　　,'放射線技術,'1,'13
'7160,'00,'00,'0,'0,'553,'東京電子専門学,'　　　　,'　　　　　　,'　,'　　　,'情報工学　,'0,'13
'7160,'00,'01,'0,'0,'658,'東京電子専門学,'　　　　,'臨床検査　　,'　,'　　　,'検査技術　,'1,'13
'7160,'00,'02,'0,'0,'553,'東京電子専門学,'　　　　,'情報処理　　,'　,'　　　,'情報工学　,'1,'13
'7160,'00,'03,'0,'0,'657,'東京電子専門学,'　　　　,'診療放射線　,'　,'　　　,'放射線技術,'1,'13
'7160,'00,'04,'0,'0,'652,'東京電子専門学,'　　　　,'臨床工　　　,'　,'　　　,'医療技術　,'1,'13
'7160,'00,'10,'0,'0,'552,'東京電子専門学,'　　　　,'電気工　　　,'　,'　　　,'電気・電子,'1,'13
'7160,'00,'12,'0,'0,'553,'東京電子専門学,'　　　　,'ウェブ・メデ,'　,'　　　,'情報工学　,'1,'13
'7160,'00,'13,'0,'0,'553,'東京電子専門学,'　　　　,'高度情報シス,'　,'　　　,'情報工学　,'1,'13
'7160,'00,'14,'0,'0,'552,'東京電子専門学,'　　　　,'電子技術　　,'　,'　　　,'電気・電子,'1,'13
'7160,'00,'15,'0,'0,'553,'東京電子専門学,'　　　　,'セキュリティ,'　,'　　　,'情報工学　,'1,'13
'7161,'00,'00,'0,'0,'652,'東京医学技術専,'　　　　,'　　　　　　,'　,'　　　,'医療技術　,'0,'13
'7161,'00,'01,'0,'0,'658,'東京医学技術専,'　　　　,'臨床検査技師,'　,'　　　,'検査技術　,'1,'13
'7161,'00,'02,'0,'0,'652,'東京医学技術専,'　　　　,'歯科衛生士　,'　,'　　　,'医療技術　,'1,'13
'7164,'00,'00,'0,'0,'404,'横浜高等教育専,'　　　　,'　　　　　　,'　,'　　　,'児童学　　,'0,'14
'7164,'00,'02,'0,'0,'314,'横浜高等教育専,'　　　　,'養護　　　　,'　,'　　　,'養護　　　,'1,'14
'7164,'00,'03,'0,'0,'404,'横浜高等教育専,'　　　　,'児童／保育　,'　,'　　　,'児童学　　,'1,'14
'7164,'00,'04,'0,'0,'404,'横浜高等教育専,'　　　　,'児童／初等　,'　,'　　　,'児童学　　,'1,'14
'7166,'00,'00,'0,'0,'652,'大阪行岡医長柄,'　　　　,'　　　　　　,'　,'　　　,'医療技術　,'0,'27
'7166,'00,'01,'0,'0,'658,'大阪行岡医長柄,'　　　　,'臨床検査　　,'　,'　　　,'検査技術　,'1,'27
'7166,'00,'02,'0,'0,'657,'大阪行岡医長柄,'　　　　,'放射線　　　,'　,'　　　,'放射線技術,'1,'27
'7166,'00,'03,'0,'0,'652,'大阪行岡医長柄,'　　　　,'鍼灸　　　　,'　,'　　　,'医療技術　,'1,'27
'7167,'00,'00,'0,'0,'652,'大阪医療技術専,'　　　　,'　　　　　　,'　,'　　　,'医療技術　,'0,'27
'7167,'00,'01,'0,'0,'658,'大阪医療技術専,'　　　　,'臨床検査技師,'　,'　　　,'検査技術　,'1,'27
'7167,'00,'03,'0,'0,'652,'大阪医療技術専,'　　　　,'医療心理　　,'　,'　　　,'医療技術　,'1,'27
'7167,'00,'04,'0,'0,'222,'大阪医療技術専,'　　　　,'医療秘書・情,'　,'　　　,'経営学・商,'1,'27
'7167,'00,'05,'0,'0,'621,'大阪医療技術専,'　　　　,'薬業　　　　,'　,'　　　,'薬　　　　,'1,'27
'7167,'00,'09,'0,'0,'652,'大阪医療技術専,'　　　　,'言語聴覚士　,'　,'　　　,'医療技術　,'1,'27
'7167,'00,'10,'0,'0,'458,'大阪医療技術専,'　　　　,'鍼灸美容　　,'　,'　　　,'その他芸術,'1,'27
'7168,'00,'00,'0,'0,'658,'日本医療学専門,'　　　　,'　　　　　　,'　,'　　　,'検査技術　,'0,'27
'7168,'00,'01,'0,'0,'658,'日本医療学専門,'　　　　,'臨床検査技師,'　,'　　　,'検査技術　,'1,'27
'7170,'00,'00,'0,'0,'222,'兵庫障害者職能,'　　　　,'　　　　　　,'　,'　　　,'経営学・商,'0,'28
'7170,'00,'05,'0,'0,'223,'兵庫障害者職能,'　　　　,'ＯＡ事務　　,'　,'　　　,'経営情報学,'1,'28
'7170,'00,'06,'0,'0,'554,'兵庫障害者職能,'　　　　,'オフィスワー,'　,'　　　,'建築・土木,'1,'28
'7170,'00,'08,'0,'0,'222,'兵庫障害者職能,'　　　　,'総合実務　　,'　,'　　　,'経営学・商,'1,'28
'7170,'00,'09,'0,'0,'222,'兵庫障害者職能,'　　　　,'キャリア実務,'　,'　　　,'経営学・商,'1,'28
'7184,'00,'00,'0,'0,'222,'京都栄養医療専,'　　　　,'　　　　　　,'　,'　　　,'経営学・商,'0,'26
'7184,'00,'01,'0,'0,'402,'京都栄養医療専,'　　　　,'管理栄養士　,'　,'　　　,'食物・栄養,'1,'26
'7184,'00,'02,'0,'0,'402,'京都栄養医療専,'　　　　,'栄養士　　　,'　,'　　　,'食物・栄養,'1,'26
'7184,'00,'06,'0,'0,'222,'京都栄養医療専,'　　　　,'診療情報管理,'　,'　　　,'経営学・商,'1,'26
'7184,'00,'07,'0,'0,'222,'京都栄養医療専,'　　　　,'医療事務・医,'　,'　　　,'経営学・商,'1,'26
'7200,'00,'00,'0,'0,'655,'ＹＭＣＡ米子医,'　　　　,'　　　　　　,'　,'　　　,'理学療法　,'0,'31
'7200,'00,'01,'0,'0,'655,'ＹＭＣＡ米子医,'　　　　,'理学療法士　,'　,'　　　,'理学療法　,'1,'31
'7200,'00,'02,'0,'0,'656,'ＹＭＣＡ米子医,'　　　　,'作業療法士　,'　,'　　　,'作業療法　,'1,'31
'7206,'00,'00,'0,'0,'651,'行岡医学技術専,'　　　　,'　　　　　　,'　,'　　　,'看護　　　,'1,'27
'7209,'00,'00,'0,'0,'652,'中央医療技術専,'　　　　,'　　　　　　,'　,'　　　,'医療技術　,'1,'13
'7223,'00,'00,'0,'0,'151,'神田外語学院　,'　　　　,'　　　　　　,'　,'　　　,'英米語　　,'1,'13
'7239,'00,'00,'0,'0,'455,'日本工学院専門,'　　　　,'　　　　　　,'　,'　　　,'映像　　　,'0,'13
'7239,'00,'07,'0,'0,'553,'日本工学院専門,'　　　　,'ネットワーク,'　,'　　　,'情報工学　,'1,'13
'7239,'00,'08,'0,'0,'554,'日本工学院専門,'　　　　,'機械設計　　,'　,'　　　,'建築・土木,'1,'13
'7239,'00,'11,'0,'0,'554,'日本工学院専門,'　　　　,'建築設計　　,'　,'　　　,'建築・土木,'1,'13
'7239,'00,'13,'0,'0,'458,'日本工学院専門,'　　　　,'コンサートイ,'　,'　　　,'その他芸術,'1,'13
'7239,'00,'15,'0,'0,'453,'日本工学院専門,'　　　　,'音響芸術　　,'　,'　　　,'音楽　　　,'1,'13
'7239,'00,'18,'0,'0,'456,'日本工学院専門,'　　　　,'演劇スタッフ,'　,'　　　,'演劇　　　,'1,'13
'7239,'00,'21,'0,'0,'455,'日本工学院専門,'　　　　,'マンガ・アニ,'　,'　　　,'映像　　　,'1,'13
'7239,'00,'26,'0,'0,'455,'日本工学院専門,'　　　　,'ゲームクリエ,'　,'　　　,'映像　　　,'1,'13
'7239,'00,'27,'0,'0,'453,'日本工学院専門,'　　　　,'ミュージック,'　,'　　　,'音楽　　　,'1,'13
'7239,'00,'31,'0,'0,'455,'日本工学院専門,'　　　　,'放送芸術　　,'　,'　　　,'映像　　　,'1,'13
'7239,'00,'32,'0,'0,'456,'日本工学院専門,'　　　　,'声優・演劇　,'　,'　　　,'演劇　　　,'1,'13
'7239,'00,'35,'0,'0,'456,'日本工学院専門,'　　　　,'ダンスパフォ,'　,'　　　,'演劇　　　,'1,'13
'7239,'00,'36,'0,'0,'223,'日本工学院専門,'　　　　,'ＩＴスペシャ,'　,'　　　,'経営情報学,'1,'13
'7239,'00,'37,'0,'0,'752,'日本工学院専門,'　　　　,'情報処理　　,'　,'　　　,'総合情報学,'1,'13
'7239,'00,'38,'0,'0,'552,'日本工学院専門,'　　　　,'電子・電気　,'　,'　　　,'電気・電子,'1,'13
'7239,'00,'40,'0,'0,'223,'日本工学院専門,'　　　　,'情報ビジネス,'　,'　　　,'経営情報学,'1,'13
'7239,'00,'44,'0,'0,'554,'日本工学院専門,'　　　　,'建築　　　　,'　,'　　　,'建築・土木,'1,'13
'7239,'00,'45,'0,'0,'455,'日本工学院専門,'　　　　,'ＣＧ映像　　,'　,'　　　,'映像　　　,'1,'13
'7239,'00,'47,'0,'0,'752,'日本工学院専門,'　　　　,'ＡＩシステム,'　,'　　　,'総合情報学,'1,'13
'7239,'00,'48,'0,'0,'405,'日本工学院専門,'　　　　,'デザイン　　,'　,'　　　,'住居学　　,'1,'13
'7239,'00,'49,'0,'0,'752,'日本工学院専門,'　　　　,'ゲームプログ,'　,'　　　,'総合情報学,'1,'13
'7239,'00,'50,'0,'0,'243,'日本工学院専門,'　　　　,'ホテル・観光,'　,'　　　,'観光学　　,'1,'13
'7287,'00,'00,'0,'0,'652,'東海医療工学専,'　　　　,'　　　　　　,'　,'　　　,'医療技術　,'1,'23
'7302,'00,'00,'0,'0,'552,'日本理工情報専,'　　　　,'　　　　　　,'　,'　　　,'電気・電子,'0,'27
'7302,'00,'03,'0,'0,'453,'日本理工情報専,'　　　　,'電子・情報工,'　,'　　　,'音楽　　　,'1,'27
'7302,'00,'05,'0,'0,'552,'日本理工情報専,'　　　　,'電気デジタル,'　,'　　　,'電気・電子,'1,'27
'7302,'00,'06,'0,'0,'242,'日本理工情報専,'　　　　,'建築デザイン,'　,'　　　,'社会福祉学,'1,'27
'7302,'00,'07,'0,'0,'552,'日本理工情報専,'　　　　,'電気工　　　,'　,'　　　,'電気・電子,'1,'27
'7302,'00,'08,'0,'0,'552,'日本理工情報専,'　　　　,'電気工事士　,'　,'　　　,'電気・電子,'1,'27
'7302,'00,'10,'0,'0,'551,'日本理工情報専,'　　　　,'自動車整備　,'　,'　　　,'機械工学　,'1,'27
'7302,'00,'11,'0,'0,'551,'日本理工情報専,'　　　　,'ロボットシス,'　,'　　　,'機械工学　,'1,'27
'7357,'00,'00,'0,'0,'652,'東海医療科学専,'　　　　,'　　　　　　,'　,'　　　,'医療技術　,'1,'23
'7364,'00,'00,'0,'0,'151,'日本外国語専門,'　　　　,'　　　　　　,'　,'　　　,'英米語　　,'1,'13
'7380,'00,'00,'0,'0,'404,'日本メディカル,'　　　　,'　　　　　　,'　,'　　　,'児童学　　,'0,'27
'7380,'00,'01,'0,'0,'652,'日本メディカル,'　　　　,'臨床工　　　,'　,'　　　,'医療技術　,'1,'27
'7380,'00,'02,'0,'0,'404,'日本メディカル,'　　　　,'こども福祉　,'　,'　　　,'児童学　　,'1,'27
'7402,'00,'00,'0,'0,'561,'大阪航空専門学,'　　　　,'　　　　　　,'　,'　　　,'航空・宇宙,'0,'27
'7402,'00,'01,'0,'0,'561,'大阪航空専門学,'　　　　,'エアライン　,'　,'　　　,'航空・宇宙,'1,'27
'7402,'00,'02,'0,'0,'561,'大阪航空専門学,'　　　　,'航空整備士　,'　,'　　　,'航空・宇宙,'1,'27
'7402,'00,'04,'0,'0,'561,'大阪航空専門学,'　　　　,'エアポート　,'　,'　　　,'航空・宇宙,'1,'27
'7404,'00,'00,'0,'0,'402,'吉祥寺二葉栄養,'　　　　,'　　　　　　,'　,'　　　,'食物・栄養,'0,'13
'7404,'00,'01,'0,'0,'402,'吉祥寺二葉栄養,'　　　　,'管理栄養士　,'　,'　　　,'食物・栄養,'1,'13
'7404,'00,'02,'0,'0,'402,'吉祥寺二葉栄養,'　　　　,'栄養士　　　,'　,'　　　,'食物・栄養,'1,'13
'7404,'00,'03,'0,'0,'402,'吉祥寺二葉栄養,'　　　　,'調理師　　　,'　,'　　　,'食物・栄養,'1,'13
'7404,'00,'04,'0,'0,'402,'吉祥寺二葉栄養,'　　　　,'調理実践　　,'　,'　　　,'食物・栄養,'1,'13
'7417,'00,'00,'0,'0,'222,'赤塚美容デザ専,'　　　　,'　　　　　　,'　,'　　　,'経営学・商,'0,'46
'7417,'00,'01,'0,'0,'222,'赤塚美容デザ専,'　　　　,'美容　　　　,'　,'　　　,'経営学・商,'1,'46
'7417,'00,'11,'0,'0,'451,'赤塚美容デザ専,'　　　　,'デザイン　　,'　,'　　　,'美術・デザ,'1,'46
'7432,'00,'00,'0,'0,'652,'埼玉歯科衛生専,'　　　　,'　　　　　　,'　,'　　　,'医療技術　,'1,'11
'7448,'00,'00,'0,'0,'404,'竹早教員保育士,'　　　　,'　　　　　　,'　,'　　　,'児童学　　,'1,'13
'7451,'00,'00,'0,'0,'652,'徳島医療福祉専,'　　　　,'　　　　　　,'　,'　　　,'医療技術　,'1,'36
'7455,'00,'00,'0,'0,'504,'湘央生命科技専,'　　　　,'　　　　　　,'　,'　　　,'生物学　　,'0,'14
'7455,'00,'02,'0,'0,'504,'湘央生命科技専,'　　　　,'応用生物科学,'　,'　　　,'生物学　　,'1,'14
'7455,'00,'03,'0,'0,'652,'湘央生命科技専,'　　　　,'救急救命　　,'　,'　　　,'医療技術　,'1,'14
'7455,'00,'04,'0,'0,'705,'湘央生命科技専,'　　　　,'愛玩動物看護,'　,'　　　,'獣医学　　,'1,'14
'7464,'00,'00,'0,'0,'652,'仙台総合医療大,'　　　　,'　　　　　　,'　,'　　　,'医療技術　,'0,'04
'7464,'00,'20,'0,'0,'655,'仙台総合医療大,'　　　　,'理学療法　　,'　,'　　　,'理学療法　,'1,'04
'7464,'00,'21,'0,'0,'656,'仙台総合医療大,'　　　　,'作業療法　　,'　,'　　　,'作業療法　,'1,'04
'7464,'00,'22,'0,'0,'652,'仙台総合医療大,'　　　　,'歯科衛生　　,'　,'　　　,'医療技術　,'1,'04
'7464,'00,'23,'0,'0,'652,'仙台総合医療大,'　　　　,'言語聴覚　　,'　,'　　　,'医療技術　,'1,'04
'7513,'00,'00,'0,'0,'652,'熊本歯科衛生士,'　　　　,'　　　　　　,'　,'　　　,'医療技術　,'1,'43
'7514,'00,'00,'0,'0,'652,'熊本歯科技術専,'　　　　,'　　　　　　,'　,'　　　,'医療技術　,'1,'43
'7520,'00,'00,'0,'0,'404,'聖ヶ丘保育専門,'　　　　,'　　　　　　,'　,'　　　,'児童学　　,'0,'14
'7520,'00,'01,'0,'0,'312,'聖ヶ丘保育専門,'　　　　,'幼稚園教員保,'　,'　　　,'幼稚園　　,'1,'14
'7520,'00,'02,'0,'0,'404,'聖ヶ丘保育専門,'　　　　,'保育士養成　,'　,'　　　,'児童学　　,'1,'14
'7521,'00,'00,'0,'0,'455,'日本工学院八王,'　　　　,'　　　　　　,'　,'　　　,'映像　　　,'0,'13
'7521,'00,'29,'0,'0,'455,'日本工学院八王,'　　　　,'放送芸術　　,'　,'　　　,'映像　　　,'1,'13
'7521,'00,'30,'0,'0,'456,'日本工学院八王,'　　　　,'声優・演劇　,'　,'　　　,'演劇　　　,'1,'13
'7521,'00,'31,'0,'0,'455,'日本工学院八王,'　　　　,'マンガ・アニ,'　,'　　　,'映像　　　,'1,'13
'7521,'00,'34,'0,'0,'455,'日本工学院八王,'　　　　,'ゲームクリエ,'　,'　　　,'映像　　　,'1,'13
'7521,'00,'36,'0,'0,'453,'日本工学院八王,'　　　　,'ミュージック,'　,'　　　,'音楽　　　,'1,'13
'7521,'00,'37,'0,'0,'458,'日本工学院八王,'　　　　,'コンサートイ,'　,'　　　,'その他芸術,'1,'13
'7521,'00,'38,'0,'0,'453,'日本工学院八王,'　　　　,'音響芸術　　,'　,'　　　,'音楽　　　,'1,'13
'7521,'00,'39,'0,'0,'223,'日本工学院八王,'　　　　,'ＩＴスペシャ,'　,'　　　,'経営情報学,'1,'13
'7521,'00,'40,'0,'0,'752,'日本工学院八王,'　　　　,'情報処理　　,'　,'　　　,'総合情報学,'1,'13
'7521,'00,'41,'0,'0,'551,'日本工学院八王,'　　　　,'ロボット　　,'　,'　　　,'機械工学　,'1,'13
'7521,'00,'43,'0,'0,'554,'日本工学院八王,'　　　　,'建築設計　　,'　,'　　　,'建築・土木,'1,'13
'7521,'00,'45,'0,'0,'504,'日本工学院八王,'　　　　,'応用生物　　,'　,'　　　,'生物学　　,'1,'13
'7521,'00,'46,'0,'0,'551,'日本工学院八王,'　　　　,'自動車整備　,'　,'　　　,'機械工学　,'1,'13
'7521,'00,'47,'0,'0,'652,'日本工学院八王,'　　　　,'鍼灸　　　　,'　,'　　　,'医療技術　,'1,'13
'7521,'00,'48,'0,'0,'652,'日本工学院八王,'　　　　,'柔道整復　　,'　,'　　　,'医療技術　,'1,'13
'7521,'00,'51,'0,'0,'455,'日本工学院八王,'　　　　,'ＣＧ映像　　,'　,'　　　,'映像　　　,'1,'13
'7521,'00,'53,'0,'0,'553,'日本工学院八王,'　　　　,'ネットワーク,'　,'　　　,'情報工学　,'1,'13
'7521,'00,'54,'0,'0,'223,'日本工学院八王,'　　　　,'情報ビジネス,'　,'　　　,'経営情報学,'1,'13
'7521,'00,'55,'0,'0,'551,'日本工学院八王,'　　　　,'一級自動車整,'　,'　　　,'機械工学　,'1,'13
'7521,'00,'60,'0,'0,'552,'日本工学院八王,'　　　　,'電子・電気　,'　,'　　　,'電気・電子,'1,'13
'7521,'00,'61,'0,'0,'554,'日本工学院八王,'　　　　,'機械設計　　,'　,'　　　,'建築・土木,'1,'13
'7521,'00,'62,'0,'0,'554,'日本工学院八王,'　　　　,'建築　　　　,'　,'　　　,'建築・土木,'1,'13
'7521,'00,'63,'0,'0,'554,'日本工学院八王,'　　　　,'土木・造園　,'　,'　　　,'建築・土木,'1,'13
'7521,'00,'64,'0,'0,'654,'日本工学院八王,'　　　　,'スポーツトレ,'　,'　　　,'体育・健康,'1,'13
'7521,'00,'65,'0,'0,'654,'日本工学院八王,'　　　　,'スポーツ健康,'　,'　　　,'体育・健康,'1,'13
'7521,'00,'68,'0,'0,'752,'日本工学院八王,'　　　　,'ＡＩシステム,'　,'　　　,'総合情報学,'1,'13
'7521,'00,'69,'0,'0,'405,'日本工学院八王,'　　　　,'デザイン　　,'　,'　　　,'住居学　　,'1,'13
'7521,'00,'70,'0,'0,'456,'日本工学院八王,'　　　　,'ダンスパフォ,'　,'　　　,'演劇　　　,'1,'13
'7521,'00,'71,'0,'0,'752,'日本工学院八王,'　　　　,'ゲームプログ,'　,'　　　,'総合情報学,'1,'13
'7557,'00,'00,'0,'0,'652,'横浜リハビリテ,'　　　　,'　　　　　　,'　,'　　　,'医療技術　,'1,'14
'7584,'00,'00,'0,'0,'651,'神奈川衛生学園,'　　　　,'　　　　　　,'　,'　　　,'看護　　　,'0,'14
'7584,'00,'01,'0,'0,'652,'神奈川衛生学園,'　　　　,'東洋医療総合,'　,'　　　,'医療技術　,'1,'14
'7584,'00,'02,'0,'0,'651,'神奈川衛生学園,'　　　　,'看護　　　　,'　,'　　　,'看護　　　,'1,'14
'7637,'00,'00,'0,'0,'404,'千葉女子専門学,'　　　　,'　　　　　　,'　,'　　　,'児童学　　,'1,'12
'7661,'00,'00,'0,'0,'652,'麻生リハビリ大,'　　　　,'　　　　　　,'　,'　　　,'医療技術　,'1,'40
'7663,'00,'00,'0,'0,'651,'岩国ＹＭＣＡ専,'　　　　,'　　　　　　,'　,'　　　,'看護　　　,'0,'35
'7663,'00,'01,'0,'0,'651,'岩国ＹＭＣＡ専,'　　　　,'保健看護　　,'　,'　　　,'看護　　　,'1,'35
'7673,'00,'00,'0,'0,'242,'彰栄保育福祉専,'　　　　,'　　　　　　,'　,'　　　,'社会福祉学,'1,'13
'7677,'00,'00,'0,'0,'651,'玉野総合医療専,'　　　　,'　　　　　　,'　,'　　　,'看護　　　,'1,'33
'7724,'00,'00,'0,'0,'652,'日本リハビリテ,'　　　　,'　　　　　　,'　,'　　　,'医療技術　,'1,'13
'7748,'00,'00,'0,'0,'652,'神戸医福専三田,'　　　　,'　　　　　　,'　,'　　　,'医療技術　,'0,'28
'7748,'00,'02,'0,'0,'652,'神戸医福専三田,'　　　　,'義肢装具士　,'　,'　　　,'医療技術　,'1,'28
'7748,'00,'03,'0,'0,'652,'神戸医福専三田,'　　　　,'救急救命士　,'　,'　　　,'医療技術　,'1,'28
'7748,'00,'04,'0,'0,'655,'神戸医福専三田,'　　　　,'理学療法士　,'　,'　　　,'理学療法　,'1,'28
'7748,'00,'06,'0,'0,'656,'神戸医福専三田,'　　　　,'作業療法士　,'　,'　　　,'作業療法　,'1,'28
'7748,'00,'07,'0,'0,'652,'神戸医福専三田,'　　　　,'言語聴覚士　,'　,'　　　,'医療技術　,'1,'28
'7764,'00,'00,'0,'0,'242,'道灌山保育福専,'　　　　,'　　　　　　,'　,'　　　,'社会福祉学,'1,'13
'7769,'00,'00,'0,'0,'652,'兵庫歯科衛生士,'　　　　,'　　　　　　,'　,'　　　,'医療技術　,'1,'28
'7906,'00,'00,'0,'0,'405,'修成建設専門学,'　　　　,'　　　　　　,'　,'　　　,'住居学　　,'1,'27
'7907,'00,'00,'0,'0,'201,'麻生公務員福岡,'　　　　,'　　　　　　,'　,'　　　,'法学　　　,'1,'40
'7909,'00,'00,'0,'0,'551,'麻生工科自動車,'　　　　,'　　　　　　,'　,'　　　,'機械工学　,'1,'40
'7910,'00,'00,'0,'0,'201,'麻生公務北九州,'　　　　,'　　　　　　,'　,'　　　,'法学　　　,'1,'40
'7917,'00,'00,'0,'0,'222,'福岡リゾスポ専,'　　　　,'　　　　　　,'　,'　　　,'経営学・商,'1,'40
'7918,'00,'00,'0,'0,'222,'仙台リゾスポ専,'　　　　,'　　　　　　,'　,'　　　,'経営学・商,'1,'04
'7919,'00,'00,'0,'0,'551,'大阪工業技術専,'　　　　,'　　　　　　,'　,'　　　,'機械工学　,'1,'27
'7920,'00,'00,'0,'0,'554,'京都建築大学校,'　　　　,'　　　　　　,'　,'　　　,'建築・土木,'1,'26
'7921,'00,'00,'0,'0,'752,'日本コンピュー,'　　　　,'　　　　　　,'　,'　　　,'総合情報学,'1,'27
'7933,'00,'00,'0,'0,'652,'平松総合医療専,'　　　　,'　　　　　　,'　,'　　　,'医療技術　,'1,'44
'7942,'00,'00,'0,'0,'222,'宮崎こども医療,'　　　　,'　　　　　　,'　,'　　　,'経営学・商,'1,'45
'7951,'00,'00,'0,'0,'506,'神戸電子専門学,'　　　　,'　　　　　　,'　,'　　　,'情報科学　,'1,'28
'7952,'00,'00,'0,'0,'554,'中央工学校大阪,'　　　　,'　　　　　　,'　,'　　　,'建築・土木,'1,'27
'7953,'00,'00,'0,'0,'222,'岡山情報ビジネ,'　　　　,'　　　　　　,'　,'　　　,'経営学・商,'1,'33
'7954,'00,'00,'0,'0,'201,'新潟法律大学校,'　　　　,'　　　　　　,'　,'　　　,'法学　　　,'1,'15
'7955,'00,'00,'0,'0,'554,'東海工業専門学,'　　　　,'　　　　　　,'　,'　　　,'建築・土木,'1,'23
'8003,'00,'00,'0,'0,'651,'更生看護専門学,'　　　　,'　　　　　　,'　,'　　　,'看護　　　,'1,'23
'8004,'00,'00,'0,'0,'651,'愛知県総合看護,'　　　　,'　　　　　　,'　,'　　　,'看護　　　,'1,'23
'8007,'00,'00,'0,'0,'651,'秋田県立衛生看,'　　　　,'　　　　　　,'　,'　　　,'看護　　　,'1,'05
'8009,'00,'00,'0,'0,'651,'ＪＡ旭川厚生看,'　　　　,'　　　　　　,'　,'　　　,'看護　　　,'1,'01
'8011,'00,'00,'0,'0,'651,'麻生看護大学校,'　　　　,'　　　　　　,'　,'　　　,'看護　　　,'0,'40
'8011,'00,'01,'0,'0,'651,'麻生看護大学校,'　　　　,'看護　　　　,'　,'　　　,'看護　　　,'1,'40
'8012,'00,'00,'0,'0,'651,'厚木看護専門学,'　　　　,'　　　　　　,'　,'　　　,'看護　　　,'1,'14
'8013,'00,'00,'0,'0,'651,'石川県総合看専,'　　　　,'　　　　　　,'　,'　　　,'看護　　　,'0,'17
'8013,'00,'02,'0,'0,'651,'石川県総合看専,'　　　　,'第二看護　　,'　,'　　　,'看護　　　,'1,'17
'8013,'00,'04,'0,'0,'651,'石川県総合看専,'　　　　,'准看護　　　,'　,'　　　,'看護　　　,'1,'17
'8014,'00,'00,'0,'0,'651,'市立函館病高看,'　　　　,'　　　　　　,'　,'　　　,'看護　　　,'1,'01
'8015,'00,'00,'0,'0,'651,'姫路医師会看専,'　　　　,'　　　　　　,'　,'　　　,'看護　　　,'1,'28
'8016,'00,'00,'0,'0,'651,'市立室蘭看護専,'　　　　,'　　　　　　,'　,'　　　,'看護　　　,'1,'01
'8021,'00,'00,'0,'0,'651,'岩国医療附看護,'　　　　,'　　　　　　,'　,'　　　,'看護　　　,'1,'35
'8022,'00,'00,'0,'0,'651,'岩手県一関高看,'　　　　,'　　　　　　,'　,'　　　,'看護　　　,'1,'03
'8023,'00,'00,'0,'0,'651,'岩手県二戸高看,'　　　　,'　　　　　　,'　,'　　　,'看護　　　,'1,'03
'8024,'00,'00,'0,'0,'651,'岩手県宮古高看,'　　　　,'　　　　　　,'　,'　　　,'看護　　　,'1,'03
'8025,'00,'00,'0,'0,'651,'岩見沢市立高看,'　　　　,'　　　　　　,'　,'　　　,'看護　　　,'1,'01
'8029,'00,'00,'0,'0,'651,'嬉野医療附看護,'　　　　,'　　　　　　,'　,'　　　,'看護　　　,'1,'41
'8035,'00,'00,'0,'0,'651,'大阪病院附属看,'　　　　,'　　　　　　,'　,'　　　,'看護　　　,'1,'27
'8036,'00,'00,'0,'0,'651,'府中看護高等専,'　　　　,'　　　　　　,'　,'　　　,'看護　　　,'1,'13
'8043,'00,'00,'0,'0,'651,'大阪労災看護専,'　　　　,'　　　　　　,'　,'　　　,'看護　　　,'1,'27
'8045,'00,'00,'0,'0,'651,'太田看護専門学,'　　　　,'　　　　　　,'　,'　　　,'看護　　　,'1,'07
'8048,'00,'00,'0,'0,'651,'大津赤十字看専,'　　　　,'　　　　　　,'　,'　　　,'看護　　　,'1,'25
'8049,'00,'00,'0,'0,'651,'大原看護専門学,'　　　　,'　　　　　　,'　,'　　　,'看護　　　,'1,'07
'8054,'00,'00,'0,'0,'651,'岡山済生会看専,'　　　　,'　　　　　　,'　,'　　　,'看護　　　,'1,'33
'8056,'00,'00,'0,'0,'651,'岡山赤十字看専,'　　　　,'　　　　　　,'　,'　　　,'看護　　　,'1,'33
'8057,'00,'00,'0,'0,'651,'岡山医療附看護,'　　　　,'　　　　　　,'　,'　　　,'看護　　　,'1,'33
'8058,'00,'00,'0,'0,'651,'岡山労災看護専,'　　　　,'　　　　　　,'　,'　　　,'看護　　　,'1,'33
'8061,'00,'00,'0,'0,'651,'小澤高等看護学,'　　　　,'　　　　　　,'　,'　　　,'看護　　　,'1,'14
'8062,'00,'00,'0,'0,'651,'小樽市立高等看,'　　　　,'　　　　　　,'　,'　　　,'看護　　　,'1,'01
'8063,'00,'00,'0,'0,'651,'尾道市医師会看,'　　　　,'　　　　　　,'　,'　　　,'看護　　　,'1,'34
'8064,'00,'00,'0,'0,'651,'帯広高等看護学,'　　　　,'　　　　　　,'　,'　　　,'看護　　　,'1,'01
'8066,'00,'00,'0,'0,'651,'函館看護専門学,'　　　　,'　　　　　　,'　,'　　　,'看護　　　,'1,'01
'8071,'00,'00,'0,'0,'651,'神奈川衛生看護,'　　　　,'　　　　　　,'　,'　　　,'看護　　　,'1,'14
'8072,'00,'00,'0,'0,'651,'よこはま看護専,'　　　　,'　　　　　　,'　,'　　　,'看護　　　,'1,'14
'8075,'00,'00,'0,'0,'651,'金沢医療附看護,'　　　　,'　　　　　　,'　,'　　　,'看護　　　,'1,'17
'8078,'00,'00,'0,'0,'651,'上天草看護専門,'　　　　,'　　　　　　,'　,'　　　,'看護　　　,'1,'43
'8079,'00,'00,'0,'0,'651,'亀田医療技術専,'　　　　,'　　　　　　,'　,'　　　,'看護　　　,'0,'12
'8079,'00,'01,'0,'0,'651,'亀田医療技術専,'　　　　,'看護　　　　,'　,'　　　,'看護　　　,'1,'12
'8086,'00,'00,'0,'0,'651,'北九州市立看護,'　　　　,'　　　　　　,'　,'　　　,'看護　　　,'1,'40
'8088,'00,'00,'0,'0,'651,'岐阜県立下呂看,'　　　　,'　　　　　　,'　,'　　　,'看護　　　,'1,'21
'8090,'00,'00,'0,'0,'651,'岐阜市立看護専,'　　　　,'　　　　　　,'　,'　　　,'看護　　　,'1,'21
'8094,'00,'00,'0,'0,'651,'京都第一赤看専,'　　　　,'　　　　　　,'　,'　　　,'看護　　　,'1,'26
'8095,'00,'00,'0,'0,'651,'京都第二赤看専,'　　　　,'　　　　　　,'　,'　　　,'看護　　　,'1,'26
'8097,'00,'00,'0,'0,'651,'京都医療附看助,'　　　　,'　　　　　　,'　,'　　　,'看護　　　,'1,'26
'8099,'00,'00,'0,'0,'651,'共立高等看護　,'　　　　,'　　　　　　,'　,'　　　,'看護　　　,'1,'19
'8102,'00,'00,'0,'0,'651,'勤医協札幌看専,'　　　　,'　　　　　　,'　,'　　　,'看護　　　,'1,'01
'8104,'00,'00,'0,'0,'651,'釧路市立高等看,'　　　　,'　　　　　　,'　,'　　　,'看護　　　,'1,'01
'8106,'00,'00,'0,'0,'651,'釧路労災看護専,'　　　　,'　　　　　　,'　,'　　　,'看護　　　,'1,'01
'8107,'00,'00,'0,'0,'651,'熊本医療附看護,'　　　　,'　　　　　　,'　,'　　　,'看護　　　,'1,'43
'8108,'00,'00,'0,'0,'651,'熊本労災看護専,'　　　　,'　　　　　　,'　,'　　　,'看護　　　,'1,'43
'8109,'00,'00,'0,'0,'651,'久米田看護専門,'　　　　,'　　　　　　,'　,'　　　,'看護　　　,'1,'27
'8111,'00,'00,'0,'0,'651,'倉敷中央看護専,'　　　　,'　　　　　　,'　,'　　　,'看護　　　,'1,'33
'8112,'00,'00,'0,'0,'651,'倉吉総合看護専,'　　　　,'　　　　　　,'　,'　　　,'看護　　　,'1,'31
'8115,'00,'00,'0,'0,'651,'呉共済病院看護,'　　　　,'　　　　　　,'　,'　　　,'看護　　　,'1,'34
'8117,'00,'00,'0,'0,'651,'呉医療附呉看護,'　　　　,'　　　　　　,'　,'　　　,'看護　　　,'1,'34
'8119,'00,'00,'0,'0,'651,'鳴門病院附属看,'　　　　,'　　　　　　,'　,'　　　,'看護　　　,'1,'36
'8120,'00,'00,'0,'0,'651,'苫小牧看護専門,'　　　　,'　　　　　　,'　,'　　　,'看護　　　,'1,'01
'8128,'00,'00,'0,'0,'651,'健和看護学院　,'　　　　,'　　　　　　,'　,'　　　,'看護　　　,'1,'40
'8137,'00,'00,'0,'0,'651,'大阪医療附看護,'　　　　,'　　　　　　,'　,'　　　,'看護　　　,'1,'27
'8142,'00,'00,'0,'0,'651,'三重中央附看護,'　　　　,'　　　　　　,'　,'　　　,'看護　　　,'1,'24
'8154,'00,'00,'0,'0,'651,'滋賀県済生会看,'　　　　,'　　　　　　,'　,'　　　,'看護　　　,'1,'25
'8157,'00,'00,'0,'0,'651,'佐世保市立看護,'　　　　,'　　　　　　,'　,'　　　,'看護　　　,'1,'42
'8160,'00,'00,'0,'0,'651,'三友堂看護専門,'　　　　,'　　　　　　,'　,'　　　,'看護　　　,'1,'06
'8163,'00,'00,'0,'0,'651,'滋賀県立看護専,'　　　　,'　　　　　　,'　,'　　　,'看護　　　,'1,'25
'8165,'00,'00,'0,'0,'651,'慈恵看護専門学,'　　　　,'　　　　　　,'　,'　　　,'看護　　　,'1,'13
'8167,'00,'00,'0,'0,'651,'浜松厚生看護専,'　　　　,'　　　　　　,'　,'　　　,'看護　　　,'1,'22
'8170,'00,'00,'0,'0,'651,'紀南看護専門学,'　　　　,'　　　　　　,'　,'　　　,'看護　　　,'1,'30
'8173,'00,'00,'0,'0,'651,'十全看護専門学,'　　　　,'　　　　　　,'　,'　　　,'看護　　　,'1,'38
'8176,'00,'00,'0,'0,'651,'昭和医大附看専,'　　　　,'　　　　　　,'　,'　　　,'看護　　　,'1,'13
'8177,'00,'00,'0,'0,'651,'静岡市立静岡看,'　　　　,'　　　　　　,'　,'　　　,'看護　　　,'1,'22
'8179,'00,'00,'0,'0,'651,'製鉄記念八幡看,'　　　　,'　　　　　　,'　,'　　　,'看護　　　,'1,'40
'8182,'00,'00,'0,'0,'651,'砂川市立病附看,'　　　　,'　　　　　　,'　,'　　　,'看護　　　,'1,'01
'8184,'00,'00,'0,'0,'651,'諏訪赤十字看専,'　　　　,'　　　　　　,'　,'　　　,'看護　　　,'1,'20
'8189,'00,'00,'0,'0,'651,'仙台医療附看助,'　　　　,'　　　　　　,'　,'　　　,'看護　　　,'1,'04
'8190,'00,'00,'0,'0,'651,'善通寺看護学校,'　　　　,'　　　　　　,'　,'　　　,'看護　　　,'1,'37
'8197,'00,'00,'0,'0,'651,'滝川市立高等看,'　　　　,'　　　　　　,'　,'　　　,'看護　　　,'1,'01
'8204,'00,'00,'0,'0,'651,'津山中央看護専,'　　　　,'　　　　　　,'　,'　　　,'看護　　　,'1,'33
'8208,'00,'00,'0,'0,'651,'東京警察病院看,'　　　　,'　　　　　　,'　,'　　　,'看護　　　,'1,'13
'8209,'00,'00,'0,'0,'651,'東京新宿セ附看,'　　　　,'　　　　　　,'　,'　　　,'看護　　　,'1,'13
'8210,'00,'00,'0,'0,'651,'都立板橋看護専,'　　　　,'　　　　　　,'　,'　　　,'看護　　　,'1,'13
'8211,'00,'00,'0,'0,'651,'都立荏原看護専,'　　　　,'　　　　　　,'　,'　　　,'看護　　　,'1,'13
'8212,'00,'00,'0,'0,'651,'都立青梅看護専,'　　　　,'　　　　　　,'　,'　　　,'看護　　　,'1,'13
'8213,'00,'00,'0,'0,'651,'都立北多摩看専,'　　　　,'　　　　　　,'　,'　　　,'看護　　　,'1,'13
'8215,'00,'00,'0,'0,'651,'都立広尾看護専,'　　　　,'　　　　　　,'　,'　　　,'看護　　　,'1,'13
'8216,'00,'00,'0,'0,'651,'都立府中看護専,'　　　　,'　　　　　　,'　,'　　　,'看護　　　,'1,'13
'8222,'00,'00,'0,'0,'651,'静岡医療附看護,'　　　　,'　　　　　　,'　,'　　　,'看護　　　,'1,'22
'8226,'00,'00,'0,'0,'651,'東北労災看護専,'　　　　,'　　　　　　,'　,'　　　,'看護　　　,'1,'04
'8227,'00,'00,'0,'0,'651,'道立旭川高等看,'　　　　,'　　　　　　,'　,'　　　,'看護　　　,'1,'01
'8229,'00,'00,'0,'0,'651,'徳島県総合看護,'　　　　,'　　　　　　,'　,'　　　,'看護　　　,'0,'36
'8229,'00,'01,'0,'0,'651,'徳島県総合看護,'　　　　,'第一看護　　,'　,'　　　,'看護　　　,'1,'36
'8229,'00,'02,'0,'0,'651,'徳島県総合看護,'　　　　,'准看護　　　,'　,'　　　,'看護　　　,'1,'36
'8233,'00,'00,'0,'0,'651,'鳥取県立鳥取看,'　　　　,'　　　　　　,'　,'　　　,'看護　　　,'1,'31
'8240,'00,'00,'0,'0,'651,'トヨタ看護専門,'　　　　,'　　　　　　,'　,'　　　,'看護　　　,'1,'23
'8242,'00,'00,'0,'0,'651,'川内看護専門学,'　　　　,'　　　　　　,'　,'　　　,'看護　　　,'1,'46
'8244,'00,'00,'0,'0,'651,'長岡赤十字看専,'　　　　,'　　　　　　,'　,'　　　,'看護　　　,'1,'15
'8250,'00,'00,'0,'0,'651,'中通高等看護学,'　　　　,'　　　　　　,'　,'　　　,'看護　　　,'1,'05
'8256,'00,'00,'0,'0,'651,'新発田病附看専,'　　　　,'　　　　　　,'　,'　　　,'看護　　　,'1,'15
'8258,'00,'00,'0,'0,'651,'北海道医療附看,'　　　　,'　　　　　　,'　,'　　　,'看護　　　,'1,'01
'8260,'00,'00,'0,'0,'651,'日鋼記念看護学,'　　　　,'　　　　　　,'　,'　　　,'看護　　　,'1,'01
'8263,'00,'00,'0,'0,'651,'函館厚生院看専,'　　　　,'　　　　　　,'　,'　　　,'看護　　　,'1,'01
'8264,'00,'00,'0,'0,'651,'浜田医療附看護,'　　　　,'　　　　　　,'　,'　　　,'看護　　　,'1,'32
'8265,'00,'00,'0,'0,'651,'浜松市立看護専,'　　　　,'　　　　　　,'　,'　　　,'看護　　　,'1,'22
'8268,'00,'00,'0,'0,'651,'播磨看護専門学,'　　　　,'　　　　　　,'　,'　　　,'看護　　　,'1,'28
'8269,'00,'00,'0,'0,'651,'いわき市医療看,'　　　　,'　　　　　　,'　,'　　　,'看護　　　,'1,'07
'8276,'00,'00,'0,'0,'651,'姫路赤十字看専,'　　　　,'　　　　　　,'　,'　　　,'看護　　　,'1,'28
'8277,'00,'00,'0,'0,'651,'姫路医療附看護,'　　　　,'　　　　　　,'　,'　　　,'看護　　　,'1,'28
'8279,'00,'00,'0,'0,'651,'丹波市立看護専,'　　　　,'　　　　　　,'　,'　　　,'看護　　　,'1,'28
'8281,'00,'00,'0,'0,'651,'弘前医療附看護,'　　　　,'　　　　　　,'　,'　　　,'看護　　　,'1,'02
'8283,'00,'00,'0,'0,'651,'広島市立看護専,'　　　　,'　　　　　　,'　,'　　　,'看護　　　,'1,'34
'8286,'00,'00,'0,'0,'651,'深川市立高看護,'　　　　,'　　　　　　,'　,'　　　,'看護　　　,'1,'01
'8287,'00,'00,'0,'0,'651,'福井県立看護専,'　　　　,'　　　　　　,'　,'　　　,'看護　　　,'1,'18
'8297,'00,'00,'0,'0,'651,'富良野看護専門,'　　　　,'　　　　　　,'　,'　　　,'看護　　　,'1,'01
'8301,'00,'00,'0,'0,'651,'ポラリス保健看,'　　　　,'　　　　　　,'　,'　　　,'看護　　　,'1,'07
'8302,'00,'00,'0,'0,'651,'道立紋別高等看,'　　　　,'　　　　　　,'　,'　　　,'看護　　　,'1,'01
'8308,'00,'00,'0,'0,'651,'松山看護専門学,'　　　　,'　　　　　　,'　,'　　　,'看護　　　,'0,'38
'8308,'00,'01,'0,'0,'651,'松山看護専門学,'　　　　,'第１看護　　,'　,'　　　,'看護　　　,'1,'38
'8308,'00,'02,'0,'0,'651,'松山看護専門学,'　　　　,'准看護師　　,'　,'　　　,'看護　　　,'1,'38
'8311,'00,'00,'0,'0,'651,'横浜中央看護専,'　　　　,'　　　　　　,'　,'　　　,'看護　　　,'1,'14
'8317,'00,'00,'0,'0,'651,'都城医療附看護,'　　　　,'　　　　　　,'　,'　　　,'看護　　　,'1,'45
'8320,'00,'00,'0,'0,'651,'名鉄看護専門学,'　　　　,'　　　　　　,'　,'　　　,'看護　　　,'1,'23
'8324,'00,'00,'0,'0,'651,'山形病院附看護,'　　　　,'　　　　　　,'　,'　　　,'看護　　　,'1,'06
'8333,'00,'00,'0,'0,'651,'中部労災看護専,'　　　　,'　　　　　　,'　,'　　　,'看護　　　,'1,'23
'8334,'00,'00,'0,'0,'651,'和歌山県立高看,'　　　　,'　　　　　　,'　,'　　　,'看護　　　,'1,'30
'8338,'00,'00,'0,'0,'651,'横浜実践看護専,'　　　　,'　　　　　　,'　,'　　　,'看護　　　,'1,'14
'8342,'00,'00,'0,'0,'651,'西日本看護専門,'　　　　,'　　　　　　,'　,'　　　,'看護　　　,'1,'40
'8347,'00,'00,'0,'0,'651,'南奈良看護専門,'　　　　,'　　　　　　,'　,'　　　,'看護　　　,'1,'29
'8350,'00,'00,'0,'0,'651,'ＰＬ学園衛生看,'　　　　,'　　　　　　,'　,'　　　,'看護　　　,'1,'27
'8351,'00,'00,'0,'0,'651,'関西看護専門学,'　　　　,'　　　　　　,'　,'　　　,'看護　　　,'1,'27
'8359,'00,'00,'0,'0,'651,'春日井小牧看専,'　　　　,'　　　　　　,'　,'　　　,'看護　　　,'1,'23
'8360,'00,'00,'0,'0,'651,'静岡済生会看護,'　　　　,'　　　　　　,'　,'　　　,'看護　　　,'1,'22
'8365,'00,'00,'0,'0,'651,'藤沢市立看護専,'　　　　,'　　　　　　,'　,'　　　,'看護　　　,'1,'14
'8366,'00,'00,'0,'0,'651,'横浜市病協看専,'　　　　,'　　　　　　,'　,'　　　,'看護　　　,'1,'14
'8372,'00,'00,'0,'0,'651,'慈恵第三看護専,'　　　　,'　　　　　　,'　,'　　　,'看護　　　,'1,'13
'8373,'00,'00,'0,'0,'651,'帝京高等看護学,'　　　　,'　　　　　　,'　,'　　　,'看護　　　,'1,'13
'8376,'00,'00,'0,'0,'651,'東京女子医大看,'　　　　,'　　　　　　,'　,'　　　,'看護　　　,'1,'13
'8380,'00,'00,'0,'0,'651,'日本医大看護専,'　　　　,'　　　　　　,'　,'　　　,'看護　　　,'1,'12
'8386,'00,'00,'0,'0,'651,'国際医療専門学,'　　　　,'　　　　　　,'　,'　　　,'看護　　　,'0,'11
'8386,'00,'01,'0,'0,'651,'国際医療専門学,'　　　　,'看護　　　　,'　,'　　　,'看護　　　,'1,'11
'8386,'00,'02,'0,'0,'658,'国際医療専門学,'　　　　,'臨床検査　　,'　,'　　　,'検査技術　,'1,'11
'8387,'00,'00,'0,'0,'651,'高崎医療附看護,'　　　　,'　　　　　　,'　,'　　　,'看護　　　,'1,'10
'8388,'00,'00,'0,'0,'651,'館林高等看護学,'　　　　,'　　　　　　,'　,'　　　,'看護　　　,'1,'10
'8390,'00,'00,'0,'0,'651,'獨協医大附看専,'　　　　,'　　　　　　,'　,'　　　,'看護　　　,'1,'09
'8391,'00,'00,'0,'0,'651,'栃木医療附看護,'　　　　,'　　　　　　,'　,'　　　,'看護　　　,'1,'09
'8398,'00,'00,'0,'0,'651,'清恵会医療専門,'　　　　,'　　　　　　,'　,'　　　,'看護　　　,'0,'27
'8398,'00,'01,'0,'0,'651,'清恵会医療専門,'　　　　,'看護　　　　,'　,'　　　,'看護　　　,'1,'27
'8398,'00,'03,'0,'0,'657,'清恵会医療専門,'　　　　,'診療放射線　,'　,'　　　,'放射線技術,'1,'27
'8401,'00,'00,'0,'0,'651,'日本大医附看専,'　　　　,'　　　　　　,'　,'　　　,'看護　　　,'1,'13
'8404,'00,'00,'0,'0,'651,'土浦病院附看専,'　　　　,'　　　　　　,'　,'　　　,'看護　　　,'1,'08
'8409,'00,'00,'0,'0,'651,'聖マリア医看専,'　　　　,'　　　　　　,'　,'　　　,'看護　　　,'1,'14
'8412,'00,'00,'0,'0,'651,'神戸市医師会看,'　　　　,'　　　　　　,'　,'　　　,'看護　　　,'0,'28
'8412,'00,'01,'0,'0,'651,'神戸市医師会看,'　　　　,'看護専門　　,'　,'　　　,'看護　　　,'1,'28
'8422,'00,'00,'0,'0,'651,'茨城県つくば看,'　　　　,'　　　　　　,'　,'　　　,'看護　　　,'1,'08
'8423,'00,'00,'0,'0,'651,'さいたま市高看,'　　　　,'　　　　　　,'　,'　　　,'看護　　　,'1,'11
'8424,'00,'00,'0,'0,'651,'大阪済生中津看,'　　　　,'　　　　　　,'　,'　　　,'看護　　　,'1,'27
'8425,'00,'00,'0,'0,'651,'西神看護専門学,'　　　　,'　　　　　　,'　,'　　　,'看護　　　,'1,'28
'8429,'00,'00,'0,'0,'651,'都立南多摩看専,'　　　　,'　　　　　　,'　,'　　　,'看護　　　,'1,'13
'8430,'00,'00,'0,'0,'651,'埼玉県高等看護,'　　　　,'　　　　　　,'　,'　　　,'看護　　　,'1,'11
'8432,'00,'00,'0,'0,'651,'慈恵柏看護専門,'　　　　,'　　　　　　,'　,'　　　,'看護　　　,'1,'12
'8434,'00,'00,'0,'0,'651,'佐賀好生館看護,'　　　　,'　　　　　　,'　,'　　　,'看護　　　,'0,'41
'8434,'00,'01,'0,'0,'651,'佐賀好生館看護,'　　　　,'看護　　　　,'　,'　　　,'看護　　　,'1,'41
'8436,'00,'00,'0,'0,'651,'茨城県結城看専,'　　　　,'　　　　　　,'　,'　　　,'看護　　　,'1,'08
'8444,'00,'00,'0,'0,'651,'ＪＲ東京総合病,'　　　　,'　　　　　　,'　,'　　　,'看護　　　,'1,'13
'8448,'00,'00,'0,'0,'651,'旭中央病院附看,'　　　　,'　　　　　　,'　,'　　　,'看護　　　,'1,'12
'8450,'00,'00,'0,'0,'651,'西宮市医師会看,'　　　　,'　　　　　　,'　,'　　　,'看護　　　,'1,'28
'8455,'00,'00,'0,'0,'651,'瀬戸旭看護専門,'　　　　,'　　　　　　,'　,'　　　,'看護　　　,'1,'23
'8461,'00,'00,'0,'0,'651,'横浜医療附看護,'　　　　,'　　　　　　,'　,'　　　,'看護　　　,'1,'14
'8464,'00,'00,'0,'0,'651,'松下看護専門学,'　　　　,'　　　　　　,'　,'　　　,'看護　　　,'1,'27
'8465,'00,'00,'0,'0,'651,'奈良看護大学校,'　　　　,'　　　　　　,'　,'　　　,'看護　　　,'1,'29
'8466,'00,'00,'0,'0,'651,'熊本看護専門学,'　　　　,'　　　　　　,'　,'　　　,'看護　　　,'1,'43
'8467,'00,'00,'0,'0,'651,'天草市立本渡看,'　　　　,'　　　　　　,'　,'　　　,'看護　　　,'1,'43
'8468,'00,'00,'0,'0,'651,'愛仁会看護助産,'　　　　,'　　　　　　,'　,'　　　,'看護　　　,'1,'27
'8469,'00,'00,'0,'0,'651,'宝塚市立看護専,'　　　　,'　　　　　　,'　,'　　　,'看護　　　,'1,'28
'8472,'00,'00,'0,'0,'651,'関西労災看護専,'　　　　,'　　　　　　,'　,'　　　,'看護　　　,'1,'28
'8475,'00,'00,'0,'0,'651,'京都府立看護学,'　　　　,'　　　　　　,'　,'　　　,'看護　　　,'1,'26
'8497,'00,'00,'0,'0,'651,'八王子市立看護,'　　　　,'　　　　　　,'　,'　　　,'看護　　　,'1,'13
'8498,'00,'00,'0,'0,'651,'公立八鹿病院看,'　　　　,'　　　　　　,'　,'　　　,'看護　　　,'1,'28
'8503,'00,'00,'0,'0,'651,'平塚看護大学校,'　　　　,'　　　　　　,'　,'　　　,'看護　　　,'1,'14
'8508,'00,'00,'0,'0,'651,'宇和島看護専門,'　　　　,'　　　　　　,'　,'　　　,'看護　　　,'1,'38
'8510,'00,'00,'0,'0,'651,'河﨑会看護専門,'　　　　,'　　　　　　,'　,'　　　,'看護　　　,'0,'27
'8510,'00,'01,'0,'0,'651,'河﨑会看護専門,'　　　　,'看護第１　　,'　,'　　　,'看護　　　,'1,'27
'8510,'00,'02,'0,'0,'651,'河﨑会看護専門,'　　　　,'准看護　　　,'　,'　　　,'看護　　　,'1,'27
'8531,'00,'00,'0,'0,'651,'社会事業帯広看,'　　　　,'　　　　　　,'　,'　　　,'看護　　　,'1,'01
'8539,'00,'00,'0,'0,'651,'横浜労災看護専,'　　　　,'　　　　　　,'　,'　　　,'看護　　　,'1,'14
'8548,'00,'00,'0,'0,'651,'帝京山梨看護専,'　　　　,'　　　　　　,'　,'　　　,'看護　　　,'1,'19
'8551,'00,'00,'0,'0,'651,'博慈会高等看護,'　　　　,'　　　　　　,'　,'　　　,'看護　　　,'1,'13
'8579,'00,'00,'0,'0,'651,'道立江差高等看,'　　　　,'　　　　　　,'　,'　　　,'看護　　　,'1,'01
'8590,'00,'00,'0,'0,'651,'尼崎健康医療看,'　　　　,'　　　　　　,'　,'　　　,'看護　　　,'1,'28
'8598,'00,'00,'0,'0,'651,'大阪済生野江看,'　　　　,'　　　　　　,'　,'　　　,'看護　　　,'1,'27
'8599,'00,'00,'0,'0,'651,'茨城看護大学校,'　　　　,'　　　　　　,'　,'　　　,'看護　　　,'1,'08
'8600,'00,'00,'0,'0,'651,'大阪警察病看専,'　　　　,'　　　　　　,'　,'　　　,'看護　　　,'1,'27
'8603,'00,'00,'0,'0,'651,'西新井看護専門,'　　　　,'　　　　　　,'　,'　　　,'看護　　　,'1,'13
'8610,'00,'00,'0,'0,'651,'板橋中央看護専,'　　　　,'　　　　　　,'　,'　　　,'看護　　　,'0,'13
'8610,'00,'01,'0,'0,'651,'板橋中央看護専,'　　　　,'看護　　　　,'　,'　　　,'看護　　　,'1,'13
'8614,'00,'00,'0,'0,'651,'相生市看護専門,'　　　　,'　　　　　　,'　,'　　　,'看護　　　,'1,'28
'8621,'00,'00,'0,'0,'651,'大阪病院協会看,'　　　　,'　　　　　　,'　,'　　　,'看護　　　,'1,'27
'8622,'00,'00,'0,'0,'651,'明石医療附看専,'　　　　,'　　　　　　,'　,'　　　,'看護　　　,'1,'28
'8626,'00,'00,'0,'0,'651,'神戸看護専門学,'　　　　,'　　　　　　,'　,'　　　,'看護　　　,'1,'28
'8635,'00,'00,'0,'0,'651,'横須賀市立看護,'　　　　,'　　　　　　,'　,'　　　,'看護　　　,'1,'14
'8659,'00,'00,'0,'0,'651,'富山高岡看護専,'　　　　,'　　　　　　,'　,'　　　,'看護　　　,'1,'16
'8685,'00,'00,'0,'0,'652,'札幌看護医療専,'　　　　,'　　　　　　,'　,'　　　,'医療技術　,'0,'01
'8685,'00,'01,'0,'0,'652,'札幌看護医療専,'　　　　,'視能訓練士　,'　,'　　　,'医療技術　,'1,'01
'8685,'00,'02,'0,'0,'652,'札幌看護医療専,'　　　　,'歯科衛生士　,'　,'　　　,'医療技術　,'1,'01
'8685,'00,'03,'0,'0,'651,'札幌看護医療専,'　　　　,'看護　　　　,'　,'　　　,'看護　　　,'1,'01
'8685,'00,'04,'0,'0,'652,'札幌看護医療専,'　　　　,'臨床工学技士,'　,'　　　,'医療技術　,'1,'01
'8686,'00,'00,'0,'0,'651,'錦秀会看護専門,'　　　　,'　　　　　　,'　,'　　　,'看護　　　,'0,'27
'8686,'00,'01,'0,'0,'651,'錦秀会看護専門,'　　　　,'看護　　　　,'　,'　　　,'看護　　　,'1,'27
'8687,'00,'00,'0,'0,'651,'狭山准看護学校,'　　　　,'　　　　　　,'　,'　　　,'看護　　　,'1,'11
'8688,'00,'00,'0,'0,'651,'三沢中央附准看,'　　　　,'　　　　　　,'　,'　　　,'看護　　　,'1,'02
'9001,'00,'00,'0,'0,'701,'愛媛農業大学校,'　　　　,'　　　　　　,'　,'　　　,'農学　　　,'1,'38
'9009,'00,'00,'0,'0,'560,'海上保安学校　,'　　　　,'　　　　　　,'　,'　　　,'船舶・海洋,'0,'26
'9009,'00,'01,'0,'0,'560,'海上保安学校　,'　　　　,'海洋科学　　,'　,'　　　,'船舶・海洋,'1,'26
'9009,'00,'03,'0,'0,'553,'海上保安学校　,'　　　　,'一般　　　　,'　,'　　　,'情報工学　,'1,'26
'9009,'00,'04,'0,'0,'561,'海上保安学校　,'　　　　,'航空　　　　,'　,'　　　,'航空・宇宙,'1,'26
'9009,'00,'05,'0,'0,'559,'海上保安学校　,'　　　　,'管制　　　　,'　,'　　　,'商船学　　,'1,'26
'9011,'00,'00,'0,'0,'458,'理容・美容系　,'　　　　,'　　　　　　,'　,'　　　,'その他芸術,'1,'48
'9012,'00,'00,'0,'0,'222,'ブライダル系　,'　　　　,'　　　　　　,'　,'　　　,'経営学・商,'1,'48
'9013,'00,'00,'0,'0,'554,'建築・土木系　,'　　　　,'　　　　　　,'　,'　　　,'建築・土木,'1,'48
'9015,'00,'00,'0,'0,'709,'動物系　　　　,'　　　　,'　　　　　　,'　,'　　　,'畜産学　　,'1,'48
'9016,'00,'00,'0,'0,'452,'芸術・芸能系　,'　　　　,'　　　　　　,'　,'　　　,'芸術理論　,'1,'48
'9018,'00,'00,'0,'0,'654,'スポーツ系　　,'　　　　,'　　　　　　,'　,'　　　,'体育・健康,'1,'48
'9031,'00,'00,'0,'0,'402,'栄養調理系　　,'　　　　,'　　　　　　,'　,'　　　,'食物・栄養,'1,'48
'9032,'00,'00,'0,'0,'657,'放射線技師系　,'　　　　,'　　　　　　,'　,'　　　,'放射線技術,'1,'48
'9033,'00,'00,'0,'0,'222,'各種学校系　　,'　　　　,'　　　　　　,'　,'　　　,'経営学・商,'1,'48
'9034,'00,'00,'0,'0,'315,'教員養成系　　,'　　　　,'　　　　　　,'　,'　　　,'その他教員,'1,'48
'9035,'00,'00,'0,'0,'652,'歯科衛生系　　,'　　　　,'　　　　　　,'　,'　　　,'医療技術　,'1,'48
'9036,'00,'00,'0,'0,'652,'歯科技工系　　,'　　　　,'　　　　　　,'　,'　　　,'医療技術　,'1,'48
'9037,'00,'00,'0,'0,'651,'看護系　　　　,'　　　　,'　　　　　　,'　,'　　　,'看護　　　,'1,'48
'9038,'00,'00,'0,'0,'404,'保育・児童系　,'　　　　,'　　　　　　,'　,'　　　,'児童学　　,'1,'48
'9039,'00,'00,'0,'0,'655,'リハビリ系　　,'　　　　,'　　　　　　,'　,'　　　,'理学療法　,'1,'48
'9040,'00,'00,'0,'0,'658,'臨床検査系　　,'　　　　,'　　　　　　,'　,'　　　,'検査技術　,'1,'48
'9060,'00,'00,'0,'0,'551,'山形産業技短大,'　　　　,'　　　　　　,'　,'　　　,'機械工学　,'0,'06
'9060,'00,'01,'0,'0,'551,'山形産業技短大,'　　　　,'メカトロニク,'　,'　　　,'機械工学　,'1,'06
'9060,'00,'04,'0,'0,'553,'山形産業技短大,'　　　　,'建築環境シス,'　,'　　　,'情報工学　,'1,'06
'9060,'00,'05,'0,'0,'551,'山形産業技短大,'　　　　,'デジタルエン,'　,'　　　,'機械工学　,'1,'06
'9060,'00,'06,'0,'0,'552,'山形産業技短大,'　　　　,'知能電子シス,'　,'　　　,'電気・電子,'1,'06
'9060,'00,'07,'0,'0,'553,'山形産業技短大,'　　　　,'情報システム,'　,'　　　,'情報工学　,'1,'06
'9060,'00,'08,'0,'0,'554,'山形産業技短大,'　　　　,'土木エンジニ,'　,'　　　,'建築・土木,'1,'06
'9123,'00,'00,'0,'0,'222,'宮城障害者職能,'　　　　,'　　　　　　,'　,'　　　,'経営学・商,'0,'04
'9123,'00,'03,'0,'0,'222,'宮城障害者職能,'　　　　,'ＯＡビジネス,'　,'　　　,'経営学・商,'1,'04
'9123,'00,'07,'0,'0,'222,'宮城障害者職能,'　　　　,'総合実務　　,'　,'　　　,'経営学・商,'1,'04
'9123,'00,'15,'0,'0,'451,'宮城障害者職能,'　　　　,'Ｗｅｂデザイ,'　,'　　　,'美術・デザ,'1,'04
'9142,'00,'00,'0,'0,'552,'北海道職能大学,'　　　　,'　　　　　　,'　,'　　　,'電気・電子,'0,'01
'9142,'00,'01,'0,'0,'554,'北海道職能大学,'　　　　,'建築　　　　,'　,'　　　,'建築・土木,'1,'01
'9142,'00,'06,'0,'0,'551,'北海道職能大学,'　　　　,'生産機械技術,'　,'　　　,'機械工学　,'1,'01
'9142,'00,'08,'0,'0,'552,'北海道職能大学,'　　　　,'電子情報技術,'　,'　　　,'電気・電子,'1,'01
'9142,'00,'09,'0,'0,'552,'北海道職能大学,'　　　　,'電気エネルギ,'　,'　　　,'電気・電子,'1,'01
'9143,'00,'00,'0,'0,'552,'青森職能短大　,'　　　　,'　　　　　　,'　,'　　　,'電気・電子,'0,'02
'9143,'00,'01,'0,'0,'551,'青森職能短大　,'　　　　,'生産機械技術,'　,'　　　,'機械工学　,'1,'02
'9143,'00,'05,'0,'0,'552,'青森職能短大　,'　　　　,'電子情報技術,'　,'　　　,'電気・電子,'1,'02
'9143,'00,'06,'0,'0,'552,'青森職能短大　,'　　　　,'電気エネルギ,'　,'　　　,'電気・電子,'1,'02
'9144,'00,'00,'0,'0,'707,'岩手農業大学校,'　　　　,'　　　　　　,'　,'　　　,'農業経済学,'0,'03
'9144,'00,'09,'0,'0,'709,'岩手農業大学校,'　　　　,'畜産　　　　,'　,'　　　,'畜産学　　,'1,'03
'9144,'00,'10,'0,'0,'707,'岩手農業大学校,'　　　　,'農産園芸　　,'　,'　　　,'農業経済学,'1,'03
'9145,'00,'00,'0,'0,'552,'東北職能大学校,'　　　　,'　　　　　　,'　,'　　　,'電気・電子,'0,'04
'9145,'00,'01,'0,'0,'551,'東北職能大学校,'　　　　,'生産機械技術,'　,'　　　,'機械工学　,'1,'04
'9145,'00,'02,'0,'0,'554,'東北職能大学校,'　　　　,'住居環境　　,'　,'　　　,'建築・土木,'1,'04
'9145,'00,'06,'0,'0,'552,'東北職能大学校,'　　　　,'電子情報技術,'　,'　　　,'電気・電子,'1,'04
'9145,'00,'07,'0,'0,'552,'東北職能大学校,'　　　　,'電気エネルギ,'　,'　　　,'電気・電子,'1,'04
'9146,'00,'00,'0,'0,'551,'秋田職能短大　,'　　　　,'　　　　　　,'　,'　　　,'機械工学　,'0,'05
'9146,'00,'01,'0,'0,'551,'秋田職能短大　,'　　　　,'生産機械技術,'　,'　　　,'機械工学　,'1,'05
'9146,'00,'02,'0,'0,'554,'秋田職能短大　,'　　　　,'住居環境　　,'　,'　　　,'建築・土木,'1,'05
'9146,'00,'06,'0,'0,'552,'秋田職能短大　,'　　　　,'電子情報技術,'　,'　　　,'電気・電子,'1,'05
'9148,'00,'00,'0,'0,'551,'関東職能大学校,'　　　　,'　　　　　　,'　,'　　　,'機械工学　,'0,'09
'9148,'00,'01,'0,'0,'554,'関東職能大学校,'　　　　,'建築　　　　,'　,'　　　,'建築・土木,'1,'09
'9148,'00,'04,'0,'0,'551,'関東職能大学校,'　　　　,'電気エネルギ,'　,'　　　,'機械工学　,'1,'09
'9148,'00,'05,'0,'0,'551,'関東職能大学校,'　　　　,'生産技術　　,'　,'　　　,'機械工学　,'1,'09
'9148,'00,'07,'0,'0,'552,'関東職能大学校,'　　　　,'電子情報技術,'　,'　　　,'電気・電子,'1,'09
'9150,'00,'00,'0,'0,'552,'千葉職能短大　,'　　　　,'　　　　　　,'　,'　　　,'電気・電子,'0,'12
'9150,'00,'01,'0,'0,'561,'千葉職能短大　,'　　　　,'航空機整備　,'　,'　　　,'航空・宇宙,'1,'12
'9150,'00,'03,'0,'0,'554,'千葉職能短大　,'　　　　,'住居環境　　,'　,'　　　,'建築・土木,'1,'12
'9150,'00,'06,'0,'0,'551,'千葉職能短大　,'　　　　,'生産技術　　,'　,'　　　,'機械工学　,'1,'12
'9150,'00,'08,'0,'0,'552,'千葉職能短大　,'　　　　,'電子情報技術,'　,'　　　,'電気・電子,'1,'12
'9150,'00,'09,'0,'0,'552,'千葉職能短大　,'　　　　,'電気エネルギ,'　,'　　　,'電気・電子,'1,'12
'9153,'00,'00,'0,'0,'563,'港湾職能短横浜,'　　　　,'　　　　　　,'　,'　　　,'経営工学　,'0,'14
'9153,'00,'01,'0,'0,'563,'港湾職能短横浜,'　　　　,'港湾流通　　,'　,'　　　,'経営工学　,'1,'14
'9153,'00,'02,'0,'0,'563,'港湾職能短横浜,'　　　　,'物流情報　　,'　,'　　　,'経営工学　,'1,'14
'9154,'00,'00,'0,'0,'552,'新潟職能短大　,'　　　　,'　　　　　　,'　,'　　　,'電気・電子,'0,'15
'9154,'00,'01,'0,'0,'554,'新潟職能短大　,'　　　　,'住居環境　　,'　,'　　　,'建築・土木,'1,'15
'9154,'00,'04,'0,'0,'551,'新潟職能短大　,'　　　　,'生産技術　　,'　,'　　　,'機械工学　,'1,'15
'9154,'00,'06,'0,'0,'552,'新潟職能短大　,'　　　　,'電子情報技術,'　,'　　　,'電気・電子,'1,'15
'9154,'00,'07,'0,'0,'552,'新潟職能短大　,'　　　　,'電気エネルギ,'　,'　　　,'電気・電子,'1,'15
'9155,'00,'00,'0,'0,'552,'北陸職能大学校,'　　　　,'　　　　　　,'　,'　　　,'電気・電子,'0,'16
'9155,'00,'01,'0,'0,'551,'北陸職能大学校,'　　　　,'生産技術　　,'　,'　　　,'機械工学　,'1,'16
'9155,'00,'06,'0,'0,'552,'北陸職能大学校,'　　　　,'電子情報技術,'　,'　　　,'電気・電子,'1,'16
'9155,'00,'07,'0,'0,'552,'北陸職能大学校,'　　　　,'電気エネルギ,'　,'　　　,'電気・電子,'1,'16
'9156,'00,'00,'0,'0,'551,'石川職能短大　,'　　　　,'　　　　　　,'　,'　　　,'機械工学　,'0,'17
'9156,'00,'02,'0,'0,'551,'石川職能短大　,'　　　　,'生産技術　　,'　,'　　　,'機械工学　,'1,'17
'9156,'00,'04,'0,'0,'552,'石川職能短大　,'　　　　,'電子情報技術,'　,'　　　,'電気・電子,'1,'17
'9157,'00,'00,'0,'0,'404,'長野県福祉大学,'　　　　,'　　　　　　,'　,'　　　,'児童学　　,'0,'20
'9157,'00,'01,'0,'0,'404,'長野県福祉大学,'　　　　,'保育　　　　,'　,'　　　,'児童学　　,'1,'20
'9158,'00,'00,'0,'0,'552,'東海職能大学校,'　　　　,'　　　　　　,'　,'　　　,'電気・電子,'0,'21
'9158,'00,'05,'0,'0,'551,'東海職能大学校,'　　　　,'生産機械技術,'　,'　　　,'機械工学　,'1,'21
'9158,'00,'07,'0,'0,'552,'東海職能大学校,'　　　　,'電子情報技術,'　,'　　　,'電気・電子,'1,'21
'9158,'00,'08,'0,'0,'552,'東海職能大学校,'　　　　,'電気エネルギ,'　,'　　　,'電気・電子,'1,'21
'9159,'00,'00,'0,'0,'552,'浜松職能短大　,'　　　　,'　　　　　　,'　,'　　　,'電気・電子,'0,'22
'9159,'00,'05,'0,'0,'551,'浜松職能短大　,'　　　　,'生産機械技術,'　,'　　　,'機械工学　,'1,'22
'9159,'00,'07,'0,'0,'552,'浜松職能短大　,'　　　　,'電子情報技術,'　,'　　　,'電気・電子,'1,'22
'9159,'00,'08,'0,'0,'552,'浜松職能短大　,'　　　　,'電気エネルギ,'　,'　　　,'電気・電子,'1,'22
'9160,'00,'00,'0,'0,'551,'滋賀職能短大　,'　　　　,'　　　　　　,'　,'　　　,'機械工学　,'0,'25
'9160,'00,'01,'0,'0,'554,'滋賀職能短大　,'　　　　,'住居環境　　,'　,'　　　,'建築・土木,'1,'25
'9160,'00,'03,'0,'0,'551,'滋賀職能短大　,'　　　　,'生産機械技術,'　,'　　　,'機械工学　,'1,'25
'9160,'00,'05,'0,'0,'552,'滋賀職能短大　,'　　　　,'電子情報技術,'　,'　　　,'電気・電子,'1,'25
'9161,'00,'00,'0,'0,'552,'京都職能短大　,'　　　　,'　　　　　　,'　,'　　　,'電気・電子,'0,'26
'9161,'00,'04,'0,'0,'551,'京都職能短大　,'　　　　,'生産機械技術,'　,'　　　,'機械工学　,'1,'26
'9161,'00,'06,'0,'0,'552,'京都職能短大　,'　　　　,'電子情報技術,'　,'　　　,'電気・電子,'1,'26
'9161,'00,'08,'0,'0,'552,'京都職能短大　,'　　　　,'デジタルサポ,'　,'　　　,'電気・電子,'1,'26
'9162,'00,'00,'0,'0,'552,'近畿職能大学校,'　　　　,'　　　　　　,'　,'　　　,'電気・電子,'0,'27
'9162,'00,'06,'0,'0,'551,'近畿職能大学校,'　　　　,'生産機械技術,'　,'　　　,'機械工学　,'1,'27
'9162,'00,'10,'0,'0,'552,'近畿職能大学校,'　　　　,'電子情報技術,'　,'　　　,'電気・電子,'1,'27
'9162,'00,'11,'0,'0,'552,'近畿職能大学校,'　　　　,'電気エネルギ,'　,'　　　,'電気・電子,'1,'27
'9162,'00,'12,'0,'0,'554,'近畿職能大学校,'　　　　,'住居環境　　,'　,'　　　,'建築・土木,'1,'27
'9163,'00,'00,'0,'0,'551,'島根職能短大　,'　　　　,'　　　　　　,'　,'　　　,'機械工学　,'0,'32
'9163,'00,'02,'0,'0,'554,'島根職能短大　,'　　　　,'住居環境　　,'　,'　　　,'建築・土木,'1,'32
'9163,'00,'04,'0,'0,'551,'島根職能短大　,'　　　　,'生産機械技術,'　,'　　　,'機械工学　,'1,'32
'9163,'00,'05,'0,'0,'552,'島根職能短大　,'　　　　,'電子情報技術,'　,'　　　,'電気・電子,'1,'32
'9164,'00,'00,'0,'0,'552,'中国職能大学校,'　　　　,'　　　　　　,'　,'　　　,'電気・電子,'0,'33
'9164,'00,'01,'0,'0,'551,'中国職能大学校,'　　　　,'生産機械技術,'　,'　　　,'機械工学　,'1,'33
'9164,'00,'06,'0,'0,'552,'中国職能大学校,'　　　　,'電子情報技術,'　,'　　　,'電気・電子,'1,'33
'9164,'00,'07,'0,'0,'552,'中国職能大学校,'　　　　,'電気エネルギ,'　,'　　　,'電気・電子,'1,'33
'9165,'00,'00,'0,'0,'552,'福山職能短大　,'　　　　,'　　　　　　,'　,'　　　,'電気・電子,'0,'34
'9165,'00,'01,'0,'0,'551,'福山職能短大　,'　　　　,'生産技術　　,'　,'　　　,'機械工学　,'1,'34
'9165,'00,'06,'0,'0,'552,'福山職能短大　,'　　　　,'電子情報技術,'　,'　　　,'電気・電子,'1,'34
'9165,'00,'07,'0,'0,'552,'福山職能短大　,'　　　　,'電気エネルギ,'　,'　　　,'電気・電子,'1,'34
'9166,'00,'00,'0,'0,'552,'四国職能大学校,'　　　　,'　　　　　　,'　,'　　　,'電気・電子,'0,'37
'9166,'00,'01,'0,'0,'551,'四国職能大学校,'　　　　,'生産機械技術,'　,'　　　,'機械工学　,'1,'37
'9166,'00,'02,'0,'0,'554,'四国職能大学校,'　　　　,'住居環境　　,'　,'　　　,'建築・土木,'1,'37
'9166,'00,'05,'0,'0,'552,'四国職能大学校,'　　　　,'電子情報技術,'　,'　　　,'電気・電子,'1,'37
'9166,'00,'06,'0,'0,'552,'四国職能大学校,'　　　　,'電気エネルギ,'　,'　　　,'電気・電子,'1,'37
'9167,'00,'00,'0,'0,'551,'高知職能短大　,'　　　　,'　　　　　　,'　,'　　　,'機械工学　,'0,'39
'9167,'00,'01,'0,'0,'551,'高知職能短大　,'　　　　,'生産機械技術,'　,'　　　,'機械工学　,'1,'39
'9167,'00,'05,'0,'0,'552,'高知職能短大　,'　　　　,'電子情報技術,'　,'　　　,'電気・電子,'1,'39
'9168,'00,'00,'0,'0,'552,'九州職能大学校,'　　　　,'　　　　　　,'　,'　　　,'電気・電子,'0,'40
'9168,'00,'01,'0,'0,'551,'九州職能大学校,'　　　　,'生産機械技術,'　,'　　　,'機械工学　,'1,'40
'9168,'00,'02,'0,'0,'554,'九州職能大学校,'　　　　,'建築　　　　,'　,'　　　,'建築・土木,'1,'40
'9168,'00,'07,'0,'0,'552,'九州職能大学校,'　　　　,'電子情報技術,'　,'　　　,'電気・電子,'1,'40
'9168,'00,'09,'0,'0,'552,'九州職能大学校,'　　　　,'電気エネルギ,'　,'　　　,'電気・電子,'1,'40
'9169,'00,'00,'0,'0,'552,'川内職能短大　,'　　　　,'　　　　　　,'　,'　　　,'電気・電子,'0,'46
'9169,'00,'01,'0,'0,'551,'川内職能短大　,'　　　　,'生産機械技術,'　,'　　　,'機械工学　,'1,'46
'9169,'00,'06,'0,'0,'552,'川内職能短大　,'　　　　,'電子情報技術,'　,'　　　,'電気・電子,'1,'46
'9169,'00,'07,'0,'0,'552,'川内職能短大　,'　　　　,'電気エネルギ,'　,'　　　,'電気・電子,'1,'46
'9170,'00,'00,'0,'0,'552,'沖縄職能大学校,'　　　　,'　　　　　　,'　,'　　　,'電気・電子,'0,'47
'9170,'00,'01,'0,'0,'554,'沖縄職能大学校,'　　　　,'住居環境　　,'　,'　　　,'建築・土木,'1,'47
'9170,'00,'05,'0,'0,'563,'沖縄職能大学校,'　　　　,'物流情報　　,'　,'　　　,'経営工学　,'1,'47
'9170,'00,'08,'0,'0,'222,'沖縄職能大学校,'　　　　,'国際ホスピタ,'　,'　　　,'経営学・商,'1,'47
'9170,'00,'09,'0,'0,'552,'沖縄職能大学校,'　　　　,'電子情報技術,'　,'　　　,'電気・電子,'1,'47
'9170,'00,'10,'0,'0,'551,'沖縄職能大学校,'　　　　,'生産機械技術,'　,'　　　,'機械工学　,'1,'47
'9170,'00,'11,'0,'0,'552,'沖縄職能大学校,'　　　　,'電気エネルギ,'　,'　　　,'電気・電子,'1,'47
'9172,'00,'00,'0,'0,'551,'熊本県立技術短,'　　　　,'　　　　　　,'　,'　　　,'機械工学　,'1,'43
'9183,'00,'00,'0,'0,'551,'岩手産業技術短,'　　　　,'　　　　　　,'　,'　　　,'機械工学　,'0,'03
'9183,'00,'01,'0,'0,'551,'岩手産業技術短,'　　　　,'メカトロニク,'　,'　　　,'機械工学　,'1,'03
'9183,'00,'02,'0,'0,'552,'岩手産業技術短,'　　　　,'電子技術　　,'　,'　　　,'電気・電子,'1,'03
'9183,'00,'03,'0,'0,'554,'岩手産業技術短,'　　　　,'建築　　　　,'　,'　　　,'建築・土木,'1,'03
'9183,'00,'04,'0,'0,'566,'岩手産業技術短,'　　　　,'産業デザイン,'　,'　　　,'デザイン工,'1,'03
'9183,'00,'05,'0,'0,'553,'岩手産業技術短,'　　　　,'情報技術　　,'　,'　　　,'情報工学　,'1,'03
'9183,'00,'06,'0,'0,'551,'岩手産業技術短,'　　　　,'生産技術　　,'　,'　　　,'機械工学　,'1,'03
'9183,'00,'07,'0,'0,'552,'岩手産業技術短,'　　　　,'電気技術　　,'　,'　　　,'電気・電子,'1,'03
'9183,'00,'08,'0,'0,'554,'岩手産業技術短,'　　　　,'建築設備　　,'　,'　　　,'建築・土木,'1,'03
'9202,'00,'00,'0,'0,'551,'機械・技術系　,'　　　　,'　　　　　　,'　,'　　　,'機械工学　,'1,'48
'9203,'00,'00,'0,'0,'506,'コンピュータ系,'　　　　,'　　　　　　,'　,'　　　,'情報科学　,'1,'48
'9204,'00,'00,'0,'0,'701,'農業系　　　　,'　　　　,'　　　　　　,'　,'　　　,'農学　　　,'1,'48
'9205,'00,'00,'0,'0,'652,'柔復・鍼灸系　,'　　　　,'　　　　　　,'　,'　　　,'医療技術　,'1,'48
'9207,'00,'00,'0,'0,'242,'社会福祉系　　,'　　　　,'　　　　　　,'　,'　　　,'社会福祉学,'1,'48
'9208,'00,'00,'0,'0,'222,'事務系　　　　,'　　　　,'　　　　　　,'　,'　　　,'経営学・商,'1,'48
'9209,'00,'00,'0,'0,'243,'観光・旅行系　,'　　　　,'　　　　　　,'　,'　　　,'観光学　　,'1,'48
'9211,'00,'00,'0,'0,'403,'ファッション系,'　　　　,'　　　　　　,'　,'　　　,'被服・服飾,'1,'48
'9212,'00,'00,'0,'0,'166,'語学系　　　　,'　　　　,'　　　　　　,'　,'　　　,'言語学　　,'1,'48
'9213,'00,'00,'0,'0,'451,'デザイン系　　,'　　　　,'　　　　　　,'　,'　　　,'美術・デザ,'1,'48
'9215,'00,'00,'0,'0,'201,'法律・公務員系,'　　　　,'　　　　　　,'　,'　　　,'法学　　　,'1,'48
'9899,'00,'00,'0,'0,'261,'海外の学校　　,'　　　　,'　　　　　　,'　,'　　　,'国際関係学,'1,'48
